PRODUCTINVENTORYKEY,PRODUCTID,PRODUCTKEY,LOCATIONID,LOCATIONNAME,COSTRATE,AVAILABILITY,LOCATIONMODIFIEDDATE,SHELF,BIN,QUANTITY,PROHISMODIFIEDDATE,ISCURRENT,STARTDATE,ENDDATE,HASHDIFF
1,1,248,1,Tool Crib,0.0,0.0,2008-04-30,A,1,408,2014-08-08,True,2006-06-23,9999-12-31 00:00:00,3f106464581ee4587746763b7017bf967d5d705bdc3975c3d1659136e173cc31
2,1,248,6,Miscellaneous Storage,0.0,0.0,2008-04-30,B,5,324,2014-08-08,True,2006-06-23,9999-12-31 00:00:00,b535f7bc3d82ef10b0c226af8c9907913023226393808704f8561763bfb35252
3,1,248,50,Subassembly,12.25,120.0,2008-04-30,A,5,353,2014-08-08,True,2006-06-23,9999-12-31 00:00:00,8d31e68743ca6c303b57c4570b60fa2f7bf719d8feb2623f83b2365b951e59af
4,2,184,1,Tool Crib,0.0,0.0,2008-04-30,A,2,427,2014-08-08,True,2006-06-23,9999-12-31 00:00:00,132b57ce33e251f40e9412ffe28a20812d3dcfa54f4c208053c7ffe84e562dcc
5,2,184,6,Miscellaneous Storage,0.0,0.0,2008-04-30,B,1,318,2014-08-08,True,2006-06-23,9999-12-31 00:00:00,e951e0ecdd65fb3690ba5270befb47721c0e36168825e5185ebf696a4228830d
6,2,184,50,Subassembly,12.25,120.0,2008-04-30,A,6,364,2014-08-08,True,2006-06-23,9999-12-31 00:00:00,a7769c7bc21519f4165d5aaa266664b083353853cad9f00f6c74cffdad68379d
7,3,185,1,Tool Crib,0.0,0.0,2008-04-30,A,7,585,2008-03-31,True,2006-06-23,9999-12-31 00:00:00,fd0f18930c555eec06a32dc49c6127980045aa41ce37234fed0159a8819f8b07
8,3,185,6,Miscellaneous Storage,0.0,0.0,2008-04-30,B,9,443,2008-03-31,True,2006-06-23,9999-12-31 00:00:00,b4efd755c7812a3069c14e90220cea342d39e244825c0400231a20a58f0d5fdd
9,3,185,50,Subassembly,12.25,120.0,2008-04-30,A,10,324,2008-03-31,True,2006-06-23,9999-12-31 00:00:00,edd2bcdf8178d4cafd43a6f9ae1986fc2a4fc4f821dd33c9df41b11bbade5c2f
10,4,186,1,Tool Crib,0.0,0.0,2008-04-30,A,6,512,2014-08-08,True,2006-06-23,9999-12-31 00:00:00,52cd65414f7d56d3c27d0a7d80136d8b190ac2cb0d6904931c20abe2ba537a98
11,4,186,6,Miscellaneous Storage,0.0,0.0,2008-04-30,B,10,422,2014-08-08,True,2006-06-23,9999-12-31 00:00:00,946f31594a5b2d6b2d7e8de0ad8d5c7ad9140c025bb0c23856e6b372fe473a19
12,4,186,50,Subassembly,12.25,120.0,2008-04-30,A,11,388,2014-08-08,True,2006-06-23,9999-12-31 00:00:00,895abb2d2d4f3e24569c8ec9f045c30982e33918672553a85ab552fb15ac9d91
13,316,187,5,Metal Storage,0.0,0.0,2008-04-30,A,11,532,2008-03-31,True,2006-06-23,9999-12-31 00:00:00,db69edc75baefa05d9fd8c50c2178a6ca79682bdebf9fbbc5bc1175114738e69
14,316,187,10,Frame Forming,22.5,96.0,2008-04-30,B,1,388,2008-03-31,True,2006-06-23,9999-12-31 00:00:00,cf11ab83b366a2395c568dacab9b0178d26c419790dc983ae1412e7d4612677d
15,316,187,50,Subassembly,12.25,120.0,2008-04-30,B,8,441,2008-03-31,True,2006-06-23,9999-12-31 00:00:00,edbde6634651e0a11c8cae54d3666356fd585c41ffd7bf48eaf92ddf3bf99ea3
16,317,188,1,Tool Crib,0.0,0.0,2008-04-30,C,1,283,2014-08-09,True,2006-06-23,9999-12-31 00:00:00,3480e37975b4c30dd2670e4a858f3edc4fd3da0b204dd2f1618024ebc32d3df5
17,317,188,5,Metal Storage,0.0,0.0,2008-04-30,A,1,158,2014-08-09,True,2006-06-23,9999-12-31 00:00:00,fabd8c5a010e5f7a4466e3232608ea368404faa35e25a6d26004c4c9e4d884a4
18,317,188,50,Subassembly,12.25,120.0,2008-04-30,A,21,152,2014-08-09,True,2006-06-23,9999-12-31 00:00:00,7bcd055389efc58931aa008080d5f95f283245bccfd36323e29a41bd26e680c2
19,318,189,1,Tool Crib,0.0,0.0,2008-04-30,C,2,136,2014-08-09,True,2006-06-23,9999-12-31 00:00:00,1eae0da6bd440f4ee749961b76940002cdd60de80c17b91b32f21ea7318515ea
20,318,189,5,Metal Storage,0.0,0.0,2008-04-30,A,2,171,2014-08-09,True,2006-06-23,9999-12-31 00:00:00,8550408d446e801b48beec268fc5ac29f4aa0748d33041a88d62901505d41bed
21,318,189,50,Subassembly,12.25,120.0,2008-04-30,A,22,132,2014-08-09,True,2006-06-23,9999-12-31 00:00:00,fe28d9d17749856fe04ce22ddb6037bb593f6a3c978d598715babf8a150348a5
22,319,190,1,Tool Crib,0.0,0.0,2008-04-30,C,3,308,2014-08-09,True,2006-06-23,9999-12-31 00:00:00,1ccd8df8d0104579a9549996eb8284b4cf066e2a7dcd7d7f14e0da71b7449ca3
23,319,190,5,Metal Storage,0.0,0.0,2008-04-30,A,3,184,2014-08-09,True,2006-06-23,9999-12-31 00:00:00,f7bf706cefcf4b89bde017649f56343aa0a4ef9cd5272de2eb7f07fc3421fe9a
24,319,190,50,Subassembly,12.25,120.0,2008-04-30,A,23,305,2014-08-09,True,2006-06-23,9999-12-31 00:00:00,d494407c36f8422fd738e530cfe26ef9a0d6e29d8b8d8fabdfa2b1449ec02855
25,320,191,1,Tool Crib,0.0,0.0,2008-04-30,C,4,481,2014-08-09,True,2006-06-23,9999-12-31 00:00:00,84c654e95a965de012059094b7c7813cd2cedae73db056d20d93e5bd57f25e64
26,320,191,5,Metal Storage,0.0,0.0,2008-04-30,A,4,372,2014-08-09,True,2006-06-23,9999-12-31 00:00:00,b31117420deb3133cd37a2e1f7bc3ea769db08fa8d4ec3305ff5cd26a2bea279
27,320,191,50,Subassembly,12.25,120.0,2008-04-30,A,24,283,2014-08-09,True,2006-06-23,9999-12-31 00:00:00,29e823219e74efbd9f4f1b364c148db9adc9a3074b7223bf2f60b98acfb59465
28,321,192,1,Tool Crib,0.0,0.0,2008-04-30,C,6,569,2014-08-09,True,2006-06-23,9999-12-31 00:00:00,075f8ed35ed2c432cd5902689c50f6a1cf94fca5fcc2e25c5ab80f2cf9b91730
29,321,192,5,Metal Storage,0.0,0.0,2008-04-30,A,6,540,2014-08-09,True,2006-06-23,9999-12-31 00:00:00,7dd759ff8f51187f91f097aa16986d1a5fa7ea81cd60acece9ffa9bb90f6db9a
30,321,192,50,Subassembly,12.25,120.0,2008-04-30,A,26,641,2014-08-09,True,2006-06-23,9999-12-31 00:00:00,fb755e74cc96f75e9ff50bc59b7deb005b2321a69e2ad64e2dadb8b169a1557e
31,322,193,1,Tool Crib,0.0,0.0,2008-04-30,C,7,622,2014-08-09,True,2006-06-23,9999-12-31 00:00:00,78d637a7a4bf62095e46ca6c41ebd0df041bac9fea0d842a304666fac363d013
32,322,193,5,Metal Storage,0.0,0.0,2008-04-30,A,7,587,2014-08-09,True,2006-06-23,9999-12-31 00:00:00,df3abefce16dcae142effa88b0f51d95315ba1e50b71c71cc020f336db889659
33,322,193,50,Subassembly,12.25,120.0,2008-04-30,A,27,475,2014-08-09,True,2006-06-23,9999-12-31 00:00:00,e09944aea00234021ac24bc30535cf627fe1c727074b5184ff89ee3869c3a94c
34,323,194,1,Tool Crib,0.0,0.0,2008-04-30,C,35,603,2014-08-09,True,2006-06-23,9999-12-31 00:00:00,afa7b15d0688aa5665ad229119631d79ab3df0c57de8afd47c7d77d925957b4d
35,323,194,5,Metal Storage,0.0,0.0,2008-04-30,A,12,568,2014-08-09,True,2006-06-23,9999-12-31 00:00:00,ccf75caf4b5f4bdbc7c12b9618e55f4b6bb0418bd104b884523204fb5d15a072
36,323,194,50,Subassembly,12.25,120.0,2008-04-30,A,28,513,2014-08-09,True,2006-06-23,9999-12-31 00:00:00,7fd9d7cbdb970be7903d5a1715d9e91f260541f210390f47423e2f1da1814ba9
37,324,195,1,Tool Crib,0.0,0.0,2008-04-30,C,36,585,2008-03-31,True,2006-06-23,9999-12-31 00:00:00,1634892389cd8f049cfcc9aca14307901a1e6315a2530bea74456a71e13d95ce
38,324,195,5,Metal Storage,0.0,0.0,2008-04-30,A,13,568,2008-03-31,True,2006-06-23,9999-12-31 00:00:00,9acedf4cfcef53b9c86abbe91c907e589fc3914595b7ea6fbf707c1621063d5c
39,324,195,50,Subassembly,12.25,120.0,2008-04-30,A,29,476,2008-03-31,True,2006-06-23,9999-12-31 00:00:00,24d5e34287caf46be5cb4702acc2d3694c5433b778fb012c5bb0b21ab14488f9
40,325,183,1,Tool Crib,0.0,0.0,2008-04-30,H,1,569,2014-08-12,True,2006-06-23,9999-12-31 00:00:00,ebeee1ad99a42ea4f12dfa7022744f0ee67eeaf5be4e1afefd2e4e2e589743af
41,325,183,6,Miscellaneous Storage,0.0,0.0,2008-04-30,G,1,540,2014-08-12,True,2006-06-23,9999-12-31 00:00:00,928e6b8c1eee9cdee7449a2b97044f6cf1a3752e2330eb41d8bdbfa93bf04242
42,325,183,60,Final Assembly,12.25,120.0,2008-04-30,A,1,641,2014-08-12,True,2006-06-23,9999-12-31 00:00:00,bcace85ef326de5b07e77da514315c8b8e0cfb0f255eed4cdd1c0228f70296ec
43,326,197,1,Tool Crib,0.0,0.0,2008-04-30,H,2,622,2014-08-12,True,2006-06-23,9999-12-31 00:00:00,27c618495a1dca829014d4fa940246a1f797751bff96cfee01825809c57369e8
44,326,197,6,Miscellaneous Storage,0.0,0.0,2008-04-30,G,2,587,2014-08-12,True,2006-06-23,9999-12-31 00:00:00,52f328e6e46f061525ba0d8003d9b669035b2bfa04df7fd1caf3f7bb670a555f
45,326,197,60,Final Assembly,12.25,120.0,2008-04-30,A,2,475,2014-08-12,True,2006-06-23,9999-12-31 00:00:00,0f3bb9b42bdf6ee39963dbaffccbc5807bd27dbe694ab6c5f0c9f221992e7410
46,327,198,5,Metal Storage,0.0,0.0,2008-04-30,K,1,408,2008-03-31,True,2006-06-23,9999-12-31 00:00:00,c88b24595873f6e9257ab3aacd7bef1b4b6bc376eaf92f5e6157a43e8e8fa581
47,327,198,10,Frame Forming,22.5,96.0,2008-04-30,F,1,443,2008-03-31,True,2006-06-23,9999-12-31 00:00:00,1f8dbe4bdeec3777ceb77947d4786d403dca7d6356dd0aed450cd1a89bc7a257
48,327,198,50,Subassembly,12.25,120.0,2008-04-30,B,9,513,2008-03-31,True,2006-06-23,9999-12-31 00:00:00,6985742bf83a15e1740c73fbe047a5ef2ffee6ed7d9aae95b024db419bd7b84d
49,328,199,5,Metal Storage,0.0,0.0,2008-04-30,A,8,568,2008-03-31,True,2006-06-23,9999-12-31 00:00:00,ec12459fff49d87ac043f4afc4f4b0dec5792b224b286c557658c275689ef715
50,328,199,10,Frame Forming,22.5,96.0,2008-04-30,D,1,585,2008-03-31,True,2006-06-23,9999-12-31 00:00:00,0ec3e475eb26f58f62dfaffe3d9bc9ae03c9c09915a35f74013780a4d403659d
51,328,199,50,Subassembly,12.25,120.0,2008-04-30,A,14,476,2008-03-31,True,2006-06-23,9999-12-31 00:00:00,dc2b1898495625cb5e9e2ceedbe772c22794e1c0b22eb9e5a8c66ca97e8f34ab
52,329,200,5,Metal Storage,0.0,0.0,2008-04-30,A,9,558,2008-03-31,True,2006-06-23,9999-12-31 00:00:00,69801ad35c04e5fb3f6f9b40c328614f6558f8166ab057b1fc6b1086ad95e039
53,329,200,10,Frame Forming,22.5,96.0,2008-04-30,D,2,576,2008-03-31,True,2006-06-23,9999-12-31 00:00:00,4b9e7b0de17230aa943d3e70e6d63fc3305e6f5faf83bdb401ff8e202e4c1e8c
54,329,200,50,Subassembly,12.25,120.0,2008-04-30,A,15,467,2008-03-31,True,2006-06-23,9999-12-31 00:00:00,9ec6b67e5d5a92f6912035b8b038f9a7a69ad72d50cdc712f8f1bbee4d3d3c4a
55,330,201,5,Metal Storage,0.0,0.0,2008-04-30,A,10,548,2008-03-31,True,2006-06-23,9999-12-31 00:00:00,2bc31c40e93dfe825d09996bfd6c9a5091570bbcfd26b3fe065c1cecbef5e28e
56,330,201,10,Frame Forming,22.5,96.0,2008-04-30,D,3,566,2008-03-31,True,2006-06-23,9999-12-31 00:00:00,33f2df960d52d67d4a1cb654351184978c12a55d28f4baebb3cfdbac8fbf2b5a
57,330,201,50,Subassembly,12.25,120.0,2008-04-30,A,16,457,2008-03-31,True,2006-06-23,9999-12-31 00:00:00,35379d081b4b335fd2fc16e1413bde904fc1f06ace54dee835a217604b8e6114
58,331,202,5,Metal Storage,0.0,0.0,2008-04-30,J,5,574,2008-03-31,True,2006-06-23,9999-12-31 00:00:00,771cdb9e968c11902fc1b4258a07b7040529697a969c620abdef272754a7e6a6
59,331,202,10,Frame Forming,22.5,96.0,2008-04-30,C,6,441,2008-03-31,True,2006-06-23,9999-12-31 00:00:00,a5dd745564854a2454c9a4f2f4557d62054516c5afc4163b951541fc50213f79
60,331,202,50,Subassembly,12.25,120.0,2008-04-30,A,12,390,2008-03-31,True,2006-06-23,9999-12-31 00:00:00,6ac26b93185f82e2c84cf13219d7c8d398539898685fb4a9762ef87cbc281bc3
61,332,203,5,Metal Storage,0.0,0.0,2008-04-30,J,6,344,2014-08-12,True,2006-06-23,9999-12-31 00:00:00,75d57558c13b8ab1308d649c115b8de4b0234581f9e7237c29237e112aa95f2d
62,332,203,10,Frame Forming,22.5,96.0,2008-04-30,C,7,233,2014-08-12,True,2006-06-23,9999-12-31 00:00:00,41b69987854b67758b3bb48aa36485125ee789a607b9f1422c51e5bdeaf84ea7
63,332,203,50,Subassembly,12.25,120.0,2008-04-30,A,13,267,2014-08-12,True,2006-06-23,9999-12-31 00:00:00,7d86fc698a8519b8d1b3aa8b57ca2d65f60fadd24e727f561e4e14ec1b64167d
64,341,204,1,Tool Crib,0.0,0.0,2008-04-30,E,4,372,2014-08-12,True,2006-06-23,9999-12-31 00:00:00,8ccc9683ebf1e091554d2da32c6499159b85bf531ab9d2ad3dd426fff510ba6f
65,341,204,50,Subassembly,12.25,120.0,2008-04-30,G,10,392,2014-08-12,True,2006-06-23,9999-12-31 00:00:00,7a6385510a7512cabd6233e9a8e8cae5c036ee1af98a2706d1a5d8663be5ca55
66,341,204,60,Final Assembly,12.25,120.0,2008-04-30,S,1,339,2014-08-12,True,2006-06-23,9999-12-31 00:00:00,235daeb8cd1e1c1974618f93443f6aaeb08ec14a4b826126b66440dc14060aed
67,342,205,1,Tool Crib,0.0,0.0,2008-04-30,E,5,369,2014-08-12,True,2006-06-23,9999-12-31 00:00:00,a1a432a0d24c49cb472db4c3d9bdef55b7fe4566c0fbd0ab0a86b9e657609d7c
68,342,205,50,Subassembly,12.25,120.0,2008-04-30,G,12,388,2014-08-12,True,2006-06-23,9999-12-31 00:00:00,3963b10480ddb1259ce150beb0212de8f4aef1f3c55bf9ca5a34d5aa339f411a
69,342,205,60,Final Assembly,12.25,120.0,2008-04-30,G,11,336,2014-08-12,True,2006-06-23,9999-12-31 00:00:00,af033d55cdf6e5729516ee7b8ca7c4617eb3f2043c0a5eb1584ed79caedea735
70,343,206,1,Tool Crib,0.0,0.0,2008-04-30,E,6,568,2014-08-10,True,2006-06-23,9999-12-31 00:00:00,0df92162484bb9ba7570d7f8284ecf3b2321c27df8d35ff58e332543e332a13b
71,343,206,50,Subassembly,12.25,120.0,2008-04-30,S,3,606,2014-08-10,True,2006-06-23,9999-12-31 00:00:00,ac7d0d0ab19b502efea69bf574d8d20af57c1033b2de3670b2359ebb46d988d2
72,343,206,60,Final Assembly,12.25,120.0,2008-04-30,S,2,499,2014-08-10,True,2006-06-23,9999-12-31 00:00:00,1f998b5a1155344d876e40e12526f34be3a2cab0c28fb2067c2f9f8fce97390b
73,344,207,1,Tool Crib,0.0,0.0,2008-04-30,E,7,358,2014-08-10,True,2006-06-23,9999-12-31 00:00:00,2c0ae70236a248c90989de0a2adb0939692f66c324d0eb44fa29519e39ac8928
74,344,207,50,Subassembly,12.25,120.0,2008-04-30,G,14,332,2014-08-10,True,2006-06-23,9999-12-31 00:00:00,9f4d7cbaca9fb2efe24173a17c0851aab209104ab3fb72a2376744b8fc28daa7
75,344,207,60,Final Assembly,12.25,120.0,2008-04-30,G,13,382,2014-08-10,True,2006-06-23,9999-12-31 00:00:00,6ceca2584ea553b55bfba00f88a845dad1c4934dee402cfa70b7d6f077388325
76,345,208,1,Tool Crib,0.0,0.0,2008-04-30,E,8,321,2014-08-10,True,2006-06-23,9999-12-31 00:00:00,33a99832588c117551eb146faffbbc0a9609bc559631bf6a10efc8f1939e0ace
77,345,208,50,Subassembly,12.25,120.0,2008-04-30,G,15,315,2014-08-10,True,2006-06-23,9999-12-31 00:00:00,c7034a49c002e6960e9e8ab99767a0c5e786a2fd47859f79dd0b53e5400059e6
78,345,208,60,Final Assembly,12.25,120.0,2008-04-30,S,4,300,2014-08-10,True,2006-06-23,9999-12-31 00:00:00,7cbff85b090ab7bef5a141af4335e23813d77eb84de51f5f2b4ee2a8e5f5c82b
79,346,170,1,Tool Crib,0.0,0.0,2008-04-30,E,9,585,2014-08-10,True,2006-06-23,9999-12-31 00:00:00,51ebe4ba4c25f45420edd698d5ffaee96244eef54cb107561f69b7fb0832ee1e
80,346,170,50,Subassembly,12.25,120.0,2008-04-30,S,6,476,2014-08-10,True,2006-06-23,9999-12-31 00:00:00,695d8c1e3f653cb16814437c990b96f4037789b3337d6ea28dce1a7c7efdc1a2
81,346,170,60,Final Assembly,12.25,120.0,2008-04-30,S,5,641,2014-08-10,True,2006-06-23,9999-12-31 00:00:00,01c8fc7aaf81755a8cd5c2621a03e499c6ab17379a0bfadb091dcb56948d5f02
82,347,158,1,Tool Crib,0.0,0.0,2008-04-30,E,10,318,2014-08-12,True,2006-06-23,9999-12-31 00:00:00,c2219daf75a5a515540ca8f1b849ce33f09374b1d3f3264cd3423628c91c54a4
83,347,158,50,Subassembly,12.25,120.0,2008-04-30,G,17,246,2014-08-12,True,2006-06-23,9999-12-31 00:00:00,f72d38ab64a0b4c4393f1242913585a073fae09c949ee4a13cffcfb008d452cb
84,347,158,60,Final Assembly,12.25,120.0,2008-04-30,G,16,332,2014-08-12,True,2006-06-23,9999-12-31 00:00:00,1756cf18439983eab0e329409f87cd5bd7e4400d8ffd847875d39cbb6f1da6c8
85,348,159,1,Tool Crib,0.0,0.0,2008-04-30,E,11,323,2014-08-12,True,2006-06-23,9999-12-31 00:00:00,5738e3b69b6807ca590b01c298ff7a3530e684ba0c5bc09bc6b5832a2da5b221
86,348,159,50,Subassembly,12.25,120.0,2008-04-30,S,8,251,2014-08-12,True,2006-06-23,9999-12-31 00:00:00,2a0fab148cc60ccc23ea1e2e4ada2d5eac6c23fcad652a6f6038aed687f803a5
87,348,159,60,Final Assembly,12.25,120.0,2008-04-30,S,7,337,2014-08-12,True,2006-06-23,9999-12-31 00:00:00,708024e711796466cf6f0544f18cfe01ce1df67745f2a789b9e2122e07c5b4fc
88,349,160,1,Tool Crib,0.0,0.0,2008-04-30,E,12,328,2014-08-12,True,2006-06-23,9999-12-31 00:00:00,2bc4588ad41a484d239b50b36d48af3e86c3b4063a0fa61398e2d0ff9a833946
89,349,160,50,Subassembly,12.25,120.0,2008-04-30,G,18,256,2014-08-12,True,2006-06-23,9999-12-31 00:00:00,af8f8267daeaef8c4b64846d927c34498fc4373bacb65a680db927ceac78fbc7
90,349,160,60,Final Assembly,12.25,120.0,2008-04-30,S,9,342,2014-08-12,True,2006-06-23,9999-12-31 00:00:00,69f6afa23b1d10d110e16d22d92a71ed2733e3ebd628cbe7d5b9ff4bbaad267b
91,350,161,5,Metal Storage,0.0,0.0,2008-04-30,J,2,622,2008-03-31,True,2006-06-23,9999-12-31 00:00:00,cf5da9e020d1608397aa9f59db3d619743d643f52762e06938376f0c16d6bfa2
92,350,161,10,Frame Forming,22.5,96.0,2008-04-30,C,3,406,2008-03-31,True,2006-06-23,9999-12-31 00:00:00,1055d711565daaca48503b977d72f0179a960af0306f47e62d7aa4f95be35e5e
93,350,161,50,Subassembly,12.25,120.0,2008-04-30,A,2,313,2008-03-31,True,2006-06-23,9999-12-31 00:00:00,61d912bc2643be795a7dc895ef9b4e9a4a2f97069dcf7204feebf73748090f72
94,351,162,5,Metal Storage,0.0,0.0,2008-04-30,J,3,179,2014-08-10,True,2006-06-23,9999-12-31 00:00:00,4ae69ad24a6a66e8f2d83fb18d6a1e7a9a536460577b68172f4b79e2ba2fd628
95,351,162,10,Frame Forming,22.5,96.0,2008-04-30,C,4,281,2014-08-10,True,2006-06-23,9999-12-31 00:00:00,fb9f0ad0724e1f9382fc2adb5b60cc9277b2f60d60d8f48a6e9ab5d7e5fc91bc
96,351,162,50,Subassembly,12.25,120.0,2008-04-30,A,3,145,2014-08-10,True,2006-06-23,9999-12-31 00:00:00,252c339832ac8ff1cd49b98d66bd0807be394a409e170e410bcb9b463b63f763
97,352,163,5,Metal Storage,0.0,0.0,2008-04-30,J,10,300,2014-08-10,True,2006-06-23,9999-12-31 00:00:00,28cf8ac82147970e2a3e8eb6e6a5cd4d2e9c53cbe2893bf6db3087cbba4bbdaa
98,352,163,10,Frame Forming,22.5,96.0,2008-04-30,C,1,278,2014-08-10,True,2006-06-23,9999-12-31 00:00:00,5d0b5e6d985ad4610b089975734e7b2a51fca72f70afcb809dc181715c9d61a6
99,352,163,50,Subassembly,12.25,120.0,2008-04-30,A,20,195,2014-08-10,True,2006-06-23,9999-12-31 00:00:00,9dcd9d58e02729674ea9d182df7f7138da57493d5e64c78156d42dae321afbf4
100,355,164,1,Tool Crib,0.0,0.0,2008-04-30,D,16,276,2014-08-05,True,2006-06-23,9999-12-31 00:00:00,25bf6d1ae0408dac496ad25d1ded2b9085130b377103c0914f15b82208fba0f2
101,355,164,6,Miscellaneous Storage,0.0,0.0,2008-04-30,H,16,257,2014-08-05,True,2006-06-23,9999-12-31 00:00:00,f8b5d9de622755d85f950a2647ea608aa5d3d4019f8354d80701b00b4cdb1331
102,355,164,50,Subassembly,12.25,120.0,2008-04-30,C,1,289,2014-08-05,True,2006-06-23,9999-12-31 00:00:00,9ce5e54a4316a61f370fe685170d1ed7b3f4259893b356c4ee291dd8e4b2455c
103,356,165,1,Tool Crib,0.0,0.0,2008-04-30,D,17,262,2014-08-12,True,2006-06-23,9999-12-31 00:00:00,7131fcc020fb01af2fa392a266b792b2359a5e0b44aa42cd89c86e1c0e666afb
104,356,165,6,Miscellaneous Storage,0.0,0.0,2008-04-30,H,17,243,2014-08-12,True,2006-06-23,9999-12-31 00:00:00,b9c0f802bbad8ed432d1f1683a1110fe8180bce02fb53cae87362f10cfb1699e
105,356,165,50,Subassembly,12.25,120.0,2008-04-30,C,2,275,2014-08-12,True,2006-06-23,9999-12-31 00:00:00,401cc1e5ab165895d1563fd0684e63b31a732aa6b21db731c76ab1c9c2d61934
106,357,166,1,Tool Crib,0.0,0.0,2008-04-30,D,18,248,2014-08-12,True,2006-06-23,9999-12-31 00:00:00,b873f051f6b8bc3b1690184e93b3f812e2c308f7336332984fdefd584465d95b
107,357,166,6,Miscellaneous Storage,0.0,0.0,2008-04-30,H,18,228,2014-08-12,True,2006-06-23,9999-12-31 00:00:00,d3e318bf5552899c6dc810b0b06374b70d219d3099725d8181513eeeff1f3e0e
108,357,166,50,Subassembly,12.25,120.0,2008-04-30,C,3,260,2014-08-12,True,2006-06-23,9999-12-31 00:00:00,9bbab1c6345e417dbd3f12834924351faa1d743b3982ffa5a2b4564428db95ab
109,358,167,1,Tool Crib,0.0,0.0,2008-04-30,D,19,233,2014-08-12,True,2006-06-23,9999-12-31 00:00:00,b5baa5e0c33278dc0022705c026cb52852b6982bd1d415311e415398eba773f2
110,358,167,6,Miscellaneous Storage,0.0,0.0,2008-04-30,H,19,214,2014-08-12,True,2006-06-23,9999-12-31 00:00:00,acf27f0bec849e6cd639e09b9152328bcdb6a0015dc69b8f46be9a4a61ce0c18
111,358,167,50,Subassembly,12.25,120.0,2008-04-30,C,4,246,2014-08-12,True,2006-06-23,9999-12-31 00:00:00,f6c3d814bcc02321ac0e648260165424a854fa5a559be00c3e5c5f8a8a71afa1
112,359,168,1,Tool Crib,0.0,0.0,2008-04-30,C,8,369,2014-07-28,True,2006-06-23,9999-12-31 00:00:00,9fbcb73076ba5118c5c994773e1a99f45c28625c3847fb79be71cb25947682c3
113,359,168,6,Miscellaneous Storage,0.0,0.0,2008-04-30,R,1,360,2014-07-28,True,2006-06-23,9999-12-31 00:00:00,316543b5f5771a2a4a03e22625e3291d1b1b4b434882d54dc2b8d1fca5cec28b
114,359,168,50,Subassembly,12.25,120.0,2008-04-30,E,1,374,2014-07-28,True,2006-06-23,9999-12-31 00:00:00,b733a759e43b53a626fde6c556b01121f851420a50480c6dbf7ae9c6a52e7946
115,360,169,1,Tool Crib,0.0,0.0,2008-04-30,C,9,363,2014-07-28,True,2006-06-23,9999-12-31 00:00:00,968daf32cef03709eb7c515650f6f38cf4599c0a3c34448bb7483234dc3d5980
116,360,169,6,Miscellaneous Storage,0.0,0.0,2008-04-30,R,2,353,2014-07-28,True,2006-06-23,9999-12-31 00:00:00,9a4eb6121faf07481508ef9d172c17bf87e48018e3c5da6eeb31dd770b9d0df8
117,360,169,50,Subassembly,12.25,120.0,2008-04-30,E,2,368,2014-07-28,True,2006-06-23,9999-12-31 00:00:00,76ca3c8b8ac91ad4d4bf52c7dfecb02f0c9eea0964608b7fed5234c62dc9fe83
118,361,157,1,Tool Crib,0.0,0.0,2008-04-30,C,10,499,2014-08-03,True,2006-06-23,9999-12-31 00:00:00,18c463afbbf4bdcd23e4d85eeba03003dc70868afb6619899dd0b615ff549ca5
119,361,157,6,Miscellaneous Storage,0.0,0.0,2008-04-30,R,3,601,2014-08-03,True,2006-06-23,9999-12-31 00:00:00,523beae0d799def5c4982b608c645eaaa2286d2db4a260b1bbb82d4ee5b11b71
120,361,157,50,Subassembly,12.25,120.0,2008-04-30,E,3,531,2014-08-03,True,2006-06-23,9999-12-31 00:00:00,3f3fac6b087f4a30adbb87e22a15438f2429c48b0663fd82277837b95eb77eb3
121,362,171,1,Tool Crib,0.0,0.0,2008-04-30,C,11,377,2014-08-03,True,2006-06-23,9999-12-31 00:00:00,aef2c996555eaed547e5253040c00c0174681c344361360def35e9325d9742d4
122,362,171,6,Miscellaneous Storage,0.0,0.0,2008-04-30,R,4,315,2014-08-03,True,2006-06-23,9999-12-31 00:00:00,52a865450b655c421f4f963c822e16c761964446394a6fd7317cf4d169d80d6b
123,362,171,50,Subassembly,12.25,120.0,2008-04-30,E,4,334,2014-08-03,True,2006-06-23,9999-12-31 00:00:00,096971d199e08b7e48fbcf265d46d96e3f4744da43595ba73c01c68c27b75010
124,363,172,1,Tool Crib,0.0,0.0,2008-04-30,C,12,499,2014-08-03,True,2006-06-23,9999-12-31 00:00:00,0b3c823ee4a13e64ba9f49acc5d42884169b74e34c645f5c9759d6a26658c093
125,363,172,6,Miscellaneous Storage,0.0,0.0,2008-04-30,R,5,643,2014-08-03,True,2006-06-23,9999-12-31 00:00:00,90269983aa8b1bde87aa8eee737b30abc77de05d93843b9eddc63389f39c46cc
126,363,172,50,Subassembly,12.25,120.0,2008-04-30,E,5,619,2014-08-03,True,2006-06-23,9999-12-31 00:00:00,d1ac81976b99f87040c9357ce2c9f8579d8e523c5899376bad3195741b67c068
127,364,173,1,Tool Crib,0.0,0.0,2008-04-30,C,13,368,2014-08-08,True,2006-06-23,9999-12-31 00:00:00,ed94f18243cddaeffe88809850e9a23462c9d6b0367ea4966aa039d73ac519fd
128,364,173,6,Miscellaneous Storage,0.0,0.0,2008-04-30,R,6,358,2014-08-08,True,2006-06-23,9999-12-31 00:00:00,aaa57edb9b1a5d1698a95d17cba07ac6a7967c28f68ee6830017210c1a300a07
129,364,173,50,Subassembly,12.25,120.0,2008-04-30,E,6,326,2014-08-08,True,2006-06-23,9999-12-31 00:00:00,5bce2acf6274df8542c781c2d2094dad2a8f78a0e66cda05ee8309a615ee4200
130,365,174,1,Tool Crib,0.0,0.0,2008-04-30,C,14,411,2014-08-08,True,2006-06-23,9999-12-31 00:00:00,cf51c0f15fc1f721b76a72806b047ea095c8afe95b828d6857d08f39a2e11495
131,365,174,6,Miscellaneous Storage,0.0,0.0,2008-04-30,R,7,691,2014-08-08,True,2006-06-23,9999-12-31 00:00:00,f1b32f1a5d689a5ae8ce11db2528e60f483d8a1337c5c6a185b34c3aa6ac450a
132,365,174,50,Subassembly,12.25,120.0,2008-04-30,E,7,619,2014-08-08,True,2006-06-23,9999-12-31 00:00:00,25dae923c43431e84e2e8c7b736439b73b7b0a86c5c99083b8320ea2338d77aa
133,366,175,1,Tool Crib,0.0,0.0,2008-04-30,C,15,318,2014-07-28,True,2006-06-23,9999-12-31 00:00:00,6544e93a892146f375bf2e69967befd1b6ed840a149cb3fbaf65b5b76e26816f
134,366,175,6,Miscellaneous Storage,0.0,0.0,2008-04-30,R,8,299,2014-07-28,True,2006-06-23,9999-12-31 00:00:00,53c3fa7499e21fbe2a94ac3615c0ad8639f71a20458fa147e60f6700850e87d1
135,366,175,50,Subassembly,12.25,120.0,2008-04-30,E,8,412,2014-07-28,True,2006-06-23,9999-12-31 00:00:00,22bd1c95e0affbbf8371ba58053c04b2a8bb5415fef499922ab22244ce6a7996
136,367,176,1,Tool Crib,0.0,0.0,2008-04-30,C,16,643,2014-07-28,True,2006-06-23,9999-12-31 00:00:00,168c530e3a0ee8c7874110b00b9942d54fa15c1e100a4d715ab84ae6e086ebc5
137,367,176,6,Miscellaneous Storage,0.0,0.0,2008-04-30,R,9,689,2014-07-28,True,2006-06-23,9999-12-31 00:00:00,6353a598ce9cf2979c872b2b02c8c3779396a3b5441c2827229dbe7756fdab7e
138,367,176,50,Subassembly,12.25,120.0,2008-04-30,E,9,569,2014-07-28,True,2006-06-23,9999-12-31 00:00:00,11668dd8781cb55221109d446705191d3b4b2e054b6f6a54fe386688b25b9b35
139,368,177,1,Tool Crib,0.0,0.0,2008-04-30,C,17,369,2014-07-28,True,2006-06-23,9999-12-31 00:00:00,9018f61dbed058d33b90a22cfe71083b11b6c5278dfb2b635b7642d0be86e67e
140,368,177,6,Miscellaneous Storage,0.0,0.0,2008-04-30,R,10,360,2014-07-28,True,2006-06-23,9999-12-31 00:00:00,c2d3be61994c1f60966ba8473292eed07228e4406d02b259a14c1e41fcae7024
141,368,177,50,Subassembly,12.25,120.0,2008-04-30,E,10,374,2014-07-28,True,2006-06-23,9999-12-31 00:00:00,a9b882dfdee685335f65b105b113e20935cf2612b90d44c0b5780a8cb0a473b6
142,369,178,1,Tool Crib,0.0,0.0,2008-04-30,C,18,363,2014-07-28,True,2006-06-23,9999-12-31 00:00:00,df71eae54ccc28f768e3c559bf1134ff697cf1280ba288d22aadb6a5e9071b11
143,369,178,6,Miscellaneous Storage,0.0,0.0,2008-04-30,R,11,353,2014-07-28,True,2006-06-23,9999-12-31 00:00:00,e19486a7b78983fada50a39f58e3f5d459be1582d52c9502f5f50dc12cc1b280
144,369,178,50,Subassembly,12.25,120.0,2008-04-30,E,11,368,2014-07-28,True,2006-06-23,9999-12-31 00:00:00,3fc8697716f1c36455d50d3ea1b4de871527bf63941a1b0700f021a2d4d46ad5
145,370,179,1,Tool Crib,0.0,0.0,2008-04-30,C,19,252,2014-08-03,True,2006-06-23,9999-12-31 00:00:00,2423e934102ebd2675f231c89a24078eb675fdb9677bcf3b8df2b790e594b850
146,370,179,6,Miscellaneous Storage,0.0,0.0,2008-04-30,R,12,155,2014-08-03,True,2006-06-23,9999-12-31 00:00:00,0439fbf882c463be418ee9b3e3eda72bb6d1de1969210aee0d07c77b7429f268
147,370,179,50,Subassembly,12.25,120.0,2008-04-30,E,12,476,2014-08-03,True,2006-06-23,9999-12-31 00:00:00,e0e3ce0a8609b088e03830a25852ee7677a9fb948d8afcd6d0ca53eac476b093
148,371,180,1,Tool Crib,0.0,0.0,2008-04-30,C,20,585,2014-08-03,True,2006-06-23,9999-12-31 00:00:00,cb623f45b112bf85d50de7c0f12e9054d0e92878a7a4d73350e2a93f4bb82d2c
149,371,180,6,Miscellaneous Storage,0.0,0.0,2008-04-30,R,13,649,2014-08-03,True,2006-06-23,9999-12-31 00:00:00,cde34916d0bcfeda0d79d8dfca2abe1472591560eae6d7ef77d136a290a00a2b
150,371,180,50,Subassembly,12.25,120.0,2008-04-30,E,13,547,2014-08-03,True,2006-06-23,9999-12-31 00:00:00,cfb8edff061b87984583b963cd8cdbf53f7c5155c4cad5a4e8b1f63c1a014646
151,372,181,1,Tool Crib,0.0,0.0,2008-04-30,C,21,281,2014-08-03,True,2006-06-23,9999-12-31 00:00:00,1f3fc4d83f52ab6674f808f2eeceb0f992512dff483cf066ee9bc2570ecc214d
152,372,181,6,Miscellaneous Storage,0.0,0.0,2008-04-30,R,14,344,2014-08-03,True,2006-06-23,9999-12-31 00:00:00,a31ffbe1b9b335efb3abc4c9e8d8be14412a21f9de62b36928cca7979dcae58b
153,372,181,50,Subassembly,12.25,120.0,2008-04-30,E,14,272,2014-08-03,True,2006-06-23,9999-12-31 00:00:00,946f610fbabb258078fe849a7570adf5acb11418e8870325834297bb124fff53
154,373,182,1,Tool Crib,0.0,0.0,2008-04-30,C,22,284,2014-08-08,True,2006-06-23,9999-12-31 00:00:00,48875f725b75af5395118e872253b08457c42a22c6ff0f899f50bb2a92ea93fb
155,373,182,6,Miscellaneous Storage,0.0,0.0,2008-04-30,R,15,347,2014-08-08,True,2006-06-23,9999-12-31 00:00:00,40660362260dea7e2cb1848d40a558b13b3cbcd71aca9c7e94a4a9670af2af3e
156,373,182,50,Subassembly,12.25,120.0,2008-04-30,E,15,275,2014-08-08,True,2006-06-23,9999-12-31 00:00:00,7c0de472fa331cf42a1487cabc4a50518da955197337a55adddc2b46293416d4
157,374,196,1,Tool Crib,0.0,0.0,2008-04-30,C,23,288,2014-08-08,True,2006-06-23,9999-12-31 00:00:00,b0c38fa166fbb9fd135b8c635d01498d5d7813edc11ac39119204bf04d02794e
158,374,196,6,Miscellaneous Storage,0.0,0.0,2008-04-30,R,16,350,2014-08-08,True,2006-06-23,9999-12-31 00:00:00,921174ce1f991a3e4bc815312e6850d614c9426f7cab535d3c560564c86caaad
159,374,196,50,Subassembly,12.25,120.0,2008-04-30,E,16,278,2014-08-08,True,2006-06-23,9999-12-31 00:00:00,dce62e4d97934a64464a5604b8d1935d1e57b83c13ae39f46c48f2fc819232ae
160,375,236,1,Tool Crib,0.0,0.0,2008-04-30,C,24,291,2014-08-12,True,2006-06-23,9999-12-31 00:00:00,9f4c9b5cf3a17f921ba3cf70c55fd218fe41456586725c6781aa2505be708178
161,375,236,6,Miscellaneous Storage,0.0,0.0,2008-04-30,R,17,353,2014-08-12,True,2006-06-23,9999-12-31 00:00:00,7224b78af457e3bbaafa6d1a850c1fdc0f3e25dae36771c5a6c5a7a95520252d
162,375,236,50,Subassembly,12.25,120.0,2008-04-30,E,17,281,2014-08-12,True,2006-06-23,9999-12-31 00:00:00,0ae7efa7fadfbecac390e929162e1e51aa764a87a1a9ca9843be286f6b3881b5
163,376,237,1,Tool Crib,0.0,0.0,2008-04-30,C,25,585,2014-08-12,True,2006-06-23,9999-12-31 00:00:00,6723bc25f40d1560086a5864c1d5de20d5f4d16b8888cf1b5fb4f4f28438c151
164,376,237,6,Miscellaneous Storage,0.0,0.0,2008-04-30,R,18,649,2014-08-12,True,2006-06-23,9999-12-31 00:00:00,3a63c9e36bea90f625c39113a28fe8d58e1a674f379cc5ffcbe81260edf4479e
165,376,237,50,Subassembly,12.25,120.0,2008-04-30,E,18,547,2014-08-12,True,2006-06-23,9999-12-31 00:00:00,15aea15dc5828bb67c87571f96bec59604836391ff91d718ff8a493f2dfb876d
166,377,238,1,Tool Crib,0.0,0.0,2008-04-30,C,26,249,2014-08-12,True,2006-06-23,9999-12-31 00:00:00,2af64048e1b41fa45196c90bcfec6241eb3f316e7d2accd20ed016e7a70d46f2
167,377,238,6,Miscellaneous Storage,0.0,0.0,2008-04-30,R,19,299,2014-08-12,True,2006-06-23,9999-12-31 00:00:00,721b9bc28acba1b15b75c7284c546da07827c209a722d02dc58e60c5c8b16e9c
168,377,238,50,Subassembly,12.25,120.0,2008-04-30,E,19,393,2014-08-12,True,2006-06-23,9999-12-31 00:00:00,fa40e1870ba6ebc1632984d53ad3c7643c7b7fedd846e34a911445a5ee0b52c5
169,378,239,1,Tool Crib,0.0,0.0,2008-04-30,C,27,244,2014-08-12,True,2006-06-23,9999-12-31 00:00:00,1b366323a776d75a4e96769fa63c488184fe3fd0f46092be8376a00cda39169e
170,378,239,6,Miscellaneous Storage,0.0,0.0,2008-04-30,R,20,294,2014-08-12,True,2006-06-23,9999-12-31 00:00:00,9aa864aae92d422e8e454c92473736d47f9637df4f46fdc06ff726e3d6113652
171,378,239,50,Subassembly,12.25,120.0,2008-04-30,E,20,388,2014-08-12,True,2006-06-23,9999-12-31 00:00:00,9e94e23f8ef737e1191b0085ad04a2387dfe01fad4cbddcb63d9da27bb912c60
172,379,240,1,Tool Crib,0.0,0.0,2008-04-30,C,28,323,2014-07-19,True,2006-06-23,9999-12-31 00:00:00,edfaa6f15d44e1193c16a5db559fc6be0c50ac2e410aa862ea998bcabc10337d
173,379,240,6,Miscellaneous Storage,0.0,0.0,2008-04-30,R,21,897,2014-07-19,True,2006-06-23,9999-12-31 00:00:00,dfd1f41b7931ac0ac19182f62c3c6eac258f9ad2004b84cd9649df8ac6a5372c
174,379,240,50,Subassembly,12.25,120.0,2008-04-30,E,21,691,2014-07-19,True,2006-06-23,9999-12-31 00:00:00,1fa288132e90586ed7b7d0041b846b90ad5fe56fece686d968eed3468f2b9e6c
175,380,241,1,Tool Crib,0.0,0.0,2008-04-30,C,29,156,2014-07-25,True,2006-06-23,9999-12-31 00:00:00,05a1a3048e074dd96afb399d0648982aa24e01ad7e975567090f179b7f09f4bf
176,380,241,6,Miscellaneous Storage,0.0,0.0,2008-04-30,R,22,264,2014-07-25,True,2006-06-23,9999-12-31 00:00:00,d0cb45789b0e3a49e22a043342b6a2a9f37876ec75ea78aea79313f34f3ad627
177,380,241,50,Subassembly,12.25,120.0,2008-04-30,E,22,350,2014-07-25,True,2006-06-23,9999-12-31 00:00:00,fc223f4522621479d357a4806183eb89ed8a9168464c25ce233a9534ef2fccd6
178,381,242,1,Tool Crib,0.0,0.0,2008-04-30,C,30,163,2014-07-25,True,2006-06-23,9999-12-31 00:00:00,896abd5b071bc9dbd72d43a61a89ffe7cc2506a3e2dea7c575a28fa13325b198
179,381,242,6,Miscellaneous Storage,0.0,0.0,2008-04-30,R,23,270,2014-07-25,True,2006-06-23,9999-12-31 00:00:00,6b66206734cff166a611264f1818dc8998cbb420974441e9796145d68fd3c0bc
180,381,242,50,Subassembly,12.25,120.0,2008-04-30,E,23,356,2014-07-25,True,2006-06-23,9999-12-31 00:00:00,0ab47109b1cd100c0dbfd8c3eced69b73f64e84ddc14a2e483377796de581d7a
181,382,243,1,Tool Crib,0.0,0.0,2008-04-30,C,31,169,2014-07-31,True,2006-06-23,9999-12-31 00:00:00,f01cf448a18499576766426dce6b1d576bc2113083215a00291c909488bd901c
182,382,243,6,Miscellaneous Storage,0.0,0.0,2008-04-30,R,24,276,2014-07-31,True,2006-06-23,9999-12-31 00:00:00,962f32644032aacd7018af46e33ce54d9ea17191499704b6d52400044d4172cb
183,382,243,50,Subassembly,12.25,120.0,2008-04-30,E,24,363,2014-07-31,True,2006-06-23,9999-12-31 00:00:00,c59b49023f6af8956d64c627d81631cd897d68a7bffa2b284f2abd1486040505
184,383,244,1,Tool Crib,0.0,0.0,2008-04-30,C,32,587,2014-07-31,True,2006-06-23,9999-12-31 00:00:00,6968bc9185402e74bba0d35dc2f0e0286e60341f8dc9ff52aaab07c7ffccf5cf
185,383,244,6,Miscellaneous Storage,0.0,0.0,2008-04-30,R,25,676,2014-07-31,True,2006-06-23,9999-12-31 00:00:00,e0a3512049c796de22877c9a44ca8becda5b0f54c86ce75de246eedaedae684d
186,383,244,50,Subassembly,12.25,120.0,2008-04-30,E,25,638,2014-07-31,True,2006-06-23,9999-12-31 00:00:00,ab5a2fd46ffdb2adb81233a67e7a67ef45db6b6c5cfb2b6f9d1d7d9c2243787f
187,384,245,1,Tool Crib,0.0,0.0,2008-04-30,C,33,299,2014-07-31,True,2006-06-23,9999-12-31 00:00:00,d7f2c0f7ffa09d2037c2d0a643dea46910f02c685e0ec07077fe9f86dfd565f9
188,384,245,6,Miscellaneous Storage,0.0,0.0,2008-04-30,R,26,217,2014-07-31,True,2006-06-23,9999-12-31 00:00:00,5c312f4c030817e2250397c5598659fea866afd18b25f94b140c13c90a3e0be4
189,384,245,50,Subassembly,12.25,120.0,2008-04-30,E,26,304,2014-07-31,True,2006-06-23,9999-12-31 00:00:00,c32dd2f33381eebef90a80368ec1616eb35ad2caf580cc057e695881532554b6
190,385,246,1,Tool Crib,0.0,0.0,2008-04-30,C,34,619,2014-07-31,True,2006-06-23,9999-12-31 00:00:00,ac2f486a3da6b02fc1606a73b532c4378edf4b8d5044a1b7aac92184d545f06f
191,385,246,6,Miscellaneous Storage,0.0,0.0,2008-04-30,R,27,526,2014-07-31,True,2006-06-23,9999-12-31 00:00:00,a524e66bccf336bcdebc976f1b9390697af4f4a7b8dadc95a3b1bd0321d285c7
192,385,246,50,Subassembly,12.25,120.0,2008-04-30,E,27,633,2014-07-31,True,2006-06-23,9999-12-31 00:00:00,90ef5315e427bebeac3f458af767a3fc0ff191ad17b192fdde3123efe0748cd3
193,386,247,1,Tool Crib,0.0,0.0,2008-04-30,D,1,148,2014-08-05,True,2006-06-23,9999-12-31 00:00:00,26be0aff15ccfbdfa9ffef102e1cf5af8aeb43776d009aff15be15b9184033b4
194,386,247,6,Miscellaneous Storage,0.0,0.0,2008-04-30,R,28,192,2014-08-05,True,2006-06-23,9999-12-31 00:00:00,fd6d242d26b153308e4d4108a48fa37ba9524f84e243c811c376ca251e4eab32
195,386,247,50,Subassembly,12.25,120.0,2008-04-30,E,28,385,2014-08-05,True,2006-06-23,9999-12-31 00:00:00,0e0c0acd004dcc749a45ff2377d12b7f81f38df2bd1e6b3a58526a4fb0d12e7c
196,387,235,1,Tool Crib,0.0,0.0,2008-04-30,D,2,524,2014-08-05,True,2006-06-23,9999-12-31 00:00:00,da056db883d540f7bedb55e493a5c1fcc73b2772667cd214bc6b6733d9f4fba8
197,387,235,6,Miscellaneous Storage,0.0,0.0,2008-04-30,R,29,710,2014-08-05,True,2006-06-23,9999-12-31 00:00:00,bb18c12410900f90341bfe738a82f159acf271d003ca50d463ec1e308cb935dc
198,387,235,50,Subassembly,12.25,120.0,2008-04-30,E,29,654,2014-08-05,True,2006-06-23,9999-12-31 00:00:00,010fdae137c106ac14a4aacef808c444762a56f0ab1e9a687f1b35eebe24de8e
199,388,249,1,Tool Crib,0.0,0.0,2008-04-30,D,3,292,2014-08-05,True,2006-06-23,9999-12-31 00:00:00,d6650c2ca0c97de1663fdb2d0e6c30ab124bcee50bd3ca88a2ff58d67eabcc7a
200,388,249,6,Miscellaneous Storage,0.0,0.0,2008-04-30,R,30,140,2014-08-05,True,2006-06-23,9999-12-31 00:00:00,5258edfdf98409e186491ecaa7ecaa60d31cb1b81932e12fec5ca70fdaf64027
201,388,249,50,Subassembly,12.25,120.0,2008-04-30,E,30,366,2014-08-05,True,2006-06-23,9999-12-31 00:00:00,0ebfd0513252cd215549466c8048d8694729fdd0f472ab805850b319351a2efb
202,389,250,1,Tool Crib,0.0,0.0,2008-04-30,D,4,657,2014-08-10,True,2006-06-23,9999-12-31 00:00:00,252a68b47974185686c8966b030b7a5ce05595053adf54fc7b5f0dc1071e02f7
203,389,250,6,Miscellaneous Storage,0.0,0.0,2008-04-30,R,31,691,2014-08-10,True,2006-06-23,9999-12-31 00:00:00,163b2b1950b51c404061a6ca24e31f11e676faf0e26af30f9cf6d3dfe95eeb38
204,389,250,50,Subassembly,12.25,120.0,2008-04-30,E,31,460,2014-08-10,True,2006-06-23,9999-12-31 00:00:00,0ed0ed7499ba975ebb7313d71ac42a3900489c87262ea82306d539e3ebc338e7
205,390,251,1,Tool Crib,0.0,0.0,2008-04-30,D,5,292,2014-08-10,True,2006-06-23,9999-12-31 00:00:00,bff678ed524b0841aa2feda80303277ab3e868954c72c44c35f572b97addaa2e
206,390,251,6,Miscellaneous Storage,0.0,0.0,2008-04-30,R,32,140,2014-08-10,True,2006-06-23,9999-12-31 00:00:00,71d10ef9c0cb1c3797d243bbe5adc3b59cc6f0f1c3a76e4332c5960a26a2128c
207,390,251,50,Subassembly,12.25,120.0,2008-04-30,E,32,366,2014-08-10,True,2006-06-23,9999-12-31 00:00:00,a25ae5f69c0e899222590a9f3b6d9d31e3fcbf1fbd5aa9cf347b55cc2ed9c938
208,391,252,1,Tool Crib,0.0,0.0,2008-04-30,D,6,296,2014-08-10,True,2006-06-23,9999-12-31 00:00:00,5cd5d82115b39f14b77166f099e0e9d21594445de9822e2025011d1b66c6276b
209,391,252,6,Miscellaneous Storage,0.0,0.0,2008-04-30,R,33,144,2014-08-10,True,2006-06-23,9999-12-31 00:00:00,4049b0dce8fff581315331026f716310c13118390b0b92155c0d6e1fba0d4578
210,391,252,50,Subassembly,12.25,120.0,2008-04-30,E,33,369,2014-08-10,True,2006-06-23,9999-12-31 00:00:00,34dfc6dc1d0b0308c1db45acd1d943a9d58fea1783ad4e19898ba6d7e2208b5a
211,392,253,1,Tool Crib,0.0,0.0,2008-04-30,D,7,299,2014-08-10,True,2006-06-23,9999-12-31 00:00:00,8c699253dc576ba6831f336ed3dfbf2ab9370734250cee40b9104786887d5be2
212,392,253,6,Miscellaneous Storage,0.0,0.0,2008-04-30,R,34,147,2014-08-10,True,2006-06-23,9999-12-31 00:00:00,4d052ff3e540f13c0e141aedc274fcd3cedb2d46ed23083c8885f75f0bc24d51
213,392,253,50,Subassembly,12.25,120.0,2008-04-30,E,34,372,2014-08-10,True,2006-06-23,9999-12-31 00:00:00,e0799dab9d041064a0ad5969b41b04fdb4355037f3bbc50abeb880fc7efef66b
214,393,254,1,Tool Crib,0.0,0.0,2008-04-30,D,8,603,2014-08-10,True,2006-06-23,9999-12-31 00:00:00,555f68265b4c8cd6e39e8cbf32697d059da12fce8281502fa189946f55ea641d
215,393,254,6,Miscellaneous Storage,0.0,0.0,2008-04-30,R,35,780,2014-08-10,True,2006-06-23,9999-12-31 00:00:00,b1f5ce3d39ac61093db382f194daaa455fd235cd50111c8b3dfdf182aeb1ba43
216,393,254,50,Subassembly,12.25,120.0,2008-04-30,E,35,497,2014-08-10,True,2006-06-23,9999-12-31 00:00:00,2567894d14831ec40e5bac7257416c56d30301649a5b787b49d39941805b062b
217,394,255,1,Tool Crib,0.0,0.0,2008-04-30,D,9,302,2014-08-12,True,2006-06-23,9999-12-31 00:00:00,9aaea40013127661239566d05ca86d1dce4a28806ad9a1b323dfc36bae38210c
218,394,255,6,Miscellaneous Storage,0.0,0.0,2008-04-30,R,36,150,2014-08-12,True,2006-06-23,9999-12-31 00:00:00,ad87b560986c49a795c30d66f21636e66a31ce6cb52b0d3a44ef752565ed8e04
219,394,255,50,Subassembly,12.25,120.0,2008-04-30,E,36,459,2014-08-12,True,2006-06-23,9999-12-31 00:00:00,4ada5482b58e5c18a7b883ad0a640f687158476e1715966bdf269594e65f59da
220,395,256,1,Tool Crib,0.0,0.0,2008-04-30,D,10,281,2014-08-12,True,2006-06-23,9999-12-31 00:00:00,c957e71c085c440fe358c96ecf81b992f06279452da2f82cbda88f09d2cef93b
221,395,256,6,Miscellaneous Storage,0.0,0.0,2008-04-30,R,37,355,2014-08-12,True,2006-06-23,9999-12-31 00:00:00,f1c06d4d49a96ee9932d8483329dd2592cdd09d9ea45a554f86de2a53e1900ab
222,395,256,50,Subassembly,12.25,120.0,2008-04-30,E,37,148,2014-08-12,True,2006-06-23,9999-12-31 00:00:00,84da55ae0cba2e3451a4ebbb5ce9be1839f301c6c87f7eec20cae10ee796ba01
223,396,301,1,Tool Crib,0.0,0.0,2008-04-30,D,11,636,2014-08-12,True,2006-06-23,9999-12-31 00:00:00,71331e021d43eb6e7e1461b4591994ad486af213af12bad941d30bd439e53b9b
224,396,301,6,Miscellaneous Storage,0.0,0.0,2008-04-30,R,38,585,2014-08-12,True,2006-06-23,9999-12-31 00:00:00,247a506e0704b02312491c25d6adabcf479e062be80f6fc62fbf69d899d557b6
225,396,301,50,Subassembly,12.25,120.0,2008-04-30,E,38,603,2014-08-12,True,2006-06-23,9999-12-31 00:00:00,50da4ba560d5ebe7ad3a1f3ecb29d86c36e9057613fffd634d48ca0688d879a9
226,397,302,1,Tool Crib,0.0,0.0,2008-04-30,D,12,339,2014-08-12,True,2006-06-23,9999-12-31 00:00:00,c427a91d9cf173ff990a5a7ad8c611c53d7d6fbf0e35fdbd965a88f4656c2b2e
227,397,302,6,Miscellaneous Storage,0.0,0.0,2008-04-30,R,39,550,2014-08-12,True,2006-06-23,9999-12-31 00:00:00,11848724604fff94b8e2a0ed79a5207d2536e135b0b3cdfde1c191fcee860512
228,397,302,50,Subassembly,12.25,120.0,2008-04-30,E,39,763,2014-08-12,True,2006-06-23,9999-12-31 00:00:00,017e584fa47117f408916cf138c4f97f433345e0c87b9f15cd4ee77fd7f6298b
229,398,303,5,Metal Storage,0.0,0.0,2008-04-30,B,1,372,2008-03-31,True,2006-06-23,9999-12-31 00:00:00,88d63984d339909932b4dc58d5d6ade4e8a50bbaa9875b931959e7512cc0e6fc
230,398,303,10,Frame Forming,22.5,96.0,2008-04-30,B,4,404,2008-03-31,True,2006-06-23,9999-12-31 00:00:00,92222689b0ab287cd14658939a6488700c9371c46028aa05c7056b29aac14f80
231,398,303,20,Frame Welding,25.0,108.0,2008-04-30,A,3,550,2008-03-31,True,2006-06-23,9999-12-31 00:00:00,1200169d40101d39fbf80a880adf18601295cecb543b07555fa2d668cd9b104d
232,399,304,5,Metal Storage,0.0,0.0,2008-04-30,B,2,366,2008-03-31,True,2006-06-23,9999-12-31 00:00:00,fcca67a5823d35ffa7a98a1923f983baa35f65a6059624f01b1755d82c78fa5f
233,399,304,10,Frame Forming,22.5,96.0,2008-04-30,B,5,398,2008-03-31,True,2006-06-23,9999-12-31 00:00:00,4822ba85849d883ca2ef127124c085f982524ba1341952634b65203e757630c6
234,399,304,20,Frame Welding,25.0,108.0,2008-04-30,A,4,544,2008-03-31,True,2006-06-23,9999-12-31 00:00:00,12b932d914df7805a85cc2a364af52deb8b2561471f05a1c2047a15fb0303993
235,400,222,5,Metal Storage,0.0,0.0,2008-04-30,B,3,260,2008-03-31,True,2006-06-23,9999-12-31 00:00:00,77578fab3d7eb2592d0b6486469852ef0f85bbb7e840134492edfecc74fe7f3f
236,400,222,10,Frame Forming,22.5,96.0,2008-04-30,B,2,246,2008-03-31,True,2006-06-23,9999-12-31 00:00:00,a6f0498864db996296495edfb8fda09f6b4315c57534799ee115c5defe0db58e
237,400,222,20,Frame Welding,25.0,108.0,2008-04-30,A,1,284,2008-03-31,True,2006-06-23,9999-12-31 00:00:00,fd76b8ff31445591236abad3eb29f388610c7f211ee5a789750aee86365dd214
238,401,210,5,Metal Storage,0.0,0.0,2008-04-30,B,4,283,2008-03-31,True,2006-06-23,9999-12-31 00:00:00,5c3a1d6ea5a7a06da2c180f63784ebc42fd5e348d87d39974c3715122973c1c2
239,401,210,10,Frame Forming,22.5,96.0,2008-04-30,B,3,212,2008-03-31,True,2006-06-23,9999-12-31 00:00:00,931ea6a1ae4490f258fc8d46674361c4e947f30daefecf204695542a64a57661
240,401,210,20,Frame Welding,25.0,108.0,2008-04-30,A,2,302,2008-03-31,True,2006-06-23,9999-12-31 00:00:00,654041e3c5e1b6c766c6f064b0902b0d993599cfb433a9e54d8a89c95cd1f447
241,402,211,1,Tool Crib,0.0,0.0,2008-04-30,F,1,316,2014-08-10,True,2006-06-23,9999-12-31 00:00:00,73139e2733ef024a1210633900b0c2398302b19eb2864c9654e24e606e08dab6
242,402,211,6,Miscellaneous Storage,0.0,0.0,2008-04-30,G,3,353,2014-08-10,True,2006-06-23,9999-12-31 00:00:00,e7d6e8f39e0d1bb135a00d2ee420801e7c5201090d0abce564844b96b297ed94
243,402,211,50,Subassembly,12.25,120.0,2008-04-30,T,1,321,2014-08-10,True,2006-06-23,9999-12-31 00:00:00,39e0b304df3068169e0f7a0fd3da5ee88f790ae622c225d6aa79e812d8b78288
244,403,212,1,Tool Crib,0.0,0.0,2008-04-30,F,2,313,2014-08-09,True,2006-06-23,9999-12-31 00:00:00,ecfdee973bc15e39fb6a7358aaaf51e84f599e3f5978d04707118df5d96e9815
245,403,212,6,Miscellaneous Storage,0.0,0.0,2008-04-30,G,4,350,2014-08-09,True,2006-06-23,9999-12-31 00:00:00,4bb6f1207fb2fcfc46be48c2e72b3f02aaf0945ac50e1f1d6b003326a98574b7
246,403,212,50,Subassembly,12.25,120.0,2008-04-30,T,2,318,2014-08-09,True,2006-06-23,9999-12-31 00:00:00,0116c3ef302654acba442a205904d7e8f98b29acdfb9b176b7fd3d17db2f2f17
247,404,213,1,Tool Crib,0.0,0.0,2008-04-30,F,3,310,2014-08-09,True,2006-06-23,9999-12-31 00:00:00,274f15f13f5d13abeed85b54879a58e21671e1a094e40b34a24200f2dc3d75e9
248,404,213,6,Miscellaneous Storage,0.0,0.0,2008-04-30,G,5,347,2014-08-09,True,2006-06-23,9999-12-31 00:00:00,39f9fec39739d68ee297b7b74b99b7032b0a9426df36fe0f25d5322223445fa0
249,404,213,50,Subassembly,12.25,120.0,2008-04-30,T,3,315,2014-08-09,True,2006-06-23,9999-12-31 00:00:00,70972398e21451a73bcef3b27ab586f36d19404540604c66f9dcafef257a197b
250,405,214,1,Tool Crib,0.0,0.0,2008-04-30,F,4,307,2014-08-10,True,2006-06-23,9999-12-31 00:00:00,7fcc6e31caf7a93f8c27679b27577209de8e72b38fafa97f3476998d71ed4fe1
251,405,214,6,Miscellaneous Storage,0.0,0.0,2008-04-30,G,6,344,2014-08-10,True,2006-06-23,9999-12-31 00:00:00,cf95a9ae0dfe791ea726d802ab619001a456fa8244fd1409a069e247776c1ce0
252,405,214,50,Subassembly,12.25,120.0,2008-04-30,T,4,312,2014-08-10,True,2006-06-23,9999-12-31 00:00:00,5d59c236b274b54d43eaf3b462f6e057871029135594db61e02830b58450cd14
253,406,215,1,Tool Crib,0.0,0.0,2008-04-30,F,5,304,2014-08-10,True,2006-06-23,9999-12-31 00:00:00,ea97810517fccfdfacd3c7129ce365d38e558f3ddc8ba244131a07664ab4704e
254,406,215,6,Miscellaneous Storage,0.0,0.0,2008-04-30,G,7,340,2014-08-10,True,2006-06-23,9999-12-31 00:00:00,b56b5b272c05d70c35af0964f113d4aa55ca8e0f5393c7ceefaa7a76caf47735
255,406,215,50,Subassembly,12.25,120.0,2008-04-30,T,5,308,2014-08-10,True,2006-06-23,9999-12-31 00:00:00,ca806a1b1834daa57cf527e15a6546f6f61704126b1ffb2ca1f2077ecf164bde
256,407,216,1,Tool Crib,0.0,0.0,2008-04-30,F,6,460,2014-08-10,True,2006-06-23,9999-12-31 00:00:00,5ea54be632fd28e1618d42fff8d520f427252c0689eb7e9ea97e828df6584533
301,407,216,6,Miscellaneous Storage,0.0,0.0,2008-04-30,G,8,587,2014-08-10,True,2006-06-23,9999-12-31 00:00:00,3ab0b7d6d5b780ce2a8f9055b153f43b0c404e30dcb06efdaf6fd3e08745444f
302,407,216,50,Subassembly,12.25,120.0,2008-04-30,T,6,625,2014-08-10,True,2006-06-23,9999-12-31 00:00:00,214a632c0d991f755b54fb74734821d75fc92866c82ae24771c4d835a009a71d
303,408,217,1,Tool Crib,0.0,0.0,2008-04-30,F,7,417,2014-08-07,True,2006-06-23,9999-12-31 00:00:00,857e6c2f475faf697c9c527518f10e9e82450d3128a1ae44b0466cc88f439e1a
304,408,217,6,Miscellaneous Storage,0.0,0.0,2008-04-30,G,9,344,2014-08-07,True,2006-06-23,9999-12-31 00:00:00,c8cdc940290e6d189eadc63bac8bdaa64cb858b63f0782d6abef55608af30b87
305,408,217,50,Subassembly,12.25,120.0,2008-04-30,T,7,296,2014-08-07,True,2006-06-23,9999-12-31 00:00:00,912631a725f9c4bcf3173cde21c6f97cb319ac0608d20d2fe12e647a982a2d15
306,409,218,1,Tool Crib,0.0,0.0,2008-04-30,F,8,414,2014-08-07,True,2006-06-23,9999-12-31 00:00:00,ddbef50c33ca1f1d45cee7913a97de6f3caa7d81f4dfd48a502ccad8e055f2de
307,409,218,6,Miscellaneous Storage,0.0,0.0,2008-04-30,G,10,340,2014-08-07,True,2006-06-23,9999-12-31 00:00:00,66208b77897ac2d6245b312b3f7376d4f644947abe59e8af4bd7be90eed639e2
308,409,218,50,Subassembly,12.25,120.0,2008-04-30,T,8,292,2014-08-07,True,2006-06-23,9999-12-31 00:00:00,b42b825a734c8fc2013d9c551dc82a015f0b78063a98bb8f7394db75154fe366
309,410,219,1,Tool Crib,0.0,0.0,2008-04-30,F,9,411,2014-08-12,True,2006-06-23,9999-12-31 00:00:00,aff0b2f20e46374f6f048b2989491adb2c267298502415dada17d4da86642ac5
310,410,219,6,Miscellaneous Storage,0.0,0.0,2008-04-30,G,11,337,2014-08-12,True,2006-06-23,9999-12-31 00:00:00,f53e8239d0efe64dc74f070c1c226819370fcbc357d516f32c034058d286b627
311,410,219,50,Subassembly,12.25,120.0,2008-04-30,T,9,289,2014-08-12,True,2006-06-23,9999-12-31 00:00:00,faa22bb055ad5bb49b6d6b5f764a0a05ccac9b1cfb8db88c1216da0a96a7e4d7
312,411,220,1,Tool Crib,0.0,0.0,2008-04-30,F,10,603,2014-08-12,True,2006-06-23,9999-12-31 00:00:00,d049445d1a666e245336182215de9a7c64971943950e8132480baff1bdf08cf6
313,411,220,6,Miscellaneous Storage,0.0,0.0,2008-04-30,G,12,552,2014-08-12,True,2006-06-23,9999-12-31 00:00:00,59e3e8c66448720d3d2482ff96052e54ebacb94671dd54da309b246339d1ee41
314,411,220,50,Subassembly,12.25,120.0,2008-04-30,T,10,459,2014-08-12,True,2006-06-23,9999-12-31 00:00:00,4133f369575f7c84af0bc80a33dc7c31c49bcae390f04ad25963e5f1c7a2e442
315,412,221,1,Tool Crib,0.0,0.0,2008-04-30,F,11,299,2014-08-12,True,2006-06-23,9999-12-31 00:00:00,6c1243386bc384cd8fb85819bc9a2149773f0a4716b43c461a0e2e800f887d50
316,412,221,6,Miscellaneous Storage,0.0,0.0,2008-04-30,G,13,321,2014-08-12,True,2006-06-23,9999-12-31 00:00:00,0d0277df06b75c7590caea8fd8050d882fcb3ffc1edf2bbb2d79e2c65d45c7e4
317,412,221,50,Subassembly,12.25,120.0,2008-04-30,T,11,156,2014-08-12,True,2006-06-23,9999-12-31 00:00:00,8f0e2618050bf4e9f8eca8c154e6f2eb80ab8a56b936481fde783c9b3ccf6189
318,413,209,1,Tool Crib,0.0,0.0,2008-04-30,F,12,641,2014-08-12,True,2006-06-23,9999-12-31 00:00:00,be98bb2b68691c70caa1c77684292270033dfe204de51e82145c4c451f1a5a2c
319,413,209,6,Miscellaneous Storage,0.0,0.0,2008-04-30,G,14,603,2014-08-12,True,2006-06-23,9999-12-31 00:00:00,4ecd224359bae9c020e811abcf4bf28930c5835a110b3fe14e7aa6e4105aa197
320,413,209,50,Subassembly,12.25,120.0,2008-04-30,T,12,459,2014-08-12,True,2006-06-23,9999-12-31 00:00:00,3c2eb9f286a7524ded9cafb7bd899292d9745ad984aa2b174fa7ea706c70f936
321,414,223,1,Tool Crib,0.0,0.0,2008-04-30,F,13,427,2014-07-30,True,2006-06-23,9999-12-31 00:00:00,739c5c1255ab06c6be39b45d38d311114be14054b0972c1196ffd2a91450e5d7
322,414,223,6,Miscellaneous Storage,0.0,0.0,2008-04-30,G,15,321,2014-07-30,True,2006-06-23,9999-12-31 00:00:00,c37e7d2b3ad59fd04b6542652b4c8bcdd6f0f44c890239754ebe86cff8933306
323,414,223,50,Subassembly,12.25,120.0,2008-04-30,T,13,371,2014-07-30,True,2006-06-23,9999-12-31 00:00:00,a571af19e5efcf43200c3cbd921fc17e57d4680bad0dd16182624d1a06ca52f5
324,415,224,1,Tool Crib,0.0,0.0,2008-04-30,F,14,422,2014-07-30,True,2006-06-23,9999-12-31 00:00:00,bff6aad0c577b63d55dc8fea3df3b527c66d979beca93cbbb9b746e9e08be651
325,415,224,6,Miscellaneous Storage,0.0,0.0,2008-04-30,G,16,316,2014-07-30,True,2006-06-23,9999-12-31 00:00:00,ef02b93634644c4e5af906934384d4dacebf5b88615241034d7c2eed66382ae7
326,415,224,50,Subassembly,12.25,120.0,2008-04-30,T,14,366,2014-07-30,True,2006-06-23,9999-12-31 00:00:00,33e56d183b8443210fd305d10b70e766f57360176db84dc08593fc1fcee68e5a
327,416,225,1,Tool Crib,0.0,0.0,2008-04-30,F,15,417,2014-07-30,True,2006-06-23,9999-12-31 00:00:00,430207ae366019bb588253451a95e9792fefc90787683a93e48f0adbd764c12b
328,416,225,6,Miscellaneous Storage,0.0,0.0,2008-04-30,G,17,312,2014-07-30,True,2006-06-23,9999-12-31 00:00:00,9c3aed485d09d8edc07fb70a1c384c9b4424e7544bb03c90074d304b89aa605b
329,416,225,50,Subassembly,12.25,120.0,2008-04-30,T,15,361,2014-07-30,True,2006-06-23,9999-12-31 00:00:00,6dc5d4061b5d2f481bb0b72ddbfbc028c2b189e356fe2518bac7f59835275ba4
330,417,226,1,Tool Crib,0.0,0.0,2008-04-30,F,16,572,2014-08-04,True,2006-06-23,9999-12-31 00:00:00,07add3a5e5a924d666b2ed984333813532ee357a7856209500c26b838f64980b
331,417,226,6,Miscellaneous Storage,0.0,0.0,2008-04-30,G,18,627,2014-08-04,True,2006-06-23,9999-12-31 00:00:00,8207e26b84b137b9b7ded84e908a3514843384e8bd1157f883417c26ad5d57a2
332,417,226,50,Subassembly,12.25,120.0,2008-04-30,T,16,516,2014-08-04,True,2006-06-23,9999-12-31 00:00:00,4b76b96426cdcf94956efa4c29a06c853379601f6fbbfc2349db3814112f605b
333,418,227,1,Tool Crib,0.0,0.0,2008-04-30,F,17,248,2014-08-04,True,2006-06-23,9999-12-31 00:00:00,fe6fa0420e00b3f3ed411e7bef1b5f5f18667517278945d7df30d6b9f764e2f0
334,418,227,6,Miscellaneous Storage,0.0,0.0,2008-04-30,G,19,283,2014-08-04,True,2006-06-23,9999-12-31 00:00:00,03df71a348c0a78e8b6a8597baa47e8e314936fa8df1c7845c75fa171f3b45ab
335,418,227,50,Subassembly,12.25,120.0,2008-04-30,T,17,388,2014-08-04,True,2006-06-23,9999-12-31 00:00:00,5f344f15400bb21103acc359bafda3c56260987049f5cddd05ce87f0e459fdd5
336,419,228,1,Tool Crib,0.0,0.0,2008-04-30,F,18,246,2014-08-04,True,2006-06-23,9999-12-31 00:00:00,a749d0cade4f4daad54478d422b752be452bd6bebe414b858e5040c4ab52e99e
337,419,228,6,Miscellaneous Storage,0.0,0.0,2008-04-30,G,20,281,2014-08-04,True,2006-06-23,9999-12-31 00:00:00,001329f9b36020e47d8d212a0619efa95f9c3622342e43da16ee837efca3b94b
338,419,228,50,Subassembly,12.25,120.0,2008-04-30,T,18,387,2014-08-04,True,2006-06-23,9999-12-31 00:00:00,1ed1697baa595dea05f0b677c23c23b54def741ffdf5b2a5930d65335d69be9a
339,420,229,1,Tool Crib,0.0,0.0,2008-04-30,F,19,244,2014-08-04,True,2006-06-23,9999-12-31 00:00:00,b1d28a627052d153664808c87ba914a81d40182140e840c11f1e1e2cd355fbdc
340,420,229,6,Miscellaneous Storage,0.0,0.0,2008-04-30,G,21,280,2014-08-04,True,2006-06-23,9999-12-31 00:00:00,218c72b360dc334a821861cedff8b63e412847ef6a78952ef4d8b28cb0e999e5
341,420,229,50,Subassembly,12.25,120.0,2008-04-30,T,19,385,2014-08-04,True,2006-06-23,9999-12-31 00:00:00,1b38f345dfc41a24fce21f781ea37422115769269d0d0d41b1e9e68f1e818308
342,421,230,1,Tool Crib,0.0,0.0,2008-04-30,F,20,243,2014-08-04,True,2006-06-23,9999-12-31 00:00:00,8af9cc2c35db6e238e87049821b2d96ad5a75fa2f8ba2809d2efad829e9ab52e
343,421,230,6,Miscellaneous Storage,0.0,0.0,2008-04-30,G,22,278,2014-08-04,True,2006-06-23,9999-12-31 00:00:00,49b61489e5cfce1885722f64d89c18cf6bfc29e95ba0c0a5e4f362ad4fa3e36f
344,421,230,50,Subassembly,12.25,120.0,2008-04-30,T,20,384,2014-08-04,True,2006-06-23,9999-12-31 00:00:00,3484db7fcd2473177f4631f1470f446070fbf400b89f659963b35b2ede59f751
345,422,231,1,Tool Crib,0.0,0.0,2008-04-30,K,1,620,2014-08-07,True,2006-06-23,9999-12-31 00:00:00,52769048da26a51d3a613983cdf3b46bd7b6faafbd85697d79d316a188960fd9
346,422,231,6,Miscellaneous Storage,0.0,0.0,2008-04-30,G,23,515,2014-08-07,True,2006-06-23,9999-12-31 00:00:00,e553dd2e7273135352db90cc4f4f0d65f46cf32eca6de61e86d1c002ed3aa58e
347,422,231,50,Subassembly,12.25,120.0,2008-04-30,T,21,497,2014-08-07,True,2006-06-23,9999-12-31 00:00:00,7033e374c082b43b764a062a9d4130c2da02cf9bb6fc5884b2b950b4c7292e85
348,423,232,1,Tool Crib,0.0,0.0,2008-04-30,K,2,619,2014-08-07,True,2006-06-23,9999-12-31 00:00:00,101e8724aa0f101d195011ff47b283936883d7796a4e4990a58c6fc7344ae843
349,423,232,6,Miscellaneous Storage,0.0,0.0,2008-04-30,G,24,513,2014-08-07,True,2006-06-23,9999-12-31 00:00:00,8b65c54628285de9fc6c0de57defd112fbb85131f78e5d832b43ba211a614ddf
350,423,232,50,Subassembly,12.25,120.0,2008-04-30,U,1,496,2014-08-07,True,2006-06-23,9999-12-31 00:00:00,1afd8f89ed03ab08d6c48a75b51feedf9e498278e5d3af68fcc68ef6add2d522
351,424,233,1,Tool Crib,0.0,0.0,2008-04-30,K,3,617,2014-08-12,True,2006-06-23,9999-12-31 00:00:00,f442597b3c970b2fa87529d6f08ea8e6747ff046cddb89fc6d71144a74ee3416
352,424,233,6,Miscellaneous Storage,0.0,0.0,2008-04-30,G,25,512,2014-08-12,True,2006-06-23,9999-12-31 00:00:00,a4005440b6805f946c30695ad48afada9d8f58e8dc30c1b19bcd9040a73b6ab8
353,424,233,50,Subassembly,12.25,120.0,2008-04-30,U,2,494,2014-08-12,True,2006-06-23,9999-12-31 00:00:00,dea8d7b46a251bdcd32798bee566083e4b315e413e43ce3fe72bbe784639a98d
354,425,234,1,Tool Crib,0.0,0.0,2008-04-30,K,4,616,2014-08-12,True,2006-06-23,9999-12-31 00:00:00,32a96c31c2e43d38ebfaa2c724b7b8ff7e93d03f59b5304382d336a254ac4297
355,425,234,6,Miscellaneous Storage,0.0,0.0,2008-04-30,G,26,510,2014-08-12,True,2006-06-23,9999-12-31 00:00:00,e2553af02eb5111d6f362440f810c1f8bc1f7bbab986b7bcfc832ded38f1083e
356,425,234,50,Subassembly,12.25,120.0,2008-04-30,U,3,492,2014-08-12,True,2006-06-23,9999-12-31 00:00:00,d147450f4ec7b99f4b0398904eb8b9f7cce843c3728773e0598df1c1639392db
357,426,138,1,Tool Crib,0.0,0.0,2008-04-30,K,5,614,2014-08-12,True,2006-06-23,9999-12-31 00:00:00,208ac4a7fc7ec9fafc21b873dac59c7c43bfe4d889c3b5a3b71e826b143ad5ba
358,426,138,6,Miscellaneous Storage,0.0,0.0,2008-04-30,G,27,508,2014-08-12,True,2006-06-23,9999-12-31 00:00:00,5c5930d0fd4dd4f35c01b8dd908c584097d5a553c6f5d0bd890828c6c35c45d3
359,426,138,50,Subassembly,12.25,120.0,2008-04-30,U,4,491,2014-08-12,True,2006-06-23,9999-12-31 00:00:00,516c57d34a439bea414f049c486244ad48c8cc92e9e8be2c4e026c87dec45692
360,427,86,1,Tool Crib,0.0,0.0,2008-04-30,K,6,612,2014-08-01,True,2006-06-23,9999-12-31 00:00:00,ae543aff3eb56cace32dc7fac6a6c3d477cf6e06e2308933c765a8247df6590f
361,427,86,6,Miscellaneous Storage,0.0,0.0,2008-04-30,G,28,507,2014-08-01,True,2006-06-23,9999-12-31 00:00:00,3429b6af3251ca5cd98389eaa946e6d08c58f37f2f7eced5ad7092976e77f09e
362,427,86,50,Subassembly,12.25,120.0,2008-04-30,U,5,489,2014-08-01,True,2006-06-23,9999-12-31 00:00:00,b859f438df31f5dbf37bd19f204ea2c3fc4b5e2bb9967d77414ae4333686c393
363,428,87,1,Tool Crib,0.0,0.0,2008-04-30,K,7,611,2014-08-01,True,2006-06-23,9999-12-31 00:00:00,1183614909090e1b73553403867dc988aa1f966f66a8caa8c71b63d318302e34
364,428,87,6,Miscellaneous Storage,0.0,0.0,2008-04-30,G,29,505,2014-08-01,True,2006-06-23,9999-12-31 00:00:00,fc6d4a193224bf1b8d4b1e6a9010c0803918354d5cb12c4186a3b6ee8b9ca5fd
365,428,87,50,Subassembly,12.25,120.0,2008-04-30,U,6,488,2014-08-01,True,2006-06-23,9999-12-31 00:00:00,ba561b8d4a0512ed03ce0423d7eef7ca99b6c2a03c661ac15d82a6dcaabf01b7
366,429,88,1,Tool Crib,0.0,0.0,2008-04-30,K,8,609,2014-08-06,True,2006-06-23,9999-12-31 00:00:00,a053b8ebdbdca9f27b0043549954cd324c2c418af26292b682a518afd04fa413
367,429,88,6,Miscellaneous Storage,0.0,0.0,2008-04-30,G,30,504,2014-08-06,True,2006-06-23,9999-12-31 00:00:00,81ea248f5340c4272e02fe5d68aaaa84e289ca7e939f0dfcfb23de53f78d5de5
368,429,88,50,Subassembly,12.25,120.0,2008-04-30,U,7,486,2014-08-06,True,2006-06-23,9999-12-31 00:00:00,91dc9c83124bc288c22dd604eb431e9fbe2d5e6868f033509645ed5bba238daf
369,430,89,1,Tool Crib,0.0,0.0,2008-04-30,K,9,608,2014-08-06,True,2006-06-23,9999-12-31 00:00:00,4a98315712a121a0564b5853ccf1b9a5be7d02e91688d8755f2fd0fd5ab4507d
370,430,89,6,Miscellaneous Storage,0.0,0.0,2008-04-30,G,31,502,2014-08-06,True,2006-06-23,9999-12-31 00:00:00,aa544fbc802e0106d644bc65825ea74cee7b360a8ac66b8a6df4088340435807
371,430,89,50,Subassembly,12.25,120.0,2008-04-30,U,8,484,2014-08-06,True,2006-06-23,9999-12-31 00:00:00,8bd2efb796d3073202724055cad0e02aa9a6e49dc4090d6e73bb3266631bb588
372,431,90,1,Tool Crib,0.0,0.0,2008-04-30,K,10,611,2014-08-06,True,2006-06-23,9999-12-31 00:00:00,b02a1b295e957f5dec809a169be7524b8c9849423d79b71e52c7c5c05c3d4f0b
373,431,90,6,Miscellaneous Storage,0.0,0.0,2008-04-30,G,32,505,2014-08-06,True,2006-06-23,9999-12-31 00:00:00,110cd6a334099e726f04e4880ae308b1744949cdd25aab7e53a5fd1b0509a850
374,431,90,50,Subassembly,12.25,120.0,2008-04-30,U,9,488,2014-08-06,True,2006-06-23,9999-12-31 00:00:00,410d31050482483ff71b0fdc8c65946dd60086c0bbc24c9f62cfa85554a1dd0b
375,432,91,1,Tool Crib,0.0,0.0,2008-04-30,K,11,614,2014-08-06,True,2006-06-23,9999-12-31 00:00:00,85f542cf726c5928da4c5301f8d706f3f584c5f8e6e77911aa42505f3b3ca70e
376,432,91,6,Miscellaneous Storage,0.0,0.0,2008-04-30,G,33,508,2014-08-06,True,2006-06-23,9999-12-31 00:00:00,dbafa9f60c217252053bbb2c7bc11d1710b7d3c35d11d528bb7d3ab2f2ff70a5
377,432,91,50,Subassembly,12.25,120.0,2008-04-30,U,10,491,2014-08-06,True,2006-06-23,9999-12-31 00:00:00,9c13b28a55546c7fb7ed5558eff6f2eb3d7e15803c5082c03cabda6c7c4cc0c5
378,433,92,1,Tool Crib,0.0,0.0,2008-04-30,L,1,617,2014-08-11,True,2006-06-23,9999-12-31 00:00:00,a19492bf73558dfe3398a601b3f1dd866a4e5eef201db754f248e90594439112
379,433,92,6,Miscellaneous Storage,0.0,0.0,2008-04-30,G,34,512,2014-08-11,True,2006-06-23,9999-12-31 00:00:00,690fdfb7cc8f99b5209903380cb3b5f8994b1179695fbccd5ed65a6cc51bc086
380,433,92,50,Subassembly,12.25,120.0,2008-04-30,U,11,494,2014-08-11,True,2006-06-23,9999-12-31 00:00:00,98274d2786f09047f7a69e4fe2408604074e3b03607a91a4ab5848cca78ef38c
381,434,93,1,Tool Crib,0.0,0.0,2008-04-30,L,2,620,2014-08-11,True,2006-06-23,9999-12-31 00:00:00,8a8526b31c84dd353f8d36b33710de84459ff823ff66ad985e9870608b7da93c
382,434,93,6,Miscellaneous Storage,0.0,0.0,2008-04-30,G,35,515,2014-08-11,True,2006-06-23,9999-12-31 00:00:00,ee45e58b87ea90bebf40316346004474750dca4cf74d4267c45974011283204e
383,434,93,50,Subassembly,12.25,120.0,2008-04-30,U,12,497,2014-08-11,True,2006-06-23,9999-12-31 00:00:00,749b07a97484d708a397cee56aa0ca218926aff8e2fd19b31ed7daaf21b763da
384,435,94,1,Tool Crib,0.0,0.0,2008-04-30,L,3,624,2014-08-11,True,2006-06-23,9999-12-31 00:00:00,49f7764998ef8321d6e3d556d65b82be88f50508772bb564b902eb98cfda7d3e
385,435,94,6,Miscellaneous Storage,0.0,0.0,2008-04-30,G,36,518,2014-08-11,True,2006-06-23,9999-12-31 00:00:00,a14e21b14fb0191c5404747bffd1e42695505618bbb672512d8b7f812d1ad455
386,435,94,50,Subassembly,12.25,120.0,2008-04-30,U,13,500,2014-08-11,True,2006-06-23,9999-12-31 00:00:00,86c598a2172c499178c2f997cff7dacfac0af62e47fc9633218a4b45885f13bc
387,436,95,1,Tool Crib,0.0,0.0,2008-04-30,L,4,627,2014-08-09,True,2006-06-23,9999-12-31 00:00:00,a4f300b8d9f7ca6f7e9af8f6f86bb8da96fa09dd12ee21b27e545c96336d7c50
388,436,95,6,Miscellaneous Storage,0.0,0.0,2008-04-30,G,37,521,2014-08-09,True,2006-06-23,9999-12-31 00:00:00,67222a1a2555806a1d984fd99616dc64e4fc79e08fb9ee0ff392a4eeac4b0bc2
389,436,95,50,Subassembly,12.25,120.0,2008-04-30,U,14,504,2014-08-09,True,2006-06-23,9999-12-31 00:00:00,91dc97f0d369405e49302be93ad6a580b95b15f481e38867ab166a2d529248ac
390,437,96,1,Tool Crib,0.0,0.0,2008-04-30,L,5,630,2014-08-09,True,2006-06-23,9999-12-31 00:00:00,a0ccb3caf355a04ddc76db6efc821fd13e643ad5012d849ec2abb97950e98bfb
391,437,96,6,Miscellaneous Storage,0.0,0.0,2008-04-30,G,38,524,2014-08-09,True,2006-06-23,9999-12-31 00:00:00,bf2c5b66053a2472d12369b80932c53107bd2a0cb56f57518c4d002e10b181af
392,437,96,50,Subassembly,12.25,120.0,2008-04-30,U,15,507,2014-08-09,True,2006-06-23,9999-12-31 00:00:00,c4747d37ab93d1c5c9fdd58621e816e8595ffec829bb010c2013e8e4866faafc
393,438,85,1,Tool Crib,0.0,0.0,2008-04-30,L,6,633,2014-07-24,True,2006-06-23,9999-12-31 00:00:00,2c4a03ec7f391c33717feeb57dcbc4c0f89bbce8ab59ae7727e54b82fe6ac2cb
394,438,85,6,Miscellaneous Storage,0.0,0.0,2008-04-30,G,39,528,2014-07-24,True,2006-06-23,9999-12-31 00:00:00,0219935fa3abd0d4d26615b12e9ef86a1549fbb0827ec83523e1266f5d41e2db
395,438,85,50,Subassembly,12.25,120.0,2008-04-30,U,16,510,2014-07-24,True,2006-06-23,9999-12-31 00:00:00,9a2146abe406fcc21b6da7d1068b2eb5975ff5d3fcf2a125e6a4e4ec8a19ca6c
396,439,98,1,Tool Crib,0.0,0.0,2008-04-30,L,7,636,2014-07-24,True,2006-06-23,9999-12-31 00:00:00,39791d8d04275c0b4d7a3ec7fb9fb64aae9965f53237f85a0cc25a265d05bb3c
397,439,98,6,Miscellaneous Storage,0.0,0.0,2008-04-30,G,40,531,2014-07-24,True,2006-06-23,9999-12-31 00:00:00,5d72bd2b83ed79cf9c56ce96c41b2e31d900b999844ac3842539f49ffb39ca1b
398,439,98,50,Subassembly,12.25,120.0,2008-04-30,U,17,513,2014-07-24,True,2006-06-23,9999-12-31 00:00:00,976b6aaffebe2170417afe6f959c28e50b6e9168c1f810e978533dd82e91ce31
399,440,99,1,Tool Crib,0.0,0.0,2008-04-30,L,8,640,2014-07-30,True,2006-06-23,9999-12-31 00:00:00,1b29e93e640a9cdeca335390174f41f4203ac04fe1ac72ba05907a06b53f9423
400,440,99,6,Miscellaneous Storage,0.0,0.0,2008-04-30,G,41,534,2014-07-30,True,2006-06-23,9999-12-31 00:00:00,93c64425d12f7a629751fe2f4dad64520e908ff335302237432fec0831defa81
401,440,99,50,Subassembly,12.25,120.0,2008-04-30,U,18,516,2014-07-30,True,2006-06-23,9999-12-31 00:00:00,299a65b2ebd323e024df0f620cfc3deaad7247eab54f978fffff9f9a6d9c03dd
402,441,100,1,Tool Crib,0.0,0.0,2008-04-30,L,9,635,2014-07-30,True,2006-06-23,9999-12-31 00:00:00,6671a70eceea0b9edcfab4ced821e7015fe48d8c69e8931c81f3885a43d5c4f0
403,441,100,6,Miscellaneous Storage,0.0,0.0,2008-04-30,G,42,529,2014-07-30,True,2006-06-23,9999-12-31 00:00:00,0a32f8f90949fcabb2128d25a6b1fe19738144f13ded571059c6e001948edf7c
404,441,100,50,Subassembly,12.25,120.0,2008-04-30,U,19,512,2014-07-30,True,2006-06-23,9999-12-31 00:00:00,bef6f60d7c94db75e2912b9a71e645272371cd7f2e1b3af9cbaee4ab9e61b1f7
405,442,101,1,Tool Crib,0.0,0.0,2008-04-30,L,10,630,2014-07-30,True,2006-06-23,9999-12-31 00:00:00,2b11a801df0a9b53fb7e7934dc32882e2f9536d00972b65c275d78f32482f0d1
406,442,101,6,Miscellaneous Storage,0.0,0.0,2008-04-30,G,43,524,2014-07-30,True,2006-06-23,9999-12-31 00:00:00,cd2984e3ed89d74616735ba3389a73aad77a55576f73bb7bea18f79f144faf5f
407,442,101,50,Subassembly,12.25,120.0,2008-04-30,U,20,507,2014-07-30,True,2006-06-23,9999-12-31 00:00:00,a4b5d962915cb3f3517affee00071a20c1bb9c80f326acf317c680ce8cb02d0e
408,443,102,1,Tool Crib,0.0,0.0,2008-04-30,L,11,625,2014-08-04,True,2006-06-23,9999-12-31 00:00:00,1816b6555940ddb6b5c4b019ebb32719e3383c6a2f236cc41f02c2bf1e79a003
409,443,102,6,Miscellaneous Storage,0.0,0.0,2008-04-30,G,44,520,2014-08-04,True,2006-06-23,9999-12-31 00:00:00,64ebdb716fbe2ff6a063e3f9332d075e29b2151cffd4779ba68b352181fe7968
410,443,102,50,Subassembly,12.25,120.0,2008-04-30,U,21,502,2014-08-04,True,2006-06-23,9999-12-31 00:00:00,b0d51b62f36b97042bc0bba865cf9ab8418703fcf5d3b9f4d4064514087490ac
411,444,103,1,Tool Crib,0.0,0.0,2008-04-30,L,12,620,2014-08-04,True,2006-06-23,9999-12-31 00:00:00,13180f995b91e68bfc9f4e0c754cbe44be9a0ac823b9d6dd435405ded5e85466
412,444,103,6,Miscellaneous Storage,0.0,0.0,2008-04-30,G,45,515,2014-08-04,True,2006-06-23,9999-12-31 00:00:00,be641653273b667ea63b568fa992998d1a7f3f32b73ee014e8b2b1246ccd0ddc
413,444,103,50,Subassembly,12.25,120.0,2008-04-30,U,22,497,2014-08-04,True,2006-06-23,9999-12-31 00:00:00,5d01d679c3bb84aaee01b49f21b969aab87d6c1b551a65859b746a37165c54f2
414,445,70,1,Tool Crib,0.0,0.0,2008-04-30,H,3,616,2014-08-09,True,2006-06-23,9999-12-31 00:00:00,adf65bf6722d44a9076a326d03cf9279238777e38c209562405a1c5b943c1f44
415,445,70,6,Miscellaneous Storage,0.0,0.0,2008-04-30,G,46,510,2014-08-09,True,2006-06-23,9999-12-31 00:00:00,e1f3ce784b7dab24bf97efef7960db46e7a412165d1d9e561f8c8c693dadb370
416,445,70,50,Subassembly,12.25,120.0,2008-04-30,U,23,492,2014-08-09,True,2006-06-23,9999-12-31 00:00:00,ddc634960550afdd6a051fd3b8024db4b452217bc3a15177daeb7100525041a8
417,446,105,1,Tool Crib,0.0,0.0,2008-04-30,H,4,611,2014-08-09,True,2006-06-23,9999-12-31 00:00:00,5e2cc1b3c6b9b5358fe3a3c59bd8bc3e5d0154e15a9222c844081186622f6b27
418,446,105,6,Miscellaneous Storage,0.0,0.0,2008-04-30,G,47,505,2014-08-09,True,2006-06-23,9999-12-31 00:00:00,2abb656db6ccec1390cc0f87ee3c7e4db0b99bbe560569f52e51a75a5a25c3af
419,446,105,50,Subassembly,12.25,120.0,2008-04-30,U,24,488,2014-08-09,True,2006-06-23,9999-12-31 00:00:00,87f3f8ed983726e2336d29e6a5266d5a47cd8b6bdceafd41c97d834fb5961316
420,447,106,1,Tool Crib,0.0,0.0,2008-04-30,H,5,606,2014-08-09,True,2006-06-23,9999-12-31 00:00:00,f78996c88d5429b81442c299fc918b7efa857f94ba03346d4bb3b0831adfd799
421,447,106,6,Miscellaneous Storage,0.0,0.0,2008-04-30,G,48,500,2014-08-09,True,2006-06-23,9999-12-31 00:00:00,2aa0b4e1f542991c87e72b5da970893171dc201efff37b80353954e834941940
422,447,106,50,Subassembly,12.25,120.0,2008-04-30,U,25,483,2014-08-09,True,2006-06-23,9999-12-31 00:00:00,13052f6c25232a0f5fb4f516080d08659c3fb66b688450c3a2833e2de2403b04
423,448,107,1,Tool Crib,0.0,0.0,2008-04-30,H,6,601,2014-08-09,True,2006-06-23,9999-12-31 00:00:00,1297cc723d350b76301b860e519c90d31d7e38b2ac057f94f71e74af69e30a0d
424,448,107,6,Miscellaneous Storage,0.0,0.0,2008-04-30,G,49,496,2014-08-09,True,2006-06-23,9999-12-31 00:00:00,ed0a9df0f4d174d8b7ec558b818a19f8ed06bb61af73dd65f30323306b44cdeb
425,448,107,50,Subassembly,12.25,120.0,2008-04-30,U,26,478,2014-08-09,True,2006-06-23,9999-12-31 00:00:00,4c13acbb2b005c9b46a1810146d658afec906e29606a2fac775f25dc101e4d0b
426,449,108,1,Tool Crib,0.0,0.0,2008-04-30,H,7,596,2014-07-27,True,2006-06-23,9999-12-31 00:00:00,c29bee0bbf36d667a4d81c4a7dd3e26fc76639f2315e88faa1dc9e271ab7bcde
427,449,108,6,Miscellaneous Storage,0.0,0.0,2008-04-30,G,50,491,2014-07-27,True,2006-06-23,9999-12-31 00:00:00,870fec01a40d225f89cfc89aaf665637d9eb2adc9aa34d759d7509e7ad9156c6
428,449,108,50,Subassembly,12.25,120.0,2008-04-30,U,27,473,2014-07-27,True,2006-06-23,9999-12-31 00:00:00,18be860902d12920309fb1a98de1615d240ffac938edce6278f41fb5647bb226
429,450,97,1,Tool Crib,0.0,0.0,2008-04-30,H,8,592,2014-08-02,True,2006-06-23,9999-12-31 00:00:00,e14473723b9caf4a552fcdf8671dba9acf0d8f680036a89fd548a9854399807d
430,450,97,6,Miscellaneous Storage,0.0,0.0,2008-04-30,G,51,486,2014-08-02,True,2006-06-23,9999-12-31 00:00:00,aca5cfa7ac4659d9f048982e8419258b1b340e7938735663fb6cb91730bdd7a7
431,450,97,50,Subassembly,12.25,120.0,2008-04-30,U,28,468,2014-08-02,True,2006-06-23,9999-12-31 00:00:00,26f58f914b4824968d945188282d15a3a698d049980f93fe62242b273410d00e
432,451,62,1,Tool Crib,0.0,0.0,2008-04-30,H,9,595,2014-08-02,True,2006-06-23,9999-12-31 00:00:00,86cd54b6f98271de439df65bdf33c7fbb45f6ed4f515d7b4e56eaceabf054253
433,451,62,6,Miscellaneous Storage,0.0,0.0,2008-04-30,G,52,489,2014-08-02,True,2006-06-23,9999-12-31 00:00:00,5abed481f5f0cfef5f40c3e198e7843c81cde358d79e7e1166f4afe5365e29fb
434,451,62,50,Subassembly,12.25,120.0,2008-04-30,U,29,472,2014-08-02,True,2006-06-23,9999-12-31 00:00:00,f250727067d01cbac954c2abdfd432fd670a862c484723569fb8c6a572a5d497
435,452,69,1,Tool Crib,0.0,0.0,2008-04-30,H,10,598,2014-08-02,True,2006-06-23,9999-12-31 00:00:00,05c84bd964a275cbed6828539407b41b98970145d5fea63e6f3d2c4feb203aa1
436,452,69,6,Miscellaneous Storage,0.0,0.0,2008-04-30,G,53,492,2014-08-02,True,2006-06-23,9999-12-31 00:00:00,2e10336441512fbc4e32377634c30752d3616e20cdd6f9c00b2c0d7a0552f26f
437,452,69,50,Subassembly,12.25,120.0,2008-04-30,U,30,475,2014-08-02,True,2006-06-23,9999-12-31 00:00:00,c31e4ef1e0b792d60bcaedb0e21379f7052ae93102fbd7eee5ae7d1bb8c93045
438,453,68,1,Tool Crib,0.0,0.0,2008-04-30,H,11,601,2014-08-02,True,2006-06-23,9999-12-31 00:00:00,c160b0cb971e9c764659357f3164df41dc7e1824c8bff682e2b28f9b8829fde4
439,453,68,6,Miscellaneous Storage,0.0,0.0,2008-04-30,G,54,496,2014-08-02,True,2006-06-23,9999-12-31 00:00:00,dbe5ee5b02e00709483bc96cf648e6028cdffd8ea64492f63c58e26aa4a30149
440,453,68,50,Subassembly,12.25,120.0,2008-04-30,U,31,478,2014-08-02,True,2006-06-23,9999-12-31 00:00:00,7c039b0432e5959d6d1562757650e954568ff3c728a5c888c0543bc4f3b18655
441,454,67,1,Tool Crib,0.0,0.0,2008-04-30,H,12,604,2014-08-02,True,2006-06-23,9999-12-31 00:00:00,74df37f2ed0b432ac1f9b8d8a15ef85f367ca23317dda2013deb4e4bd2e70665
442,454,67,6,Miscellaneous Storage,0.0,0.0,2008-04-30,G,55,499,2014-08-02,True,2006-06-23,9999-12-31 00:00:00,b6d360726c3c2083c865f9d24646aea1a2048edc3e07665cf9869076b7c758f6
443,454,67,50,Subassembly,12.25,120.0,2008-04-30,U,32,481,2014-08-02,True,2006-06-23,9999-12-31 00:00:00,2e10cc4ac6f6678a1d948dd06234ab5fabf340f9c80ecb2119517f1c7e3e7bc8
444,455,66,1,Tool Crib,0.0,0.0,2008-04-30,H,13,608,2014-08-07,True,2006-06-23,9999-12-31 00:00:00,0f63b86b477df146e5122c6190ed0c62765c030df6af065f71f50ba7bff6441d
445,455,66,6,Miscellaneous Storage,0.0,0.0,2008-04-30,G,56,502,2014-08-07,True,2006-06-23,9999-12-31 00:00:00,6c3c2a38fd46e5fecb9012348880a947cd1c982b043e292c63a9ef0a0b8d0b06
446,455,66,50,Subassembly,12.25,120.0,2008-04-30,U,33,484,2014-08-07,True,2006-06-23,9999-12-31 00:00:00,7e71107f898ab778d466d8995e02d25eea3728d98c8636c282302a5749903cf0
447,456,65,1,Tool Crib,0.0,0.0,2008-04-30,H,14,611,2014-08-07,True,2006-06-23,9999-12-31 00:00:00,3b05e2252c1a055255d4f01bc0b72c8b8a59a4fe2370d2aca9a237c427bcd93e
448,456,65,6,Miscellaneous Storage,0.0,0.0,2008-04-30,G,57,505,2014-08-07,True,2006-06-23,9999-12-31 00:00:00,fb574e1f439f1bbf8880eca240674a168b29a8782841bcba789f072f296a3018
449,456,65,50,Subassembly,12.25,120.0,2008-04-30,U,34,488,2014-08-07,True,2006-06-23,9999-12-31 00:00:00,b7d586c875f40d6ba510a7105c90db45bb0d7130ab5a3d6b464653b304fa1296
450,457,64,1,Tool Crib,0.0,0.0,2008-04-30,H,15,614,2014-08-07,True,2006-06-23,9999-12-31 00:00:00,a2ee07b44d66787cf8f07e9a118de22eb476e83d68e130389e27e579ec7c8429
451,457,64,6,Miscellaneous Storage,0.0,0.0,2008-04-30,G,58,508,2014-08-07,True,2006-06-23,9999-12-31 00:00:00,67de069c21aaeaa10a31458eb2ab267c387e06da0439b54bbc737cc3e354c52c
452,457,64,50,Subassembly,12.25,120.0,2008-04-30,U,35,491,2014-08-07,True,2006-06-23,9999-12-31 00:00:00,54abfc4e474f02a62f7366e2f80128f4d506b6558f038219def52a346b297ae1
453,458,63,1,Tool Crib,0.0,0.0,2008-04-30,H,16,617,2014-08-07,True,2006-06-23,9999-12-31 00:00:00,6d05abcaad80b0ef496608f0579b7e69a8b8f14f45c2497bb39b1e919ee3ae67
454,458,63,6,Miscellaneous Storage,0.0,0.0,2008-04-30,G,59,512,2014-08-07,True,2006-06-23,9999-12-31 00:00:00,a4c0f171d325c370cd9dd65e993ae0a58809cb32dc1886fb81fc086806892e20
455,458,63,50,Subassembly,12.25,120.0,2008-04-30,U,36,494,2014-08-07,True,2006-06-23,9999-12-31 00:00:00,cea6439ca06a3847dfc1ce69c662610c707db7fc207be6e335aa625cfcde6828
456,459,61,1,Tool Crib,0.0,0.0,2008-04-30,H,17,620,2014-08-07,True,2006-06-23,9999-12-31 00:00:00,ec991d55133b884bfa36c1f5f1e7e543489dc0bad93643bab9855f4751feda1d
457,459,61,6,Miscellaneous Storage,0.0,0.0,2008-04-30,G,60,515,2014-08-07,True,2006-06-23,9999-12-31 00:00:00,1d93a78aa41aae93d34a4d0f66f973096aed26ca869d6bd1c37ba3be46b19ea1
458,459,61,50,Subassembly,12.25,120.0,2008-04-30,U,37,497,2014-08-07,True,2006-06-23,9999-12-31 00:00:00,cf912e662131ae3289f1ce24d93610dd2f0ef90d75fd2c2ab0ff1288c31d71fd
459,460,71,1,Tool Crib,0.0,0.0,2008-04-30,H,18,624,2014-08-07,True,2006-06-23,9999-12-31 00:00:00,1ce69648cdff5b6d001312db313836c7c19a3c95372e59d8b99d3bd582ff2bda
460,460,71,6,Miscellaneous Storage,0.0,0.0,2008-04-30,G,61,518,2014-08-07,True,2006-06-23,9999-12-31 00:00:00,d74604b304f653c428e622bf60c36a1cb0552c3e2cdcf6e880f8956b030f4fba
461,460,71,50,Subassembly,12.25,120.0,2008-04-30,U,38,500,2014-08-07,True,2006-06-23,9999-12-31 00:00:00,3f750c516e30423652477efb668bc8841d62d6e2f6b48abbe72738289899c3b0
462,461,72,1,Tool Crib,0.0,0.0,2008-04-30,G,19,627,2014-07-18,True,2006-06-23,9999-12-31 00:00:00,516ce525c14069ece0563e5d28b81e0c5d487352a836717b3d2bf02be7006181
463,461,72,6,Miscellaneous Storage,0.0,0.0,2008-04-30,H,1,521,2014-07-18,True,2006-06-23,9999-12-31 00:00:00,aee268447738595b9ee98925328d4e2b1951b25b905d25ce5a6fdcc56ac7733c
464,461,72,50,Subassembly,12.25,120.0,2008-04-30,K,1,504,2014-07-18,True,2006-06-23,9999-12-31 00:00:00,75b3216b0de231045a778b06ffbd3317dce87cd3a69b274d2f590d6c55da8914
465,462,73,1,Tool Crib,0.0,0.0,2008-04-30,G,2,310,2014-08-11,True,2006-06-23,9999-12-31 00:00:00,511ddf8b50f4d4856e9812584625ec0345c73a82b277e5eea5fc1134924b4a5a
466,462,73,6,Miscellaneous Storage,0.0,0.0,2008-04-30,H,2,204,2014-08-11,True,2006-06-23,9999-12-31 00:00:00,4819ed5e12e3a669a181c006e72f81394d79bc0df7cf4fe9f4f3338363543bf1
467,462,73,50,Subassembly,12.25,120.0,2008-04-30,K,2,187,2014-08-11,True,2006-06-23,9999-12-31 00:00:00,ee03b466d454dffaa1317b9ab3aa1580bb4cfcda3e2d29cf3bffac64d266b6c5
468,463,74,1,Tool Crib,0.0,0.0,2008-04-30,G,3,499,2014-08-06,True,2006-06-23,9999-12-31 00:00:00,4c6ea341bc86cc03527926851499e5679655f11ebeac77ba0af641d594a59694
469,463,74,6,Miscellaneous Storage,0.0,0.0,2008-04-30,H,3,566,2014-08-06,True,2006-06-23,9999-12-31 00:00:00,8214eb98e3ae3c294837d3bd7a47f5062a4c383adcf558abc78d04635179f4f6
470,463,74,50,Subassembly,12.25,120.0,2008-04-30,K,3,620,2014-08-06,True,2006-06-23,9999-12-31 00:00:00,331f1891c5e2daf813654f3ba8e76809a41cc8994732be032f2967c53adc935c
471,464,75,1,Tool Crib,0.0,0.0,2008-04-30,G,4,500,2014-08-06,True,2006-06-23,9999-12-31 00:00:00,d8e64184a4bab751a0b197e700ca2cedfe84a1800dc7da7d7a35d42fcc04a39a
472,464,75,6,Miscellaneous Storage,0.0,0.0,2008-04-30,H,4,568,2014-08-06,True,2006-06-23,9999-12-31 00:00:00,0af1f7f5161dad8d41ebce5ec531b1a5f4de7286f141e3cbd96a0497df2f48dc
473,464,75,50,Subassembly,12.25,120.0,2008-04-30,K,4,622,2014-08-06,True,2006-06-23,9999-12-31 00:00:00,10305c1a9cfdb3802ca928b39d947656adaed51f3cf6aa93b46fd2b9f03b18f3
474,465,76,1,Tool Crib,0.0,0.0,2008-04-30,G,5,502,2014-08-11,True,2006-06-23,9999-12-31 00:00:00,41e08f74acadff2b4bc932837e7b85ecf8ba49a8726455ba7d565d88f223824f
475,465,76,6,Miscellaneous Storage,0.0,0.0,2008-04-30,H,5,569,2014-08-11,True,2006-06-23,9999-12-31 00:00:00,6d3d54693244dcbf76ab737695e70e09c23642a5d1522bb4e8f7500d410d1023
476,465,76,50,Subassembly,12.25,120.0,2008-04-30,K,5,624,2014-08-11,True,2006-06-23,9999-12-31 00:00:00,a52d9d06bfb865608a071baa40792ba33234278735bba0901f4636951b1be57d
477,466,77,1,Tool Crib,0.0,0.0,2008-04-30,G,8,504,2014-08-11,True,2006-06-23,9999-12-31 00:00:00,855bae120b5fcb2a82c4782b85f6bb66f3cec494597413858d169a084bc11acd
478,466,77,6,Miscellaneous Storage,0.0,0.0,2008-04-30,H,6,571,2014-08-11,True,2006-06-23,9999-12-31 00:00:00,3cf2fa1676f19ecdbe6d87f588c43a73ef39e5f603148d58660fa3a9a7e46b90
479,466,77,50,Subassembly,12.25,120.0,2008-04-30,K,6,625,2014-08-11,True,2006-06-23,9999-12-31 00:00:00,a99fdd3e158f386a627c7119fad390bf11b9c8d2a75195f67923cb5c49ae396b
480,467,78,1,Tool Crib,0.0,0.0,2008-04-30,G,7,505,2014-08-11,True,2006-06-23,9999-12-31 00:00:00,1b05d97736e063c38ad306a4acddcee66e46708e870b1e38648975c4948d8f4a
481,467,78,6,Miscellaneous Storage,0.0,0.0,2008-04-30,H,7,572,2014-08-11,True,2006-06-23,9999-12-31 00:00:00,97290fa60730bcb8948c30c96d055ac50ed25d49a105b9becaf561d8fcb6e1d0
482,467,78,50,Subassembly,12.25,120.0,2008-04-30,K,7,627,2014-08-11,True,2006-06-23,9999-12-31 00:00:00,1d57fa6dce9c5255232c751a7c690d58697dbe548a24087e2a3e25b5925302bb
483,468,79,1,Tool Crib,0.0,0.0,2008-04-30,G,3,507,2014-08-01,True,2006-06-23,9999-12-31 00:00:00,49b74fc4797bca2d1d7d1c8bb2a21d5f1a8c82cab3521f7a897522417696543d
484,468,79,6,Miscellaneous Storage,0.0,0.0,2008-04-30,H,8,574,2014-08-01,True,2006-06-23,9999-12-31 00:00:00,a0a9f57c80611d3618d03d864552a98dcab6924067dce43658bd954639462f47
485,468,79,50,Subassembly,12.25,120.0,2008-04-30,K,8,628,2014-08-01,True,2006-06-23,9999-12-31 00:00:00,cdf0f2f9413015c84cdca039b974645a41e22d22e0b7e53fb7681b54e1e88241
486,469,80,1,Tool Crib,0.0,0.0,2008-04-30,J,4,508,2014-08-01,True,2006-06-23,9999-12-31 00:00:00,9f929c38a4b21860bde65c375acc1fc07a2675f6d33d034d61b4de48e900f618
487,469,80,6,Miscellaneous Storage,0.0,0.0,2008-04-30,H,9,576,2014-08-01,True,2006-06-23,9999-12-31 00:00:00,038679d4a6b29369b78df66d68a4d4a9495f30e140120eb5162da98ed28e551e
488,469,80,50,Subassembly,12.25,120.0,2008-04-30,K,9,630,2014-08-01,True,2006-06-23,9999-12-31 00:00:00,5c30799d8d671df2a0fa30f7ae6f383c93b96bb22358bbb3ca235bf9c3d30d53
489,470,81,1,Tool Crib,0.0,0.0,2008-04-30,J,5,510,2014-08-01,True,2006-06-23,9999-12-31 00:00:00,1eca3204ff315ea2eadd9e3f6a1e09c5ef4a703cff5f0dccf3bce6353d096684
490,470,81,6,Miscellaneous Storage,0.0,0.0,2008-04-30,H,10,577,2014-08-01,True,2006-06-23,9999-12-31 00:00:00,fb0db0e570d5a0645c038e7a8f0584c1d896ae64cfee3beafb47bdf6ba7037fa
491,470,81,50,Subassembly,12.25,120.0,2008-04-30,K,10,632,2014-08-01,True,2006-06-23,9999-12-31 00:00:00,bc9c21c3d79ab055a4350314e330132f9c650b9f060cef1e17bf0b1a9d2ac944
492,471,82,1,Tool Crib,0.0,0.0,2008-04-30,J,6,512,2014-08-01,True,2006-06-23,9999-12-31 00:00:00,0baca9b55b42ccc5ecb91cebf43d16d49583b2e8a01176e685979ca45c877ce1
493,471,82,6,Miscellaneous Storage,0.0,0.0,2008-04-30,H,11,579,2014-08-01,True,2006-06-23,9999-12-31 00:00:00,22f5c6453831a3ab87b9eeccad2cc0db923f4a70e15a509b6af767917ab0c6d5
494,471,82,50,Subassembly,12.25,120.0,2008-04-30,K,11,633,2014-08-01,True,2006-06-23,9999-12-31 00:00:00,9416fd213553f2f5dd3dd8ce3c32154316ff1d60a38a916deac9754c6af490b3
495,472,83,1,Tool Crib,0.0,0.0,2008-04-30,J,7,513,2014-08-01,True,2006-06-23,9999-12-31 00:00:00,da2153ae389caa3b8dd2265ec60ca50e3c9dd25b2d3da744d66d9fe2e963d202
496,472,83,6,Miscellaneous Storage,0.0,0.0,2008-04-30,H,12,580,2014-08-01,True,2006-06-23,9999-12-31 00:00:00,89931412083866b4177ec274a4cb5125e174882bb373e8833c8b6baa34eccc7e
497,472,83,50,Subassembly,12.25,120.0,2008-04-30,K,12,635,2014-08-01,True,2006-06-23,9999-12-31 00:00:00,4d5772f2f7f74942a9fe2242a839541eb50f777f536bd4203dab65032d85ea9d
498,473,84,1,Tool Crib,0.0,0.0,2008-04-30,J,8,515,2014-08-01,True,2006-06-23,9999-12-31 00:00:00,a272b6a118c5a3946ecb41097287fd20a4c079759532eafc124a0e85af7ae4a7
499,473,84,6,Miscellaneous Storage,0.0,0.0,2008-04-30,H,13,582,2014-08-01,True,2006-06-23,9999-12-31 00:00:00,57b0a55cfff4b007b0a029e15d58f4a9faa6715179d61ce0cf29d0a52ac307b9
500,473,84,50,Subassembly,12.25,120.0,2008-04-30,K,13,636,2014-08-01,True,2006-06-23,9999-12-31 00:00:00,15ee66fa80cac85209e0d32b21ca22cf55c58175b6b97c2a658c626b723ddaff
501,474,145,1,Tool Crib,0.0,0.0,2008-04-30,J,9,516,2014-08-01,True,2006-06-23,9999-12-31 00:00:00,207cfccf111965f0e923df757a294c214ee4de2009855826206525f4dae1cb6d
502,474,145,6,Miscellaneous Storage,0.0,0.0,2008-04-30,H,14,584,2014-08-01,True,2006-06-23,9999-12-31 00:00:00,c49a23e567d45393e1d35eb501ef56403b1c46e6505a1028b450801ec67df935
503,474,145,50,Subassembly,12.25,120.0,2008-04-30,K,14,638,2014-08-01,True,2006-06-23,9999-12-31 00:00:00,bc5be94f81131463f4f23e622da8494596ab77a315fcb41b95c88297289fa627
504,475,134,1,Tool Crib,0.0,0.0,2008-04-30,J,10,518,2014-08-01,True,2006-06-23,9999-12-31 00:00:00,e6f63f6b17f95d618372ccf283897920f93e8a50de2c99fcd0900d6e125cacce
505,475,134,6,Miscellaneous Storage,0.0,0.0,2008-04-30,H,15,585,2014-08-01,True,2006-06-23,9999-12-31 00:00:00,e78f529c05e1aed18186aa603a5ff3f9544a6c9fd3cccf6f10db7d6478adce75
506,475,134,50,Subassembly,12.25,120.0,2008-04-30,K,15,640,2014-08-01,True,2006-06-23,9999-12-31 00:00:00,0209430c82a4d825adf3ae59eb9369190e4b029bd350cdf8d03eca8fbe5019bc
507,476,135,5,Metal Storage,0.0,0.0,2008-04-30,D,0,324,2014-07-19,True,2006-06-23,9999-12-31 00:00:00,b474fe8bf3534f93480310e99a45d7e2aba071756543f72f3dc50505c2ab32eb
508,476,135,10,Frame Forming,22.5,96.0,2008-04-30,A,0,404,2014-07-19,True,2006-06-23,9999-12-31 00:00:00,2bef0fe9ef33b6c5da4b0ba80ba4b31f471038f61a0dd7c7b5f417d8f6403626
509,476,135,20,Frame Welding,25.0,108.0,2008-04-30,B,0,355,2014-07-19,True,2006-06-23,9999-12-31 00:00:00,be6b8e0e8cc80adf86a353d4cdf47881f019fcd97cbdefcb53a77000f5e503d2
510,477,136,2,Sheet Metal Racks,0.0,0.0,2008-04-30,B,0,403,2014-07-19,True,2006-06-23,9999-12-31 00:00:00,65c41a89a5d17ac352441063008622349974e23e719feedd49a211d286b92724
511,477,136,5,Metal Storage,0.0,0.0,2008-04-30,D,0,323,2014-07-19,True,2006-06-23,9999-12-31 00:00:00,ad95ec04a2fc0ac06e11356152f0eb7b536763dfdfb8d8cc965919f682a1654f
512,477,136,10,Frame Forming,22.5,96.0,2008-04-30,A,0,353,2014-07-19,True,2006-06-23,9999-12-31 00:00:00,44a326bccd25a518f9c4f1a32dad35737be3996916ae6c0a8becd18b307fa27e
513,478,137,2,Sheet Metal Racks,0.0,0.0,2008-04-30,B,0,497,2014-07-25,True,2006-06-23,9999-12-31 00:00:00,598997d97705f3aa63328db492668aff43b7e2b445e00f8bc67bb34132a1e089
514,478,137,5,Metal Storage,0.0,0.0,2008-04-30,D,0,568,2014-07-25,True,2006-06-23,9999-12-31 00:00:00,9254daaa816d2f3c27d816ab66e89ea71a4d0f3ea53c8abe34a470abb3800e82
515,478,137,10,Frame Forming,22.5,96.0,2008-04-30,A,0,622,2014-07-25,True,2006-06-23,9999-12-31 00:00:00,780a2b349683bb8e42217e9303059ae389fd725c99d73828e92376541978c77d
516,479,104,2,Sheet Metal Racks,0.0,0.0,2008-04-30,C,0,441,2014-07-25,True,2006-06-23,9999-12-31 00:00:00,b8221a729f41edb5ccbf887605b7520e7cf9c49291c1c85dface381d2fc9aec5
517,479,104,5,Metal Storage,0.0,0.0,2008-04-30,E,0,390,2014-07-25,True,2006-06-23,9999-12-31 00:00:00,debb462136fae3a2f700bfcb5991f1f8e6aa6f6697362a3709ba964b861b851f
518,479,104,10,Frame Forming,22.5,96.0,2008-04-30,C,0,198,2014-07-25,True,2006-06-23,9999-12-31 00:00:00,6fb57ec18f71bd8f23f080622fef45d56d31c5a4798007a2e30028f995e5f670
519,480,139,2,Sheet Metal Racks,0.0,0.0,2008-04-30,C,0,689,2014-07-25,True,2006-06-23,9999-12-31 00:00:00,d112e1e1047dad7461ed4332183cd392d635fb3eef3040767d09b87534c10b10
520,480,139,5,Metal Storage,0.0,0.0,2008-04-30,E,0,515,2014-07-25,True,2006-06-23,9999-12-31 00:00:00,805070653494b17ddbc8c12b04a128f2e297edecac025dbfffcd19c26ffcef93
521,480,139,10,Frame Forming,22.5,96.0,2008-04-30,C,0,457,2014-07-25,True,2006-06-23,9999-12-31 00:00:00,6c1758a4af51ed8e66b968787c345d500e6c773cb44ac7cbe9b0d68117f9ded4
522,481,140,2,Sheet Metal Racks,0.0,0.0,2008-04-30,C,0,427,2014-07-31,True,2006-06-23,9999-12-31 00:00:00,85aee8135d4d90681d8e9b79936e084f437ca3f01613819fb66749d0636f0f2d
523,481,140,5,Metal Storage,0.0,0.0,2008-04-30,E,0,374,2014-07-31,True,2006-06-23,9999-12-31 00:00:00,c98222c42ea521d42ac2aa599b6a0e36b512934e0080741f7f9a045916bffb6d
524,481,140,10,Frame Forming,22.5,96.0,2008-04-30,C,0,196,2014-07-31,True,2006-06-23,9999-12-31 00:00:00,4e7a6cd0197e544cdf4b69b0388f5b3a3a883bccce7d24704d2b57af0c46e05b
525,482,141,2,Sheet Metal Racks,0.0,0.0,2008-04-30,D,0,321,2014-07-31,True,2006-06-23,9999-12-31 00:00:00,b74d28f99a70c93a9672afa3bc9cec2d8c5dfd0565a19da6a2c2cbbc1a751ae6
526,482,141,5,Metal Storage,0.0,0.0,2008-04-30,R,10,427,2014-07-31,True,2006-06-23,9999-12-31 00:00:00,ae20a1e91743075528473e7003d56afd8ea69bfcb9d6109c38360fdf0ee44de9
527,482,141,10,Frame Forming,22.5,96.0,2008-04-30,L,0,176,2014-07-31,True,2006-06-23,9999-12-31 00:00:00,302189c7e188d7adb8e582424eebfbd2dafc49ddde6fb2e7660de0712b9838e7
528,483,142,2,Sheet Metal Racks,0.0,0.0,2008-04-30,D,0,691,2014-08-05,True,2006-06-23,9999-12-31 00:00:00,39b8591b8e21689204f0a7912d159b477911bf78c207ff7ccf4080a56981bb2c
529,483,142,5,Metal Storage,0.0,0.0,2008-04-30,R,0,531,2014-08-05,True,2006-06-23,9999-12-31 00:00:00,647191f5214708c17272d2fe488cc031d79f6b323189db08d5a3ba439370cc31
530,483,142,10,Frame Forming,22.5,96.0,2008-04-30,L,0,459,2014-08-05,True,2006-06-23,9999-12-31 00:00:00,7964ac6cd9cedc30578df51ff9962d19d0e0f03674e77a0b1d9375a8f7d50b62
531,484,143,2,Sheet Metal Racks,0.0,0.0,2008-04-30,D,0,427,2014-08-05,True,2006-06-23,9999-12-31 00:00:00,62bdbb3aea0aa5f893a256900054ef87a174148a15b9863532f3451912d03e0a
532,484,143,5,Metal Storage,0.0,0.0,2008-04-30,R,0,374,2014-08-05,True,2006-06-23,9999-12-31 00:00:00,7547971193e0693439b20cb3d83a9f7e8c370030083483913893c55933f8847b
533,484,143,10,Frame Forming,22.5,96.0,2008-04-30,L,0,196,2014-08-05,True,2006-06-23,9999-12-31 00:00:00,bc9c76bd9b9a004608859b3d9d646b57605c20a20eab671ffa94388051720a42
534,485,144,2,Sheet Metal Racks,0.0,0.0,2008-04-30,D,0,321,2014-08-05,True,2006-06-23,9999-12-31 00:00:00,4bcc6ec0576c83f18ce9365f116cd0d8c9acf0b9cf800bd654873019b2485443
535,485,144,5,Metal Storage,0.0,0.0,2008-04-30,R,0,427,2014-08-05,True,2006-06-23,9999-12-31 00:00:00,5fdd2449ef3367d2d370fd82ea30ba381ac6469cc14bbb146d10b9d64861c7e2
536,485,144,10,Frame Forming,22.5,96.0,2008-04-30,L,0,176,2014-08-05,True,2006-06-23,9999-12-31 00:00:00,2272de02c849bf941596f9b57a0e57a5b3c6d5cbd0895acd58f8187da472cf4c
537,486,133,2,Sheet Metal Racks,0.0,0.0,2008-04-30,D,0,689,2014-08-05,True,2006-06-23,9999-12-31 00:00:00,05f8b6d5030168f9285d3e0a6323d8744bf4e7a3e9fe72552e5e5a186d0e7b86
538,486,133,5,Metal Storage,0.0,0.0,2008-04-30,R,0,515,2014-08-05,True,2006-06-23,9999-12-31 00:00:00,99faa3e352cd876023d0b3b8d1a425114e0674cbbbd65f78a7f7f52d9b06fb1b
539,486,133,10,Frame Forming,22.5,96.0,2008-04-30,L,0,457,2014-08-05,True,2006-06-23,9999-12-31 00:00:00,a7ae39ad058d7831ac2592d619f2006104d0bc43d5ca7ffda5a480009d154e4e
540,487,146,2,Sheet Metal Racks,0.0,0.0,2008-04-30,D,0,331,2014-08-10,True,2006-06-23,9999-12-31 00:00:00,208d92210734f0cdea89464aed379071a00948a55449060ca03a558e092a9b8f
541,487,146,5,Metal Storage,0.0,0.0,2008-04-30,R,0,337,2014-08-10,True,2006-06-23,9999-12-31 00:00:00,1d9f22096ba6a8ad6da3a1f3a89e8874d07fc5bdf74b8c120c644d45bcc60cf0
542,487,146,10,Frame Forming,22.5,96.0,2008-04-30,L,0,324,2014-08-10,True,2006-06-23,9999-12-31 00:00:00,62ba96838d557961837a31d6665e91bb5e42e3388191fcea9bb005eccdf037af
543,488,147,2,Sheet Metal Racks,0.0,0.0,2008-04-30,D,0,312,2014-08-10,True,2006-06-23,9999-12-31 00:00:00,493e62ca0ff420cce571c86c328fccd62d998644a508930600965e6226fcfab3
544,488,147,5,Metal Storage,0.0,0.0,2008-04-30,R,0,318,2014-08-10,True,2006-06-23,9999-12-31 00:00:00,986d77fc9d8cd542f8f9862a27920a14ee2c0e3e567e025e2928b02d96e7a335
545,488,147,10,Frame Forming,22.5,96.0,2008-04-30,L,0,305,2014-08-10,True,2006-06-23,9999-12-31 00:00:00,facb8b6c7f6be2e333cc8037d516445b70ec841cf6300b322e1fcb6bcf3401d9
546,489,148,1,Tool Crib,0.0,0.0,2008-04-30,J,1,612,2014-08-10,True,2006-06-23,9999-12-31 00:00:00,43539f7d9bd7d9ceff8500bb6c0097fe084e2cbd3c0db5c2494d1bb87fd55517
547,489,148,6,Miscellaneous Storage,0.0,0.0,2008-04-30,F,9,619,2014-08-10,True,2006-06-23,9999-12-31 00:00:00,698df07b55668c6d5e5d747203e72f538501e7da7d70d70677e2b704d1d5d0c5
548,489,148,50,Subassembly,12.25,120.0,2008-04-30,N,1,606,2014-08-10,True,2006-06-23,9999-12-31 00:00:00,abda2ee14f3d318bd97104ba57063393a2ab6636dbcf626a378347cec4ce2801
549,490,149,1,Tool Crib,0.0,0.0,2008-04-30,J,2,593,2014-08-12,True,2006-06-23,9999-12-31 00:00:00,3305ad02a7cd695080e60cdaad627f09d6cfc0dc0600bbb20c7e92e482bc728b
550,490,149,6,Miscellaneous Storage,0.0,0.0,2008-04-30,F,2,600,2014-08-12,True,2006-06-23,9999-12-31 00:00:00,b4ce359f024bf7f80637e829ad71fb775cf0aea8cd47437289feba12bf591789
551,490,149,50,Subassembly,12.25,120.0,2008-04-30,N,2,587,2014-08-12,True,2006-06-23,9999-12-31 00:00:00,1ab2996204e185035037c220b0ddaf73b35bfe2c98ff34495ecd320c086eb917
552,491,150,1,Tool Crib,0.0,0.0,2008-04-30,J,3,254,2014-08-11,True,2006-06-23,9999-12-31 00:00:00,8537a8f5f2013ffcbffcb2f71be0ec9a59f1f66d4ce0cb382850024754691713
553,491,150,6,Miscellaneous Storage,0.0,0.0,2008-04-30,F,3,420,2014-08-11,True,2006-06-23,9999-12-31 00:00:00,10f03221ab94be3a86b5f1afb5b5f55732f6ed94ca4a16f47e413f2861729d45
554,491,150,50,Subassembly,12.25,120.0,2008-04-30,N,3,248,2014-08-11,True,2006-06-23,9999-12-31 00:00:00,5b8c82e07c6ed3113e4686e8b6bda147e4f344da7a3ab8b7029e62e028541189
555,492,151,3,Paint Shop,0.0,0.0,2008-04-30,A,3,17,2014-08-11,True,2006-06-23,9999-12-31 00:00:00,7513aa98b21854d50a21c922cad84362dc7b01182c428646f54905c5e87572dc
556,492,151,4,Paint Storage,0.0,0.0,2008-04-30,A,6,14,2014-08-11,True,2006-06-23,9999-12-31 00:00:00,a1d38a2c520f77331bcda0d819e624af9dd7b7b175372f1d0f36bbb8b10aa363
557,492,151,40,Paint,15.75,120.0,2008-04-30,B,2,16,2014-08-11,True,2006-06-23,9999-12-31 00:00:00,66c6565735311b85c956252f957543edd78737f8d00f6884ad84e6936d7bdfe2
558,493,152,3,Paint Shop,0.0,0.0,2008-04-30,A,2,41,2014-08-11,True,2006-06-23,9999-12-31 00:00:00,9c4f622401e87fa7c4889452c6dfb619945047d58cbfdc386153b2593bc77b5b
559,493,152,4,Paint Storage,0.0,0.0,2008-04-30,A,8,24,2014-08-11,True,2006-06-23,9999-12-31 00:00:00,d581dfe3ad3f6b90b869dcac1a4ad68184920dedfcd94fb842d7058923d07f37
560,493,152,40,Paint,15.75,120.0,2008-04-30,B,1,28,2014-08-11,True,2006-06-23,9999-12-31 00:00:00,d947d48b8a312377fda948ceb10ef6ed77f7385c5c23072c035582a199090db5
561,494,153,3,Paint Shop,0.0,0.0,2008-04-30,A,1,49,2014-08-11,True,2006-06-23,9999-12-31 00:00:00,d93b3b9ef8953285396493cc6dc876535e78856e05584c4670bc594d2c2a5a9c
562,494,153,4,Paint Storage,0.0,0.0,2008-04-30,A,7,12,2014-08-11,True,2006-06-23,9999-12-31 00:00:00,0674ca1ba883b4ac3410d2071475614d763ac1e513ee3e7bc9537cfcabb56c79
563,494,153,40,Paint,15.75,120.0,2008-04-30,B,3,4,2014-08-11,True,2006-06-23,9999-12-31 00:00:00,9705640d6ffecf0632b6e991aef5bb3a48d11a04058ea64accf1c47b8fe7f7ee
564,495,154,3,Paint Shop,0.0,0.0,2008-04-30,A,5,49,2014-08-11,True,2006-06-23,9999-12-31 00:00:00,d29bee2532308a322c8ba627129ddb3fe62ac92100510e7e8736729065cd997e
565,495,154,4,Paint Storage,0.0,0.0,2008-04-30,A,9,35,2014-08-11,True,2006-06-23,9999-12-31 00:00:00,1f254f9f4007870b0370b881f74b8d19e7a0e96b5aaf7d7883312258ec6f0980
566,495,154,40,Paint,15.75,120.0,2008-04-30,B,6,25,2014-08-11,True,2006-06-23,9999-12-31 00:00:00,0649dd83dbb26daeda578f64cfbcf2f5a6331cc9bfe498ff63c67e6e35ac1ac0
567,496,155,3,Paint Shop,0.0,0.0,2008-04-30,A,4,30,2014-08-11,True,2006-06-23,9999-12-31 00:00:00,88bbc21f78b0a491d124fe1a93c45873a5e7face945d14d7c14781367b6a2180
568,496,155,4,Paint Storage,0.0,0.0,2008-04-30,A,10,25,2014-08-11,True,2006-06-23,9999-12-31 00:00:00,ad6e47749dbe44ced778d4f38f8be4bfa315e2321793f949452c3bf09b2a11f0
569,496,155,40,Paint,15.75,120.0,2008-04-30,B,7,44,2014-08-11,True,2006-06-23,9999-12-31 00:00:00,c5c0a8f385ac6b7c7203053a7ac46873e95e06ae8ed9cb056e634c0dbd97f456
570,497,156,1,Tool Crib,0.0,0.0,2008-04-30,E,26,336,2014-08-09,True,2006-06-23,9999-12-31 00:00:00,48c671fdc1c21872295952a3ef51c32e9c627d10308af02543b0f067ad8bf7bd
571,497,156,6,Miscellaneous Storage,0.0,0.0,2008-04-30,M,8,364,2014-08-09,True,2006-06-23,9999-12-31 00:00:00,12848e0f1aa7353936096eb0ae40428bea37be260f45564cb4f723f0c818648e
572,497,156,50,Subassembly,12.25,120.0,2008-04-30,W,6,273,2014-08-09,True,2006-06-23,9999-12-31 00:00:00,8cffbbdb719ab205fe41ebe887f883efae9b0592e39c7a36208cd97d82019ed4
573,504,121,1,Tool Crib,0.0,0.0,2008-04-30,E,15,392,2014-08-09,True,2006-06-23,9999-12-31 00:00:00,e4b712088ad82369e021f3fe5d167239b29456d35f98ad66959135f07a4c5677
574,504,121,6,Miscellaneous Storage,0.0,0.0,2008-04-30,M,6,372,2014-08-09,True,2006-06-23,9999-12-31 00:00:00,5f58053a8ad06ce75e1c9b19aabacf3fe918e7fced16e321feb5643b7b1cc804
575,504,121,50,Subassembly,12.25,120.0,2008-04-30,W,4,320,2014-08-09,True,2006-06-23,9999-12-31 00:00:00,17668a7baef2d1f75302729066d19407ac470b146549e7b26e4e94d83a10b5eb
576,505,110,1,Tool Crib,0.0,0.0,2008-04-30,E,18,388,2014-08-11,True,2006-06-23,9999-12-31 00:00:00,513cf66d9fcf10e18e038cff3ecb61d6fec0a55322ee7d336f3cdb777da873eb
577,505,110,6,Miscellaneous Storage,0.0,0.0,2008-04-30,M,11,299,2014-08-11,True,2006-06-23,9999-12-31 00:00:00,604537815d81381af6c99b33adcc909323d14843234577a6d932f5b91dd2e52d
578,505,110,50,Subassembly,12.25,120.0,2008-04-30,W,11,283,2014-08-11,True,2006-06-23,9999-12-31 00:00:00,d45ee4d5172f457537d892b671fa46f353c0549be1b55f8380cfcff3ce1c9a88
579,506,111,1,Tool Crib,0.0,0.0,2008-04-30,E,13,316,2014-08-09,True,2006-06-23,9999-12-31 00:00:00,4eee4f739da55339e8139521a14ddba362c71e165d80560c0858e62482a75915
580,506,111,6,Miscellaneous Storage,0.0,0.0,2008-04-30,M,7,390,2014-08-09,True,2006-06-23,9999-12-31 00:00:00,57c3899cd71eda542802dd7e1e1e5cfd400517179e7a3d3b9dbc69f611940e86
581,506,111,50,Subassembly,12.25,120.0,2008-04-30,W,5,121,2014-08-09,True,2006-06-23,9999-12-31 00:00:00,a02d0df60f396b56b2751e977f32c6f40598432303c34a321cf2ae612ac84cdd
582,507,112,6,Miscellaneous Storage,0.0,0.0,2008-04-30,N,2,673,2014-08-10,True,2006-06-23,9999-12-31 00:00:00,b8f07a9826a6b78ad6724ef7d8e510445b080c8af522f049a2d3999dce77928c
583,507,112,50,Subassembly,12.25,120.0,2008-04-30,J,1,542,2014-08-10,True,2006-06-23,9999-12-31 00:00:00,52da322ebaa197ba278404e0dcc29f270927f5c36b288b208ede1dc4020d3fc4
584,508,113,6,Miscellaneous Storage,0.0,0.0,2008-04-30,N,1,681,2014-08-10,True,2006-06-23,9999-12-31 00:00:00,d9724178adea487f4726007a43fca38bc7fe6083baadefbf0c8245c58781ce53
585,508,113,50,Subassembly,12.25,120.0,2008-04-30,J,2,550,2014-08-10,True,2006-06-23,9999-12-31 00:00:00,b304784bfef9d5929437378eed8e3a637f7af00f67c8fef6f0cd00c0e13a2c16
586,509,114,6,Miscellaneous Storage,0.0,0.0,2008-04-30,N,3,689,2014-08-11,True,2006-06-23,9999-12-31 00:00:00,3f39ab1e5bbfdc8b3802210e9fcbe5d23800ae4fef79f21e255da58013d5c64d
587,509,114,50,Subassembly,12.25,120.0,2008-04-30,J,7,558,2014-08-11,True,2006-06-23,9999-12-31 00:00:00,e65193a5bb4fd973a3da304006cc0bdba2dfdcb429f590e5c437069c6bb6115d
588,510,115,6,Miscellaneous Storage,0.0,0.0,2008-04-30,N,4,406,2014-08-11,True,2006-06-23,9999-12-31 00:00:00,ddb7d415d0a5fe2646624a6a58de29d4df5be9ac36206940bc37a15dbd9af7fa
589,510,115,50,Subassembly,12.25,120.0,2008-04-30,J,6,316,2014-08-11,True,2006-06-23,9999-12-31 00:00:00,7e6264d3255b4a845bd18ccb7b4ea0fc6e1012a2af7e7356008630126b6d0f40
590,511,116,6,Miscellaneous Storage,0.0,0.0,2008-04-30,N,5,390,2014-08-11,True,2006-06-23,9999-12-31 00:00:00,9902c7b8c3d6dbc33f7a47479dcf4b2503ada5dfe821b5b9399cf002c2333666
591,511,116,50,Subassembly,12.25,120.0,2008-04-30,J,5,350,2014-08-11,True,2006-06-23,9999-12-31 00:00:00,595d22cabb81850d35958d7490d45e72051088807f7605557c9d36e6e565754d
592,512,117,6,Miscellaneous Storage,0.0,0.0,2008-04-30,N,5,334,2014-08-08,True,2006-06-23,9999-12-31 00:00:00,3126c2db0fd7944bf867e9acd4cfc66a05ad0af5b33df0117a2dc135d277bd2d
593,512,117,50,Subassembly,12.25,120.0,2008-04-30,J,4,281,2014-08-08,True,2006-06-23,9999-12-31 00:00:00,6b183433f6219d488b687e25f501bdc29315b04d11b7220e10b896d1b4fa8ab7
594,513,118,6,Miscellaneous Storage,0.0,0.0,2008-04-30,N,9,640,2014-08-12,True,2006-06-23,9999-12-31 00:00:00,f37948fd7dbc0a71fc7371ec927fd794d72716120538d45529e38cff241eb1b2
595,513,118,50,Subassembly,12.25,120.0,2008-04-30,J,3,724,2014-08-12,True,2006-06-23,9999-12-31 00:00:00,1b70026f26e52a39ed570908655ed07b6606e12912540e9423517c06b8aeb352
596,514,60,6,Miscellaneous Storage,0.0,0.0,2008-04-30,D,10,267,2008-03-31,True,2006-06-23,9999-12-31 00:00:00,abd97955a84b2bf047b1ebbddcc2568b40db9b4d7287f1b6df5cfdbb531de3c1
597,514,60,50,Subassembly,12.25,120.0,2008-04-30,G,4,318,2008-03-31,True,2006-06-23,9999-12-31 00:00:00,bf8679c3ef0375c8b60e260030cd3ce1c8ae8e407c506261ded9ffd3d15ad614
598,514,60,60,Final Assembly,12.25,120.0,2008-04-30,F,2,212,2008-03-31,True,2006-06-23,9999-12-31 00:00:00,72ff60b784f8cc28302f8aa44756b6bba42495262b1573d03483d3c081d23d34
599,515,57,6,Miscellaneous Storage,0.0,0.0,2008-04-30,D,2,268,2008-03-31,True,2006-06-23,9999-12-31 00:00:00,dc934697c3c2e2f1546c977f595e6959384dde57b35bc6266baf6584b4d4abe3
600,515,57,50,Subassembly,12.25,120.0,2008-04-30,G,22,320,2008-03-31,True,2006-06-23,9999-12-31 00:00:00,69f0830a69de2d0699ca989581eec6dd98cf06822ed82f2aecf8a083571bab51
601,515,57,60,Final Assembly,12.25,120.0,2008-04-30,F,1,214,2008-03-31,True,2006-06-23,9999-12-31 00:00:00,1de040428bd0ea38f455d3c4a7b47684d3d6e0d5d7c2650258458caf769294ee
602,516,54,6,Miscellaneous Storage,0.0,0.0,2008-04-30,D,3,270,2008-03-31,True,2006-06-23,9999-12-31 00:00:00,e9a6581805df648ba41b222b563e3e1062d93067cce6f38e8a78834319d3ae83
603,516,54,50,Subassembly,12.25,120.0,2008-04-30,G,23,321,2008-03-31,True,2006-06-23,9999-12-31 00:00:00,ad4a2e300e48ede708e88c7877422a0383eaa20dc266f109e0aa4605620e0c5a
604,516,54,60,Final Assembly,12.25,120.0,2008-04-30,F,3,216,2008-03-31,True,2006-06-23,9999-12-31 00:00:00,8730373caf47703c7569fae84cdf16aef7fd20b3a1aaa2ea7a2be5281a199fb7
605,517,59,6,Miscellaneous Storage,0.0,0.0,2008-04-30,D,16,272,2008-03-31,True,2006-06-23,9999-12-31 00:00:00,60d44d9de0670eef5ee8b6259b355fe6ba37ea5c715bbc08a06d17164b708d5c
606,517,59,50,Subassembly,12.25,120.0,2008-04-30,G,5,323,2008-03-31,True,2006-06-23,9999-12-31 00:00:00,38f76e54941147e911d1a7427c11b8c935a0bfac7be5b59b0c0d222ca0315e49
607,517,59,60,Final Assembly,12.25,120.0,2008-04-30,F,5,217,2008-03-31,True,2006-06-23,9999-12-31 00:00:00,a7699560c00aa42623e0d39f6c5b747d836222c0416e3f724676fd6c3c47c44a
608,518,56,6,Miscellaneous Storage,0.0,0.0,2008-04-30,D,17,273,2008-03-31,True,2006-06-23,9999-12-31 00:00:00,61443535091d69a3c2072832c1e74999cf146792f3436ed3e3617c52d5db93ae
609,518,56,50,Subassembly,12.25,120.0,2008-04-30,G,6,324,2008-03-31,True,2006-06-23,9999-12-31 00:00:00,a8bb89adc9cbca33720b912cad66f59d3757bd7afb3dd6a9df740f65b639cbac
610,518,56,60,Final Assembly,12.25,120.0,2008-04-30,F,6,219,2008-03-31,True,2006-06-23,9999-12-31 00:00:00,5b3ad7f8de6e77cba84a3638c05799f92c2aae23d66d90050cc5927192c224b1
611,519,52,6,Miscellaneous Storage,0.0,0.0,2008-04-30,D,15,275,2008-03-31,True,2006-06-23,9999-12-31 00:00:00,35e88eb51fcd9f606280de894726fa897bd4cd9b9c382e5762333567d565ab41
612,519,52,50,Subassembly,12.25,120.0,2008-04-30,G,7,326,2008-03-31,True,2006-06-23,9999-12-31 00:00:00,dd20a1eac7d1c7d6b6e222707aa48b8a629cd5b8a2bbb487a1aa6940f7712de1
613,519,52,60,Final Assembly,12.25,120.0,2008-04-30,F,13,220,2008-03-31,True,2006-06-23,9999-12-31 00:00:00,b719bd2012ca61d66f542a114e6cdb15ee907c7d3d7fed8fa1ca7daf9c6b7436
614,520,58,6,Miscellaneous Storage,0.0,0.0,2008-04-30,D,14,276,2008-03-31,True,2006-06-23,9999-12-31 00:00:00,f0b189f1021ba1dfe1ac20464b9e449770415c69cbbf6530a2a6bb0747c546bc
615,520,58,50,Subassembly,12.25,120.0,2008-04-30,G,2,328,2008-03-31,True,2006-06-23,9999-12-31 00:00:00,259c41fc66a008b9bafbb7231b836aec8e75f99ece78e875a4a74012b4a1076f
616,520,58,60,Final Assembly,12.25,120.0,2008-04-30,F,14,222,2008-03-31,True,2006-06-23,9999-12-31 00:00:00,f6af2540215c48d9c938f7165bc841030b1074c37eff0be878817282c65ae841
617,521,55,6,Miscellaneous Storage,0.0,0.0,2008-04-30,D,11,278,2008-03-31,True,2006-06-23,9999-12-31 00:00:00,b2a5de653508079e9211bfa2d767534982e243aee468961cc5efaeedd8929f0f
618,521,55,50,Subassembly,12.25,120.0,2008-04-30,G,1,329,2008-03-31,True,2006-06-23,9999-12-31 00:00:00,c1b6f75d02f436cba9a98007f5b9892146b3f6840e536968cbbca7696008017c
619,521,55,60,Final Assembly,12.25,120.0,2008-04-30,F,18,224,2008-03-31,True,2006-06-23,9999-12-31 00:00:00,1e6abfe04b0166336c65548d94c47771bef0e79767f09c97465eb00451658ba1
620,522,53,6,Miscellaneous Storage,0.0,0.0,2008-04-30,D,1,280,2008-03-31,True,2006-06-23,9999-12-31 00:00:00,9963d5c9bce20a0bbdf61db9ea7b3e37c41a4c2e3ce32af38557f7bee3202483
621,522,53,50,Subassembly,12.25,120.0,2008-04-30,G,3,331,2008-03-31,True,2006-06-23,9999-12-31 00:00:00,d7eeb5c1ac34443ee46133d9828a3b70ae36332e8057219d16b7cc47c882f395
622,522,53,60,Final Assembly,12.25,120.0,2008-04-30,F,7,225,2008-03-31,True,2006-06-23,9999-12-31 00:00:00,187d89f00eed91ed12cea161d33e5e78dad6c498de5ed67ec98553f2bb6bf744
623,523,119,6,Miscellaneous Storage,0.0,0.0,2008-04-30,K,1,164,2014-08-11,True,2006-06-23,9999-12-31 00:00:00,d18171bd1645217f35baaf0d0407ad6bd6cd0354c43a1f7cc59ebb2f0a79b691
624,523,119,50,Subassembly,12.25,120.0,2008-04-30,Y,1,209,2014-08-11,True,2006-06-23,9999-12-31 00:00:00,68387476d717af21d4109074638f6334db5a4452ed7bb2b89feba5b6db057f76
625,523,119,60,Final Assembly,12.25,120.0,2008-04-30,L,6,139,2014-08-11,True,2006-06-23,9999-12-31 00:00:00,df969593104d2693574a4664cfa9d207c3641887b854c482fc4548a7eb8c4478
626,524,120,6,Miscellaneous Storage,0.0,0.0,2008-04-30,L,1,124,2014-08-11,True,2006-06-23,9999-12-31 00:00:00,6967dcbc80a4a2c878f26f74e20753264b473c7f1212e602a39e653a7210e11a
627,524,120,50,Subassembly,12.25,120.0,2008-04-30,Y,2,228,2014-08-11,True,2006-06-23,9999-12-31 00:00:00,56742d56f306aef3d77f71bf5c26486799ee70c42640c364a5f6333d943e1ec1
628,524,120,60,Final Assembly,12.25,120.0,2008-04-30,K,1,107,2014-08-11,True,2006-06-23,9999-12-31 00:00:00,116208788a43bc5a93635fb69d6963fedcf511eb5967c14026387f1ae6249d0c
629,525,109,6,Miscellaneous Storage,0.0,0.0,2008-04-30,B,2,644,2014-08-10,True,2006-06-23,9999-12-31 00:00:00,1936338ada146b95aa0864f0d5207b6d0f0ab8b9f1039d1899fcccb3501d2f59
630,525,109,50,Subassembly,12.25,120.0,2008-04-30,F,1,619,2014-08-10,True,2006-06-23,9999-12-31 00:00:00,b2207cc732613e6ea2187713ba4a6b4562b9a93ad19250bb258895fd3dee7210
631,526,122,6,Miscellaneous Storage,0.0,0.0,2008-04-30,B,3,587,2014-08-10,True,2006-06-23,9999-12-31 00:00:00,85a22605dd64ead96223dba2d6058b1d0aa5a573685d53b1737f8865c64e886c
632,526,122,50,Subassembly,12.25,120.0,2008-04-30,F,5,624,2014-08-10,True,2006-06-23,9999-12-31 00:00:00,8f4fffd8a49d79c693ffcbafb0fb3d44f10f1de6e51896a82c3808d15eba7b4e
633,527,123,6,Miscellaneous Storage,0.0,0.0,2008-04-30,B,4,888,2014-08-11,True,2006-06-23,9999-12-31 00:00:00,64091b249fd885ba6bcc0ae1c2ca3665bf33a534c061797da265f205cb12541e
634,527,123,50,Subassembly,12.25,120.0,2008-04-30,F,11,702,2014-08-11,True,2006-06-23,9999-12-31 00:00:00,306169e1574612a1be1b2ec9542e4461fbfdf643943af49fe096553e55dae282
635,528,124,6,Miscellaneous Storage,0.0,0.0,2008-04-30,F,5,924,2014-08-11,True,2006-06-23,9999-12-31 00:00:00,7884bd5ed077c2336ded552b7920330225691a4646f58c97cb473f23e1b42a9a
636,528,124,60,Final Assembly,12.25,120.0,2008-04-30,E,3,729,2014-08-11,True,2006-06-23,9999-12-31 00:00:00,421efc8cef7e91df00ab0f6ae2cfaf6fca18fc8ae2a582c131dc55d4706cfc99
637,529,125,6,Miscellaneous Storage,0.0,0.0,2008-04-30,F,6,425,2008-03-31,True,2006-06-23,9999-12-31 00:00:00,b0f3001c9c23345bf95b4c7e17bf2d65c83ae3388263341ad384ca9c91492604
638,529,125,60,Final Assembly,12.25,120.0,2008-04-30,E,4,371,2008-03-31,True,2006-06-23,9999-12-31 00:00:00,ee4d0f5682022790dd986e9905b80801a2c5009fae066639327a285c9a807328
639,530,126,6,Miscellaneous Storage,0.0,0.0,2008-04-30,F,7,336,2014-08-08,True,2006-06-23,9999-12-31 00:00:00,310cc330bf1722e2e057870ce8cbe5c14d28b1aec2a2f479b946097029e4d001
640,530,126,60,Final Assembly,12.25,120.0,2008-04-30,E,5,444,2014-08-08,True,2006-06-23,9999-12-31 00:00:00,656bf74ad8895ccf91bb7058055341bba2c551ba56e33355d1769ad4ed0cc7d6
641,531,127,6,Miscellaneous Storage,0.0,0.0,2008-04-30,F,8,427,2008-03-31,True,2006-06-23,9999-12-31 00:00:00,bfcd3adb8167f706ef4f0258cd6b4cffd5882083d80cc0c1157d2a8a0d45379a
642,531,127,60,Final Assembly,12.25,120.0,2008-04-30,E,6,374,2008-03-31,True,2006-06-23,9999-12-31 00:00:00,f4863c81ff119a8769b6dbe512c6235aa959192a24431fcff7fd3fe11d185c4f
643,532,128,6,Miscellaneous Storage,0.0,0.0,2008-04-30,F,4,715,2008-03-31,True,2006-06-23,9999-12-31 00:00:00,2bf6427180a944bf22f10e8a1f2428d0b952b1c2261ce3f9fc4fc1463a438bdd
644,532,128,60,Final Assembly,12.25,120.0,2008-04-30,E,7,542,2008-03-31,True,2006-06-23,9999-12-31 00:00:00,448cb4fca862d54312dc24c4d46375812b40766c4cf5957eb46c50f28aa5b277
645,533,129,6,Miscellaneous Storage,0.0,0.0,2008-04-30,F,1,443,2008-03-31,True,2006-06-23,9999-12-31 00:00:00,bf79a89060cf253b43793bc47e2ff77dbb8664b01d690aa6f28a9deac279ef93
646,533,129,60,Final Assembly,12.25,120.0,2008-04-30,E,1,388,2008-03-31,True,2006-06-23,9999-12-31 00:00:00,1d4f486532589564ec3d549c30341fdc55bb70b8dd2a916fc3318d0b9d25069b
647,534,130,6,Miscellaneous Storage,0.0,0.0,2008-04-30,L,12,379,2008-03-31,True,2006-06-23,9999-12-31 00:00:00,46599b7122f9b58378b3219d8729a2af4f4d4d073ae39a290034c80351a42639
648,534,130,50,Subassembly,12.25,120.0,2008-04-30,R,12,278,2008-03-31,True,2006-06-23,9999-12-31 00:00:00,0b31e50b5f579f65bb33a257216636b703922fee7d6f88d23285830727b825d6
649,535,131,6,Miscellaneous Storage,0.0,0.0,2008-04-30,L,14,427,2014-08-10,True,2006-06-23,9999-12-31 00:00:00,7607861a58cd64fbe107b356fed442b3406e864993adf89871c3b27da369d5d7
650,535,131,50,Subassembly,12.25,120.0,2008-04-30,R,14,409,2014-08-10,True,2006-06-23,9999-12-31 00:00:00,0d7ba6207eb4846540ec1d5c90c295bd859b906ca054013d9f6d1b879e5e22ee
651,679,132,1,Tool Crib,0.0,0.0,2008-04-30,E,22,164,2014-08-09,True,2006-06-23,9999-12-31 00:00:00,fda617c5006a1dcee7492949a597754697d3b5802af81d6ded1f9442ac816032
652,679,132,6,Miscellaneous Storage,0.0,0.0,2008-04-30,M,13,136,2014-08-09,True,2006-06-23,9999-12-31 00:00:00,d7f1cfa1b5a3635963749a087c99f945bc296ddf258873ce182416386dbd03f9
653,679,132,50,Subassembly,12.25,120.0,2008-04-30,W,13,121,2014-08-09,True,2006-06-23,9999-12-31 00:00:00,6c0f7fac31fa45e4f46fae9bdcb5bede471bfb37a5d67974d04693f3a0d7f899
654,707,309,7,Finished Goods Storage,0.0,0.0,2008-04-30,N/A,0,288,2011-05-01,True,2006-06-23,9999-12-31 00:00:00,84b203fc0eb488991bcaf9ca6036247dc024b816c3d5369681dcc3749fcf1c9a
655,708,310,7,Finished Goods Storage,0.0,0.0,2008-04-30,N/A,0,324,2011-05-01,True,2006-06-23,9999-12-31 00:00:00,4697667dc7f94bd7b90e02438da880e430f3bb2076681f436b062009de2d8273
656,709,486,7,Finished Goods Storage,0.0,0.0,2008-04-30,N/A,0,180,2011-05-01,True,2006-06-23,9999-12-31 00:00:00,e6ff67d71d5963c7b9dc761d035f4a7c6c6fd541b9197196c26df109ed115004
657,710,487,7,Finished Goods Storage,0.0,0.0,2008-04-30,N/A,0,216,2011-05-01,True,2006-06-23,9999-12-31 00:00:00,20276d45b9b142998edba7beff7fc6a3874c1747dbc6f1677434c59a0f1d97c0
658,711,311,7,Finished Goods Storage,0.0,0.0,2008-04-30,N/A,0,216,2011-05-01,True,2006-06-23,9999-12-31 00:00:00,2971b1ab27f2ae6ea45358f970e7c048c6448a6b9cadf749bc4dac94030cc4cd
659,712,43,7,Finished Goods Storage,0.0,0.0,2008-04-30,N/A,0,288,2011-05-01,True,2006-06-23,9999-12-31 00:00:00,c2ebc0131af78d7e3b5aa13add9ddf7389300e7a89d0eb682d0985e419847f21
660,713,393,7,Finished Goods Storage,0.0,0.0,2008-04-30,N/A,0,144,2011-05-01,True,2006-06-23,9999-12-31 00:00:00,e3dab3acd12564ba5aee5b8ad6a31f495e8fc0775cfa3799b28e5e68d6e277ba
661,714,394,7,Finished Goods Storage,0.0,0.0,2008-04-30,N/A,0,180,2011-05-01,True,2006-06-23,9999-12-31 00:00:00,18e0bf41f22ba443606c6348f98ac467d3c40384d46064f9ad6128d808d1f238
662,715,395,7,Finished Goods Storage,0.0,0.0,2008-04-30,N/A,0,216,2011-05-01,True,2006-06-23,9999-12-31 00:00:00,4f3be9ba1231d3267efdca987d4bc4380795579d0709f4096eb125bd8bdc0654
663,716,396,7,Finished Goods Storage,0.0,0.0,2008-04-30,N/A,0,252,2011-05-01,True,2006-06-23,9999-12-31 00:00:00,1b8e8b1a1dba7a4d27f346aca16f95ae3978d82c3c708c895ccadc39b130d458
664,747,406,10,Frame Forming,22.5,96.0,2008-04-30,N/A,0,121,2011-05-01,True,2006-06-23,9999-12-31 00:00:00,e188e5adcb2a38f595b4c91ff8f1d3257f0fcb8cfaefa490cc7e8108a1ad8920
665,747,406,20,Frame Welding,25.0,108.0,2008-04-30,N/A,0,161,2011-05-01,True,2006-06-23,9999-12-31 00:00:00,f0fc8edd9cc113a557afb84804f24810164b71b79cb8af5a91cb40bd50b28608
666,747,406,30,Debur and Polish,14.5,120.0,2008-04-30,N/A,0,148,2011-05-01,True,2006-06-23,9999-12-31 00:00:00,faf2bfc3df523f9789b4e80eeab7f43e8c04e9cc5c4f60c65f186fbc4d5cd9ff
667,747,406,40,Paint,15.75,120.0,2008-04-30,N/A,0,107,2011-05-01,True,2006-06-23,9999-12-31 00:00:00,1d816a3cbb67001ac17b3ba9083576bd44854afb9739dbd95b24c43d6787908d
668,747,406,50,Subassembly,12.25,120.0,2008-04-30,N/A,0,160,2011-05-01,True,2006-06-23,9999-12-31 00:00:00,fe4b4ece072ec8fd9300197bb3b0c1121c2f91bb1770a1da84e010c5bc5d0534
669,747,406,60,Final Assembly,12.25,120.0,2008-04-30,N/A,0,137,2011-05-01,True,2006-06-23,9999-12-31 00:00:00,399683c60cefe0df6b7a0635f5563d27bec1ea92c389a5e91a57246d332a2794
670,748,400,10,Frame Forming,22.5,96.0,2008-04-30,N/A,0,105,2011-05-01,True,2006-06-23,9999-12-31 00:00:00,dd6a137cf760cf9d601dedd628a1c9ab457dab17da1f5ae821b84ac293a80885
671,748,400,20,Frame Welding,25.0,108.0,2008-04-30,N/A,0,145,2011-05-01,True,2006-06-23,9999-12-31 00:00:00,cf00ccef0de7540bad42f386b3eb62e04c5ef342528913517ac642cc504ec597
672,748,400,30,Debur and Polish,14.5,120.0,2008-04-30,N/A,0,132,2011-05-01,True,2006-06-23,9999-12-31 00:00:00,7369d6bc8b23c062335dfced5aa89462848023cec113f88e14587aa6ba6d0edc
673,748,400,45,Specialized Paint,18.0,80.0,2008-04-30,N/A,0,91,2011-05-01,True,2006-06-23,9999-12-31 00:00:00,2b34ca7760eb3b2b8ee527d765bf32c6df0205af9fe45d0cfc2257937e5c465d
674,748,400,50,Subassembly,12.25,120.0,2008-04-30,N/A,0,144,2011-05-01,True,2006-06-23,9999-12-31 00:00:00,439e8de915cc3b0adf4b3a9ac361db51709e1435dc5b8e0105fa38b87091abdd
675,748,400,60,Final Assembly,12.25,120.0,2008-04-30,N/A,0,121,2011-05-01,True,2006-06-23,9999-12-31 00:00:00,2b5cb504715a7ab7f23b557bc35548e212ba6788c50c2caacfa6f382f2f9e080
676,749,317,7,Finished Goods Storage,0.0,0.0,2008-04-30,N/A,0,73,2011-05-01,True,2006-06-23,9999-12-31 00:00:00,4ae59caf4b10265823ed8f85da59a6eda3b825e48b81a9eb93b79ff2e1375a46
677,749,317,60,Final Assembly,12.25,120.0,2008-04-30,N/A,0,60,2011-05-01,True,2006-06-23,9999-12-31 00:00:00,f0b571861a994d7ee1d2f3f5670ac9678e156fde024fe3683d2cc2d917e9014d
678,750,313,7,Finished Goods Storage,0.0,0.0,2008-04-30,N/A,0,102,2011-05-01,True,2006-06-23,9999-12-31 00:00:00,c9d9f0c1ddd507944760b92bef4394c646c03e0000a47e966f0bb0058d42c68d
679,750,313,60,Final Assembly,12.25,120.0,2008-04-30,N/A,0,121,2011-05-01,True,2006-06-23,9999-12-31 00:00:00,abf1ee53a76c0357078ad3cdabb0b3fa25b8c8f503ecbbc6d0b41fe8df0c5a2a
680,751,314,7,Finished Goods Storage,0.0,0.0,2008-04-30,N/A,0,32,2011-05-01,True,2006-06-23,9999-12-31 00:00:00,8340c4a3d3ab2f56bbc27c16f79f91da98a3af56163e19df4197e67c3fb54739
681,751,314,60,Final Assembly,12.25,120.0,2008-04-30,N/A,0,108,2011-05-01,True,2006-06-23,9999-12-31 00:00:00,59db0d61b482fc2ad86851b8bb193e0155b50341461754a4f81e9983fb2a493b
682,752,315,7,Finished Goods Storage,0.0,0.0,2008-04-30,N/A,0,52,2011-05-01,True,2006-06-23,9999-12-31 00:00:00,05a0d33db9c62c1de25f6f2adf999232204659fed12f0ee4f5042e835e60b386
683,752,315,60,Final Assembly,12.25,120.0,2008-04-30,N/A,0,76,2011-05-01,True,2006-06-23,9999-12-31 00:00:00,02bd229f21d7507d8d1cafda42b11a32801b681b7432103a7c7db040d0318504
684,753,316,7,Finished Goods Storage,0.0,0.0,2008-04-30,N/A,0,112,2011-05-01,True,2006-06-23,9999-12-31 00:00:00,0bf62f45adc2702b14a3a150e1bf0a7f65c2566e923adebb494f1310509b8ff4
685,753,316,60,Final Assembly,12.25,120.0,2008-04-30,N/A,0,51,2011-05-01,True,2006-06-23,9999-12-31 00:00:00,8c09b709288500dcbaaca23dab5aa023699a5ecd066531b3008a7cb564412114
686,754,334,7,Finished Goods Storage,0.0,0.0,2008-04-30,N/A,0,65,2011-05-01,True,2006-06-23,9999-12-31 00:00:00,f57100b47c1167f65af61c5ab186ad166c87a6f31914e0b71be89b297adbbbaa
687,754,334,60,Final Assembly,12.25,120.0,2008-04-30,N/A,0,83,2011-05-01,True,2006-06-23,9999-12-31 00:00:00,2aa7bbcec81ccc1d13589680a4875787132ec412446314fc197a977893b81ae6
688,755,333,7,Finished Goods Storage,0.0,0.0,2008-04-30,N/A,0,75,2011-05-01,True,2006-06-23,9999-12-31 00:00:00,03c649377ef837d5d1cc1068b0e4d730434205e3b398a22f39241ede0d221af8
689,755,333,60,Final Assembly,12.25,120.0,2008-04-30,N/A,0,62,2011-05-01,True,2006-06-23,9999-12-31 00:00:00,9d9bbe82f0a6c6ccfcb66d898bdf691abddac7c5b7ea785ef4ce534d08264491
690,756,332,7,Finished Goods Storage,0.0,0.0,2008-04-30,N/A,0,30,2011-05-01,True,2006-06-23,9999-12-31 00:00:00,5a30016f917c800bf2ac487cfd4d687b17203895969cf2dfc714aaca65fab641
691,756,332,60,Final Assembly,12.25,120.0,2008-04-30,N/A,0,99,2011-05-01,True,2006-06-23,9999-12-31 00:00:00,6854e0767134bed01cf33ff7381179c19addab5bd13c9abdab1fe3dd2b9c63dc
692,757,331,7,Finished Goods Storage,0.0,0.0,2008-04-30,N/A,0,56,2011-05-01,True,2006-06-23,9999-12-31 00:00:00,f49fa4e618e1103a61da1abbacef6971f615e5595ae94a2933f7aebc24168d78
693,757,331,60,Final Assembly,12.25,120.0,2008-04-30,N/A,0,78,2011-05-01,True,2006-06-23,9999-12-31 00:00:00,5d80269c2d4f46857bfc8a2ef8cf0d88e4f15ffa677b7934cbcb548b6e617278
694,758,330,7,Finished Goods Storage,0.0,0.0,2008-04-30,N/A,0,116,2011-05-01,True,2006-06-23,9999-12-31 00:00:00,def70d5cfe9602b13dc157be489b87b06a95671672b03a05b6be9f929afe6b4f
695,758,330,60,Final Assembly,12.25,120.0,2008-04-30,N/A,0,49,2011-05-01,True,2006-06-23,9999-12-31 00:00:00,84759a1801fbb8514991e0e970c17fcf5ce078a9f4b53182b32c9a084810cfa6
696,759,351,7,Finished Goods Storage,0.0,0.0,2008-04-30,N/A,0,112,2011-05-01,True,2006-06-23,9999-12-31 00:00:00,38fd2e72d5e74cfc33c34fd9efe13ee9a2f634b97d4983f447187e56f7d10ccc
697,759,351,60,Final Assembly,12.25,120.0,2008-04-30,N/A,0,51,2011-05-01,True,2006-06-23,9999-12-31 00:00:00,20ab4e77da883496c71a1d9313f19d9eb3374e7f9afbd0f99cdecd8941119cc8
698,760,350,7,Finished Goods Storage,0.0,0.0,2008-04-30,N/A,0,99,2011-05-01,True,2006-06-23,9999-12-31 00:00:00,d49e8c03cc57519e37875ef5d15e7a30e7c914e740997ddcba9f247230dba583
699,760,350,60,Final Assembly,12.25,120.0,2008-04-30,N/A,0,86,2011-05-01,True,2006-06-23,9999-12-31 00:00:00,ba90433a410f1e49590cb2383d80991c7e83fdd4cf3fccb35ce0846bccbfded4
700,761,349,7,Finished Goods Storage,0.0,0.0,2008-04-30,N/A,0,67,2011-05-01,True,2006-06-23,9999-12-31 00:00:00,d16ad838bf1a2823c02f64105ee77d245f143296b3ff638d7e0e9e65f68199c1
701,761,349,60,Final Assembly,12.25,120.0,2008-04-30,N/A,0,81,2011-05-01,True,2006-06-23,9999-12-31 00:00:00,a415a48ccb2587b1fcc16dde7514f9eca3cf043781bd30e499ef9aedf55a5d48
702,762,348,7,Finished Goods Storage,0.0,0.0,2008-04-30,N/A,0,75,2011-05-01,True,2006-06-23,9999-12-31 00:00:00,1f897bb040d72064ecfcb42650d3d806195654b4d40d9b875522a2f9f1140281
703,762,348,60,Final Assembly,12.25,120.0,2008-04-30,N/A,0,62,2011-05-01,True,2006-06-23,9999-12-31 00:00:00,5df8b2baea3361af7c47a143696faebc2cbc5c57316988a2d3dfe3e791171aa6
704,763,347,7,Finished Goods Storage,0.0,0.0,2008-04-30,N/A,0,102,2011-05-01,True,2006-06-23,9999-12-31 00:00:00,5cc2fa6336383bf0599b54ae3c5f8ad748460b867d735c85ff96db5fa36ba79a
705,763,347,60,Final Assembly,12.25,120.0,2008-04-30,N/A,0,121,2011-05-01,True,2006-06-23,9999-12-31 00:00:00,f55f0ff5f7e89cf28c0a10a662596ccadafe6f92bcffb4d5f2f181dbf468ac66
706,764,346,7,Finished Goods Storage,0.0,0.0,2008-04-30,N/A,0,32,2011-05-01,True,2006-06-23,9999-12-31 00:00:00,1e97d1b25b18190f50bbf7715eb2019f13bdbedc52c144d97fd8ad1039c225b6
707,764,346,60,Final Assembly,12.25,120.0,2008-04-30,N/A,0,108,2011-05-01,True,2006-06-23,9999-12-31 00:00:00,ce424aaa9ec52dfd85e5fc9c58d65d50f240b8f71f91fe2151315c20284ceb6d
708,765,345,7,Finished Goods Storage,0.0,0.0,2008-04-30,N/A,0,56,2011-05-01,True,2006-06-23,9999-12-31 00:00:00,99b8c26ee287c6cf2949184dd7e4bc398d265e032807bb8ca7dfa5d34f11861e
709,765,345,60,Final Assembly,12.25,120.0,2008-04-30,N/A,0,78,2011-05-01,True,2006-06-23,9999-12-31 00:00:00,61b4a1dc5112db75e491a42a0cae13129ffa84a54fa8c2957e58c1fa9e7d411f
710,766,344,7,Finished Goods Storage,0.0,0.0,2008-04-30,N/A,0,116,2011-05-01,True,2006-06-23,9999-12-31 00:00:00,1bce4645af6af11511475445b47202aef08dca8928f1c79cd565119a06ca53cc
711,766,344,60,Final Assembly,12.25,120.0,2008-04-30,N/A,0,49,2011-05-01,True,2006-06-23,9999-12-31 00:00:00,d8b570f7cfd5bb3dff8786a6b58b9272ace278bfdf639d73d6f3bb3e138c35eb
712,767,343,7,Finished Goods Storage,0.0,0.0,2008-04-30,N/A,0,100,2011-05-01,True,2006-06-23,9999-12-31 00:00:00,ad6bf9ca5f49938d5be24f20e97455391c4de035247c6eafb68f2628d7408d09
713,767,343,60,Final Assembly,12.25,120.0,2008-04-30,N/A,0,88,2011-05-01,True,2006-06-23,9999-12-31 00:00:00,9d6f1fde58b5872a4690ec4ffdd082baad0377d96bb48f052891d87a3226fed7
714,768,342,7,Finished Goods Storage,0.0,0.0,2008-04-30,N/A,0,67,2011-05-01,True,2006-06-23,9999-12-31 00:00:00,8c8f84c6d64ee94d4f60600727f3bc1aa2a0a2305a7391726abc538517423029
715,768,342,60,Final Assembly,12.25,120.0,2008-04-30,N/A,0,81,2011-05-01,True,2006-06-23,9999-12-31 00:00:00,55156e23e91e81233c94f675e9a82c0167d9fb2126ebe9f08e9ca80b0884d388
716,769,341,7,Finished Goods Storage,0.0,0.0,2008-04-30,N/A,0,73,2011-05-01,True,2006-06-23,9999-12-31 00:00:00,602b37512dfba9f55da683e59fab8cb57071459e9561afd3d1de643e0dbb47aa
717,769,341,60,Final Assembly,12.25,120.0,2008-04-30,N/A,0,60,2011-05-01,True,2006-06-23,9999-12-31 00:00:00,2067c42d2bc2d970ab4e98eed922172fc3be5360ca439add4df1bbe8e157405b
718,770,340,7,Finished Goods Storage,0.0,0.0,2008-04-30,N/A,0,104,2011-05-01,True,2006-06-23,9999-12-31 00:00:00,b1673a355cd777ed73e216acc923349a3137ad5fa0206e1aed4a3e073f0e2729
719,770,340,60,Final Assembly,12.25,120.0,2008-04-30,N/A,0,123,2011-05-01,True,2006-06-23,9999-12-31 00:00:00,127721e6b500bac9bafd569200ca778673726122ecb12e1972926a1b76a1d346
720,771,14,7,Finished Goods Storage,0.0,0.0,2008-04-30,N/A,0,49,2011-05-01,True,2006-06-23,9999-12-31 00:00:00,9f14cba18ca0a463cf1812c4ba30ba7378cf5ffcbb684db665f6f342f8a90ae0
721,771,14,60,Final Assembly,12.25,120.0,2008-04-30,N/A,0,100,2011-05-01,True,2006-06-23,9999-12-31 00:00:00,70db37eaa00b9f519ba24912664f06925e02a09ca05201a1988b1ac66177839e
722,772,11,7,Finished Goods Storage,0.0,0.0,2008-04-30,N/A,0,88,2011-05-01,True,2006-06-23,9999-12-31 00:00:00,4d6578d2f0b3638c5cfd66d0ccef4efc49abea2288469bf3d310c1df78818614
723,772,11,60,Final Assembly,12.25,120.0,2008-04-30,N/A,0,65,2011-05-01,True,2006-06-23,9999-12-31 00:00:00,4a7f936f402cb3a7d48cf6721fe87191615ce089833275eacba05f93ec37b2f2
724,773,12,7,Finished Goods Storage,0.0,0.0,2008-04-30,N/A,0,83,2011-05-01,True,2006-06-23,9999-12-31 00:00:00,ea9a53b7e66618d297865e278d035a3055283b5a3a8ba8fa025c412ef9164794
725,773,12,60,Final Assembly,12.25,120.0,2008-04-30,N/A,0,75,2011-05-01,True,2006-06-23,9999-12-31 00:00:00,c80d7191c22eaa94db6938e1b16e8fae670c7f05ee5a9384a05c8a770c5759e1
726,774,13,7,Finished Goods Storage,0.0,0.0,2008-04-30,N/A,0,62,2011-05-01,True,2006-06-23,9999-12-31 00:00:00,fce42d33f9198c1d2197597e8fd530511b181a20c5a7b4ef1b17567a89780164
727,774,13,60,Final Assembly,12.25,120.0,2008-04-30,N/A,0,102,2011-05-01,True,2006-06-23,9999-12-31 00:00:00,add5da28912f74d613fda1170f82f3973946555de934de253e1bd71f2f554bce
728,775,15,7,Finished Goods Storage,0.0,0.0,2008-04-30,N/A,0,99,2011-05-01,True,2006-06-23,9999-12-31 00:00:00,3c78e34b697a065352bc87c01c45aef4d744cbe47def43920fe7537f8e347b79
729,775,15,60,Final Assembly,12.25,120.0,2008-04-30,N/A,0,56,2011-05-01,True,2006-06-23,9999-12-31 00:00:00,a057c97b32ad977620d527575992bfc4f1e48b015f3e67751cf1e0795ac30d00
730,776,16,7,Finished Goods Storage,0.0,0.0,2008-04-30,N/A,0,78,2011-05-01,True,2006-06-23,9999-12-31 00:00:00,f619336ffdc56aa993af4c64a2134ad5659b9326ff6d5acbca68d10bdb2d4b17
731,776,16,60,Final Assembly,12.25,120.0,2008-04-30,N/A,0,116,2011-05-01,True,2006-06-23,9999-12-31 00:00:00,2ff53e8ace6f5dfae994eaecd8434c0e0408854a48ec26bdba0600ef60550b92
732,777,17,7,Finished Goods Storage,0.0,0.0,2008-04-30,N/A,0,49,2011-05-01,True,2006-06-23,9999-12-31 00:00:00,f6663604a13df116e13c19ae828ffb5107c342601de5fe1a5dc860dad5ce8290
733,777,17,60,Final Assembly,12.25,120.0,2008-04-30,N/A,0,100,2011-05-01,True,2006-06-23,9999-12-31 00:00:00,9a8d462b3adeb1c4202f2262e7e125a29e93c202af2ed183d64be863d9b38767
734,778,18,7,Finished Goods Storage,0.0,0.0,2008-04-30,N/A,0,88,2011-05-01,True,2006-06-23,9999-12-31 00:00:00,2630f2a3e0a5dd35c6b6915f016b39857865aa58a43f02896f08636233396827
735,778,18,60,Final Assembly,12.25,120.0,2008-04-30,N/A,0,65,2011-05-01,True,2006-06-23,9999-12-31 00:00:00,0a8eaabd24e47326e276bbfb91f5255edd960484988f431141ff1ebe2c29b4f5
736,779,19,7,Finished Goods Storage,0.0,0.0,2008-04-30,N/A,0,75,2012-04-30,True,2006-06-23,9999-12-31 00:00:00,a6fcfad048469f7b1ef6d9dd74497693474d4147ace2e42820cb003f925ff19f
737,779,19,60,Final Assembly,12.25,120.0,2008-04-30,N/A,0,62,2012-04-30,True,2006-06-23,9999-12-31 00:00:00,ce1cc313ed3690f45e87ab4983bb326a60136bf1f77efb2c77f3bd7a5d331659
738,780,20,7,Finished Goods Storage,0.0,0.0,2008-04-30,N/A,0,102,2012-04-30,True,2006-06-23,9999-12-31 00:00:00,443c9df0db67bc557c5728b3597582aa1570e4f96763a69d9588023adf5c8b47
739,780,20,60,Final Assembly,12.25,120.0,2008-04-30,N/A,0,121,2012-04-30,True,2006-06-23,9999-12-31 00:00:00,2516385daf6602274dd1941e3d50855b0150a6c80588626e9d25c55d01a73595
740,781,21,7,Finished Goods Storage,0.0,0.0,2008-04-30,N/A,0,32,2012-04-30,True,2006-06-23,9999-12-31 00:00:00,7ce9053f1157748d9b6b3d52ca974902b352dded69de4edeb78ab6a859ed55d3
741,781,21,60,Final Assembly,12.25,120.0,2008-04-30,N/A,0,108,2012-04-30,True,2006-06-23,9999-12-31 00:00:00,2126b14adf44d267a99ba59bf0094c8a454b741da3ad917cd97e1ada50ee4a39
742,782,22,7,Finished Goods Storage,0.0,0.0,2008-04-30,N/A,0,100,2012-04-30,True,2006-06-23,9999-12-31 00:00:00,bd94011dae92dde774bf444ec66eb9adfa4e61cad8bb8293312bfa680f9cd385
743,782,22,60,Final Assembly,12.25,120.0,2008-04-30,N/A,0,88,2012-04-30,True,2006-06-23,9999-12-31 00:00:00,6f14eb61191bb96ac24a9bdedef193d83c3044541a647a04e6f8d667a53dab8d
744,783,23,7,Finished Goods Storage,0.0,0.0,2008-04-30,N/A,0,65,2012-04-30,True,2006-06-23,9999-12-31 00:00:00,f218552c06d43ac1d9960e9ceb8d4731d392248594f620fd33c05902143ac498
745,783,23,60,Final Assembly,12.25,120.0,2008-04-30,N/A,0,83,2012-04-30,True,2006-06-23,9999-12-31 00:00:00,675110932f9fa1efc01cff14d82a44dfd1856b37447bf0288d1af11fb48c2c59
746,784,24,7,Finished Goods Storage,0.0,0.0,2008-04-30,N/A,0,75,2012-04-30,True,2006-06-23,9999-12-31 00:00:00,0ecc945115be0ed0d413945b7a707502be35813ccb899840746adb7be51aa481
747,784,24,60,Final Assembly,12.25,120.0,2008-04-30,N/A,0,62,2012-04-30,True,2006-06-23,9999-12-31 00:00:00,7d0ab0606d3bc8f81272d0dac172e00b636fb1ab0d7761277eead34489a3c9ff
748,785,28,7,Finished Goods Storage,0.0,0.0,2008-04-30,N/A,0,75,2012-04-30,True,2006-06-23,9999-12-31 00:00:00,c22ee1956c784b12f4c229b437aa6334bc8b8ac25b771a77dcc720ce47620dd0
749,785,28,60,Final Assembly,12.25,120.0,2008-04-30,N/A,0,62,2012-04-30,True,2006-06-23,9999-12-31 00:00:00,d25f15ab0cfe2bd6d86404234f01c70dfc741135148b68a5ae735aef3fa04f6a
750,786,27,7,Finished Goods Storage,0.0,0.0,2008-04-30,N/A,0,102,2012-04-30,True,2006-06-23,9999-12-31 00:00:00,fdb2b8feae6d4a540ca1e5539908c01bada5356ef21ffd05b9092516addec16f
751,786,27,60,Final Assembly,12.25,120.0,2008-04-30,N/A,0,121,2012-04-30,True,2006-06-23,9999-12-31 00:00:00,c84de5fc5a9040c174f22e237a3d01a95200e87ff73e5449de1d7f5cce0d9438
752,787,25,7,Finished Goods Storage,0.0,0.0,2008-04-30,N/A,0,32,2012-04-30,True,2006-06-23,9999-12-31 00:00:00,6e79042ed145a37e8a79736c35d2bd0b2aec72ca47984821674576d46a4d049e
753,787,25,60,Final Assembly,12.25,120.0,2008-04-30,N/A,0,108,2012-04-30,True,2006-06-23,9999-12-31 00:00:00,60b86d7a869e51e088fc04683235fcf1e39d8efe856d4c42e482f5a8fb1ecdb2
754,788,26,7,Finished Goods Storage,0.0,0.0,2008-04-30,N/A,0,52,2012-04-30,True,2006-06-23,9999-12-31 00:00:00,7850c8675b7bf1115b0b4cc6592fcc0bea517f7b4a57f957c99b3c66aeac36d0
755,788,26,60,Final Assembly,12.25,120.0,2008-04-30,N/A,0,76,2012-04-30,True,2006-06-23,9999-12-31 00:00:00,99011b427e262c5efbd7b5b13ad4d2b951b23b0ee692a9e0d06cbabbd7bf2429
756,789,323,7,Finished Goods Storage,0.0,0.0,2008-04-30,N/A,0,112,2012-04-30,True,2006-06-23,9999-12-31 00:00:00,281d97fd47ce31846f912e1e3b5faa14105011a66bd2e3ee01f2e57579ca7a10
757,789,323,60,Final Assembly,12.25,120.0,2008-04-30,N/A,0,51,2012-04-30,True,2006-06-23,9999-12-31 00:00:00,c30dbe989e872c735f44590deb23b155221b10c21b60fb94b58fbb4b1928fb37
758,790,322,7,Finished Goods Storage,0.0,0.0,2008-04-30,N/A,0,99,2012-04-30,True,2006-06-23,9999-12-31 00:00:00,187377c24d2c4e074866b84ad9917807fab870a0753f47ffaf39e9df796ad0d4
759,790,322,60,Final Assembly,12.25,120.0,2008-04-30,N/A,0,86,2012-04-30,True,2006-06-23,9999-12-31 00:00:00,0551d0e6a5e8220de8b08a1ae3bd2960df4edd20a600c7819628fa01ac3298d7
760,791,321,7,Finished Goods Storage,0.0,0.0,2008-04-30,N/A,0,67,2012-04-30,True,2006-06-23,9999-12-31 00:00:00,c18b406841ec1148098cb3b5654c5632b197e1cc9b79e2f50cc9e0ffd2a79f26
761,791,321,60,Final Assembly,12.25,120.0,2008-04-30,N/A,0,81,2012-04-30,True,2006-06-23,9999-12-31 00:00:00,486a43ba8c9663dccd61babdfba0a95857fdb52be1e316bbca3b23df42a98813
762,792,320,7,Finished Goods Storage,0.0,0.0,2008-04-30,N/A,0,104,2012-04-30,True,2006-06-23,9999-12-31 00:00:00,408b059cc5c32416761bb480d9ac383be03f3fb28f665f604acae641fb7fd50a
763,792,320,60,Final Assembly,12.25,120.0,2008-04-30,N/A,0,123,2012-04-30,True,2006-06-23,9999-12-31 00:00:00,22ac613a7b2211cce813bf05634a2c8aef562c61028460a43306de983611a2bb
764,793,319,7,Finished Goods Storage,0.0,0.0,2008-04-30,N/A,0,56,2012-04-30,True,2006-06-23,9999-12-31 00:00:00,870889006d03b0e11caab8a4f425b0580b779fc4006473ec65a618a18a9d3580
765,793,319,60,Final Assembly,12.25,120.0,2008-04-30,N/A,0,78,2012-04-30,True,2006-06-23,9999-12-31 00:00:00,c749c6d1be6a51b6a4e42c88479df26e19f26c6eece443a86a3ebef3247854d0
766,794,318,7,Finished Goods Storage,0.0,0.0,2008-04-30,N/A,0,116,2012-04-30,True,2006-06-23,9999-12-31 00:00:00,a74a5b249e81ec0443dc50936e4e6db5aeacda5b278ee8ce202b40eaa865fffa
767,794,318,60,Final Assembly,12.25,120.0,2008-04-30,N/A,0,49,2012-04-30,True,2006-06-23,9999-12-31 00:00:00,3fec3acec9ebced55ed5602246009b5904271575266a675fd8d8a92599e4c3be
768,795,324,7,Finished Goods Storage,0.0,0.0,2008-04-30,N/A,0,100,2012-04-30,True,2006-06-23,9999-12-31 00:00:00,c7f733f5312b0acf6bdee71a357f1e13502aeecab313204f0b49b2bd098f6c59
769,795,324,60,Final Assembly,12.25,120.0,2008-04-30,N/A,0,88,2012-04-30,True,2006-06-23,9999-12-31 00:00:00,bf9f4e3a88194bed9497894a78d15a1ddf0d80477f3bbce6878f8fabe10c818c
770,796,325,7,Finished Goods Storage,0.0,0.0,2008-04-30,N/A,0,65,2012-04-30,True,2006-06-23,9999-12-31 00:00:00,004f124d6c80cd779a1fd2e50f1b5f223e9803bd8e43c7393a21a17078854a93
771,796,325,60,Final Assembly,12.25,120.0,2008-04-30,N/A,0,83,2012-04-30,True,2006-06-23,9999-12-31 00:00:00,cb13f3b56c5e6ffb1ade0b18374f320150f817b65cb8143f254fa638e54c2287
772,797,339,7,Finished Goods Storage,0.0,0.0,2008-04-30,N/A,0,67,2012-04-30,True,2006-06-23,9999-12-31 00:00:00,d8152588edbfdc96e02cae98587d0c4c9a6b51d320ac390d3c71445e104f611d
773,797,339,60,Final Assembly,12.25,120.0,2008-04-30,N/A,0,81,2012-04-30,True,2006-06-23,9999-12-31 00:00:00,1f5f5117160cd3c2b7ab870b98441a99e0ac84f50d44432749d8a37cb637779c
774,798,338,7,Finished Goods Storage,0.0,0.0,2008-04-30,N/A,0,73,2012-04-30,True,2006-06-23,9999-12-31 00:00:00,8c5e9adb76e41a1396340de7d45df9c02e9ff5f15746be90e75ac0d040b1ad73
775,798,338,60,Final Assembly,12.25,120.0,2008-04-30,N/A,0,60,2012-04-30,True,2006-06-23,9999-12-31 00:00:00,5c71cc30e671ec780c3fef3a700d909d9b506627fb7e8b142856219efdab08a1
776,799,337,7,Finished Goods Storage,0.0,0.0,2008-04-30,N/A,0,104,2012-04-30,True,2006-06-23,9999-12-31 00:00:00,2af2c9224e6de12c966b5b8f30b35e3237e035d304de2b81c5dda3ca19cb4ba5
777,799,337,60,Final Assembly,12.25,120.0,2008-04-30,N/A,0,123,2012-04-30,True,2006-06-23,9999-12-31 00:00:00,f2ec06cd3d1fd5c4712cc756dbe77a13b23ce0f24964dccf37234c07b38864db
778,800,336,7,Finished Goods Storage,0.0,0.0,2008-04-30,N/A,0,30,2012-04-30,True,2006-06-23,9999-12-31 00:00:00,4b1753740582b86bc93d117aa32058e30955d29b8eeb0ad3ff01171bfadc5a34
779,800,336,60,Final Assembly,12.25,120.0,2008-04-30,N/A,0,99,2012-04-30,True,2006-06-23,9999-12-31 00:00:00,c50f6a43a6c4b63fb313726151171afbc07e69f79fbd5359705086a48ca5bbca
780,801,335,7,Finished Goods Storage,0.0,0.0,2008-04-30,N/A,0,56,2012-04-30,True,2006-06-23,9999-12-31 00:00:00,d7fc448cfe38d9a6eb4aebf03590ef1942968855fc5e84aacdaa7710760f5db2
781,801,335,60,Final Assembly,12.25,120.0,2008-04-30,N/A,0,78,2012-04-30,True,2006-06-23,9999-12-31 00:00:00,678c93091935385686884c36dab65f2270d80d81f2742dc8e92cdde6f66b4c23
782,802,3,5,Metal Storage,0.0,0.0,2008-04-30,J,7,350,2012-04-30,True,2006-06-23,9999-12-31 00:00:00,2b67f7865339ebc5b6a35f75e875fa3c045a0340b1605c85faa5b6180ec7f0eb
783,802,3,10,Frame Forming,22.5,96.0,2008-04-30,C,8,240,2012-04-30,True,2006-06-23,9999-12-31 00:00:00,00774ad286a28141253a41745a4457966094a847758db5819ea791e7de861ae2
784,802,3,50,Subassembly,12.25,120.0,2008-04-30,A,17,273,2012-04-30,True,2006-06-23,9999-12-31 00:00:00,01c69c76a9fa39b0adf181e8b7f18bf1e429d509ff008ccd8a8b73fe85365762
785,803,2,5,Metal Storage,0.0,0.0,2008-04-30,J,8,356,2012-04-30,True,2006-06-23,9999-12-31 00:00:00,9b9cd7004a7511d4be2a498c6e07337df4c88c2448bd52245d142ccb1987f03d
786,803,2,10,Frame Forming,22.5,96.0,2008-04-30,C,9,246,2012-04-30,True,2006-06-23,9999-12-31 00:00:00,33842d5c60c6c80bebede79391724d635304aa75b897b21c5a8f9cabf425ee2f
787,803,2,50,Subassembly,12.25,120.0,2008-04-30,A,18,280,2012-04-30,True,2006-06-23,9999-12-31 00:00:00,0681b43fb18a8ce0545824676b0d2a8796148d9d2d13cce6d7b59ecca869d8e5
788,804,1,5,Metal Storage,0.0,0.0,2008-04-30,J,9,363,2012-04-30,True,2006-06-23,9999-12-31 00:00:00,ea3ee084329ec404c4c2b7f8bb6491efa3069c88ef24c8166e386498feb31ce3
789,804,1,10,Frame Forming,22.5,96.0,2008-04-30,C,10,252,2012-04-30,True,2006-06-23,9999-12-31 00:00:00,516fc7e93078950c178eea29b09429c5f227e2e1778dea3d2b0b523bb9d061b9
790,804,1,50,Subassembly,12.25,120.0,2008-04-30,A,19,286,2012-04-30,True,2006-06-23,9999-12-31 00:00:00,920c27d3e98c98359268d1418e796a10cf1bf3ed4c05e2e309e7fa35077ed3ca
791,805,468,1,Tool Crib,0.0,0.0,2008-04-30,D,13,284,2012-04-30,True,2006-06-23,9999-12-31 00:00:00,70b8ed4c5fd6a4630719a33d1d6c55e92f01648baa32a4472bbb8bb2c2ab4769
792,805,468,6,Miscellaneous Storage,0.0,0.0,2008-04-30,R,40,265,2012-04-30,True,2006-06-23,9999-12-31 00:00:00,5532a189b4566a1dfba2e8b96c3774210b473098f4b0fa8ae31d9a7bf8467910
793,805,468,50,Subassembly,12.25,120.0,2008-04-30,E,40,212,2012-04-30,True,2006-06-23,9999-12-31 00:00:00,925e50aa4a17c9951fd913373efd2cdb2aa29cee82da02176092fc5abc429956
794,806,467,1,Tool Crib,0.0,0.0,2008-04-30,D,14,288,2012-04-30,True,2006-06-23,9999-12-31 00:00:00,cdfc4ab7779a031ec0e7cf82a8f40ed807ce37c4d7b914f8b68e1f4ef5508474
795,806,467,6,Miscellaneous Storage,0.0,0.0,2008-04-30,R,41,268,2012-04-30,True,2006-06-23,9999-12-31 00:00:00,3fbe25f0eb18fb092860745bf6692a6d2dac5610eabc1904600b91848c815b43
796,806,467,50,Subassembly,12.25,120.0,2008-04-30,E,41,216,2012-04-30,True,2006-06-23,9999-12-31 00:00:00,9b89282ffcdedb059da06dfffedf9b8996f8983ff53c706c53877b2747ab9b6a
797,807,466,1,Tool Crib,0.0,0.0,2008-04-30,D,15,291,2012-04-30,True,2006-06-23,9999-12-31 00:00:00,19d1fa7135f00fa9dec82d6e5f63c9753cc95d6e83b3f3490f2bd8f666081548
798,807,466,6,Miscellaneous Storage,0.0,0.0,2008-04-30,R,42,272,2012-04-30,True,2006-06-23,9999-12-31 00:00:00,3cb1b1b38f627cfeed1368e8cbbd358766da116b6bf61f56465ec3ea783e140c
799,807,466,50,Subassembly,12.25,120.0,2008-04-30,E,42,219,2012-04-30,True,2006-06-23,9999-12-31 00:00:00,f8f257d0edbd226b256cecce65c74c0517d24485b0fe0bcbfd5c3977f403fd42
800,808,454,10,Frame Forming,22.5,96.0,2008-04-30,E,4,267,2012-04-30,True,2006-06-23,9999-12-31 00:00:00,cbc06c4b29c202d0de05bcbd54f2f8f25a7403e719355212e3c054108281cdd3
801,808,454,20,Frame Welding,25.0,108.0,2008-04-30,S,1,276,2012-04-30,True,2006-06-23,9999-12-31 00:00:00,dc4dd5303dd1709d1df24819446d1c1afe07cbe60ddeb929e283584940092bfd
802,808,454,50,Subassembly,12.25,120.0,2008-04-30,F,2,316,2012-04-30,True,2006-06-23,9999-12-31 00:00:00,302fcca726b1ccd4979e421940b7a7a7acaa6afc387f57d575eb988e958684c5
803,809,451,10,Frame Forming,22.5,96.0,2008-04-30,E,5,264,2012-04-30,True,2006-06-23,9999-12-31 00:00:00,74f15edacfa98522745fb35e136278a5933f8221246473431201df5d9baade91
804,809,451,20,Frame Welding,25.0,108.0,2008-04-30,S,2,273,2012-04-30,True,2006-06-23,9999-12-31 00:00:00,9ceb2bf6329f57fab4fd8fb73ed23f3563ee2a7143a0632ec8f570bda249165e
805,809,451,50,Subassembly,12.25,120.0,2008-04-30,F,3,313,2012-04-30,True,2006-06-23,9999-12-31 00:00:00,9c8193694d671af91304bc0e19456afa751979bfc2df5e75f776b40a94993179
806,810,448,10,Frame Forming,22.5,96.0,2008-04-30,E,6,260,2012-04-30,True,2006-06-23,9999-12-31 00:00:00,d897637b8f1b79e9bedf1797cb559cbb6eb8e2d7a738c57486f709f28d4ef460
807,810,448,20,Frame Welding,25.0,108.0,2008-04-30,S,3,270,2012-04-30,True,2006-06-23,9999-12-31 00:00:00,7f8db3dc7acf2f2d8def38f39743a41e3eb7d42dca79fc3979cb7a2e0d9a6ee0
808,810,448,50,Subassembly,12.25,120.0,2008-04-30,F,4,310,2012-04-30,True,2006-06-23,9999-12-31 00:00:00,36166f9276f08b4de4eafbada79e218c4aab4289abdd3fec4be754a0d7ad92eb
809,811,455,10,Frame Forming,22.5,96.0,2008-04-30,E,7,257,2012-04-30,True,2006-06-23,9999-12-31 00:00:00,efe08e7bf803faf06412b259c79f1524e9e4e799a888ae7860c9e545b2a571dd
810,811,455,20,Frame Welding,25.0,108.0,2008-04-30,S,4,267,2012-04-30,True,2006-06-23,9999-12-31 00:00:00,60d699488314cc21d2b3e1600b6eb2b99d99846bdc069e131bea878d79948fbb
811,811,455,50,Subassembly,12.25,120.0,2008-04-30,F,6,307,2012-04-30,True,2006-06-23,9999-12-31 00:00:00,653d0ae72729a41c4dc6bf260fe79fba59837740b4fa4e8eb94b55bedde9f1ad
812,812,452,10,Frame Forming,22.5,96.0,2008-04-30,E,8,254,2012-04-30,True,2006-06-23,9999-12-31 00:00:00,42f11ab5e193a5ab6cfe1f50e59a3959767bc72d238be89178f41704239d277c
1301,812,452,20,Frame Welding,25.0,108.0,2008-04-30,S,5,264,2012-04-30,True,2006-06-23,9999-12-31 00:00:00,51f3a57515486445ec6be06799ace05ff10c4608dc4376897b2a2b1dbad52f8e
1302,812,452,50,Subassembly,12.25,120.0,2008-04-30,F,7,304,2012-04-30,True,2006-06-23,9999-12-31 00:00:00,aa01b9935397857c0478ce54bdf8b9d3eca506fbae3a4f3eb3420fd7da054ede
1303,813,449,10,Frame Forming,22.5,96.0,2008-04-30,E,9,251,2012-04-30,True,2006-06-23,9999-12-31 00:00:00,458c4bac742bddc03408a0ff8f6ba75bd70655b6701aeb55ec05596efae455bc
1304,813,449,20,Frame Welding,25.0,108.0,2008-04-30,S,6,260,2012-04-30,True,2006-06-23,9999-12-31 00:00:00,f664acad93bef5b0baaefb3abf73280abf074e907f098b8940ec381e8ac6f974
1305,813,449,50,Subassembly,12.25,120.0,2008-04-30,F,8,300,2012-04-30,True,2006-06-23,9999-12-31 00:00:00,48a0b167c187847ba599d7747f89d5e68cd9f1fde399d35fe7ebe27decfde6c6
1306,814,414,10,Frame Forming,22.5,96.0,2008-04-30,N/A,0,110,2012-04-30,True,2006-06-23,9999-12-31 00:00:00,5121356c42dc7095b5a41eb9b08a24c2fbcf95c338a2c4080b09106e9a7b6c2b
1307,814,414,20,Frame Welding,25.0,108.0,2008-04-30,N/A,0,150,2012-04-30,True,2006-06-23,9999-12-31 00:00:00,f01d0069f29dfbfaacf5fdacec3ac6165b2f914b362df914d149f3bb37ce5326
1308,814,414,30,Debur and Polish,14.5,120.0,2008-04-30,N/A,0,137,2012-04-30,True,2006-06-23,9999-12-31 00:00:00,3caed3fb0f42bfeeae7e33040c4d7155a2798368d3d9c7a667bde7c4aa023f63
1309,814,414,40,Paint,15.75,120.0,2008-04-30,N/A,0,96,2012-04-30,True,2006-06-23,9999-12-31 00:00:00,b006038edc1ca7df7c66f3dbbb97596b2f1f80abd9374ec63472efc1531795b5
1310,814,414,50,Subassembly,12.25,120.0,2008-04-30,N/A,0,148,2012-04-30,True,2006-06-23,9999-12-31 00:00:00,2648e814bd1f1a7cb495dd06074f628ffc59430f7dae4a55d923a921972935c0
1311,814,414,60,Final Assembly,12.25,120.0,2008-04-30,N/A,0,126,2012-04-30,True,2006-06-23,9999-12-31 00:00:00,0055ac858c2f28c1a0287e618170fa9c0efe21d1210f3abe30e2307214970f8c
1312,815,485,5,Metal Storage,0.0,0.0,2008-04-30,T,1,265,2012-04-30,True,2006-06-23,9999-12-31 00:00:00,3af8c08b6dd82057e4d826210583861d1220ad40deba853eb309ab11ae8c9020
1313,815,485,50,Subassembly,12.25,120.0,2008-04-30,B,1,457,2012-04-30,True,2006-06-23,9999-12-31 00:00:00,d1912b374d381d856be85a3054dc3ceb699f1770ddf097e87ac6b8b8381c172c
1314,816,481,5,Metal Storage,0.0,0.0,2008-04-30,T,2,406,2012-04-30,True,2006-06-23,9999-12-31 00:00:00,5a855304d490b1fc6a6938d2105cf58ec46608e164427841ae599600f971963d
1315,816,481,50,Subassembly,12.25,120.0,2008-04-30,B,2,412,2012-04-30,True,2006-06-23,9999-12-31 00:00:00,a36a5b42c81ec054638232564e1d882bee9bd80d91116c34dea02f1c15f0a306
1316,817,475,5,Metal Storage,0.0,0.0,2008-04-30,T,3,443,2012-04-30,True,2006-06-23,9999-12-31 00:00:00,43c523e15ba6daf91e7ca9f5ad3882f21972cbf1f20e7ffe27cec77d59b9b9f8
1317,817,475,50,Subassembly,12.25,120.0,2008-04-30,B,3,388,2012-04-30,True,2006-06-23,9999-12-31 00:00:00,091c1c3a9ab3948a33935a3385335306cd18ec792c54c657044be2d9a1ab04af
1318,818,484,5,Metal Storage,0.0,0.0,2008-04-30,T,4,428,2012-04-30,True,2006-06-23,9999-12-31 00:00:00,1b034d25fb386f8757300987ef517156f98d55ba532a3e39bb66836223cbf2e8
1319,818,484,50,Subassembly,12.25,120.0,2008-04-30,B,4,460,2012-04-30,True,2006-06-23,9999-12-31 00:00:00,66f4ff43d3a8cf8facc7e638abea628755edef61deebe283d7d23a292cada298
1320,819,477,5,Metal Storage,0.0,0.0,2008-04-30,T,5,409,2012-04-30,True,2006-06-23,9999-12-31 00:00:00,d187aede4ae9c1633f11fd014db19c1deff7f1bf9602eb3d05d227fd5c0642c1
1321,819,477,50,Subassembly,12.25,120.0,2008-04-30,B,5,384,2012-04-30,True,2006-06-23,9999-12-31 00:00:00,85210f25cdc65f6292a808ef9a3d42e6642da70849cedd5d89cb9f6631190bf6
1322,820,473,5,Metal Storage,0.0,0.0,2008-04-30,T,6,446,2012-04-30,True,2006-06-23,9999-12-31 00:00:00,d3450d8f33a70e404a97a3c6f40d00b013fe2ee4fbfd653bde949efdf0818885
1323,820,473,50,Subassembly,12.25,120.0,2008-04-30,B,6,232,2012-04-30,True,2006-06-23,9999-12-31 00:00:00,9f685957502148fe09495f9341de53a92bec87d08e9d6449a1db905d6570ac34
1324,821,480,5,Metal Storage,0.0,0.0,2008-04-30,T,7,432,2012-04-30,True,2006-06-23,9999-12-31 00:00:00,ea5aae30d56d53cd3a17078825d3f126d2be2eb4593c99635885001bfc0d333d
1325,821,480,50,Subassembly,12.25,120.0,2008-04-30,B,7,304,2012-04-30,True,2006-06-23,9999-12-31 00:00:00,df1c0de362f3a803630c3f198ab4adbc1a4fd82c982b1d5b9305ec9e10696621
1326,822,372,10,Frame Forming,22.5,96.0,2008-04-30,N/A,0,115,2012-04-30,True,2006-06-23,9999-12-31 00:00:00,1f42ed284000423b48abefa866349afadfa611bec4f035932107121649f62224
1327,822,372,20,Frame Welding,25.0,108.0,2008-04-30,N/A,0,155,2012-04-30,True,2006-06-23,9999-12-31 00:00:00,37064588c563def557b79d57767b7f90102409f28cb7dde020c3946af56a9270
1328,822,372,30,Debur and Polish,14.5,120.0,2008-04-30,N/A,0,142,2012-04-30,True,2006-06-23,9999-12-31 00:00:00,5859905b5f5bcef73bc37de83caf002d1e90c2c3d11d8a0a4596014ccfa58e46
1329,822,372,40,Paint,15.75,120.0,2008-04-30,N/A,0,100,2012-04-30,True,2006-06-23,9999-12-31 00:00:00,27dbd65f7e83fe63e5fa3575cca6112fecea85e3859e2c86c12ac6b4f3307f7e
1330,822,372,50,Subassembly,12.25,120.0,2008-04-30,N/A,0,153,2012-04-30,True,2006-06-23,9999-12-31 00:00:00,a5f5273922a7dd0c25426ad9b135ded45dd032a4c89e4027649ccd1bfab30b21
1331,822,372,60,Final Assembly,12.25,120.0,2008-04-30,N/A,0,131,2012-04-30,True,2006-06-23,9999-12-31 00:00:00,e4918a833900257e2723ede33f75c6fb7c7250ea1ac519edd0d77d39f08e77db
1332,823,483,6,Miscellaneous Storage,0.0,0.0,2008-04-30,A,10,425,2012-04-30,True,2006-06-23,9999-12-31 00:00:00,37784cb46ccfadee8aa7b034b616a1d51475e1a21810c346ca398d6eaf610d1d
1333,823,483,50,Subassembly,12.25,120.0,2008-04-30,V,1,256,2012-04-30,True,2006-06-23,9999-12-31 00:00:00,15d245b923a084ac6344431c7ae65683af00628f109b8de7d041db0b2af80719
1334,824,479,6,Miscellaneous Storage,0.0,0.0,2008-04-30,A,10,411,2012-04-30,True,2006-06-23,9999-12-31 00:00:00,ea6189cfb20d8ee8f28caccd4b4b1120813156e390d737e387f46bcbeb2be84f
1335,824,479,50,Subassembly,12.25,120.0,2008-04-30,V,2,401,2012-04-30,True,2006-06-23,9999-12-31 00:00:00,c954173191acf7ed0c80095dfd050e2633a774931f4d0bfa55be06f02ec72a3d
1336,825,474,6,Miscellaneous Storage,0.0,0.0,2008-04-30,A,11,396,2012-04-30,True,2006-06-23,9999-12-31 00:00:00,8e7de048df3d40e882138871ac4761440aeb16b38303b81d8214ae5070a4b8ac
1337,825,474,50,Subassembly,12.25,120.0,2008-04-30,V,3,387,2012-04-30,True,2006-06-23,9999-12-31 00:00:00,75cab007072530b21a927bcecf7d5a4d4c5220a4967c96559086f772a66df888
1338,826,482,6,Miscellaneous Storage,0.0,0.0,2008-04-30,A,11,393,2012-04-30,True,2006-06-23,9999-12-31 00:00:00,3bc02abae497beeb13a378f2d5f893a310ad85454f9a60f02ca1cae4f60e27a8
1339,826,482,50,Subassembly,12.25,120.0,2008-04-30,V,4,406,2012-04-30,True,2006-06-23,9999-12-31 00:00:00,26477dde8844712472af4ccf9099930ead961896808a69b8c1005dde7cd1e661
1340,827,476,6,Miscellaneous Storage,0.0,0.0,2008-04-30,A,12,412,2012-04-30,True,2006-06-23,9999-12-31 00:00:00,0dbb033c0abd028a39d0a92b7753105876443ffad346c41c409b23ec2d145277
1341,827,476,50,Subassembly,12.25,120.0,2008-04-30,V,5,425,2012-04-30,True,2006-06-23,9999-12-31 00:00:00,24e4927223cda1aa8773eade3aa1dddd8f04921e7ccec9f29e8a71551cbd649f
1342,828,472,6,Miscellaneous Storage,0.0,0.0,2008-04-30,A,12,432,2012-04-30,True,2006-06-23,9999-12-31 00:00:00,5b6030ddd12350e9f8f20c5902000caa978953cab3a56357b6d0ac6c1f5ce4f6
1343,828,472,50,Subassembly,12.25,120.0,2008-04-30,V,6,284,2012-04-30,True,2006-06-23,9999-12-31 00:00:00,ce89501ddf20a0b99767eb2c9f34e15db88e1a0b3f035080854dc90e577ad091
1344,829,478,6,Miscellaneous Storage,0.0,0.0,2008-04-30,A,12,265,2012-04-30,True,2006-06-23,9999-12-31 00:00:00,af34bbd3b2d927d0e2268fbbf45b6d60183ecf5c42f16adfcf0842df53eb5b9a
1345,829,478,50,Subassembly,12.25,120.0,2008-04-30,V,7,476,2012-04-30,True,2006-06-23,9999-12-31 00:00:00,674e8f5884fe04c862318fa13e953bdb1f6fdab008008e650237883a62ada557
1346,841,459,7,Finished Goods Storage,0.0,0.0,2008-04-30,N/A,0,288,2012-04-30,True,2006-06-23,9999-12-31 00:00:00,5fb554d5634d79dcc9880fb6bec66ae22f8187bc297cdfdd5e617433d018022d
1347,842,464,7,Finished Goods Storage,0.0,0.0,2008-04-30,N/A,0,72,2012-04-30,True,2006-06-23,9999-12-31 00:00:00,f7c922a06be9179352959703c6aaf0387a074c36606c40380c259f1a38a74d52
1348,843,505,7,Finished Goods Storage,0.0,0.0,2008-04-30,N/A,0,252,2012-04-30,True,2006-06-23,9999-12-31 00:00:00,8bc7480c17d9362167a5e9981cbcf740ad8dab91c8f1d0a18fda8083d959a0f0
1349,844,529,7,Finished Goods Storage,0.0,0.0,2008-04-30,N/A,0,288,2012-04-30,True,2006-06-23,9999-12-31 00:00:00,7ac7f0d07813b65ccb1ae9beb29e28f633cc8a2aac992977626418c1a3c98b6f
1350,845,528,7,Finished Goods Storage,0.0,0.0,2008-04-30,N/A,0,324,2012-04-30,True,2006-06-23,9999-12-31 00:00:00,4188f969290283f12c53b01579ef6395cae835b155f5e3e8dd7eb2ccf299ea53
1351,846,46,7,Finished Goods Storage,0.0,0.0,2008-04-30,N/A,0,144,2012-04-30,True,2006-06-23,9999-12-31 00:00:00,a45b8a92d8ebd015488c0ba15fd1b7555000fb33c8c02c77ae473ac357e87452
1352,847,45,7,Finished Goods Storage,0.0,0.0,2008-04-30,N/A,0,180,2012-04-30,True,2006-06-23,9999-12-31 00:00:00,5daaf42e5892c9d800e16a449219b72b55e68fdd76499838a021fdfd30f70c9d
1353,848,44,7,Finished Goods Storage,0.0,0.0,2008-04-30,N/A,0,216,2012-04-30,True,2006-06-23,9999-12-31 00:00:00,436a0c5af7a3a3577c153d003c730a22b75cf2b40092a7a27079f5dc46d1be01
1354,849,460,7,Finished Goods Storage,0.0,0.0,2008-04-30,N/A,0,108,2012-04-30,True,2006-06-23,9999-12-31 00:00:00,6a3f38aa363fb3f7821121d246012a4a17432b5acd9727252460a38f7de2a160
1355,850,461,7,Finished Goods Storage,0.0,0.0,2008-04-30,N/A,0,144,2012-04-30,True,2006-06-23,9999-12-31 00:00:00,1dfee1da51b90d6b7d2acd785d0f2336b64ba9c02f2f720ba083b5a2db23fc06
1356,851,462,7,Finished Goods Storage,0.0,0.0,2008-04-30,N/A,0,180,2012-04-30,True,2006-06-23,9999-12-31 00:00:00,d428d2066b1e6f250b9d3ebd422ed1fa3bdd743da7c810261d0fef906f3031b9
1357,852,469,7,Finished Goods Storage,0.0,0.0,2008-04-30,N/A,0,324,2012-04-30,True,2006-06-23,9999-12-31 00:00:00,b888a102119de7057c9ef245b70e1a20c5146e309ef5497d0e657f2d2ab04582
1358,853,470,7,Finished Goods Storage,0.0,0.0,2008-04-30,N/A,0,0,2012-04-30,True,2006-06-23,9999-12-31 00:00:00,02e99e6a490b6412360e6d7ce621685d2b73eec6e0a4d56ba9898a2cc527be6b
1359,854,471,7,Finished Goods Storage,0.0,0.0,2008-04-30,N/A,0,36,2012-04-30,True,2006-06-23,9999-12-31 00:00:00,386fb135e41e6cb2205f24bb8ae1ee21b3b40be0e4dff04a0ad30e24d96c0fba
1360,855,490,7,Finished Goods Storage,0.0,0.0,2008-04-30,N/A,0,72,2012-04-30,True,2006-06-23,9999-12-31 00:00:00,b15ef829fde71d099722c8d8e1e5a00835d60613928ac8b6fe73d0678cd9c030
1361,856,491,7,Finished Goods Storage,0.0,0.0,2008-04-30,N/A,0,108,2012-04-30,True,2006-06-23,9999-12-31 00:00:00,fba94d68c6e51ee5bd3e31d5cb19bb9d361f1ef19c9361c3912075eae87f75a0
1362,857,492,7,Finished Goods Storage,0.0,0.0,2008-04-30,N/A,0,144,2012-04-30,True,2006-06-23,9999-12-31 00:00:00,dad30b93051f0cba7cf62f28b6969abafc56614cb447ea22f178824a2a512a59
1363,858,431,7,Finished Goods Storage,0.0,0.0,2008-04-30,N/A,0,324,2012-04-30,True,2006-06-23,9999-12-31 00:00:00,09abc3e70e541b9399a51b8ce2f04a320acdd2c15186f40a853fc1b2e162824f
1364,859,432,7,Finished Goods Storage,0.0,0.0,2008-04-30,N/A,0,0,2012-04-30,True,2006-06-23,9999-12-31 00:00:00,40d9e342a2f9918f77045890c6a803550303be9908245d83438cd697f1664156
1365,860,433,7,Finished Goods Storage,0.0,0.0,2008-04-30,N/A,0,36,2012-04-30,True,2006-06-23,9999-12-31 00:00:00,5709a8424b2bb78c292fc4ab8b5b2aeef65dea995067f46c613ee3a756416c7f
1366,861,428,7,Finished Goods Storage,0.0,0.0,2008-04-30,N/A,0,72,2012-04-30,True,2006-06-23,9999-12-31 00:00:00,95f18a70ce50c1ef93ab7607a85323ae6b7d9dcec4d216c0147831b54f8064c5
1367,862,429,7,Finished Goods Storage,0.0,0.0,2008-04-30,N/A,0,108,2012-04-30,True,2006-06-23,9999-12-31 00:00:00,335ce3df82d3a50adbe8817e5578f971b4fc950105cb1149990fa02254825d57
1368,863,430,7,Finished Goods Storage,0.0,0.0,2008-04-30,N/A,0,144,2012-04-30,True,2006-06-23,9999-12-31 00:00:00,079aae868109b41b7b3fcf531d1fe25172856c4181ca78342aca8f586e45fd5a
1369,864,49,7,Finished Goods Storage,0.0,0.0,2008-04-30,N/A,0,180,2013-04-30,True,2006-06-23,9999-12-31 00:00:00,1892729f110031d1b94176600b2a617932bfc8bb8e4cb4ca0b25397bd082355e
1370,865,50,7,Finished Goods Storage,0.0,0.0,2008-04-30,N/A,0,216,2013-04-30,True,2006-06-23,9999-12-31 00:00:00,e3b08b1d1353616f5e94474ac80206383e588caa6edb9bfe6fc64efa0591bf8a
1371,866,51,7,Finished Goods Storage,0.0,0.0,2008-04-30,N/A,0,252,2013-04-30,True,2006-06-23,9999-12-31 00:00:00,332698eec03d07652f1694a6dc013efeea2065c28cf63bc14a0f5ccf144bca56
1372,867,456,7,Finished Goods Storage,0.0,0.0,2008-04-30,N/A,0,216,2013-04-30,True,2006-06-23,9999-12-31 00:00:00,6b8bb71d67f53267403074082c373944e0c67d5df4da280eaf2e7ca9bd9a55cf
1373,868,457,7,Finished Goods Storage,0.0,0.0,2008-04-30,N/A,0,252,2013-04-30,True,2006-06-23,9999-12-31 00:00:00,6aa9c6628601ab1517506083c84b5a1f10d4fdeabf0697c07de6d49c8300ddc8
1374,869,458,7,Finished Goods Storage,0.0,0.0,2008-04-30,N/A,0,288,2013-04-30,True,2006-06-23,9999-12-31 00:00:00,94916063b05ee7a2e0a34c4663df39d738bd413e4f1172eac961440d64310a56
1375,870,445,7,Finished Goods Storage,0.0,0.0,2008-04-30,N/A,0,252,2013-04-30,True,2006-06-23,9999-12-31 00:00:00,4ef0a0052492cb193199d9c1611dcc24dd3425851772d7be7e93336294dbe99f
1376,871,443,7,Finished Goods Storage,0.0,0.0,2008-04-30,N/A,0,288,2013-04-30,True,2006-06-23,9999-12-31 00:00:00,2463a57d28116a4cc9796510685d32107ce6cc194fe12f8befe27507579300a6
1377,872,444,7,Finished Goods Storage,0.0,0.0,2008-04-30,N/A,0,324,2013-04-30,True,2006-06-23,9999-12-31 00:00:00,b36dca8c9d64f6d20c06aa36e1b745f10eaf5b4001636dae9d0ca24c2cf7536d
1378,873,504,7,Finished Goods Storage,0.0,0.0,2008-04-30,N/A,0,180,2013-04-30,True,2006-06-23,9999-12-31 00:00:00,402cada5be77f069e1824c081352ea90bf8c19f731a126f0e49777d58f6564c4
1379,874,488,7,Finished Goods Storage,0.0,0.0,2008-04-30,N/A,0,252,2013-04-30,True,2006-06-23,9999-12-31 00:00:00,3c7c9d2cc531840a34c74f84402a127b07334953bd1da1102b4f831d573f08f7
1380,875,489,7,Finished Goods Storage,0.0,0.0,2008-04-30,N/A,0,288,2013-04-30,True,2006-06-23,9999-12-31 00:00:00,2ae3ff2a8577505a858f032acd39316f466f8d01ca041c5f15de60284e0c960e
1381,876,308,7,Finished Goods Storage,0.0,0.0,2008-04-30,N/A,0,0,2013-04-30,True,2006-06-23,9999-12-31 00:00:00,59a238269fa6ead3ec09dd5e89971be5d4e7e35de84a3f3a5fb7d7a571bfcd62
1382,877,548,7,Finished Goods Storage,0.0,0.0,2008-04-30,N/A,0,36,2013-04-30,True,2006-06-23,9999-12-31 00:00:00,759eaac7c10d258373fb1ddcdb154d7d99b47e038cb320f41fb03f3c5d8cb71e
1383,878,312,7,Finished Goods Storage,0.0,0.0,2008-04-30,N/A,0,108,2013-04-30,True,2006-06-23,9999-12-31 00:00:00,ffa5c133f04ddbb127ed03f6edcc1c356d653ca14aae9d1194ef9460c01dfac1
1384,879,463,7,Finished Goods Storage,0.0,0.0,2008-04-30,N/A,0,144,2013-04-30,True,2006-06-23,9999-12-31 00:00:00,146093bb0dd374641f3d6db3dda64c226312c81a47b4a513160770b8798ab1b9
1385,880,465,7,Finished Goods Storage,0.0,0.0,2008-04-30,N/A,0,108,2013-04-30,True,2006-06-23,9999-12-31 00:00:00,4b1745f2836278d0b77d02efc7496587bc6a2b046fbf21a9510c1a3e0c81016c
1386,881,389,7,Finished Goods Storage,0.0,0.0,2008-04-30,N/A,0,324,2013-04-30,True,2006-06-23,9999-12-31 00:00:00,424230ceab2e370c520a119dc0eadef02478c596a1740f37d930ecbc6eb7afa2
1387,882,390,7,Finished Goods Storage,0.0,0.0,2008-04-30,N/A,0,0,2013-04-30,True,2006-06-23,9999-12-31 00:00:00,4ab24bdf8a9f997955d51128738beae36b498e5766b10da771f558e3fa5e92ae
1388,883,391,7,Finished Goods Storage,0.0,0.0,2008-04-30,N/A,0,36,2013-04-30,True,2006-06-23,9999-12-31 00:00:00,50dc1b1d168372030280dc1b5437f00523fded6eac1a7b08dedbd240ac0fc169
1389,884,392,7,Finished Goods Storage,0.0,0.0,2008-04-30,N/A,0,72,2013-04-30,True,2006-06-23,9999-12-31 00:00:00,3656d28700dee8197b5b8b96cefce4b83d842e9df717b900bede0266ce9d4dc4
1390,894,47,1,Tool Crib,0.0,0.0,2008-04-30,E,23,337,2013-04-30,True,2006-06-23,9999-12-31 00:00:00,6cd90a3e778456bcb98e8a6c8a4fd5eece7a897b61bcc943277c9594c793061a
1391,894,47,6,Miscellaneous Storage,0.0,0.0,2008-04-30,M,14,355,2013-04-30,True,2006-06-23,9999-12-31 00:00:00,05b71d04b8733ac6dd3f7414a1a4911aa6cab3b3431bcc58668908c089e43f50
1392,894,47,50,Subassembly,12.25,120.0,2008-04-30,W,14,155,2013-04-30,True,2006-06-23,9999-12-31 00:00:00,930c3752e07a311b28470aff0b93829819df0dc3f234264bccf0c1992946c535
1393,907,446,1,Tool Crib,0.0,0.0,2008-04-30,E,19,337,2014-08-12,True,2006-06-23,9999-12-31 00:00:00,7d8f6d7949750222a067829fadebda14fdbbea39488d2f2784ce9d044aa1f5f7
1394,907,446,6,Miscellaneous Storage,0.0,0.0,2008-04-30,M,12,228,2014-08-12,True,2006-06-23,9999-12-31 00:00:00,9d61b7d67d4d6e7ebf33b96d434919690958814221a7b8b387350a3a5484e76d
1395,907,446,50,Subassembly,12.25,120.0,2008-04-30,W,12,158,2014-08-12,True,2006-06-23,9999-12-31 00:00:00,ea0fff9e7e2094165d34f869d2344c8d8b0434c3e6a3529c679c2c0b49c57113
1396,908,440,6,Miscellaneous Storage,0.0,0.0,2008-04-30,D,4,400,2014-08-10,True,2006-06-23,9999-12-31 00:00:00,1af5bf8c4345d41ae79fd6a36ea9df39cd53dd00dd18c9bbb416e7706bbbd2f7
1397,908,440,50,Subassembly,12.25,120.0,2008-04-30,G,8,214,2014-08-10,True,2006-06-23,9999-12-31 00:00:00,4e9e9d7642d20bb63900607d976c192f8c68b807e65fe69c58236c6c43bbed33
1398,908,440,60,Final Assembly,12.25,120.0,2008-04-30,F,11,195,2014-08-10,True,2006-06-23,9999-12-31 00:00:00,876e0cf5619114f07a6cd27d642decd351e46f167009d72ae2ec14dc90baa82e
1399,909,437,6,Miscellaneous Storage,0.0,0.0,2008-04-30,D,5,230,2014-08-10,True,2006-06-23,9999-12-31 00:00:00,7c2e702778bfd626c71bde28c0052d8c8464d8ca1fd299e23a07fe83f825c6bc
1400,909,437,50,Subassembly,12.25,120.0,2008-04-30,G,9,72,2014-08-10,True,2006-06-23,9999-12-31 00:00:00,6b4bad39c14604bc84096e20cdfaab1514e132e9e90bb80bdef8ecd105ce41d8
1401,909,437,60,Final Assembly,12.25,120.0,2008-04-30,F,12,120,2014-08-10,True,2006-06-23,9999-12-31 00:00:00,4289cb742fd592176a322810cfa21c060e5a712d5907b11a7fdfa61fca91722d
1402,910,434,6,Miscellaneous Storage,0.0,0.0,2008-04-30,D,7,91,2014-08-11,True,2006-06-23,9999-12-31 00:00:00,09a4f49b3c849b7d08d4247ad002832aa75c94ee642490f5849bbccfaf2dba15
1403,910,434,50,Subassembly,12.25,120.0,2008-04-30,G,19,168,2014-08-11,True,2006-06-23,9999-12-31 00:00:00,9f56605f088cfd270cd5f2f70ec5348c04d0c8eff745033a42dadedc18a009a5
1404,910,434,60,Final Assembly,12.25,120.0,2008-04-30,F,8,96,2014-08-11,True,2006-06-23,9999-12-31 00:00:00,dd23030bb75a4b538dee4e9032fff8cdccf46e291453f5d694dd407bcbf7ef8e
1405,911,441,6,Miscellaneous Storage,0.0,0.0,2008-04-30,D,8,283,2014-08-11,True,2006-06-23,9999-12-31 00:00:00,76bd73fdf17718a02cf6a69c81ff6c73dd91152ce9939f0bf6c90ba9720b7778
1406,911,441,50,Subassembly,12.25,120.0,2008-04-30,G,20,321,2014-08-11,True,2006-06-23,9999-12-31 00:00:00,c02c0a7c2e411b3161e67c3ac22c69d746ec2705db76ac486b21c7fbb01dfc47
1407,911,441,60,Final Assembly,12.25,120.0,2008-04-30,F,9,302,2014-08-11,True,2006-06-23,9999-12-31 00:00:00,db99becc4b1eb05b0912c0cc14e3b3cb8a67c1eda7fbad63f7c365735092a00f
1408,912,438,6,Miscellaneous Storage,0.0,0.0,2008-04-30,D,9,302,2014-08-11,True,2006-06-23,9999-12-31 00:00:00,c4acbbbd0c43ea2d52508e6c2957493caa7028f2b36cee272659bb508f7e0fc4
1409,912,438,50,Subassembly,12.25,120.0,2008-04-30,G,21,353,2014-08-11,True,2006-06-23,9999-12-31 00:00:00,c8fbba5d5827d45165a3900a81d9d7bb1d58cc1fbcefd7523b35be189a53fd98
1410,912,438,60,Final Assembly,12.25,120.0,2008-04-30,F,10,246,2014-08-11,True,2006-06-23,9999-12-31 00:00:00,ea4b68442b0b2d34f965b798a6537908db639a81d775e24510ec17a3a93ff9cd
1411,913,435,6,Miscellaneous Storage,0.0,0.0,2008-04-30,D,12,169,2014-08-10,True,2006-06-23,9999-12-31 00:00:00,bfc99af657666aece194d7050fe92e8ad365009fdae70c387c454fa25c42480e
1412,913,435,50,Subassembly,12.25,120.0,2008-04-30,G,24,145,2014-08-10,True,2006-06-23,9999-12-31 00:00:00,6e09b66413e2704c7bfcbac216dc00a971a2dddb254c348ecc5aa66b7bcd7ea3
1413,913,435,60,Final Assembly,12.25,120.0,2008-04-30,F,15,153,2014-08-10,True,2006-06-23,9999-12-31 00:00:00,4fbcdb77b47c3a1b6dd857f40c717d176ef2d8df024e6c6d5b75a04e95181bc3
1414,914,442,6,Miscellaneous Storage,0.0,0.0,2008-04-30,D,13,248,2014-08-09,True,2006-06-23,9999-12-31 00:00:00,559517292e7ad7cef8660b965146001a321ffd66db2830afe9f6da2c94332cb1
1415,914,442,50,Subassembly,12.25,120.0,2008-04-30,G,25,171,2014-08-09,True,2006-06-23,9999-12-31 00:00:00,d862bb600bf0bccbcb2f9b05cd4feafac14b177bc4d0804dde6d7961409ed513
1416,914,442,60,Final Assembly,12.25,120.0,2008-04-30,F,16,382,2014-08-09,True,2006-06-23,9999-12-31 00:00:00,5ae6552a8ff75ef6ee0ecfb591e71141d5cd091a4a385a0d12d2e252f33d708a
1417,915,439,6,Miscellaneous Storage,0.0,0.0,2008-04-30,D,18,161,2014-08-09,True,2006-06-23,9999-12-31 00:00:00,40c0347d8ba3fb6f32ad729b338c0d4ed28436628f1903f57b21d7d4baae7541
1418,915,439,50,Subassembly,12.25,120.0,2008-04-30,G,26,83,2014-08-09,True,2006-06-23,9999-12-31 00:00:00,12a9c9e817780fa29f00971dc847c4803a68efcc5c4b9aa46b4016635058cacb
1419,915,439,60,Final Assembly,12.25,120.0,2008-04-30,F,17,158,2014-08-09,True,2006-06-23,9999-12-31 00:00:00,c023fb2be6dc68c1219129681d0a059c6a1f10023eabc878abd7337a3aa2026f
1420,916,436,6,Miscellaneous Storage,0.0,0.0,2008-04-30,D,6,425,2014-07-31,True,2006-06-23,9999-12-31 00:00:00,b344211f0bf9d20f243c328818380c43d6954073014f4dc2e2381582af02900f
1421,916,436,50,Subassembly,12.25,120.0,2008-04-30,G,27,288,2014-07-31,True,2006-06-23,9999-12-31 00:00:00,0ce3d257b1eabfbf0898de6c35c4d775d3f75c5c3720ec5584d289974aba8d5e
1422,916,436,60,Final Assembly,12.25,120.0,2008-04-30,F,4,276,2014-07-31,True,2006-06-23,9999-12-31 00:00:00,479afb2f255e2466eb1c703e96fc875802e5729fd31c7270a1138aa4dd43a5c4
1423,921,501,6,Miscellaneous Storage,0.0,0.0,2008-04-30,L,16,286,2014-08-08,True,2006-06-23,9999-12-31 00:00:00,74e3781044d989a220387e908fbaf94f577d946170354f799511ac53f8d9df05
1424,921,501,50,Subassembly,12.25,120.0,2008-04-30,R,15,243,2014-08-08,True,2006-06-23,9999-12-31 00:00:00,ed5f5127f4d207d196b53221c944032d362f7cf7cae2601b2902022ab81e6f2c
1425,922,503,6,Miscellaneous Storage,0.0,0.0,2008-04-30,L,17,264,2014-08-08,True,2006-06-23,9999-12-31 00:00:00,81208edde28143c8ddc9c2a6ed723b3118d4f8b94bacc90a7be513f82c81cebf
1426,922,503,50,Subassembly,12.25,120.0,2008-04-30,R,17,241,2014-08-08,True,2006-06-23,9999-12-31 00:00:00,c8aa6e6bc1b78f8dbedbe166f52236e559026b88f39544e7df6cdba92891d566
1427,923,502,6,Miscellaneous Storage,0.0,0.0,2008-04-30,L,18,262,2014-08-08,True,2006-06-23,9999-12-31 00:00:00,e12de91d255f6851327b4ec9b773a11be91d92184fb80997cf3336b2a4cb7051
1428,923,502,50,Subassembly,12.25,120.0,2008-04-30,R,18,240,2014-08-08,True,2006-06-23,9999-12-31 00:00:00,8c46a2cb390bd1a241882a8debaab673ec975283a1b3146d10c541af49bc7636
1429,928,498,6,Miscellaneous Storage,0.0,0.0,2008-04-30,L,2,240,2014-08-12,True,2006-06-23,9999-12-31 00:00:00,57ba6777973fa72b00762a7837254011ed05016dace7d5b7656ab02b6bb73b0b
1430,928,498,50,Subassembly,12.25,120.0,2008-04-30,R,1,369,2014-08-12,True,2006-06-23,9999-12-31 00:00:00,3ecdeabd03e976eac5b43994c45d20b5a2838e3d5008db07585286bd5a5b60ab
1431,929,496,6,Miscellaneous Storage,0.0,0.0,2008-04-30,L,3,385,2014-08-12,True,2006-06-23,9999-12-31 00:00:00,cd98f8af8ef5b454f7f9336232313568b22887b7bec788c767dd77b2319fa3cb
1432,929,496,50,Subassembly,12.25,120.0,2008-04-30,R,3,284,2014-08-12,True,2006-06-23,9999-12-31 00:00:00,e632b50bf86d63b1b50e882c5f4e2a43101934d07c4cf4cebc5dda6426398e19
1433,930,494,6,Miscellaneous Storage,0.0,0.0,2008-04-30,L,5,267,2014-08-12,True,2006-06-23,9999-12-31 00:00:00,992adf5aec7b38795af7fec07659a93a867928b70045e29e0b5797b37361946d
1434,930,494,50,Subassembly,12.25,120.0,2008-04-30,R,5,232,2014-08-12,True,2006-06-23,9999-12-31 00:00:00,9ebd72f2924e4a62924456df50bf2089dbd23996d1564f8b3089fa0b0cdfba67
1435,931,500,6,Miscellaneous Storage,0.0,0.0,2008-04-30,L,6,236,2014-08-12,True,2006-06-23,9999-12-31 00:00:00,b0f8827e737ad5d16e74b2195b496ce9843479c290653a348a354cfb3bd47365
1436,931,500,50,Subassembly,12.25,120.0,2008-04-30,R,6,252,2014-08-12,True,2006-06-23,9999-12-31 00:00:00,6f4e5eae974c18a4c6cc335289e07c296066ba4638814c9e83099beca4f477fd
1437,932,499,6,Miscellaneous Storage,0.0,0.0,2008-04-30,L,8,382,2014-08-12,True,2006-06-23,9999-12-31 00:00:00,6ef53442730eff4803237bd2994a71db4785f0287e01b0cb19ca8b8bd5f5e892
1438,932,499,50,Subassembly,12.25,120.0,2008-04-30,R,7,192,2014-08-12,True,2006-06-23,9999-12-31 00:00:00,b8e5fc80cdd0126f485b66fdfcfa6ddd8c1882e1cfddb96f97d5d3b0f546c9b9
1439,933,495,6,Miscellaneous Storage,0.0,0.0,2008-04-30,L,10,299,2014-08-08,True,2006-06-23,9999-12-31 00:00:00,fe1bb90e79f828cc17d5329d48adf98a12e427dd2da3da580c8a73c26b2aa957
1440,933,495,50,Subassembly,12.25,120.0,2008-04-30,R,9,228,2014-08-08,True,2006-06-23,9999-12-31 00:00:00,61ffc89bf956b35e05f694356fa12f0c9a814041fa1ac807592ed4e196df775d
1441,934,497,6,Miscellaneous Storage,0.0,0.0,2008-04-30,L,11,233,2014-08-08,True,2006-06-23,9999-12-31 00:00:00,a712d08c405760cb47b4142f019bdcdda4dcc39f5be3dbaf0ac3cef192eb4809
1442,934,497,50,Subassembly,12.25,120.0,2008-04-30,R,11,249,2014-08-08,True,2006-06-23,9999-12-31 00:00:00,8d428e6212954c739f45ca2f429ca72b222716302537c077ee1ddc3a325ed315
1443,935,9,1,Tool Crib,0.0,0.0,2008-04-30,E,24,174,2014-08-10,True,2006-06-23,9999-12-31 00:00:00,5c78039d10e4a571b0b22dd42fc3b70d849d2d6b41712f5abbcf9a68ae3d04a7
1444,935,9,6,Miscellaneous Storage,0.0,0.0,2008-04-30,M,1,182,2014-08-10,True,2006-06-23,9999-12-31 00:00:00,e9e657ede3650b2703244119f3a80122e81e75d85a6d0571a365bf0f885e8a44
1445,935,9,50,Subassembly,12.25,120.0,2008-04-30,W,1,156,2014-08-10,True,2006-06-23,9999-12-31 00:00:00,c42f3fbe4de2b0061ca2cee863008aa827be98aeffdb3b544096460430b09219
1446,936,7,1,Tool Crib,0.0,0.0,2008-04-30,E,25,172,2014-08-10,True,2006-06-23,9999-12-31 00:00:00,9731967730c8bd90329483286bd9c0db70ab2df0c69e3d8e9bbe0a76fce608f8
1447,936,7,6,Miscellaneous Storage,0.0,0.0,2008-04-30,M,2,180,2014-08-10,True,2006-06-23,9999-12-31 00:00:00,295e21a8a15e34d2ca5f31b2be22cd839ebf05f803b68119cd9050213a44c9e8
1448,936,7,50,Subassembly,12.25,120.0,2008-04-30,W,2,155,2014-08-10,True,2006-06-23,9999-12-31 00:00:00,a0633059141f80a1e93794133ea97859d069a0135ab18f9b625afc7b3c2611fc
1449,937,4,1,Tool Crib,0.0,0.0,2008-04-30,E,20,171,2014-08-11,True,2006-06-23,9999-12-31 00:00:00,b46d37d075aa682b5751af5aba425b5a4c491f38c76dc86dd6faadd06a73e47d
1450,937,4,6,Miscellaneous Storage,0.0,0.0,2008-04-30,M,9,179,2014-08-11,True,2006-06-23,9999-12-31 00:00:00,196bafb76ea3f1427ac734630720fe780366c5c25ebd65dfcad979c83288c685
1451,937,4,50,Subassembly,12.25,120.0,2008-04-30,W,9,153,2014-08-11,True,2006-06-23,9999-12-31 00:00:00,75241e0aaf63948753d80b72b7686aa56c6ec8b6675bc95983b8748e743548bc
1452,938,10,1,Tool Crib,0.0,0.0,2008-04-30,E,21,169,2014-08-11,True,2006-06-23,9999-12-31 00:00:00,de9788b5509e5f3c02bf2de4913a7c8904ed6514266631120a57bee09697e41b
1453,938,10,6,Miscellaneous Storage,0.0,0.0,2008-04-30,M,10,177,2014-08-11,True,2006-06-23,9999-12-31 00:00:00,f068a0ec7639648352a2bc7d80bba9a182a8359c09da9813d862194897f0f968
1454,938,10,50,Subassembly,12.25,120.0,2008-04-30,W,10,152,2014-08-11,True,2006-06-23,9999-12-31 00:00:00,73b079c55a95a41fd4922f45de13e3d3635ad5f031783519d58883f38f104c67
1455,939,8,1,Tool Crib,0.0,0.0,2008-04-30,E,16,168,2014-08-11,True,2006-06-23,9999-12-31 00:00:00,687e7c25435692659ecb6fbd089acd8f53126ef637af0747e6fffd9e99bbd162
1456,939,8,6,Miscellaneous Storage,0.0,0.0,2008-04-30,M,3,176,2014-08-11,True,2006-06-23,9999-12-31 00:00:00,4fefd183f56c21c1b79276b4b5cf6282874860886b800b24c671ce7ae375ed83
1457,939,8,50,Subassembly,12.25,120.0,2008-04-30,W,7,150,2014-08-11,True,2006-06-23,9999-12-31 00:00:00,4dc62925dad8ce48d263a0f84750262b7f9ba07cdfb03e1f3dc65a3ba907f5f7
1458,940,5,1,Tool Crib,0.0,0.0,2008-04-30,E,17,316,2014-08-05,True,2006-06-23,9999-12-31 00:00:00,3bb1eeca6da34ef553392ee38120bcf1cb27c548c513b758b4fd52349a3e4a70
1459,940,5,6,Miscellaneous Storage,0.0,0.0,2008-04-30,M,4,267,2014-08-05,True,2006-06-23,9999-12-31 00:00:00,ab2749c3794f4f263d0ca3bd3ffaf4c0b7e74a1e09d7de2db23184c92598347c
1460,940,5,50,Subassembly,12.25,120.0,2008-04-30,W,8,323,2014-08-05,True,2006-06-23,9999-12-31 00:00:00,2d29f54f3fb79bcfbaf6f6c00b9199b944bd7e502c485b0857041f01d91e2648
1461,941,6,1,Tool Crib,0.0,0.0,2008-04-30,E,14,235,2014-08-09,True,2006-06-23,9999-12-31 00:00:00,4d8531f2bfbe1799b327d0fbaaa3cc14c80fcd3cda480aa6db29aad36ce0bfe7
1462,941,6,6,Miscellaneous Storage,0.0,0.0,2008-04-30,M,5,262,2014-08-09,True,2006-06-23,9999-12-31 00:00:00,73493648ea185c1a72da1b191ff1bc65f562f337bc56048ae9621d6789a764f9
1463,941,6,50,Subassembly,12.25,120.0,2008-04-30,W,3,388,2014-08-09,True,2006-06-23,9999-12-31 00:00:00,c0bd5fd317736f8f318a6c48b39125f72b7251161f232e3f7bf69a19b6276d5f
1464,942,408,10,Frame Forming,22.5,96.0,2008-04-30,N/A,0,120,2013-04-30,True,2006-06-23,9999-12-31 00:00:00,75e454de2a4ac7d43cb17f531791d70c741d9d8f7907c43968c300379249fe6a
1465,942,408,20,Frame Welding,25.0,108.0,2008-04-30,N/A,0,160,2013-04-30,True,2006-06-23,9999-12-31 00:00:00,b823acbb1ac12c1308d0ab6eb6b23cc187c223c0d77aedabcc82c6dbf74c6521
1466,942,408,30,Debur and Polish,14.5,120.0,2008-04-30,N/A,0,147,2013-04-30,True,2006-06-23,9999-12-31 00:00:00,be1e7b93c704e9ff4bdca27775d30945c113287893fbc60392fa2a8fcb1e64d7
1467,942,408,45,Specialized Paint,18.0,80.0,2008-04-30,N/A,0,105,2013-04-30,True,2006-06-23,9999-12-31 00:00:00,c95b333fcfa2f82b22100b771db52dcb0f09fc8430b93b9884364580687f2271
1468,942,408,50,Subassembly,12.25,120.0,2008-04-30,N/A,0,158,2013-04-30,True,2006-06-23,9999-12-31 00:00:00,2b4620af88f23205d55f48e884aa488ff22027a77685cb91cf32e2376cf2df3d
1469,942,408,60,Final Assembly,12.25,120.0,2008-04-30,N/A,0,136,2013-04-30,True,2006-06-23,9999-12-31 00:00:00,6857f8ff0dcc219e953807d7e865435aed4aedfee4c7fa96f788d984ccddd4ac
1470,943,424,10,Frame Forming,22.5,96.0,2008-04-30,N/A,0,102,2013-04-30,True,2006-06-23,9999-12-31 00:00:00,9c8b9b0c549b13a32577993fce9383c0accabce8a9ed2496424d785b955e2454
1471,943,424,20,Frame Welding,25.0,108.0,2008-04-30,N/A,0,142,2013-04-30,True,2006-06-23,9999-12-31 00:00:00,6e587cca432f24f3753d693eb35aa732901e6461a09962c3ce5b1ce68575cbe6
1472,943,424,30,Debur and Polish,14.5,120.0,2008-04-30,N/A,0,129,2013-04-30,True,2006-06-23,9999-12-31 00:00:00,68f34c2544247c82fbaf4edbe518d605efeeaff016e25dd73e66c705f4dad28e
1473,943,424,40,Paint,15.75,120.0,2008-04-30,N/A,0,88,2013-04-30,True,2006-06-23,9999-12-31 00:00:00,e690b89fdbc6264495fda1811ba9d3cfda96d4601cc0aa3101dcd7f97c467cfa
1474,943,424,50,Subassembly,12.25,120.0,2008-04-30,N/A,0,140,2013-04-30,True,2006-06-23,9999-12-31 00:00:00,83710f455e76dbcbf265d77168334d58025c2e7c142620c8ae92b7c05930a0f1
1475,943,424,60,Final Assembly,12.25,120.0,2008-04-30,N/A,0,118,2013-04-30,True,2006-06-23,9999-12-31 00:00:00,2d5fb5d30bcff612b9c6ab6326190dcefad31aae09ed43e38a1d41730f582a83
1476,944,419,10,Frame Forming,22.5,96.0,2008-04-30,N/A,0,112,2013-04-30,True,2006-06-23,9999-12-31 00:00:00,7e9708b4b6870f0bd7dbad785c4a76899e136401d6412e16e77215e35f20200d
1477,944,419,20,Frame Welding,25.0,108.0,2008-04-30,N/A,0,96,2013-04-30,True,2006-06-23,9999-12-31 00:00:00,3a499ce2886e6f8950b2ae83940c4cdd97c90cfd80836cc0df7775d0b77b1cfb
1478,944,419,30,Debur and Polish,14.5,120.0,2008-04-30,N/A,0,123,2013-04-30,True,2006-06-23,9999-12-31 00:00:00,ab30e00b0ace49f85a43bef3361b8ccdb44f4f402e0b0c5b02f7dbbe64597138
1479,944,419,45,Specialized Paint,18.0,80.0,2008-04-30,N/A,0,136,2013-04-30,True,2006-06-23,9999-12-31 00:00:00,85bc76bd67bb1b7277c5114accff63c16d3edab7ed810af6dbcc44974e5bdd9f
1480,944,419,50,Subassembly,12.25,120.0,2008-04-30,N/A,0,81,2013-04-30,True,2006-06-23,9999-12-31 00:00:00,4887be1a60e22051568b2fa336999d6c0265a80920bf4814dc172c1dbf6622bf
1481,944,419,60,Final Assembly,12.25,120.0,2008-04-30,N/A,0,134,2013-04-30,True,2006-06-23,9999-12-31 00:00:00,ec3f4d59d15de134a9709a78a980de96b56670b28e9df5bf6724d0286499d045
1482,945,48,5,Metal Storage,0.0,0.0,2008-04-30,J,4,347,2013-04-30,True,2006-06-23,9999-12-31 00:00:00,e8122c546b8237d7a78196567b53c57cf030463b65ab0df42a326026a22cc426
1483,945,48,10,Frame Forming,22.5,96.0,2008-04-30,C,5,236,2013-04-30,True,2006-06-23,9999-12-31 00:00:00,71ebabe4a7f752ca68cdd27207ea4cde62db0d4fcfa22c9f585071f567e14e9d
1484,945,48,50,Subassembly,12.25,120.0,2008-04-30,A,4,270,2013-04-30,True,2006-06-23,9999-12-31 00:00:00,22b890b3f2c4e00b13f4f8c5b02bd3b638d0d1e0447a9b39b198fa9802a978df
1485,946,453,10,Frame Forming,22.5,96.0,2008-04-30,E,10,248,2013-04-30,True,2006-06-23,9999-12-31 00:00:00,dc1db31d8856135f83026f4bbc027f9f457bfe3598a8ec567787e3b2433ee688
1486,946,453,20,Frame Welding,25.0,108.0,2008-04-30,S,7,257,2013-04-30,True,2006-06-23,9999-12-31 00:00:00,46ea407a0bc1b0981c56ae4e3071fc04edf4e76e2843ddd396ac85f925d7cf9e
1487,946,453,50,Subassembly,12.25,120.0,2008-04-30,F,9,297,2013-04-30,True,2006-06-23,9999-12-31 00:00:00,b402265dc2736eda4ff38c2721bf62d4b15d34afd85c0927e89dae17ae68f4b6
1488,947,450,10,Frame Forming,22.5,96.0,2008-04-30,E,11,244,2013-04-30,True,2006-06-23,9999-12-31 00:00:00,2ec09b47b12401f186de675d12ee7694f41bc6f70b3c13d937a5718d0890f623
1489,947,450,20,Frame Welding,25.0,108.0,2008-04-30,S,8,254,2013-04-30,True,2006-06-23,9999-12-31 00:00:00,e44f02f94461d24f5623fd8b54ea33daa5193d182ab49f802b1b8ff3a613c0b9
1490,947,450,50,Subassembly,12.25,120.0,2008-04-30,F,10,294,2013-04-30,True,2006-06-23,9999-12-31 00:00:00,cae2b2e1567f93627e2ee8ec893a270c5853ba50dcc9d51ed98579dd1b8596b4
1491,948,447,5,Metal Storage,0.0,0.0,2008-04-30,J,1,347,2014-08-12,True,2006-06-23,9999-12-31 00:00:00,a32124189807ee891b4e3a6934f36c5e8fe30eaaff6120624a00afc3651cb9a7
1492,948,447,50,Subassembly,12.25,120.0,2008-04-30,A,1,420,2014-08-12,True,2006-06-23,9999-12-31 00:00:00,db23388e9127c577db3ed28abc58a78f753e69d01fb98daaa9ecc8c0351712fd
1493,949,307,1,Tool Crib,0.0,0.0,2008-04-30,E,1,265,2013-04-30,True,2006-06-23,9999-12-31 00:00:00,1bec6d78deb0ec4de26ca9939c7dec9b9cf1947a9793a17a4939b6c0f9ef2e70
1494,949,307,5,Metal Storage,0.0,0.0,2008-04-30,A,14,336,2013-04-30,True,2006-06-23,9999-12-31 00:00:00,a714d6844972adc6210f9eee91b6f86dff08bd2543e1262b6e612a0e4e185e85
1495,949,307,50,Subassembly,12.25,120.0,2008-04-30,A,30,284,2013-04-30,True,2006-06-23,9999-12-31 00:00:00,439cb5ca144133a9cbcbe8c626b7bc4dccdec816a8bb1f5d864f7bd7a96d29d5
1496,950,306,1,Tool Crib,0.0,0.0,2008-04-30,E,2,272,2013-04-30,True,2006-06-23,9999-12-31 00:00:00,f41eed13e6bd0805246a65285d44a53e823afcf54454f02a0eaf548425f08e51
1497,950,306,5,Metal Storage,0.0,0.0,2008-04-30,A,15,342,2013-04-30,True,2006-06-23,9999-12-31 00:00:00,23dab0329ffb4f9645ff2d826ae72a0ef659d4d0a7a768398cbfbbe99d995152
1498,950,306,50,Subassembly,12.25,120.0,2008-04-30,A,31,291,2013-04-30,True,2006-06-23,9999-12-31 00:00:00,d0897cf3e8b1dd802b88c01eea50f364faff5760c08c26cacc65ad4906e834ad
1499,951,305,1,Tool Crib,0.0,0.0,2008-04-30,E,3,278,2013-04-30,True,2006-06-23,9999-12-31 00:00:00,8ab11b8b586689ae596add4fdd54d949bd519c8237a919a5d20cd2797a6d28bd
1500,951,305,5,Metal Storage,0.0,0.0,2008-04-30,A,16,348,2013-04-30,True,2006-06-23,9999-12-31 00:00:00,e7fc8644e4b926d30e472767e612da7f65b3535b2fad2d44fdaac86abf1627a0
1501,951,305,50,Subassembly,12.25,120.0,2008-04-30,A,32,297,2013-04-30,True,2006-06-23,9999-12-31 00:00:00,be33096d69da0851532164c7fa2d3f77a1044e72261587ad3bb65887fa6df5b7
1502,952,493,1,Tool Crib,0.0,0.0,2008-04-30,C,5,236,2014-08-08,True,2006-06-23,9999-12-31 00:00:00,d7902bed80ede61b7e05937d5d1a891947461be5f9a1bf0dac6332117e4bf8b6
1503,952,493,5,Metal Storage,0.0,0.0,2008-04-30,A,5,192,2014-08-08,True,2006-06-23,9999-12-31 00:00:00,4dbd28f97ea9e0c3d624cc4f35643a21658444347ef74512654033b78ae16663
1504,952,493,50,Subassembly,12.25,120.0,2008-04-30,A,25,161,2014-08-08,True,2006-06-23,9999-12-31 00:00:00,501dcbce73f49dc3bf4ebad1fad749c59a421d9553fe1d69524f98f77c325c36
1505,953,514,7,Finished Goods Storage,0.0,0.0,2008-04-30,N/A,0,116,2013-04-30,True,2006-06-23,9999-12-31 00:00:00,16144fe0767f07b0ca4d8c9b7687ac3ad7d65a229ea468d08dc8b4b20f10e60e
1506,953,514,60,Final Assembly,12.25,120.0,2008-04-30,N/A,0,49,2013-04-30,True,2006-06-23,9999-12-31 00:00:00,35ffe6708f2b311c5756ecd453325760a87d0d34d2e9db236d5c4a41648d62e6
1507,954,506,7,Finished Goods Storage,0.0,0.0,2008-04-30,N/A,0,65,2013-04-30,True,2006-06-23,9999-12-31 00:00:00,46e62178a0bd4ad73bc2967c742629385cc9019f386e116064f97e4f5bce62be
1508,954,506,60,Final Assembly,12.25,120.0,2008-04-30,N/A,0,83,2013-04-30,True,2006-06-23,9999-12-31 00:00:00,f15e9e6a221456aaa9f854db462dd0513458e7e9f1d3c7bf1abe42d8fe67eed6
1509,955,507,7,Finished Goods Storage,0.0,0.0,2008-04-30,N/A,0,75,2013-04-30,True,2006-06-23,9999-12-31 00:00:00,a30942c506a333149d1d3c84a0f6c667ce5761bf376e01c31f7ef692a3ec833c
1510,955,507,60,Final Assembly,12.25,120.0,2008-04-30,N/A,0,62,2013-04-30,True,2006-06-23,9999-12-31 00:00:00,fd13223dd109d525c97fedd2554863ed74f97341d17e868221df12e0c46f2764
1511,956,508,7,Finished Goods Storage,0.0,0.0,2008-04-30,N/A,0,35,2013-04-30,True,2006-06-23,9999-12-31 00:00:00,f59a6172f233e3999222c017106eaa23a42097e9651ebf4be77ff4be121543d9
1512,956,508,60,Final Assembly,12.25,120.0,2008-04-30,N/A,0,40,2013-04-30,True,2006-06-23,9999-12-31 00:00:00,f2a5267bebf423bd6721d2ced47d671fb0329dde6dc5c6ae2d574e5264ce47b3
1513,957,509,7,Finished Goods Storage,0.0,0.0,2008-04-30,N/A,0,51,2013-04-30,True,2006-06-23,9999-12-31 00:00:00,f0e9ecf652e577677ddc3c06ad2d6d24b9db1ab09aebea49c9bed5bc75a4887a
1514,957,509,60,Final Assembly,12.25,120.0,2008-04-30,N/A,0,100,2013-04-30,True,2006-06-23,9999-12-31 00:00:00,764f178519e73bfc7948240a4ad50d1654fd43583b3cd3069952327d0be7062f
1515,958,527,7,Finished Goods Storage,0.0,0.0,2008-04-30,N/A,0,128,2013-04-30,True,2006-06-23,9999-12-31 00:00:00,788ce834256325405780bc20471887b6f02492fcf14c1a155a92ff770e89f7a2
1516,958,527,60,Final Assembly,12.25,120.0,2008-04-30,N/A,0,35,2013-04-30,True,2006-06-23,9999-12-31 00:00:00,9dafa7c1d668752449ceb821f134a0b3b5404d78a0eb2517b5662f044010cc16
1517,959,526,7,Finished Goods Storage,0.0,0.0,2008-04-30,N/A,0,83,2013-04-30,True,2006-06-23,9999-12-31 00:00:00,f7dcf4f2556ef6a7b9aa59a408649e4ebe7620d942a367c20318882f70babf12
1518,959,526,60,Final Assembly,12.25,120.0,2008-04-30,N/A,0,121,2013-04-30,True,2006-06-23,9999-12-31 00:00:00,d6673ada4b34714e20d00a26fa1baa9b9fb217e92c574761346888a9c33b49f2
1519,960,525,7,Finished Goods Storage,0.0,0.0,2008-04-30,N/A,0,54,2013-04-30,True,2006-06-23,9999-12-31 00:00:00,5170bc4a015d444a8603801777b50f0c2718536791d0556c55379553473790c9
1520,960,525,60,Final Assembly,12.25,120.0,2008-04-30,N/A,0,105,2013-04-30,True,2006-06-23,9999-12-31 00:00:00,d454b9863f5bf4f5ed2301ad5990ad97dda32ef72318f06c1fe793b07d972c33
1521,961,524,7,Finished Goods Storage,0.0,0.0,2008-04-30,N/A,0,88,2013-04-30,True,2006-06-23,9999-12-31 00:00:00,799f71e411d972ccb59164e574b867220dfd2ef03896749e6e271684e4ab9974
1522,961,524,60,Final Assembly,12.25,120.0,2008-04-30,N/A,0,80,2013-04-30,True,2006-06-23,9999-12-31 00:00:00,6d2d049d3bf969c44cbc721ecde15842c2993c8f87a888a3a235bfac5eba3750
1523,962,523,7,Finished Goods Storage,0.0,0.0,2008-04-30,N/A,0,67,2013-04-30,True,2006-06-23,9999-12-31 00:00:00,90c1b4d0eee2bc700b689f1dac688830463e4254402ab651e2c565c613d8fbdc
1524,962,523,60,Final Assembly,12.25,120.0,2008-04-30,N/A,0,107,2013-04-30,True,2006-06-23,9999-12-31 00:00:00,9c0fc79b83ef00a326a7c15141678ff8775100b1614b4a827be04bb5aa3ff9f6
1525,963,522,7,Finished Goods Storage,0.0,0.0,2008-04-30,N/A,0,126,2013-04-30,True,2006-06-23,9999-12-31 00:00:00,255bd4dd014ac56c8c7210cc054ff1fb00409c72704a0df1f218331b8c3b6b2b
1526,963,522,60,Final Assembly,12.25,120.0,2008-04-30,N/A,0,36,2013-04-30,True,2006-06-23,9999-12-31 00:00:00,9dee5cd8aacc0da426e2de249d706a5c6f2b55346c74735f9344a6b4f265f316
1527,964,521,7,Finished Goods Storage,0.0,0.0,2008-04-30,N/A,0,81,2013-04-30,True,2006-06-23,9999-12-31 00:00:00,8640360bd72579ee541a2e4e1f7e6e21e4b00621f959a9caa1baa24740bd6dbd
1528,964,521,60,Final Assembly,12.25,120.0,2008-04-30,N/A,0,116,2013-04-30,True,2006-06-23,9999-12-31 00:00:00,ea98a354ebb56d7cb5d50e0ffdc2b585c32c9a4fbc6edcbe129025b2599a0570
1529,965,520,7,Finished Goods Storage,0.0,0.0,2008-04-30,N/A,0,91,2013-04-30,True,2006-06-23,9999-12-31 00:00:00,47eaf31ffdf122312e372460df90609ef4c631049db2ab44a368dcf133f51e24
1530,965,520,60,Final Assembly,12.25,120.0,2008-04-30,N/A,0,72,2013-04-30,True,2006-06-23,9999-12-31 00:00:00,19dd980d5a2459db30273746c5ec83c6084634e7c76d520231071642c3365d33
1531,966,513,7,Finished Goods Storage,0.0,0.0,2008-04-30,N/A,0,99,2013-04-30,True,2006-06-23,9999-12-31 00:00:00,b8ed67c600cc37aa9d5b512e60f781905f4b5c8791ed47fdc6059b4a349a4dae
1532,966,513,60,Final Assembly,12.25,120.0,2008-04-30,N/A,0,86,2013-04-30,True,2006-06-23,9999-12-31 00:00:00,70ee906325752a6dd8bbf69a03dc7566fdb31e795227a9193c3344c032593d09
1533,967,512,7,Finished Goods Storage,0.0,0.0,2008-04-30,N/A,0,67,2013-04-30,True,2006-06-23,9999-12-31 00:00:00,b219647a0d47ee6e3d3a60c0d2683b6bce285c2d8e1fb15e148382b2eb683f0d
1534,967,512,60,Final Assembly,12.25,120.0,2008-04-30,N/A,0,81,2013-04-30,True,2006-06-23,9999-12-31 00:00:00,b866932e76bfa4d4fa5bee7849903aabcbd0352b4473c217894baa75a6e92bcf
1535,968,511,7,Finished Goods Storage,0.0,0.0,2008-04-30,N/A,0,73,2013-04-30,True,2006-06-23,9999-12-31 00:00:00,ac623a5ea076f9550c70430630eac279ef53b3189e03e4c366410e85f70c46f5
1536,968,511,60,Final Assembly,12.25,120.0,2008-04-30,N/A,0,60,2013-04-30,True,2006-06-23,9999-12-31 00:00:00,024840c27b4040e1c07cbacabe2c402f170e9c0dbbeb777fb67118e29e3ad63d
1537,969,510,7,Finished Goods Storage,0.0,0.0,2008-04-30,N/A,0,30,2013-04-30,True,2006-06-23,9999-12-31 00:00:00,1a49fd693c95594508401e74793875b272a3f651c660644c322c861857ba2d0b
1538,969,510,60,Final Assembly,12.25,120.0,2008-04-30,N/A,0,99,2013-04-30,True,2006-06-23,9999-12-31 00:00:00,7aad08c24f84871be29c2f4ed2fdad5ae50dac10841e5117ed4fe26a0845665e
1539,970,517,7,Finished Goods Storage,0.0,0.0,2008-04-30,N/A,0,73,2013-04-30,True,2006-06-23,9999-12-31 00:00:00,96e8b2d53ca48e81951fad2ec6ede9022ed44e8ce786ac48f8f774db4abfb28e
1540,970,517,60,Final Assembly,12.25,120.0,2008-04-30,N/A,0,60,2013-04-30,True,2006-06-23,9999-12-31 00:00:00,c16033d369ad5a941ad45a2f8b46095ff4f1460dbb68ed8535eb1e48b17f1a32
1541,971,516,7,Finished Goods Storage,0.0,0.0,2008-04-30,N/A,0,104,2013-04-30,True,2006-06-23,9999-12-31 00:00:00,ff6cc9b91881a5f50aba876aa6759a06337c16ca53ab5d962e883bdc5bcde0c6
1542,971,516,60,Final Assembly,12.25,120.0,2008-04-30,N/A,0,123,2013-04-30,True,2006-06-23,9999-12-31 00:00:00,cf13f122196fb965440a97bedcfddef5f50137579a60cc98a633e9a8f16197a5
1543,972,515,7,Finished Goods Storage,0.0,0.0,2008-04-30,N/A,0,30,2013-04-30,True,2006-06-23,9999-12-31 00:00:00,1b5570ded0af1f2795dd8cfd99d2911350f820e268c5c85e87d2bbaef022b040
1544,972,515,60,Final Assembly,12.25,120.0,2008-04-30,N/A,0,99,2013-04-30,True,2006-06-23,9999-12-31 00:00:00,c4da5c802298b5ccecdeda8850f5a39643f4f3c64bdaa5e33446b3e1fa61debd
1545,973,326,7,Finished Goods Storage,0.0,0.0,2008-04-30,N/A,0,99,2013-04-30,True,2006-06-23,9999-12-31 00:00:00,c1c3e96452da223f2ca1fb9ce40600383238abed81e41b8b37295db0db108738
1546,973,326,60,Final Assembly,12.25,120.0,2008-04-30,N/A,0,86,2013-04-30,True,2006-06-23,9999-12-31 00:00:00,2aed6be2fb470802010766e3a0c14592f6ffa95e4f00c746f14ea117e934b0cd
1547,974,327,7,Finished Goods Storage,0.0,0.0,2008-04-30,N/A,0,67,2013-04-30,True,2006-06-23,9999-12-31 00:00:00,21afad59998a2baa6c92218f3700ccc26b1162e718843eb208775af8cb7e3d11
1548,974,327,60,Final Assembly,12.25,120.0,2008-04-30,N/A,0,81,2013-04-30,True,2006-06-23,9999-12-31 00:00:00,359375998b3723dd2c99dc388653950316a1d404939fbf6f76b31eb4b4ec1e47
1549,975,328,7,Finished Goods Storage,0.0,0.0,2008-04-30,N/A,0,73,2013-04-30,True,2006-06-23,9999-12-31 00:00:00,dcf0729bdb04fe3064a1beb619f5c6b865d9c3be6d48e06ec33c4b7f6621b78e
1550,975,328,60,Final Assembly,12.25,120.0,2008-04-30,N/A,0,60,2013-04-30,True,2006-06-23,9999-12-31 00:00:00,178f80abf6be9772c2c1a7af2391e508ea56a50d157156bde01ac874bb63fe1e
1551,976,329,7,Finished Goods Storage,0.0,0.0,2008-04-30,N/A,0,104,2013-04-30,True,2006-06-23,9999-12-31 00:00:00,9dc0cc610bdc4cc4c248881c5710fa3b4e0e22dd59e2b1bc4facd47a163a6691
1552,976,329,60,Final Assembly,12.25,120.0,2008-04-30,N/A,0,123,2013-04-30,True,2006-06-23,9999-12-31 00:00:00,ace8fe67792f46dbc0c2405d584af28e11340b8f2717c72c1699dae61aef5066
1553,977,352,7,Finished Goods Storage,0.0,0.0,2008-04-30,N/A,0,88,2013-04-30,True,2006-06-23,9999-12-31 00:00:00,55b8aefb9fe91b396d53beefda67fe3ed6a0da588d17b7165f3a22694ec1a9ea
1554,977,352,60,Final Assembly,12.25,120.0,2008-04-30,N/A,0,65,2013-04-30,True,2006-06-23,9999-12-31 00:00:00,7c8c080241d6989b401574abc878684c160b2660c38c46fad34c62c19e5c9ccd
1555,978,519,7,Finished Goods Storage,0.0,0.0,2008-04-30,N/A,0,91,2013-04-30,True,2006-06-23,9999-12-31 00:00:00,9d7c2c213e6522958e5eab79ef8d943f589289b5c838797a7883459ddf051b16
1556,978,519,60,Final Assembly,12.25,120.0,2008-04-30,N/A,0,72,2013-04-30,True,2006-06-23,9999-12-31 00:00:00,15539307444c816488db0e7c4df7febc4dc1f47ca23fdbbb865e04e41d442950
1557,979,518,7,Finished Goods Storage,0.0,0.0,2008-04-30,N/A,0,86,2013-04-30,True,2006-06-23,9999-12-31 00:00:00,8364d0c1a3fecade691551fe88f595becd40170c947b43de0711cbfbaf6f29c9
1558,979,518,60,Final Assembly,12.25,120.0,2008-04-30,N/A,0,78,2013-04-30,True,2006-06-23,9999-12-31 00:00:00,18e73922ae07f68cf29c3c5d3ab7413af26f3f325a1aa659e177c9c54a56fbd4
1559,980,29,7,Finished Goods Storage,0.0,0.0,2008-04-30,N/A,0,51,2013-04-30,True,2006-06-23,9999-12-31 00:00:00,71de25ad0c0fc2d1f6297199f5f202def78597642e2e8e646d30961354f7196f
1560,980,29,60,Final Assembly,12.25,120.0,2008-04-30,N/A,0,99,2013-04-30,True,2006-06-23,9999-12-31 00:00:00,947e19714a609132609d0f0afffe136a5cc09d6a085d8e3d9e3ee12853a3f276
1561,981,30,7,Finished Goods Storage,0.0,0.0,2008-04-30,N/A,0,86,2013-04-30,True,2006-06-23,9999-12-31 00:00:00,f92eed14d478ffd84a9db7407fc165883ff200e577e0f75e7119963f6f386d3e
1562,981,30,60,Final Assembly,12.25,120.0,2008-04-30,N/A,0,67,2013-04-30,True,2006-06-23,9999-12-31 00:00:00,9f539618e1594c478f04eb7785c24b774e6967c53a23cca290c54829581d41ec
1563,982,31,7,Finished Goods Storage,0.0,0.0,2008-04-30,N/A,0,81,2013-04-30,True,2006-06-23,9999-12-31 00:00:00,9bdcefeb9b229bafa1aca37338102ce94d51a9687d0ca1be33ea7a12370e63b8
1564,982,31,60,Final Assembly,12.25,120.0,2008-04-30,N/A,0,73,2013-04-30,True,2006-06-23,9999-12-31 00:00:00,3b2c53d0226c89d2541944b52cefc1079c68522168ca16bfec2832f8bc71787e
1565,983,32,7,Finished Goods Storage,0.0,0.0,2008-04-30,N/A,0,60,2013-04-30,True,2006-06-23,9999-12-31 00:00:00,3ffe08487b6eb61a28595bb1c904e1822dd97e58431fed083ea1532379c2a968
1566,983,32,60,Final Assembly,12.25,120.0,2008-04-30,N/A,0,104,2013-04-30,True,2006-06-23,9999-12-31 00:00:00,7fd2c9ff33bdd5854bb9d630ba6fd85ec972f3a8dd04399a50befc54433c9bdf
1567,984,33,7,Finished Goods Storage,0.0,0.0,2008-04-30,N/A,0,81,2013-04-30,True,2006-06-23,9999-12-31 00:00:00,936c267de36110cb233876d773faadc20f03cea3bfcdc5097a5f5e735cd01700
1568,984,33,60,Final Assembly,12.25,120.0,2008-04-30,N/A,0,73,2013-04-30,True,2006-06-23,9999-12-31 00:00:00,db854a68a440ddc8df2fe880b78f3a0b8084c8b0a7294e35c057d7af7d8c4d06
1569,985,34,7,Finished Goods Storage,0.0,0.0,2008-04-30,N/A,0,60,2013-04-30,True,2006-06-23,9999-12-31 00:00:00,092a0110ad31c1b8e74382e8adb1abacb7912f2985ce01ac1a4d8cc223942870
1570,985,34,60,Final Assembly,12.25,120.0,2008-04-30,N/A,0,104,2013-04-30,True,2006-06-23,9999-12-31 00:00:00,8bfc04e957ab0dc0052f8a3ea51a230bc339ee9bbd5c5f25dc3e6a60a0423bfd
1571,986,35,7,Finished Goods Storage,0.0,0.0,2008-04-30,N/A,0,123,2013-04-30,True,2006-06-23,9999-12-31 00:00:00,091717d3a9daad62e8e178fc8c13717563f648e750cb21a9233468a1dbde249f
1572,986,35,60,Final Assembly,12.25,120.0,2008-04-30,N/A,0,30,2013-04-30,True,2006-06-23,9999-12-31 00:00:00,64e64bf1de196f0825975d18abf0ae100a29161f0480c0fe3c66099a72670435
1573,987,36,7,Finished Goods Storage,0.0,0.0,2008-04-30,N/A,0,99,2013-04-30,True,2006-06-23,9999-12-31 00:00:00,92daff76b86062db42286bae098ebc568a0e20e52cdeffc8a7dde0f53b6de5c6
1574,987,36,60,Final Assembly,12.25,120.0,2008-04-30,N/A,0,56,2013-04-30,True,2006-06-23,9999-12-31 00:00:00,b5dbb77c7f6e7aeaa7e195f6831679ffe778a5278d5377479f483102c7f84fb8
1575,988,37,7,Finished Goods Storage,0.0,0.0,2008-04-30,N/A,0,78,2013-04-30,True,2006-06-23,9999-12-31 00:00:00,da058b9530284148d0ee3474270147e971851ca0698963126b54fce25f44bef7
1576,988,37,60,Final Assembly,12.25,120.0,2008-04-30,N/A,0,116,2013-04-30,True,2006-06-23,9999-12-31 00:00:00,e23882d10dc1a6d19d8b609b359ecebe44ca2853a1264dc36491e3fa56de10ee
1577,989,38,7,Finished Goods Storage,0.0,0.0,2008-04-30,N/A,0,51,2013-04-30,True,2006-06-23,9999-12-31 00:00:00,5ea032a7bf948ba05c615e16a47c593e82102b7e89e1f1e54669ab31022b4678
1578,989,38,60,Final Assembly,12.25,120.0,2008-04-30,N/A,0,99,2013-04-30,True,2006-06-23,9999-12-31 00:00:00,c3bbb0e9786017ba930af4b9afa4cc2ed640a70d34fd820920b08ac3f8d05c95
1579,990,39,7,Finished Goods Storage,0.0,0.0,2008-04-30,N/A,0,86,2013-04-30,True,2006-06-23,9999-12-31 00:00:00,311ba9eae21f7a92addfcea20041afe630cb43c72242c6b61f70a030034c6dc2
1580,990,39,60,Final Assembly,12.25,120.0,2008-04-30,N/A,0,67,2013-04-30,True,2006-06-23,9999-12-31 00:00:00,2aa202d9ab38ef293556005aead941e1e12318e32bfdafbb49b17d3d69c0a561
1581,991,40,7,Finished Goods Storage,0.0,0.0,2008-04-30,N/A,0,81,2013-04-30,True,2006-06-23,9999-12-31 00:00:00,293127952079fb5251bdf26b183b8c8199bcd843ba9b7ccd0d40d4ab81e84e70
1582,991,40,60,Final Assembly,12.25,120.0,2008-04-30,N/A,0,73,2013-04-30,True,2006-06-23,9999-12-31 00:00:00,d79cc5dc020bb8101eb47a16064db77c7de3e20b86ac8a7a808036c23624f5f3
1583,992,41,7,Finished Goods Storage,0.0,0.0,2008-04-30,N/A,0,60,2013-04-30,True,2006-06-23,9999-12-31 00:00:00,52a9bbea5e3fb4c9418f390634f4fea3330794b00028ca88e163b173db8d3e86
1584,992,41,60,Final Assembly,12.25,120.0,2008-04-30,N/A,0,104,2013-04-30,True,2006-06-23,9999-12-31 00:00:00,2b1c07fcf71ed5bacf018e1a07ad0fb713c092ef566bdfd32089a8a926fb83f1
1585,993,42,7,Finished Goods Storage,0.0,0.0,2008-04-30,N/A,0,123,2013-04-30,True,2006-06-23,9999-12-31 00:00:00,0b629fd47196eb24499f079344e0b636908efb2f9e40def013f339f415754fef
1586,993,42,60,Final Assembly,12.25,120.0,2008-04-30,N/A,0,30,2013-04-30,True,2006-06-23,9999-12-31 00:00:00,88fdf0b4c5d86068b885da750d9cbaf5bc8e94ae625e988c29b5442c9cf07468
1587,994,427,1,Tool Crib,0.0,0.0,2008-04-30,A,3,244,2013-04-30,True,2006-06-23,9999-12-31 00:00:00,59ca04efd13b1a9f1c4aeb3f1f5c53dd2dafacd6414ee67fa3397daeac9fb552
1588,994,427,6,Miscellaneous Storage,0.0,0.0,2008-04-30,B,6,358,2013-04-30,True,2006-06-23,9999-12-31 00:00:00,ce30b4c9f951f7c57163d46094fcfb6ce52713386b390e217488cb8db132cc7d
1589,994,427,50,Subassembly,12.25,120.0,2008-04-30,A,7,212,2013-04-30,True,2006-06-23,9999-12-31 00:00:00,0e1bfb6c5adf24a85c75be570e66543ad82197605e31660e08e7cca588cfd481
1590,995,426,1,Tool Crib,0.0,0.0,2008-04-30,A,4,230,2013-04-30,True,2006-06-23,9999-12-31 00:00:00,ca4b901c5f770eef0a294d61481f64ff0bd8ab6eea5816a8c077e6a9fcf78d8a
1591,995,426,6,Miscellaneous Storage,0.0,0.0,2008-04-30,B,7,321,2013-04-30,True,2006-06-23,9999-12-31 00:00:00,fe7dc4e0877b30ae806e6adfe57cfd31f2eb7c879bca7ac0f5335a9e4e4a8215
1592,995,426,50,Subassembly,12.25,120.0,2008-04-30,A,8,265,2013-04-30,True,2006-06-23,9999-12-31 00:00:00,476f00cea921de18e338f6962b041167f587665111fe108ad3f56dd281ced979
1593,996,425,1,Tool Crib,0.0,0.0,2008-04-30,A,5,321,2013-04-30,True,2006-06-23,9999-12-31 00:00:00,41c38a715a06197d705bb1db9c6541f70e4c4fa974ede3f47c6ae96fdb0eb639
1594,996,425,6,Miscellaneous Storage,0.0,0.0,2008-04-30,B,8,475,2013-04-30,True,2006-06-23,9999-12-31 00:00:00,3ced52df5b7f917a7cb6162653409829ab78c2c0618aeebfde4795a0e6bf7b2a
1595,996,425,50,Subassembly,12.25,120.0,2008-04-30,A,9,174,2013-04-30,True,2006-06-23,9999-12-31 00:00:00,8ec83e2732e58f277d1af8f0e3f0ef046b92c97eb2aa7031bed7c8b1fbff6357
1596,997,353,7,Finished Goods Storage,0.0,0.0,2008-04-30,N/A,0,123,2013-04-30,True,2006-06-23,9999-12-31 00:00:00,f6dd30ecbf1c84c0cf6ff242bbf6255a7a06ef2c9a549f406c96a8fefe5f144b
1597,997,353,60,Final Assembly,12.25,120.0,2008-04-30,N/A,0,30,2013-04-30,True,2006-06-23,9999-12-31 00:00:00,6d8664155e80a1c02ff75155c8c3a6273c71bf6b64d7b0a2e97a076e138e4ee3
1598,998,354,7,Finished Goods Storage,0.0,0.0,2008-04-30,N/A,0,99,2013-04-30,True,2006-06-23,9999-12-31 00:00:00,e7db75a706feb747b453825e36167dda38044a168bdb3c959917aa6fb272533a
1599,998,354,60,Final Assembly,12.25,120.0,2008-04-30,N/A,0,56,2013-04-30,True,2006-06-23,9999-12-31 00:00:00,22713651639cb295ab45b78a065b395ff0aaf431c12278f9a0ff5047f52d1bfb
1600,999,355,7,Finished Goods Storage,0.0,0.0,2008-04-30,N/A,0,78,2013-04-30,True,2006-06-23,9999-12-31 00:00:00,56fba15384fc7e11ee3cab05e0158a488b98cbcd06ca14607f50ece76a4ee438
1601,999,355,60,Final Assembly,12.25,120.0,2008-04-30,N/A,0,116,2013-04-30,True,2006-06-23,9999-12-31 00:00:00,aa34b7b252bc28972968fa00d55e4fac6503253c77fd913c1313cef1e7781429
