STOREKEY,BUSINESSENTITYID,STORENAME,SALESPERSONKEY,SALESPERSONID,DEMOGRAPHICS,ROWGUID,STOREMODIFIEDDATE,ISCURRENT,STARTDATE,ENDDATE,HASHDIFF
1,292,Next-Door Bike Store,6,279,"<StoreSurvey xmlns=""http://schemas.microsoft.com/sqlserver/2004/07/adventure-works/StoreSurvey""><AnnualSales>800000</AnnualSales><AnnualRevenue>80000</AnnualRevenue><BankName>United Security</BankName><BusinessType>BM</BusinessType><YearOpened>1996</YearOpened><Specialty>Mountain</Specialty><SquareFeet>21000</SquareFeet><Brands>2</Brands><Internet>ISDN</Internet><NumberEmployees>13</NumberEmployees></StoreSurvey>",,2014-09-12 11:15:07.497,True,2006-06-23,9999-12-31 00:00:00,dbce4e781586bda716ab79490c9f9b91f9df269530c1bc6ca6821ba643c61d4a
2,294,Professional Sales and Service,3,276,"<StoreSurvey xmlns=""http://schemas.microsoft.com/sqlserver/2004/07/adventure-works/StoreSurvey""><AnnualSales>800000</AnnualSales><AnnualRevenue>80000</AnnualRevenue><BankName>International Bank</BankName><BusinessType>BM</BusinessType><YearOpened>1991</YearOpened><Specialty>Touring</Specialty><SquareFeet>18000</SquareFeet><Brands>4+</Brands><Internet>T1</Internet><NumberEmployees>14</NumberEmployees></StoreSurvey>",,2014-09-12 11:15:07.497,True,2006-06-23,9999-12-31 00:00:00,c1cbaf70679f2836ed6afc041bb36b7da32fb7852cf154505c6be7b4d125cb34
3,296,Riders Company,4,277,"<StoreSurvey xmlns=""http://schemas.microsoft.com/sqlserver/2004/07/adventure-works/StoreSurvey""><AnnualSales>800000</AnnualSales><AnnualRevenue>80000</AnnualRevenue><BankName>Primary Bank &amp; Reserve</BankName><BusinessType>BM</BusinessType><YearOpened>1999</YearOpened><Specialty>Road</Specialty><SquareFeet>21000</SquareFeet><Brands>2</Brands><Internet>DSL</Internet><NumberEmployees>15</NumberEmployees></StoreSurvey>",,2014-09-12 11:15:07.497,True,2006-06-23,9999-12-31 00:00:00,889e2f71339645f63c1622721e68f376a501afb418b264c8e9b1614f83322000
4,298,The Bike Mechanics,2,275,"<StoreSurvey xmlns=""http://schemas.microsoft.com/sqlserver/2004/07/adventure-works/StoreSurvey""><AnnualSales>800000</AnnualSales><AnnualRevenue>80000</AnnualRevenue><BankName>International Security</BankName><BusinessType>BM</BusinessType><YearOpened>1994</YearOpened><Specialty>Mountain</Specialty><SquareFeet>18000</SquareFeet><Brands>2</Brands><Internet>DSL</Internet><NumberEmployees>16</NumberEmployees></StoreSurvey>",,2014-09-12 11:15:07.497,True,2006-06-23,9999-12-31 00:00:00,3f720979517b65e147c448fd1841749cbe5d1ee930f060c924477adafde1f523
5,300,Nationwide Supply,13,286,"<StoreSurvey xmlns=""http://schemas.microsoft.com/sqlserver/2004/07/adventure-works/StoreSurvey""><AnnualSales>800000</AnnualSales><AnnualRevenue>80000</AnnualRevenue><BankName>Guardian Bank</BankName><BusinessType>BM</BusinessType><YearOpened>1987</YearOpened><Specialty>Touring</Specialty><SquareFeet>21000</SquareFeet><Brands>4+</Brands><Internet>DSL</Internet><NumberEmployees>17</NumberEmployees></StoreSurvey>",,2014-09-12 11:15:07.497,True,2006-06-23,9999-12-31 00:00:00,4e86a262fb0d31a87d6b3b63589bd0c329e1620ebc21cdba6afb188c97e3ef25
6,302,Area Bike Accessories,8,281,"<StoreSurvey xmlns=""http://schemas.microsoft.com/sqlserver/2004/07/adventure-works/StoreSurvey""><AnnualSales>300000</AnnualSales><AnnualRevenue>30000</AnnualRevenue><BankName>International Bank</BankName><BusinessType>BM</BusinessType><YearOpened>1982</YearOpened><Specialty>Road</Specialty><SquareFeet>9000</SquareFeet><Brands>AW</Brands><Internet>T2</Internet><NumberEmployees>8</NumberEmployees></StoreSurvey>",,2014-09-12 11:15:07.497,True,2006-06-23,9999-12-31 00:00:00,d0e9d6a7c611315b26e627f535b13615bf11313a1f5f19a9a0f3fd398dc48f8f
7,304,Bicycle Accessories and Kits,10,283,"<StoreSurvey xmlns=""http://schemas.microsoft.com/sqlserver/2004/07/adventure-works/StoreSurvey""><AnnualSales>300000</AnnualSales><AnnualRevenue>30000</AnnualRevenue><BankName>Primary Bank &amp; Reserve</BankName><BusinessType>BM</BusinessType><YearOpened>1990</YearOpened><Specialty>Mountain</Specialty><SquareFeet>7000</SquareFeet><Brands>AW</Brands><Internet>T1</Internet><NumberEmployees>9</NumberEmployees></StoreSurvey>",,2014-09-12 11:15:07.497,True,2006-06-23,9999-12-31 00:00:00,1b2c5c2c26c8be4a7c917062ede0808cba9da2a30b1714db30e7b2dc19ef19b4
8,306,Clamps & Brackets Co.,2,275,"<StoreSurvey xmlns=""http://schemas.microsoft.com/sqlserver/2004/07/adventure-works/StoreSurvey""><AnnualSales>800000</AnnualSales><AnnualRevenue>80000</AnnualRevenue><BankName>International Security</BankName><BusinessType>BM</BusinessType><YearOpened>1985</YearOpened><Specialty>Mountain</Specialty><SquareFeet>17000</SquareFeet><Brands>4+</Brands><Internet>DSL</Internet><NumberEmployees>10</NumberEmployees></StoreSurvey>",,2014-09-12 11:15:07.497,True,2006-06-23,9999-12-31 00:00:00,889ef93be2bebddf67c93484344400de265a7932ac31000ff56e133a8ee88686
9,308,Valley Bicycle Specialists,4,277,"<StoreSurvey xmlns=""http://schemas.microsoft.com/sqlserver/2004/07/adventure-works/StoreSurvey""><AnnualSales>3000000</AnnualSales><AnnualRevenue>300000</AnnualRevenue><BankName>Primary Bank &amp; Reserve</BankName><BusinessType>OS</BusinessType><YearOpened>1979</YearOpened><Specialty>Mountain</Specialty><SquareFeet>72000</SquareFeet><Brands>4+</Brands><Internet>DSL</Internet><NumberEmployees>66</NumberEmployees></StoreSurvey>",,2014-09-12 11:15:07.497,True,2006-06-23,9999-12-31 00:00:00,288e768103e74205873dd5505979b5ea0d81b7409e82567b9153b3b1ccad6a42
10,310,New Bikes Company,6,279,"<StoreSurvey xmlns=""http://schemas.microsoft.com/sqlserver/2004/07/adventure-works/StoreSurvey""><AnnualSales>1500000</AnnualSales><AnnualRevenue>150000</AnnualRevenue><BankName>International Security</BankName><BusinessType>OS</BusinessType><YearOpened>1974</YearOpened><Specialty>Road</Specialty><SquareFeet>39000</SquareFeet><Brands>4+</Brands><Internet>T1</Internet><NumberEmployees>40</NumberEmployees></StoreSurvey>",,2014-09-12 11:15:07.497,True,2006-06-23,9999-12-31 00:00:00,4592858af6e38f16f650d674936f48ed871129cf9c3eb0fd45450a8a7ae1c8b8
11,312,Vinyl and Plastic Goods Corporation,9,282,"<StoreSurvey xmlns=""http://schemas.microsoft.com/sqlserver/2004/07/adventure-works/StoreSurvey""><AnnualSales>1500000</AnnualSales><AnnualRevenue>150000</AnnualRevenue><BankName>Primary Bank &amp; Reserve</BankName><BusinessType>OS</BusinessType><YearOpened>1980</YearOpened><Specialty>Mountain</Specialty><SquareFeet>41000</SquareFeet><Brands>4+</Brands><Internet>DSL</Internet><NumberEmployees>43</NumberEmployees></StoreSurvey>",,2014-09-12 11:15:07.497,True,2006-06-23,9999-12-31 00:00:00,baac074429d1afeee3230317723b66cdbf1272cc13fad0376b8e66babc28ebf9
12,314,Top of the Line Bikes,15,288,"<StoreSurvey xmlns=""http://schemas.microsoft.com/sqlserver/2004/07/adventure-works/StoreSurvey""><AnnualSales>1500000</AnnualSales><AnnualRevenue>150000</AnnualRevenue><BankName>International Bank</BankName><BusinessType>OS</BusinessType><YearOpened>1986</YearOpened><Specialty>Touring</Specialty><SquareFeet>40000</SquareFeet><Brands>4+</Brands><Internet>DSL</Internet><NumberEmployees>46</NumberEmployees></StoreSurvey>",,2014-09-12 11:15:07.497,True,2006-06-23,9999-12-31 00:00:00,b4ed634f364a9b7116041efbfb317ba8b2e1adb90e293b09b226d5290a6b1eb7
13,316,Fun Toys and Bikes,8,281,"<StoreSurvey xmlns=""http://schemas.microsoft.com/sqlserver/2004/07/adventure-works/StoreSurvey""><AnnualSales>300000</AnnualSales><AnnualRevenue>30000</AnnualRevenue><BankName>Primary Bank &amp; Reserve</BankName><BusinessType>BM</BusinessType><YearOpened>1973</YearOpened><Specialty>Touring</Specialty><SquareFeet>6000</SquareFeet><Brands>2</Brands><Internet>DSL</Internet><NumberEmployees>2</NumberEmployees></StoreSurvey>",,2014-09-12 11:15:07.497,True,2006-06-23,9999-12-31 00:00:00,92f50d41abfc0018a914038714c653432b2af835ea678bb4fc59ea0a9e163eed
14,318,Great Bikes ,10,283,"<StoreSurvey xmlns=""http://schemas.microsoft.com/sqlserver/2004/07/adventure-works/StoreSurvey""><AnnualSales>300000</AnnualSales><AnnualRevenue>30000</AnnualRevenue><BankName>International Security</BankName><BusinessType>BM</BusinessType><YearOpened>1981</YearOpened><Specialty>Mountain</Specialty><SquareFeet>10000</SquareFeet><Brands>4+</Brands><Internet>T3</Internet><NumberEmployees>3</NumberEmployees></StoreSurvey>",,2014-09-12 11:15:07.497,True,2006-06-23,9999-12-31 00:00:00,48ea4415a46c45d3251d995727f3311d31322ce1456d597473a80945f4cff5a6
15,320,Metropolitan Sales and Rental,2,275,"<StoreSurvey xmlns=""http://schemas.microsoft.com/sqlserver/2004/07/adventure-works/StoreSurvey""><AnnualSales>300000</AnnualSales><AnnualRevenue>30000</AnnualRevenue><BankName>Guardian Bank</BankName><BusinessType>BM</BusinessType><YearOpened>1976</YearOpened><Specialty>Road</Specialty><SquareFeet>6000</SquareFeet><Brands>AW</Brands><Internet>T1</Internet><NumberEmployees>4</NumberEmployees></StoreSurvey>",,2014-09-12 11:15:07.497,True,2006-06-23,9999-12-31 00:00:00,f7242a3fcc7419ca0c218904f9c1a5d03e6c8236ed50954d8bf3d551ad1f5f99
16,322,Irregulars Outlet,15,288,"<StoreSurvey xmlns=""http://schemas.microsoft.com/sqlserver/2004/07/adventure-works/StoreSurvey""><AnnualSales>300000</AnnualSales><AnnualRevenue>30000</AnnualRevenue><BankName>Primary International</BankName><BusinessType>BM</BusinessType><YearOpened>1984</YearOpened><Specialty>Mountain</Specialty><SquareFeet>7000</SquareFeet><Brands>AW</Brands><Internet>DSL</Internet><NumberEmployees>5</NumberEmployees></StoreSurvey>",,2014-09-12 11:15:07.497,True,2006-06-23,9999-12-31 00:00:00,34f0bc3f6519ed5d0df7b6203eb5cf27422671fa79cc93246c7d4dba1e0ae58c
17,324,Valley Toy Store,9,282,"<StoreSurvey xmlns=""http://schemas.microsoft.com/sqlserver/2004/07/adventure-works/StoreSurvey""><AnnualSales>300000</AnnualSales><AnnualRevenue>30000</AnnualRevenue><BankName>Reserve Security</BankName><BusinessType>BM</BusinessType><YearOpened>1979</YearOpened><Specialty>Mountain</Specialty><SquareFeet>9000</SquareFeet><Brands>2</Brands><Internet>T1</Internet><NumberEmployees>6</NumberEmployees></StoreSurvey>",,2014-09-12 11:15:07.497,True,2006-06-23,9999-12-31 00:00:00,09b4daa12dfec52e2836cd3d3270c2f03c226cb9833397e5cf0532ca3c9c54a9
18,326,Worthwhile Activity Store,6,279,"<StoreSurvey xmlns=""http://schemas.microsoft.com/sqlserver/2004/07/adventure-works/StoreSurvey""><AnnualSales>300000</AnnualSales><AnnualRevenue>30000</AnnualRevenue><BankName>United Security</BankName><BusinessType>BM</BusinessType><YearOpened>1987</YearOpened><Specialty>Mountain</Specialty><SquareFeet>8000</SquareFeet><Brands>2</Brands><Internet>DSL</Internet><NumberEmployees>7</NumberEmployees></StoreSurvey>",,2014-09-12 11:15:07.497,True,2006-06-23,9999-12-31 00:00:00,8e8e2bdf9f6d632e8b7f94788a7386365bcbaa375e1003e139a941a6bf70aac5
19,328,Purchase Mart,2,275,"<StoreSurvey xmlns=""http://schemas.microsoft.com/sqlserver/2004/07/adventure-works/StoreSurvey""><AnnualSales>1500000</AnnualSales><AnnualRevenue>150000</AnnualRevenue><BankName>United Security</BankName><BusinessType>OS</BusinessType><YearOpened>1992</YearOpened><Specialty>Touring</Specialty><SquareFeet>38000</SquareFeet><Brands>3</Brands><Internet>ISDN</Internet><NumberEmployees>49</NumberEmployees></StoreSurvey>",,2014-09-12 11:15:07.497,True,2006-06-23,9999-12-31 00:00:00,982688d8f7cfbc834367682bbf0b51f6562b37f7df6df96baec46f1b41388e77
20,330,Major Sport Suppliers,10,283,"<StoreSurvey xmlns=""http://schemas.microsoft.com/sqlserver/2004/07/adventure-works/StoreSurvey""><AnnualSales>3000000</AnnualSales><AnnualRevenue>300000</AnnualRevenue><BankName>Reserve Security</BankName><BusinessType>OS</BusinessType><YearOpened>1998</YearOpened><Specialty>Mountain</Specialty><SquareFeet>68000</SquareFeet><Brands>3</Brands><Internet>DSL</Internet><NumberEmployees>52</NumberEmployees></StoreSurvey>",,2014-09-12 11:15:07.497,True,2006-06-23,9999-12-31 00:00:00,e151d65862771f1f16c458e7ab92e0dfec2581b91e9a2ab3dd228fb691248257
21,332,Family's Favorite Bike Shop,5,278,"<StoreSurvey xmlns=""http://schemas.microsoft.com/sqlserver/2004/07/adventure-works/StoreSurvey""><AnnualSales>800000</AnnualSales><AnnualRevenue>80000</AnnualRevenue><BankName>Primary International</BankName><BusinessType>BM</BusinessType><YearOpened>1997</YearOpened><Specialty>Mountain</Specialty><SquareFeet>21000</SquareFeet><Brands>3</Brands><Internet>ISDN</Internet><NumberEmployees>18</NumberEmployees></StoreSurvey>",,2014-09-12 11:15:07.497,True,2006-06-23,9999-12-31 00:00:00,7a1d95766f1a498597bbbf1ad146db2df207c3e54c9aa4a706f29e207fe13a00
22,334,Global Plaza,6,279,"<StoreSurvey xmlns=""http://schemas.microsoft.com/sqlserver/2004/07/adventure-works/StoreSurvey""><AnnualSales>800000</AnnualSales><AnnualRevenue>80000</AnnualRevenue><BankName>Reserve Security</BankName><BusinessType>BM</BusinessType><YearOpened>1975</YearOpened><Specialty>Mountain</Specialty><SquareFeet>19000</SquareFeet><Brands>3</Brands><Internet>DSL</Internet><NumberEmployees>19</NumberEmployees></StoreSurvey>",,2014-09-12 11:15:07.497,True,2006-06-23,9999-12-31 00:00:00,5fa2bc55901a2be97b79c6c678348c4c5d714e618275988e82da89f42dfceeef
23,336,Imported and Domestic Cycles,3,276,"<StoreSurvey xmlns=""http://schemas.microsoft.com/sqlserver/2004/07/adventure-works/StoreSurvey""><AnnualSales>1000000</AnnualSales><AnnualRevenue>100000</AnnualRevenue><BankName>United Security</BankName><BusinessType>BM</BusinessType><YearOpened>2000</YearOpened><Specialty>Road</Specialty><SquareFeet>24000</SquareFeet><Brands>2</Brands><Internet>T1</Internet><NumberEmployees>20</NumberEmployees></StoreSurvey>",,2014-09-12 11:15:07.497,True,2006-06-23,9999-12-31 00:00:00,0a381142f12bc8688b82107eaef55d1e9dfed0ed705b5fca02254723df4965ac
24,338,Systematic Sales,8,281,"<StoreSurvey xmlns=""http://schemas.microsoft.com/sqlserver/2004/07/adventure-works/StoreSurvey""><AnnualSales>3000000</AnnualSales><AnnualRevenue>300000</AnnualRevenue><BankName>Primary International</BankName><BusinessType>OS</BusinessType><YearOpened>1999</YearOpened><Specialty>Touring</Specialty><SquareFeet>73000</SquareFeet><Brands>4+</Brands><Internet>DSL</Internet><NumberEmployees>55</NumberEmployees></StoreSurvey>",,2014-09-12 11:15:07.497,True,2006-06-23,9999-12-31 00:00:00,35b4e96a1449915c6ed2095fc052e09d0ffca66c20d41615bf8a981f03d3be80
25,340,eCommerce Bikes,6,279,"<StoreSurvey xmlns=""http://schemas.microsoft.com/sqlserver/2004/07/adventure-works/StoreSurvey""><AnnualSales>3000000</AnnualSales><AnnualRevenue>300000</AnnualRevenue><BankName>Guardian Bank</BankName><BusinessType>OS</BusinessType><YearOpened>1999</YearOpened><Specialty>Mountain</Specialty><SquareFeet>69000</SquareFeet><Brands>2</Brands><Internet>DSL</Internet><NumberEmployees>58</NumberEmployees></StoreSurvey>",,2014-09-12 11:15:07.497,True,2006-06-23,9999-12-31 00:00:00,76dfecbca2076e9f705945011e26b9caaba42ed9ffb8efd80f2bf5f36ed2df07
26,342,Mountain Toy Store,4,277,"<StoreSurvey xmlns=""http://schemas.microsoft.com/sqlserver/2004/07/adventure-works/StoreSurvey""><AnnualSales>800000</AnnualSales><AnnualRevenue>80000</AnnualRevenue><BankName>International Bank</BankName><BusinessType>BM</BusinessType><YearOpened>2000</YearOpened><Specialty>Road</Specialty><SquareFeet>18000</SquareFeet><Brands>4+</Brands><Internet>DSL</Internet><NumberEmployees>17</NumberEmployees></StoreSurvey>",,2014-09-12 11:15:07.497,True,2006-06-23,9999-12-31 00:00:00,4d8d1869d58ab3f26234a7510be4861462b473369a05c4954f97c528e792b2cc
27,344,Retail Sales and Service,2,275,"<StoreSurvey xmlns=""http://schemas.microsoft.com/sqlserver/2004/07/adventure-works/StoreSurvey""><AnnualSales>800000</AnnualSales><AnnualRevenue>80000</AnnualRevenue><BankName>Primary Bank &amp; Reserve</BankName><BusinessType>BM</BusinessType><YearOpened>1994</YearOpened><Specialty>Road</Specialty><SquareFeet>18000</SquareFeet><Brands>2</Brands><Internet>DSL</Internet><NumberEmployees>14</NumberEmployees></StoreSurvey>",,2014-09-12 11:15:07.497,True,2006-06-23,9999-12-31 00:00:00,d3b6ff4e4ad817c41ca3a40a42510c3d72db1b7fd4f21a4c47a1b3b718fec967
28,346,Designated Distributors,9,282,"<StoreSurvey xmlns=""http://schemas.microsoft.com/sqlserver/2004/07/adventure-works/StoreSurvey""><AnnualSales>3000000</AnnualSales><AnnualRevenue>300000</AnnualRevenue><BankName>International Security</BankName><BusinessType>OS</BusinessType><YearOpened>1979</YearOpened><Specialty>Road</Specialty><SquareFeet>72000</SquareFeet><Brands>4+</Brands><Internet>T2</Internet><NumberEmployees>61</NumberEmployees></StoreSurvey>",,2014-09-12 11:15:07.497,True,2006-06-23,9999-12-31 00:00:00,941d6df97d3492566ad342fbe4d2ef8db05bde59630a98ce75729b179abfca48
29,348,Bold Bike Accessories,3,276,"<StoreSurvey xmlns=""http://schemas.microsoft.com/sqlserver/2004/07/adventure-works/StoreSurvey""><AnnualSales>3000000</AnnualSales><AnnualRevenue>300000</AnnualRevenue><BankName>Primary Bank &amp; Reserve</BankName><BusinessType>OS</BusinessType><YearOpened>1999</YearOpened><Specialty>Mountain</Specialty><SquareFeet>72000</SquareFeet><Brands>4+</Brands><Internet>DSL</Internet><NumberEmployees>58</NumberEmployees></StoreSurvey>",,2014-09-12 11:15:07.497,True,2006-06-23,9999-12-31 00:00:00,c0d21fea1494adf505b63dd8b47c6c017c59e5a4ac37358f77a24d2b42961ceb
30,350,Twin Cycles,13,286,"<StoreSurvey xmlns=""http://schemas.microsoft.com/sqlserver/2004/07/adventure-works/StoreSurvey""><AnnualSales>800000</AnnualSales><AnnualRevenue>80000</AnnualRevenue><BankName>International Security</BankName><BusinessType>BM</BusinessType><YearOpened>1988</YearOpened><Specialty>Touring</Specialty><SquareFeet>21000</SquareFeet><Brands>AW</Brands><Internet>T1</Internet><NumberEmployees>11</NumberEmployees></StoreSurvey>",,2014-09-12 11:15:07.497,True,2006-06-23,9999-12-31 00:00:00,d1401ce98577cf30ddb024e71ffd4b0e8686a989471dc78bae2f88415718c12c
31,352,Tiny Bike Boutique,6,279,"<StoreSurvey xmlns=""http://schemas.microsoft.com/sqlserver/2004/07/adventure-works/StoreSurvey""><AnnualSales>300000</AnnualSales><AnnualRevenue>30000</AnnualRevenue><BankName>International Bank</BankName><BusinessType>BM</BusinessType><YearOpened>1978</YearOpened><Specialty>Road</Specialty><SquareFeet>6000</SquareFeet><Brands>4+</Brands><Internet>DSL</Internet><NumberEmployees>4</NumberEmployees></StoreSurvey>",,2014-09-12 11:15:07.497,True,2006-06-23,9999-12-31 00:00:00,c7d18b929b415320b5060be02ca8187f43e8b3bf369e5230f49a732a3120bfa7
32,354,Acclaimed Bicycle Company,6,279,"<StoreSurvey xmlns=""http://schemas.microsoft.com/sqlserver/2004/07/adventure-works/StoreSurvey""><AnnualSales>3000000</AnnualSales><AnnualRevenue>300000</AnnualRevenue><BankName>International Bank</BankName><BusinessType>OS</BusinessType><YearOpened>1979</YearOpened><Specialty>Touring</Specialty><SquareFeet>73000</SquareFeet><Brands>3</Brands><Internet>DSL</Internet><NumberEmployees>61</NumberEmployees></StoreSurvey>",,2014-09-12 11:15:07.497,True,2006-06-23,9999-12-31 00:00:00,0ea393a87fcb6cb495f653b2fd089bbdcd9ca567509f4bb1edb7a23341da79eb
33,356,Serious Cycles,5,278,"<StoreSurvey xmlns=""http://schemas.microsoft.com/sqlserver/2004/07/adventure-works/StoreSurvey""><AnnualSales>3000000</AnnualSales><AnnualRevenue>300000</AnnualRevenue><BankName>United Security</BankName><BusinessType>OS</BusinessType><YearOpened>1996</YearOpened><Specialty>Mountain</Specialty><SquareFeet>71000</SquareFeet><Brands>4+</Brands><Internet>ISDN</Internet><NumberEmployees>64</NumberEmployees></StoreSurvey>",,2014-09-12 11:15:07.497,True,2006-06-23,9999-12-31 00:00:00,cda809767597376156010adbd69071aad378a36f9768f4e1d3bc71e53825a07e
34,358,Quality Bike Sales,13,286,"<StoreSurvey xmlns=""http://schemas.microsoft.com/sqlserver/2004/07/adventure-works/StoreSurvey""><AnnualSales>3000000</AnnualSales><AnnualRevenue>300000</AnnualRevenue><BankName>Reserve Security</BankName><BusinessType>OS</BusinessType><YearOpened>1991</YearOpened><Specialty>Touring</Specialty><SquareFeet>74000</SquareFeet><Brands>3</Brands><Internet>DSL</Internet><NumberEmployees>67</NumberEmployees></StoreSurvey>",,2014-09-12 11:15:07.497,True,2006-06-23,9999-12-31 00:00:00,0a12a7846b5b63906fd0fa5031f5908b85a8795f573dc1f386de34a69f895ef1
35,360,Novelty Bikes,2,275,"<StoreSurvey xmlns=""http://schemas.microsoft.com/sqlserver/2004/07/adventure-works/StoreSurvey""><AnnualSales>3000000</AnnualSales><AnnualRevenue>300000</AnnualRevenue><BankName>Primary International</BankName><BusinessType>OS</BusinessType><YearOpened>1993</YearOpened><Specialty>Touring</Specialty><SquareFeet>74000</SquareFeet><Brands>4+</Brands><Internet>ISDN</Internet><NumberEmployees>70</NumberEmployees></StoreSurvey>",,2014-09-12 11:15:07.497,True,2006-06-23,9999-12-31 00:00:00,5fb0f47acbd94a4771c94cbf069f328b9a20ea290a80cab665af3dcb851e3d93
36,362,Distinctive Cycles Sales & Service,6,279,"<StoreSurvey xmlns=""http://schemas.microsoft.com/sqlserver/2004/07/adventure-works/StoreSurvey""><AnnualSales>3000000</AnnualSales><AnnualRevenue>300000</AnnualRevenue><BankName>Primary Bank &amp; Reserve</BankName><BusinessType>OS</BusinessType><YearOpened>1995</YearOpened><Specialty>Mountain</Specialty><SquareFeet>75000</SquareFeet><Brands>3</Brands><Internet>DSL</Internet><NumberEmployees>79</NumberEmployees></StoreSurvey>",,2014-09-12 11:15:07.497,True,2006-06-23,9999-12-31 00:00:00,3900db59d4574f99ee9d3c3813b1dc0fe74637d30983d47a6e1fea420f4cfeef
37,364,Leading Bike Distributors,6,279,"<StoreSurvey xmlns=""http://schemas.microsoft.com/sqlserver/2004/07/adventure-works/StoreSurvey""><AnnualSales>800000</AnnualSales><AnnualRevenue>80000</AnnualRevenue><BankName>Reserve Security</BankName><BusinessType>BS</BusinessType><YearOpened>1978</YearOpened><Specialty>Road</Specialty><SquareFeet>18000</SquareFeet><Brands>3</Brands><Internet>T1</Internet><NumberEmployees>13</NumberEmployees></StoreSurvey>",,2014-09-12 11:15:07.497,True,2006-06-23,9999-12-31 00:00:00,5ee37bb9a8a44154af9f707c8e0aab1b6b8ce39d1495b19948e33b0e3b945e01
38,366,Activity Center,6,279,"<StoreSurvey xmlns=""http://schemas.microsoft.com/sqlserver/2004/07/adventure-works/StoreSurvey""><AnnualSales>1500000</AnnualSales><AnnualRevenue>150000</AnnualRevenue><BankName>Primary Bank &amp; Reserve</BankName><BusinessType>BS</BusinessType><YearOpened>1971</YearOpened><Specialty>Road</Specialty><SquareFeet>37000</SquareFeet><Brands>3</Brands><Internet>DSL</Internet><NumberEmployees>37</NumberEmployees></StoreSurvey>",,2014-09-12 11:15:07.497,True,2006-06-23,9999-12-31 00:00:00,20c8dd6b7ce47a9eb41ca5125f538999dc9207c31f3e68d517d9655bb6b816be
39,368,Brightwork Company,8,281,"<StoreSurvey xmlns=""http://schemas.microsoft.com/sqlserver/2004/07/adventure-works/StoreSurvey""><AnnualSales>1500000</AnnualSales><AnnualRevenue>150000</AnnualRevenue><BankName>International Security</BankName><BusinessType>BS</BusinessType><YearOpened>1979</YearOpened><Specialty>Mountain</Specialty><SquareFeet>36000</SquareFeet><Brands>4+</Brands><Internet>ISDN</Internet><NumberEmployees>38</NumberEmployees></StoreSurvey>",,2014-09-12 11:15:07.497,True,2006-06-23,9999-12-31 00:00:00,9e39d611a7fa36528410b2d78d4901341d9e03fa54019789f3a0c43c7e8e2c3b
40,370,Resale Services,3,276,"<StoreSurvey xmlns=""http://schemas.microsoft.com/sqlserver/2004/07/adventure-works/StoreSurvey""><AnnualSales>800000</AnnualSales><AnnualRevenue>80000</AnnualRevenue><BankName>United Security</BankName><BusinessType>BM</BusinessType><YearOpened>1988</YearOpened><Specialty>Mountain</Specialty><SquareFeet>21000</SquareFeet><Brands>2</Brands><Internet>DSL</Internet><NumberEmployees>16</NumberEmployees></StoreSurvey>",,2014-09-12 11:15:07.497,True,2006-06-23,9999-12-31 00:00:00,96d06e8eed78933c4343516a31b3702e2972eef7f2eb23151a37f43e191f82ff
41,372,The Gear Store,4,277,"<StoreSurvey xmlns=""http://schemas.microsoft.com/sqlserver/2004/07/adventure-works/StoreSurvey""><AnnualSales>800000</AnnualSales><AnnualRevenue>80000</AnnualRevenue><BankName>International Bank</BankName><BusinessType>BM</BusinessType><YearOpened>1982</YearOpened><Specialty>Mountain</Specialty><SquareFeet>21000</SquareFeet><Brands>2</Brands><Internet>DSL</Internet><NumberEmployees>14</NumberEmployees></StoreSurvey>",,2014-09-12 11:15:07.497,True,2006-06-23,9999-12-31 00:00:00,e6a0e6ef99424f31bd0f275bfcd23ff80fcef97a29060e09abd8e1606b462700
42,374,Immense Manufacturing Company,4,277,"<StoreSurvey xmlns=""http://schemas.microsoft.com/sqlserver/2004/07/adventure-works/StoreSurvey""><AnnualSales>3000000</AnnualSales><AnnualRevenue>300000</AnnualRevenue><BankName>Guardian Bank</BankName><BusinessType>OS</BusinessType><YearOpened>1998</YearOpened><Specialty>Touring</Specialty><SquareFeet>76000</SquareFeet><Brands>4+</Brands><Internet>DSL</Internet><NumberEmployees>73</NumberEmployees></StoreSurvey>",,2014-09-12 11:15:07.497,True,2006-06-23,9999-12-31 00:00:00,f5233c6ba3b1ac6470897b4ac6fa4372db1672511d73c103418c15710aae5862
43,376,Extended Bike Sales,3,276,"<StoreSurvey xmlns=""http://schemas.microsoft.com/sqlserver/2004/07/adventure-works/StoreSurvey""><AnnualSales>3000000</AnnualSales><AnnualRevenue>300000</AnnualRevenue><BankName>International Security</BankName><BusinessType>OS</BusinessType><YearOpened>1990</YearOpened><Specialty>Mountain</Specialty><SquareFeet>73000</SquareFeet><Brands>4+</Brands><Internet>DSL</Internet><NumberEmployees>76</NumberEmployees></StoreSurvey>",,2014-09-12 11:15:07.497,True,2006-06-23,9999-12-31 00:00:00,1054d05c64593c7a48390a0a34f0a461353b904cec83fb11ce3e049195b528b2
44,378,Pedaling Components,15,288,"<StoreSurvey xmlns=""http://schemas.microsoft.com/sqlserver/2004/07/adventure-works/StoreSurvey""><AnnualSales>1500000</AnnualSales><AnnualRevenue>150000</AnnualRevenue><BankName>United Security</BankName><BusinessType>BS</BusinessType><YearOpened>1988</YearOpened><Specialty>Touring</Specialty><SquareFeet>36000</SquareFeet><Brands>4+</Brands><Internet>DSL</Internet><NumberEmployees>35</NumberEmployees></StoreSurvey>",,2014-09-12 11:15:07.497,True,2006-06-23,9999-12-31 00:00:00,b4d677f7dc3e3330139b45f843f919c8065ce800de46d3e2f1ae4a5ea913496a
45,380,Workout Emporium,9,282,"<StoreSurvey xmlns=""http://schemas.microsoft.com/sqlserver/2004/07/adventure-works/StoreSurvey""><AnnualSales>1500000</AnnualSales><AnnualRevenue>150000</AnnualRevenue><BankName>International Bank</BankName><BusinessType>BS</BusinessType><YearOpened>1976</YearOpened><Specialty>Touring</Specialty><SquareFeet>39000</SquareFeet><Brands>4+</Brands><Internet>T1</Internet><NumberEmployees>36</NumberEmployees></StoreSurvey>",,2014-09-12 11:15:07.497,True,2006-06-23,9999-12-31 00:00:00,55b984aa2f3e868f0810429953a6fb5ad8eaf5a6a2f0bf2c74ae9da79890bc1b
46,382,Work and Play Association,2,275,"<StoreSurvey xmlns=""http://schemas.microsoft.com/sqlserver/2004/07/adventure-works/StoreSurvey""><AnnualSales>800000</AnnualSales><AnnualRevenue>80000</AnnualRevenue><BankName>Primary Bank &amp; Reserve</BankName><BusinessType>BM</BusinessType><YearOpened>1976</YearOpened><Specialty>Road</Specialty><SquareFeet>22000</SquareFeet><Brands>4+</Brands><Internet>DSL</Internet><NumberEmployees>12</NumberEmployees></StoreSurvey>",,2014-09-12 11:15:07.497,True,2006-06-23,9999-12-31 00:00:00,d93e0049df4dfd531ef984338ff8944f195070b1af9e1b17d210a702996f23fa
47,384,Seaside Bike Works,13,286,"<StoreSurvey xmlns=""http://schemas.microsoft.com/sqlserver/2004/07/adventure-works/StoreSurvey""><AnnualSales>800000</AnnualSales><AnnualRevenue>80000</AnnualRevenue><BankName>International Security</BankName><BusinessType>BM</BusinessType><YearOpened>1970</YearOpened><Specialty>Touring</Specialty><SquareFeet>19000</SquareFeet><Brands>3</Brands><Internet>T1</Internet><NumberEmployees>10</NumberEmployees></StoreSurvey>",,2014-09-12 11:15:07.497,True,2006-06-23,9999-12-31 00:00:00,a2ad9c13214bb26ce627a632ecefdce18ac3ae1631fa57b3e6fb47413c5e0c9b
48,386,Nice Bikes,5,278,"<StoreSurvey xmlns=""http://schemas.microsoft.com/sqlserver/2004/07/adventure-works/StoreSurvey""><AnnualSales>300000</AnnualSales><AnnualRevenue>30000</AnnualRevenue><BankName>Guardian Bank</BankName><BusinessType>BM</BusinessType><YearOpened>1975</YearOpened><Specialty>Road</Specialty><SquareFeet>9000</SquareFeet><Brands>4+</Brands><Internet>DSL</Internet><NumberEmployees>8</NumberEmployees></StoreSurvey>",,2014-09-12 11:15:07.497,True,2006-06-23,9999-12-31 00:00:00,b0620a51f1cfdb709c5e7eb250c4486566b26201b177b9265d3fc322bdacf202
49,388,Remarkable Bike Store,3,276,"<StoreSurvey xmlns=""http://schemas.microsoft.com/sqlserver/2004/07/adventure-works/StoreSurvey""><AnnualSales>800000</AnnualSales><AnnualRevenue>80000</AnnualRevenue><BankName>United Security</BankName><BusinessType>BS</BusinessType><YearOpened>1972</YearOpened><Specialty>Road</Specialty><SquareFeet>17000</SquareFeet><Brands>3</Brands><Internet>T2</Internet><NumberEmployees>10</NumberEmployees></StoreSurvey>",,2014-09-12 11:15:07.497,True,2006-06-23,9999-12-31 00:00:00,27b0cd7126624658e543c34bdc92c4cec683bcececbb9a8a34ced5943ef5dac2
50,390,Road-Way Mart,10,283,"<StoreSurvey xmlns=""http://schemas.microsoft.com/sqlserver/2004/07/adventure-works/StoreSurvey""><AnnualSales>1000000</AnnualSales><AnnualRevenue>100000</AnnualRevenue><BankName>Reserve Security</BankName><BusinessType>BS</BusinessType><YearOpened>1998</YearOpened><Specialty>Mountain</Specialty><SquareFeet>26000</SquareFeet><Brands>3</Brands><Internet>DSL</Internet><NumberEmployees>27</NumberEmployees></StoreSurvey>",,2014-09-12 11:15:07.497,True,2006-06-23,9999-12-31 00:00:00,68ad5af142720bf9b7adb138da4eb658048b7b9025ccc7c675741458b3f3b5fc
51,392,Small Cycle Store,2,275,"<StoreSurvey xmlns=""http://schemas.microsoft.com/sqlserver/2004/07/adventure-works/StoreSurvey""><AnnualSales>1000000</AnnualSales><AnnualRevenue>100000</AnnualRevenue><BankName>United Security</BankName><BusinessType>BS</BusinessType><YearOpened>1971</YearOpened><Specialty>Road</Specialty><SquareFeet>25000</SquareFeet><Brands>3</Brands><Internet>T1</Internet><NumberEmployees>28</NumberEmployees></StoreSurvey>",,2014-09-12 11:15:07.497,True,2006-06-23,9999-12-31 00:00:00,45eaefe0fd36c2efd0343072a768d6f2f7f25f62c181963ad263f69d095a4f17
52,394,Blue-Ribbon Bike Company,6,279,"<StoreSurvey xmlns=""http://schemas.microsoft.com/sqlserver/2004/07/adventure-works/StoreSurvey""><AnnualSales>300000</AnnualSales><AnnualRevenue>30000</AnnualRevenue><BankName>Primary International</BankName><BusinessType>BM</BusinessType><YearOpened>1970</YearOpened><Specialty>Touring</Specialty><SquareFeet>9000</SquareFeet><Brands>AW</Brands><Internet>T1</Internet><NumberEmployees>6</NumberEmployees></StoreSurvey>",,2014-09-12 11:15:07.497,True,2006-06-23,9999-12-31 00:00:00,458f389318b89896dfc041d87c77b1bda3fc612f54b50eabf5a551ec6b113774
53,396,Flawless Bike Shop,3,276,"<StoreSurvey xmlns=""http://schemas.microsoft.com/sqlserver/2004/07/adventure-works/StoreSurvey""><AnnualSales>300000</AnnualSales><AnnualRevenue>30000</AnnualRevenue><BankName>Reserve Security</BankName><BusinessType>BM</BusinessType><YearOpened>1978</YearOpened><Specialty>Road</Specialty><SquareFeet>10000</SquareFeet><Brands>3</Brands><Internet>T2</Internet><NumberEmployees>4</NumberEmployees></StoreSurvey>",,2014-09-12 11:15:07.497,True,2006-06-23,9999-12-31 00:00:00,27eeb6ac51f428956a66376555b00042396e4dff6b0724b637e72bed05fffd87
54,398,Grand Bicycle Stores,4,277,"<StoreSurvey xmlns=""http://schemas.microsoft.com/sqlserver/2004/07/adventure-works/StoreSurvey""><AnnualSales>300000</AnnualSales><AnnualRevenue>30000</AnnualRevenue><BankName>United Security</BankName><BusinessType>BM</BusinessType><YearOpened>1973</YearOpened><Specialty>Mountain</Specialty><SquareFeet>10000</SquareFeet><Brands>AW</Brands><Internet>ISDN</Internet><NumberEmployees>2</NumberEmployees></StoreSurvey>",,2014-09-12 11:15:07.497,True,2006-06-23,9999-12-31 00:00:00,73c3ff735e0c0f41a419b227ecc4dfa71b990074b0d2468ade42588b980401ac
55,400,Exertion Activities Club,8,281,"<StoreSurvey xmlns=""http://schemas.microsoft.com/sqlserver/2004/07/adventure-works/StoreSurvey""><AnnualSales>1500000</AnnualSales><AnnualRevenue>150000</AnnualRevenue><BankName>Guardian Bank</BankName><BusinessType>BS</BusinessType><YearOpened>1984</YearOpened><Specialty>Touring</Specialty><SquareFeet>38000</SquareFeet><Brands>4+</Brands><Internet>T1</Internet><NumberEmployees>32</NumberEmployees></StoreSurvey>",,2014-09-12 11:15:07.497,True,2006-06-23,9999-12-31 00:00:00,d3203eae189b0bb46c3d403befd1221f3cd88f9ff3beb8848ffabd82487b7c14
56,402,Impromptu Trips,10,283,"<StoreSurvey xmlns=""http://schemas.microsoft.com/sqlserver/2004/07/adventure-works/StoreSurvey""><AnnualSales>1500000</AnnualSales><AnnualRevenue>150000</AnnualRevenue><BankName>Primary International</BankName><BusinessType>BS</BusinessType><YearOpened>1978</YearOpened><Specialty>Mountain</Specialty><SquareFeet>37000</SquareFeet><Brands>4+</Brands><Internet>ISDN</Internet><NumberEmployees>33</NumberEmployees></StoreSurvey>",,2014-09-12 11:15:07.497,True,2006-06-23,9999-12-31 00:00:00,7a26c2e30dcb463c71fa800129304a1aff75fda2074f80a90fcd95647a1b369c
57,404,Margie's Travel,2,275,"<StoreSurvey xmlns=""http://schemas.microsoft.com/sqlserver/2004/07/adventure-works/StoreSurvey""><AnnualSales>1500000</AnnualSales><AnnualRevenue>150000</AnnualRevenue><BankName>Reserve Security</BankName><BusinessType>BS</BusinessType><YearOpened>1972</YearOpened><Specialty>Mountain</Specialty><SquareFeet>35000</SquareFeet><Brands>2</Brands><Internet>T1</Internet><NumberEmployees>34</NumberEmployees></StoreSurvey>",,2014-09-12 11:15:07.497,True,2006-06-23,9999-12-31 00:00:00,21a915780275585bdf968532e457851a7d15d3869351224818048e1274b0d8b9
58,406,Kickstand Sellers,2,275,"<StoreSurvey xmlns=""http://schemas.microsoft.com/sqlserver/2004/07/adventure-works/StoreSurvey""><AnnualSales>300000</AnnualSales><AnnualRevenue>30000</AnnualRevenue><BankName>International Bank</BankName><BusinessType>BM</BusinessType><YearOpened>1981</YearOpened><Specialty>Mountain</Specialty><SquareFeet>8000</SquareFeet><Brands>4+</Brands><Internet>T1</Internet><NumberEmployees>3</NumberEmployees></StoreSurvey>",,2014-09-12 11:15:07.497,True,2006-06-23,9999-12-31 00:00:00,a3553231f8f3a0030b4cd2a1f54a2c50de47d844a6656a632b5571e863fdeecd
59,408,Nearest Bike Store,13,286,"<StoreSurvey xmlns=""http://schemas.microsoft.com/sqlserver/2004/07/adventure-works/StoreSurvey""><AnnualSales>300000</AnnualSales><AnnualRevenue>30000</AnnualRevenue><BankName>Primary Bank &amp; Reserve</BankName><BusinessType>BM</BusinessType><YearOpened>1976</YearOpened><Specialty>Touring</Specialty><SquareFeet>8000</SquareFeet><Brands>4+</Brands><Internet>T1</Internet><NumberEmployees>4</NumberEmployees></StoreSurvey>",,2014-09-12 11:15:07.497,True,2006-06-23,9999-12-31 00:00:00,80f036ac8cde4a1e19bb66211bf173a1afc7ef74352a6d027a1e63eda9937a57
60,410,Fast Bike Works,13,286,"<StoreSurvey xmlns=""http://schemas.microsoft.com/sqlserver/2004/07/adventure-works/StoreSurvey""><AnnualSales>1000000</AnnualSales><AnnualRevenue>100000</AnnualRevenue><BankName>Primary International</BankName><BusinessType>BS</BusinessType><YearOpened>1971</YearOpened><Specialty>Touring</Specialty><SquareFeet>25000</SquareFeet><Brands>4+</Brands><Internet>DSL</Internet><NumberEmployees>28</NumberEmployees></StoreSurvey>",,2014-09-12 11:15:07.497,True,2006-06-23,9999-12-31 00:00:00,45e0455ca1d0bdf1c4b1c6c06e0837c4a53c91665f06d53e47566dc0d522e72f
61,412,Gasless Cycle Shop,5,278,"<StoreSurvey xmlns=""http://schemas.microsoft.com/sqlserver/2004/07/adventure-works/StoreSurvey""><AnnualSales>1000000</AnnualSales><AnnualRevenue>100000</AnnualRevenue><BankName>Reserve Security</BankName><BusinessType>BS</BusinessType><YearOpened>2001</YearOpened><Specialty>Road</Specialty><SquareFeet>24000</SquareFeet><Brands>3</Brands><Internet>DSL</Internet><NumberEmployees>29</NumberEmployees></StoreSurvey>",,2014-09-12 11:15:07.497,True,2006-06-23,9999-12-31 00:00:00,ea672a358429b0377adad259cfba558b182432cd6485d1481e8bfa9192cb885b
62,414,Lubricant and Grease Suppliers,6,279,"<StoreSurvey xmlns=""http://schemas.microsoft.com/sqlserver/2004/07/adventure-works/StoreSurvey""><AnnualSales>1500000</AnnualSales><AnnualRevenue>150000</AnnualRevenue><BankName>United Security</BankName><BusinessType>BS</BusinessType><YearOpened>1996</YearOpened><Specialty>Mountain</Specialty><SquareFeet>37000</SquareFeet><Brands>4+</Brands><Internet>DSL</Internet><NumberEmployees>30</NumberEmployees></StoreSurvey>",,2014-09-12 11:15:07.497,True,2006-06-23,9999-12-31 00:00:00,288eed6b24d0064a2b00a4dd08b54448f32cb03e71d95f949610d62da644b4b5
63,416,Teen Discount Store,15,288,"<StoreSurvey xmlns=""http://schemas.microsoft.com/sqlserver/2004/07/adventure-works/StoreSurvey""><AnnualSales>800000</AnnualSales><AnnualRevenue>80000</AnnualRevenue><BankName>Reserve Security</BankName><BusinessType>BM</BusinessType><YearOpened>1994</YearOpened><Specialty>Mountain</Specialty><SquareFeet>18000</SquareFeet><Brands>3</Brands><Internet>DSL</Internet><NumberEmployees>16</NumberEmployees></StoreSurvey>",,2014-09-12 11:15:07.497,True,2006-06-23,9999-12-31 00:00:00,765fd07fc300602bcfb1f23502d16ef6c2eacd702f66c67750fe26fac8235661
64,418,Transportation Options,9,282,"<StoreSurvey xmlns=""http://schemas.microsoft.com/sqlserver/2004/07/adventure-works/StoreSurvey""><AnnualSales>800000</AnnualSales><AnnualRevenue>80000</AnnualRevenue><BankName>United Security</BankName><BusinessType>BM</BusinessType><YearOpened>1987</YearOpened><Specialty>Mountain</Specialty><SquareFeet>20000</SquareFeet><Brands>3</Brands><Internet>DSL</Internet><NumberEmployees>17</NumberEmployees></StoreSurvey>",,2014-09-12 11:15:07.497,True,2006-06-23,9999-12-31 00:00:00,cd270d2dc82cfc673ee0b0408589c2f024036fb9b1d8595e66d3961e025816c8
65,420,Capital Riding Supplies,15,288,"<StoreSurvey xmlns=""http://schemas.microsoft.com/sqlserver/2004/07/adventure-works/StoreSurvey""><AnnualSales>1500000</AnnualSales><AnnualRevenue>150000</AnnualRevenue><BankName>Primary Bank &amp; Reserve</BankName><BusinessType>OS</BusinessType><YearOpened>1986</YearOpened><Specialty>Mountain</Specialty><SquareFeet>39000</SquareFeet><Brands>2</Brands><Internet>DSL</Internet><NumberEmployees>46</NumberEmployees></StoreSurvey>",,2014-09-12 11:15:07.497,True,2006-06-23,9999-12-31 00:00:00,0adb5716c2e292d5251e3500aecb9cf907ec8996d6a9a55b72aff6cbd363a468
66,422,Bike Boutique,2,275,"<StoreSurvey xmlns=""http://schemas.microsoft.com/sqlserver/2004/07/adventure-works/StoreSurvey""><AnnualSales>1500000</AnnualSales><AnnualRevenue>150000</AnnualRevenue><BankName>International Bank</BankName><BusinessType>OS</BusinessType><YearOpened>1992</YearOpened><Specialty>Road</Specialty><SquareFeet>41000</SquareFeet><Brands>4+</Brands><Internet>ISDN</Internet><NumberEmployees>49</NumberEmployees></StoreSurvey>",,2014-09-12 11:15:07.497,True,2006-06-23,9999-12-31 00:00:00,5dc514a288dcfd96e727beef9ce5e7596db23be3beea49b23534400345c5b1b5
67,424,Bikes Anyone?,2,275,"<StoreSurvey xmlns=""http://schemas.microsoft.com/sqlserver/2004/07/adventure-works/StoreSurvey""><AnnualSales>1000000</AnnualSales><AnnualRevenue>100000</AnnualRevenue><BankName>International Security</BankName><BusinessType>BS</BusinessType><YearOpened>1996</YearOpened><Specialty>Touring</Specialty><SquareFeet>27000</SquareFeet><Brands>3</Brands><Internet>DSL</Internet><NumberEmployees>22</NumberEmployees></StoreSurvey>",,2014-09-12 11:15:07.497,True,2006-06-23,9999-12-31 00:00:00,5ad4a88df0760ee7ff8f2048acfe50266f0421c9829bce986b45cceccf838001
68,426,Cross-town Parts Shop,13,286,"<StoreSurvey xmlns=""http://schemas.microsoft.com/sqlserver/2004/07/adventure-works/StoreSurvey""><AnnualSales>800000</AnnualSales><AnnualRevenue>80000</AnnualRevenue><BankName>Guardian Bank</BankName><BusinessType>BS</BusinessType><YearOpened>1990</YearOpened><Specialty>Road</Specialty><SquareFeet>23000</SquareFeet><Brands>2</Brands><Internet>T1</Internet><NumberEmployees>19</NumberEmployees></StoreSurvey>",,2014-09-12 11:15:07.497,True,2006-06-23,9999-12-31 00:00:00,a90e94fa4cd1753101601595ebb041d47bfede298d8f5699ba24395aa880402f
69,428,Finer Cycle Shop,5,278,"<StoreSurvey xmlns=""http://schemas.microsoft.com/sqlserver/2004/07/adventure-works/StoreSurvey""><AnnualSales>800000</AnnualSales><AnnualRevenue>80000</AnnualRevenue><BankName>Primary International</BankName><BusinessType>BS</BusinessType><YearOpened>1984</YearOpened><Specialty>Mountain</Specialty><SquareFeet>20000</SquareFeet><Brands>4+</Brands><Internet>ISDN</Internet><NumberEmployees>16</NumberEmployees></StoreSurvey>",,2014-09-12 11:15:07.497,True,2006-06-23,9999-12-31 00:00:00,911eab52194cc27bd043aa87f5029231584778a0e68d958aeb62d4bbfbd9dc46
70,430,Center Cycle Shop,7,280,"<StoreSurvey xmlns=""http://schemas.microsoft.com/sqlserver/2004/07/adventure-works/StoreSurvey""><AnnualSales>1000000</AnnualSales><AnnualRevenue>100000</AnnualRevenue><BankName>Primary Bank &amp; Reserve</BankName><BusinessType>BM</BusinessType><YearOpened>2000</YearOpened><Specialty>Road</Specialty><SquareFeet>25000</SquareFeet><Brands>4+</Brands><Internet>T1</Internet><NumberEmployees>20</NumberEmployees></StoreSurvey>",,2014-09-12 11:15:07.497,True,2006-06-23,9999-12-31 00:00:00,60e52f37e0157e7fa9cef7691e966c96347627273052af5fabfac1600906a28b
71,432,Bulk Discount Store,16,289,"<StoreSurvey xmlns=""http://schemas.microsoft.com/sqlserver/2004/07/adventure-works/StoreSurvey""><AnnualSales>800000</AnnualSales><AnnualRevenue>80000</AnnualRevenue><BankName>International Security</BankName><BusinessType>BM</BusinessType><YearOpened>2000</YearOpened><Specialty>Road</Specialty><SquareFeet>21000</SquareFeet><Brands>3</Brands><Internet>DSL</Internet><NumberEmployees>17</NumberEmployees></StoreSurvey>",,2014-09-12 11:15:07.497,True,2006-06-23,9999-12-31 00:00:00,3069f67bca09d126ef179cb488812c137d54e5fe38a53d2d4f9b8406bc5fdf01
72,434,Country Parts Shop,17,290,"<StoreSurvey xmlns=""http://schemas.microsoft.com/sqlserver/2004/07/adventure-works/StoreSurvey""><AnnualSales>800000</AnnualSales><AnnualRevenue>80000</AnnualRevenue><BankName>Guardian Bank</BankName><BusinessType>BM</BusinessType><YearOpened>1994</YearOpened><Specialty>Road</Specialty><SquareFeet>21000</SquareFeet><Brands>4+</Brands><Internet>DSL</Internet><NumberEmployees>14</NumberEmployees></StoreSurvey>",,2014-09-12 11:15:07.497,True,2006-06-23,9999-12-31 00:00:00,8db17c6661357e419e37168b13c594cdb6088ce935a9948f9215766c201304e1
73,436,Second Bike Shop,13,286,"<StoreSurvey xmlns=""http://schemas.microsoft.com/sqlserver/2004/07/adventure-works/StoreSurvey""><AnnualSales>800000</AnnualSales><AnnualRevenue>80000</AnnualRevenue><BankName>Guardian Bank</BankName><BusinessType>BM</BusinessType><YearOpened>2000</YearOpened><Specialty>Road</Specialty><SquareFeet>21000</SquareFeet><Brands>4+</Brands><Internet>T1</Internet><NumberEmployees>19</NumberEmployees></StoreSurvey>",,2014-09-12 11:15:07.497,True,2006-06-23,9999-12-31 00:00:00,9bb63123ca403def5adaa01393c56df05957d209fff12ace740162d30617289d
74,438,First-Rate Outlet,5,278,"<StoreSurvey xmlns=""http://schemas.microsoft.com/sqlserver/2004/07/adventure-works/StoreSurvey""><AnnualSales>1000000</AnnualSales><AnnualRevenue>100000</AnnualRevenue><BankName>Primary International</BankName><BusinessType>BM</BusinessType><YearOpened>2000</YearOpened><Specialty>Road</Specialty><SquareFeet>26000</SquareFeet><Brands>3</Brands><Internet>T1</Internet><NumberEmployees>20</NumberEmployees></StoreSurvey>",,2014-09-12 11:15:07.497,True,2006-06-23,9999-12-31 00:00:00,a98d4f124103411ad94f98c5018046f027d462f25c98a0857e4db5264abbed48
75,440,Juvenile Sports Equipment,6,279,"<StoreSurvey xmlns=""http://schemas.microsoft.com/sqlserver/2004/07/adventure-works/StoreSurvey""><AnnualSales>800000</AnnualSales><AnnualRevenue>80000</AnnualRevenue><BankName>Reserve Security</BankName><BusinessType>BM</BusinessType><YearOpened>1994</YearOpened><Specialty>Mountain</Specialty><SquareFeet>20000</SquareFeet><Brands>2</Brands><Internet>DSL</Internet><NumberEmployees>18</NumberEmployees></StoreSurvey>",,2014-09-12 11:15:07.497,True,2006-06-23,9999-12-31 00:00:00,b6929366449f48a904d82a5e577f90748b6d3ff10ba67da1d382137dd92298ce
76,442,Another Bicycle Company,10,283,"<StoreSurvey xmlns=""http://schemas.microsoft.com/sqlserver/2004/07/adventure-works/StoreSurvey""><AnnualSales>300000</AnnualSales><AnnualRevenue>30000</AnnualRevenue><BankName>Reserve Security</BankName><BusinessType>BM</BusinessType><YearOpened>1973</YearOpened><Specialty>Touring</Specialty><SquareFeet>6000</SquareFeet><Brands>AW</Brands><Internet>DSL</Internet><NumberEmployees>2</NumberEmployees></StoreSurvey>",,2014-09-12 11:15:07.497,True,2006-06-23,9999-12-31 00:00:00,4a7d53a7827a780e373771588aa27c35df4b0ca28d0b342fd69886c79bfe9e94
77,444,Fourth Bike Store,2,275,"<StoreSurvey xmlns=""http://schemas.microsoft.com/sqlserver/2004/07/adventure-works/StoreSurvey""><AnnualSales>300000</AnnualSales><AnnualRevenue>30000</AnnualRevenue><BankName>United Security</BankName><BusinessType>BM</BusinessType><YearOpened>1981</YearOpened><Specialty>Touring</Specialty><SquareFeet>9000</SquareFeet><Brands>AW</Brands><Internet>T1</Internet><NumberEmployees>3</NumberEmployees></StoreSurvey>",,2014-09-12 11:15:07.497,True,2006-06-23,9999-12-31 00:00:00,6d88af153599eed8d2084290c1c912587569a1018d8483aa82c548b519adcc5f
78,446,Rodeway Bike Store,15,288,"<StoreSurvey xmlns=""http://schemas.microsoft.com/sqlserver/2004/07/adventure-works/StoreSurvey""><AnnualSales>300000</AnnualSales><AnnualRevenue>30000</AnnualRevenue><BankName>International Bank</BankName><BusinessType>BM</BusinessType><YearOpened>1976</YearOpened><Specialty>Mountain</Specialty><SquareFeet>7000</SquareFeet><Brands>4+</Brands><Internet>DSL</Internet><NumberEmployees>4</NumberEmployees></StoreSurvey>",,2014-09-12 11:15:07.497,True,2006-06-23,9999-12-31 00:00:00,b333bde8bc3a9f946f2c6d6d2187eec0b47e0d252b239f6adb67d0cdfdfe16a3
79,448,Traction Tire Company,3,276,"<StoreSurvey xmlns=""http://schemas.microsoft.com/sqlserver/2004/07/adventure-works/StoreSurvey""><AnnualSales>1500000</AnnualSales><AnnualRevenue>150000</AnnualRevenue><BankName>International Bank</BankName><BusinessType>BS</BusinessType><YearOpened>1990</YearOpened><Specialty>Mountain</Specialty><SquareFeet>39000</SquareFeet><Brands>2</Brands><Internet>DSL</Internet><NumberEmployees>31</NumberEmployees></StoreSurvey>",,2014-09-12 11:15:07.497,True,2006-06-23,9999-12-31 00:00:00,14f59e942314fbbcfaae0ea8af49eb015519af8ce1427c7291912fa77ed0a135
80,450,Unsurpassed Bikes,4,277,"<StoreSurvey xmlns=""http://schemas.microsoft.com/sqlserver/2004/07/adventure-works/StoreSurvey""><AnnualSales>1500000</AnnualSales><AnnualRevenue>150000</AnnualRevenue><BankName>Primary Bank &amp; Reserve</BankName><BusinessType>BS</BusinessType><YearOpened>1984</YearOpened><Specialty>Touring</Specialty><SquareFeet>39000</SquareFeet><Brands>3</Brands><Internet>DSL</Internet><NumberEmployees>32</NumberEmployees></StoreSurvey>",,2014-09-12 11:15:07.497,True,2006-06-23,9999-12-31 00:00:00,42fe0099ede552409c0ad9a5f1f8edd9e23d8776160f5d86a01e9bfe9188490a
81,452,Field Trip Inc,2,275,"<StoreSurvey xmlns=""http://schemas.microsoft.com/sqlserver/2004/07/adventure-works/StoreSurvey""><AnnualSales>1500000</AnnualSales><AnnualRevenue>150000</AnnualRevenue><BankName>International Security</BankName><BusinessType>BS</BusinessType><YearOpened>1978</YearOpened><Specialty>Road</Specialty><SquareFeet>35000</SquareFeet><Brands>4+</Brands><Internet>DSL</Internet><NumberEmployees>33</NumberEmployees></StoreSurvey>",,2014-09-12 11:15:07.497,True,2006-06-23,9999-12-31 00:00:00,f2fa0f044c81dc82dce60440f9d2e0be40a1053d598d103c4f6dc061ce00543f
82,454,Tire Company,2,275,"<StoreSurvey xmlns=""http://schemas.microsoft.com/sqlserver/2004/07/adventure-works/StoreSurvey""><AnnualSales>1500000</AnnualSales><AnnualRevenue>150000</AnnualRevenue><BankName>International Bank</BankName><BusinessType>BS</BusinessType><YearOpened>1983</YearOpened><Specialty>Road</Specialty><SquareFeet>37000</SquareFeet><Brands>2</Brands><Internet>DSL</Internet><NumberEmployees>45</NumberEmployees></StoreSurvey>",,2014-09-12 11:15:07.497,True,2006-06-23,9999-12-31 00:00:00,b2cebf5a7e1410eccec9b6fae45d87a37c9d095142d61711f40c4558db83db47
83,456,Uncompromising Quality Co,13,286,"<StoreSurvey xmlns=""http://schemas.microsoft.com/sqlserver/2004/07/adventure-works/StoreSurvey""><AnnualSales>1500000</AnnualSales><AnnualRevenue>150000</AnnualRevenue><BankName>Primary Bank &amp; Reserve</BankName><BusinessType>BS</BusinessType><YearOpened>1991</YearOpened><Specialty>Touring</Specialty><SquareFeet>39000</SquareFeet><Brands>4+</Brands><Internet>DSL</Internet><NumberEmployees>46</NumberEmployees></StoreSurvey>",,2014-09-12 11:15:07.497,True,2006-06-23,9999-12-31 00:00:00,0d5496f1619246b9dc15ef0b11cb40f96636fda05157a6fd92ddb95db296194a
84,458,Metallic Paint and Overcoat Co,8,281,"<StoreSurvey xmlns=""http://schemas.microsoft.com/sqlserver/2004/07/adventure-works/StoreSurvey""><AnnualSales>1000000</AnnualSales><AnnualRevenue>100000</AnnualRevenue><BankName>Primary Bank &amp; Reserve</BankName><BusinessType>BS</BusinessType><YearOpened>1971</YearOpened><Specialty>Road</Specialty><SquareFeet>26000</SquareFeet><Brands>3</Brands><Internet>DSL</Internet><NumberEmployees>28</NumberEmployees></StoreSurvey>",,2014-09-12 11:15:07.497,True,2006-06-23,9999-12-31 00:00:00,7ed9515079b7d72bdea0d0873d4ec0c7b268678748bd9f3a92c81875c50ee518
85,460,Pro Sporting Goods,3,276,"<StoreSurvey xmlns=""http://schemas.microsoft.com/sqlserver/2004/07/adventure-works/StoreSurvey""><AnnualSales>3000000</AnnualSales><AnnualRevenue>300000</AnnualRevenue><BankName>Primary International</BankName><BusinessType>OS</BusinessType><YearOpened>1972</YearOpened><Specialty>Mountain</Specialty><SquareFeet>79000</SquareFeet><Brands>4+</Brands><Internet>DSL</Internet><NumberEmployees>90</NumberEmployees></StoreSurvey>",,2014-09-12 11:15:07.497,True,2006-06-23,9999-12-31 00:00:00,731a0c6e7228fc8113da6d40568a8258bfd0c4994a98fe59db87cbc63968106b
86,462,Sporting Goods and Bicycle Shop,6,279,"<StoreSurvey xmlns=""http://schemas.microsoft.com/sqlserver/2004/07/adventure-works/StoreSurvey""><AnnualSales>3000000</AnnualSales><AnnualRevenue>300000</AnnualRevenue><BankName>Guardian Bank</BankName><BusinessType>OS</BusinessType><YearOpened>1977</YearOpened><Specialty>Road</Specialty><SquareFeet>78000</SquareFeet><Brands>3</Brands><Internet>DSL</Internet><NumberEmployees>91</NumberEmployees></StoreSurvey>",,2014-09-12 11:15:07.497,True,2006-06-23,9999-12-31 00:00:00,547bc27bcdd9b61afd9bfa58ac2eff92fe5e16dc288cb41b52e8a7c6feb365d2
87,464,Odometers and Accessories Company,5,278,"<StoreSurvey xmlns=""http://schemas.microsoft.com/sqlserver/2004/07/adventure-works/StoreSurvey""><AnnualSales>3000000</AnnualSales><AnnualRevenue>300000</AnnualRevenue><BankName>International Security</BankName><BusinessType>OS</BusinessType><YearOpened>1987</YearOpened><Specialty>Touring</Specialty><SquareFeet>76000</SquareFeet><Brands>4+</Brands><Internet>DSL</Internet><NumberEmployees>92</NumberEmployees></StoreSurvey>",,2014-09-12 11:15:07.497,True,2006-06-23,9999-12-31 00:00:00,5016721a8f0720a446a5b84e747631573701702f889088a0e18b64791cc7c2b9
88,466,Scratch-Resistant Finishes Company,9,282,"<StoreSurvey xmlns=""http://schemas.microsoft.com/sqlserver/2004/07/adventure-works/StoreSurvey""><AnnualSales>800000</AnnualSales><AnnualRevenue>80000</AnnualRevenue><BankName>Guardian Bank</BankName><BusinessType>BS</BusinessType><YearOpened>1984</YearOpened><Specialty>Mountain</Specialty><SquareFeet>21000</SquareFeet><Brands>4+</Brands><Internet>DSL</Internet><NumberEmployees>16</NumberEmployees></StoreSurvey>",,2014-09-12 11:15:07.497,True,2006-06-23,9999-12-31 00:00:00,900b3c28231e597a4e7c3575924667dd76886267da0ce01729b69aeb0d6ca0ca
89,468,Topnotch Bikes,6,279,"<StoreSurvey xmlns=""http://schemas.microsoft.com/sqlserver/2004/07/adventure-works/StoreSurvey""><AnnualSales>800000</AnnualSales><AnnualRevenue>80000</AnnualRevenue><BankName>Primary International</BankName><BusinessType>BS</BusinessType><YearOpened>1978</YearOpened><Specialty>Mountain</Specialty><SquareFeet>22000</SquareFeet><Brands>2</Brands><Internet>T3</Internet><NumberEmployees>13</NumberEmployees></StoreSurvey>",,2014-09-12 11:15:07.497,True,2006-06-23,9999-12-31 00:00:00,e84022bec9d71be7d8f290dfad376288fabf7a1d2e702d139f3d3cdd8969c55a
90,470,"Unicycles, Bicycles, and Tricycles",8,281,"<StoreSurvey xmlns=""http://schemas.microsoft.com/sqlserver/2004/07/adventure-works/StoreSurvey""><AnnualSales>800000</AnnualSales><AnnualRevenue>80000</AnnualRevenue><BankName>Reserve Security</BankName><BusinessType>BS</BusinessType><YearOpened>1972</YearOpened><Specialty>Touring</Specialty><SquareFeet>17000</SquareFeet><Brands>4+</Brands><Internet>T1</Internet><NumberEmployees>10</NumberEmployees></StoreSurvey>",,2014-09-12 11:15:07.497,True,2006-06-23,9999-12-31 00:00:00,2acaad14a96620ef42ce45df4d4f2d1e533bd8bb17fa641b75f545c21a4abd95
91,472,Safe Cycles Shop,10,283,"<StoreSurvey xmlns=""http://schemas.microsoft.com/sqlserver/2004/07/adventure-works/StoreSurvey""><AnnualSales>3000000</AnnualSales><AnnualRevenue>300000</AnnualRevenue><BankName>International Security</BankName><BusinessType>OS</BusinessType><YearOpened>1998</YearOpened><Specialty>Mountain</Specialty><SquareFeet>72000</SquareFeet><Brands>4+</Brands><Internet>DSL</Internet><NumberEmployees>73</NumberEmployees></StoreSurvey>",,2014-09-12 11:15:07.497,True,2006-06-23,9999-12-31 00:00:00,9f98b6280b3743f008c76650436ff16361e1e1d480845defbb20edf18f0ffcc0
92,474,Number 1 Supply,8,281,"<StoreSurvey xmlns=""http://schemas.microsoft.com/sqlserver/2004/07/adventure-works/StoreSurvey""><AnnualSales>3000000</AnnualSales><AnnualRevenue>300000</AnnualRevenue><BankName>Primary Bank &amp; Reserve</BankName><BusinessType>OS</BusinessType><YearOpened>1990</YearOpened><Specialty>Road</Specialty><SquareFeet>75000</SquareFeet><Brands>4+</Brands><Internet>ISDN</Internet><NumberEmployees>76</NumberEmployees></StoreSurvey>",,2014-09-12 11:15:07.497,True,2006-06-23,9999-12-31 00:00:00,dd7fc276a37eb7bdd579835ab225d92c77906251fc34ba03a67e3f298eddc642
93,476,Industrial Supplies,6,279,"<StoreSurvey xmlns=""http://schemas.microsoft.com/sqlserver/2004/07/adventure-works/StoreSurvey""><AnnualSales>3000000</AnnualSales><AnnualRevenue>300000</AnnualRevenue><BankName>International Bank</BankName><BusinessType>OS</BusinessType><YearOpened>1995</YearOpened><Specialty>Touring</Specialty><SquareFeet>73000</SquareFeet><Brands>3</Brands><Internet>DSL</Internet><NumberEmployees>79</NumberEmployees></StoreSurvey>",,2014-09-12 11:15:07.497,True,2006-06-23,9999-12-31 00:00:00,9f1f24745c58a7e06cbe7910732cc782715194bb67d64418199c22bc4a2c86a4
94,478,Golf and Cycle Store,8,281,"<StoreSurvey xmlns=""http://schemas.microsoft.com/sqlserver/2004/07/adventure-works/StoreSurvey""><AnnualSales>3000000</AnnualSales><AnnualRevenue>300000</AnnualRevenue><BankName>Guardian Bank</BankName><BusinessType>OS</BusinessType><YearOpened>1978</YearOpened><Specialty>Mountain</Specialty><SquareFeet>75000</SquareFeet><Brands>2</Brands><Internet>DSL</Internet><NumberEmployees>86</NumberEmployees></StoreSurvey>",,2014-09-12 11:15:07.497,True,2006-06-23,9999-12-31 00:00:00,4bdb2e00c1ba3267523ebf1b6b0544a3b08cecc384ba5e61a3057008d4ef6ab7
95,480,Front Runner Bikes,6,279,"<StoreSurvey xmlns=""http://schemas.microsoft.com/sqlserver/2004/07/adventure-works/StoreSurvey""><AnnualSales>3000000</AnnualSales><AnnualRevenue>300000</AnnualRevenue><BankName>International Security</BankName><BusinessType>OS</BusinessType><YearOpened>1983</YearOpened><Specialty>Touring</Specialty><SquareFeet>77000</SquareFeet><Brands>4+</Brands><Internet>DSL</Internet><NumberEmployees>87</NumberEmployees></StoreSurvey>",,2014-09-12 11:15:07.497,True,2006-06-23,9999-12-31 00:00:00,ff4f12f3f7a0a1f72562363d9c88c8f24ca0f0946f7dc28802d609c9500508eb
96,482,Favorite Toy Distributor,17,290,"<StoreSurvey xmlns=""http://schemas.microsoft.com/sqlserver/2004/07/adventure-works/StoreSurvey""><AnnualSales>3000000</AnnualSales><AnnualRevenue>300000</AnnualRevenue><BankName>Primary Bank &amp; Reserve</BankName><BusinessType>OS</BusinessType><YearOpened>1975</YearOpened><Specialty>Touring</Specialty><SquareFeet>77000</SquareFeet><Brands>4+</Brands><Internet>DSL</Internet><NumberEmployees>88</NumberEmployees></StoreSurvey>",,2014-09-12 11:15:07.497,True,2006-06-23,9999-12-31 00:00:00,aa3e8474899e11749ab0590dc0117129842caf32749a0934552cba3f27a62cdb
97,484,World Bike Discount Store,3,276,"<StoreSurvey xmlns=""http://schemas.microsoft.com/sqlserver/2004/07/adventure-works/StoreSurvey""><AnnualSales>1500000</AnnualSales><AnnualRevenue>150000</AnnualRevenue><BankName>Guardian Bank</BankName><BusinessType>BS</BusinessType><YearOpened>1979</YearOpened><Specialty>Road</Specialty><SquareFeet>39000</SquareFeet><Brands>4+</Brands><Internet>DSL</Internet><NumberEmployees>38</NumberEmployees></StoreSurvey>",,2014-09-12 11:15:07.497,True,2006-06-23,9999-12-31 00:00:00,082603f44ef4b114d41315fbe43d722e4103d4b658d7738f7ff364648b89eddf
98,486,Global Sporting Goods,4,277,"<StoreSurvey xmlns=""http://schemas.microsoft.com/sqlserver/2004/07/adventure-works/StoreSurvey""><AnnualSales>1500000</AnnualSales><AnnualRevenue>150000</AnnualRevenue><BankName>Primary International</BankName><BusinessType>BS</BusinessType><YearOpened>1974</YearOpened><Specialty>Road</Specialty><SquareFeet>36000</SquareFeet><Brands>3</Brands><Internet>DSL</Internet><NumberEmployees>39</NumberEmployees></StoreSurvey>",,2014-09-12 11:15:07.497,True,2006-06-23,9999-12-31 00:00:00,b8d3cdd20017b16d7be3cd69b34ea2b478076414c55e38e5f3d011a284893773
99,488,Historic Bicycle Sales,2,275,"<StoreSurvey xmlns=""http://schemas.microsoft.com/sqlserver/2004/07/adventure-works/StoreSurvey""><AnnualSales>1500000</AnnualSales><AnnualRevenue>150000</AnnualRevenue><BankName>Reserve Security</BankName><BusinessType>BS</BusinessType><YearOpened>1982</YearOpened><Specialty>Mountain</Specialty><SquareFeet>38000</SquareFeet><Brands>2</Brands><Internet>T1</Internet><NumberEmployees>40</NumberEmployees></StoreSurvey>",,2014-09-12 11:15:07.497,True,2006-06-23,9999-12-31 00:00:00,863f17d09b606e46f5129857e02d290dec753e5bf8a02e264fe2e04e0bebebf5
100,490,Commuter Bicycle Store,9,282,"<StoreSurvey xmlns=""http://schemas.microsoft.com/sqlserver/2004/07/adventure-works/StoreSurvey""><AnnualSales>800000</AnnualSales><AnnualRevenue>80000</AnnualRevenue><BankName>Reserve Security</BankName><BusinessType>BM</BusinessType><YearOpened>1987</YearOpened><Specialty>Touring</Specialty><SquareFeet>22000</SquareFeet><Brands>4+</Brands><Internet>T1</Internet><NumberEmployees>17</NumberEmployees></StoreSurvey>",,2014-09-12 11:15:07.497,True,2006-06-23,9999-12-31 00:00:00,ca103e4334616ede5c5ba0429fefa849a9300f2cf3535e27589adb6ba94ef32f
101,492,Coalition Bike Company,8,281,"<StoreSurvey xmlns=""http://schemas.microsoft.com/sqlserver/2004/07/adventure-works/StoreSurvey""><AnnualSales>800000</AnnualSales><AnnualRevenue>80000</AnnualRevenue><BankName>United Security</BankName><BusinessType>BM</BusinessType><YearOpened>1997</YearOpened><Specialty>Mountain</Specialty><SquareFeet>23000</SquareFeet><Brands>2</Brands><Internet>DSL</Internet><NumberEmployees>18</NumberEmployees></StoreSurvey>",,2014-09-12 11:15:07.497,True,2006-06-23,9999-12-31 00:00:00,a7997b3ec666819cf99d05d234cf7f7c094010150b2d5e1a64c73f409a8f3b1f
102,494,Travel Systems,4,277,"<StoreSurvey xmlns=""http://schemas.microsoft.com/sqlserver/2004/07/adventure-works/StoreSurvey""><AnnualSales>800000</AnnualSales><AnnualRevenue>80000</AnnualRevenue><BankName>International Bank</BankName><BusinessType>BM</BusinessType><YearOpened>1975</YearOpened><Specialty>Road</Specialty><SquareFeet>21000</SquareFeet><Brands>4+</Brands><Internet>T2</Internet><NumberEmployees>19</NumberEmployees></StoreSurvey>",,2014-09-12 11:15:07.497,True,2006-06-23,9999-12-31 00:00:00,b03598877bdbeffd561570f89b8926d01e4877e8c67131dee3f0ade9b9d343c0
103,496,Grease and Oil Products Company,4,277,"<StoreSurvey xmlns=""http://schemas.microsoft.com/sqlserver/2004/07/adventure-works/StoreSurvey""><AnnualSales>1500000</AnnualSales><AnnualRevenue>150000</AnnualRevenue><BankName>Primary Bank &amp; Reserve</BankName><BusinessType>BS</BusinessType><YearOpened>1979</YearOpened><Specialty>Road</Specialty><SquareFeet>36000</SquareFeet><Brands>4+</Brands><Internet>T2</Internet><NumberEmployees>38</NumberEmployees></StoreSurvey>",,2014-09-12 11:15:07.497,True,2006-06-23,9999-12-31 00:00:00,fa2fd8e65860c0946383a40c870c8e13be8293ce86e9f20ea113902e5aded54c
104,498,Moderately-Priced Bikes Store,7,280,"<StoreSurvey xmlns=""http://schemas.microsoft.com/sqlserver/2004/07/adventure-works/StoreSurvey""><AnnualSales>1500000</AnnualSales><AnnualRevenue>150000</AnnualRevenue><BankName>International Security</BankName><BusinessType>BS</BusinessType><YearOpened>1974</YearOpened><Specialty>Mountain</Specialty><SquareFeet>39000</SquareFeet><Brands>2</Brands><Internet>DSL</Internet><NumberEmployees>39</NumberEmployees></StoreSurvey>",,2014-09-12 11:15:07.497,True,2006-06-23,9999-12-31 00:00:00,bee6ea2bc3576aaa6ce63cc90810dfc78ed21d1aba7a95584535850b155e0ecd
105,500,Toy Manufacturing Inc,5,278,"<StoreSurvey xmlns=""http://schemas.microsoft.com/sqlserver/2004/07/adventure-works/StoreSurvey""><AnnualSales>1500000</AnnualSales><AnnualRevenue>150000</AnnualRevenue><BankName>Guardian Bank</BankName><BusinessType>BS</BusinessType><YearOpened>1977</YearOpened><Specialty>Road</Specialty><SquareFeet>40000</SquareFeet><Brands>4+</Brands><Internet>DSL</Internet><NumberEmployees>41</NumberEmployees></StoreSurvey>",,2014-09-12 11:15:07.497,True,2006-06-23,9999-12-31 00:00:00,8ae1451f698784c9a874e29210d73d0b72296a21f24e74523d03e3265a5d3747
106,502,Eighty Toy Stores,6,279,"<StoreSurvey xmlns=""http://schemas.microsoft.com/sqlserver/2004/07/adventure-works/StoreSurvey""><AnnualSales>1500000</AnnualSales><AnnualRevenue>150000</AnnualRevenue><BankName>Primary International</BankName><BusinessType>BS</BusinessType><YearOpened>1985</YearOpened><Specialty>Road</Specialty><SquareFeet>37000</SquareFeet><Brands>4+</Brands><Internet>T1</Internet><NumberEmployees>42</NumberEmployees></StoreSurvey>",,2014-09-12 11:15:07.497,True,2006-06-23,9999-12-31 00:00:00,82b44b09ca7f3cfa39012a43bbe36c77839b6f78bd3bcc8de1406834248f9a41
107,504,Economy Bikes Company,3,276,"<StoreSurvey xmlns=""http://schemas.microsoft.com/sqlserver/2004/07/adventure-works/StoreSurvey""><AnnualSales>1500000</AnnualSales><AnnualRevenue>150000</AnnualRevenue><BankName>Reserve Security</BankName><BusinessType>BS</BusinessType><YearOpened>1980</YearOpened><Specialty>Mountain</Specialty><SquareFeet>41000</SquareFeet><Brands>4+</Brands><Internet>DSL</Internet><NumberEmployees>43</NumberEmployees></StoreSurvey>",,2014-09-12 11:15:07.497,True,2006-06-23,9999-12-31 00:00:00,4c06ba88d8bd2304f81c4f1d4a34ed70213c040f45044ca686e81dbe90165bbd
108,506,Third Bike Store,4,277,"<StoreSurvey xmlns=""http://schemas.microsoft.com/sqlserver/2004/07/adventure-works/StoreSurvey""><AnnualSales>1500000</AnnualSales><AnnualRevenue>150000</AnnualRevenue><BankName>United Security</BankName><BusinessType>BS</BusinessType><YearOpened>1988</YearOpened><Specialty>Road</Specialty><SquareFeet>37000</SquareFeet><Brands>4+</Brands><Internet>T1</Internet><NumberEmployees>44</NumberEmployees></StoreSurvey>",,2014-09-12 11:15:07.497,True,2006-06-23,9999-12-31 00:00:00,00f047f8d650403d228d66ad7289cd88aeb2513d6732b28c983a4020b6b27b40
109,508,Atypical Bike Company,17,290,"<StoreSurvey xmlns=""http://schemas.microsoft.com/sqlserver/2004/07/adventure-works/StoreSurvey""><AnnualSales>1000000</AnnualSales><AnnualRevenue>100000</AnnualRevenue><BankName>Reserve Security</BankName><BusinessType>BM</BusinessType><YearOpened>2000</YearOpened><Specialty>Road</Specialty><SquareFeet>25000</SquareFeet><Brands>3</Brands><Internet>DSL</Internet><NumberEmployees>20</NumberEmployees></StoreSurvey>",,2014-09-12 11:15:07.497,True,2006-06-23,9999-12-31 00:00:00,1bc6df0ab12002e3fb9778808a8a218e2e1fb3384f837676b4a38293962161ff
110,510,Bikes for Two,9,282,"<StoreSurvey xmlns=""http://schemas.microsoft.com/sqlserver/2004/07/adventure-works/StoreSurvey""><AnnualSales>800000</AnnualSales><AnnualRevenue>80000</AnnualRevenue><BankName>United Security</BankName><BusinessType>BM</BusinessType><YearOpened>1994</YearOpened><Specialty>Mountain</Specialty><SquareFeet>22000</SquareFeet><Brands>3</Brands><Internet>T1</Internet><NumberEmployees>18</NumberEmployees></StoreSurvey>",,2014-09-12 11:15:07.497,True,2006-06-23,9999-12-31 00:00:00,a41005a29756e51bcd0e734ad2bcacfa3cc20d3d7326350ada337f5666c430e8
111,512,Metal Processing Company,5,278,"<StoreSurvey xmlns=""http://schemas.microsoft.com/sqlserver/2004/07/adventure-works/StoreSurvey""><AnnualSales>1500000</AnnualSales><AnnualRevenue>150000</AnnualRevenue><BankName>International Security</BankName><BusinessType>BS</BusinessType><YearOpened>1986</YearOpened><Specialty>Road</Specialty><SquareFeet>39000</SquareFeet><Brands>4+</Brands><Internet>DSL</Internet><NumberEmployees>47</NumberEmployees></StoreSurvey>",,2014-09-12 11:15:07.497,True,2006-06-23,9999-12-31 00:00:00,ec3db34b230c4d40e37e5a807d46a3c94bb4461bb21924cb2083d9b9eb862a42
112,514,Widget Bicycle Specialists,6,279,"<StoreSurvey xmlns=""http://schemas.microsoft.com/sqlserver/2004/07/adventure-works/StoreSurvey""><AnnualSales>1500000</AnnualSales><AnnualRevenue>150000</AnnualRevenue><BankName>Guardian Bank</BankName><BusinessType>BS</BusinessType><YearOpened>1994</YearOpened><Specialty>Road</Specialty><SquareFeet>38000</SquareFeet><Brands>3</Brands><Internet>DSL</Internet><NumberEmployees>48</NumberEmployees></StoreSurvey>",,2014-09-12 11:15:07.497,True,2006-06-23,9999-12-31 00:00:00,877d05a62df6574aba0b071aaee441c0343fc54ae8710f3f54c000b2ae35a171
113,516,Initial Bike Company,8,281,"<StoreSurvey xmlns=""http://schemas.microsoft.com/sqlserver/2004/07/adventure-works/StoreSurvey""><AnnualSales>800000</AnnualSales><AnnualRevenue>80000</AnnualRevenue><BankName>International Security</BankName><BusinessType>BM</BusinessType><YearOpened>1996</YearOpened><Specialty>Mountain</Specialty><SquareFeet>19000</SquareFeet><Brands>4+</Brands><Internet>DSL</Internet><NumberEmployees>13</NumberEmployees></StoreSurvey>",,2014-09-12 11:15:07.497,True,2006-06-23,9999-12-31 00:00:00,6708894afbdd8778b3ce45e6573a8879977e5eb16bfb59a1324d3c6993a30c22
114,518,Latest Sports Equipment,10,283,"<StoreSurvey xmlns=""http://schemas.microsoft.com/sqlserver/2004/07/adventure-works/StoreSurvey""><AnnualSales>800000</AnnualSales><AnnualRevenue>80000</AnnualRevenue><BankName>Guardian Bank</BankName><BusinessType>BM</BusinessType><YearOpened>1991</YearOpened><Specialty>Mountain</Specialty><SquareFeet>18000</SquareFeet><Brands>4+</Brands><Internet>T1</Internet><NumberEmployees>14</NumberEmployees></StoreSurvey>",,2014-09-12 11:15:07.497,True,2006-06-23,9999-12-31 00:00:00,e3d9f980335d8b22ce9913b1dbd3cc28be1c6f35f646d5ccecb5a145fa790ba1
115,520,Modern Bike Store,2,275,"<StoreSurvey xmlns=""http://schemas.microsoft.com/sqlserver/2004/07/adventure-works/StoreSurvey""><AnnualSales>800000</AnnualSales><AnnualRevenue>80000</AnnualRevenue><BankName>Primary International</BankName><BusinessType>BM</BusinessType><YearOpened>1999</YearOpened><Specialty>Road</Specialty><SquareFeet>21000</SquareFeet><Brands>4+</Brands><Internet>T1</Internet><NumberEmployees>15</NumberEmployees></StoreSurvey>",,2014-09-12 11:15:07.497,True,2006-06-23,9999-12-31 00:00:00,2b009879ed34a15077f1f3e457fc9b7ec0157f766feb1759bfac2a3e0eb9d27d
116,522,Raw Materials Inc,7,280,"<StoreSurvey xmlns=""http://schemas.microsoft.com/sqlserver/2004/07/adventure-works/StoreSurvey""><AnnualSales>3000000</AnnualSales><AnnualRevenue>300000</AnnualRevenue><BankName>Primary Bank &amp; Reserve</BankName><BusinessType>OS</BusinessType><YearOpened>1998</YearOpened><Specialty>Mountain</Specialty><SquareFeet>74000</SquareFeet><Brands>4+</Brands><Internet>ISDN</Internet><NumberEmployees>73</NumberEmployees></StoreSurvey>",,2014-09-12 11:15:07.497,True,2006-06-23,9999-12-31 00:00:00,47494ee3e5f73302f7d5720cc1c57283acdfb25721a1a85e7d70dce0de98ab4c
117,524,Lots of Bikes Storehouse,4,277,"<StoreSurvey xmlns=""http://schemas.microsoft.com/sqlserver/2004/07/adventure-works/StoreSurvey""><AnnualSales>3000000</AnnualSales><AnnualRevenue>300000</AnnualRevenue><BankName>International Bank</BankName><BusinessType>OS</BusinessType><YearOpened>1990</YearOpened><Specialty>Mountain</Specialty><SquareFeet>73000</SquareFeet><Brands>2</Brands><Internet>T1</Internet><NumberEmployees>76</NumberEmployees></StoreSurvey>",,2014-09-12 11:15:07.497,True,2006-06-23,9999-12-31 00:00:00,da4cc19d64ef85aa5a42ca91f1c03445dedfea786338db80992e1f59931abcc3
118,526,Futuristic Bikes,8,281,"<StoreSurvey xmlns=""http://schemas.microsoft.com/sqlserver/2004/07/adventure-works/StoreSurvey""><AnnualSales>3000000</AnnualSales><AnnualRevenue>300000</AnnualRevenue><BankName>United Security</BankName><BusinessType>OS</BusinessType><YearOpened>1995</YearOpened><Specialty>Mountain</Specialty><SquareFeet>77000</SquareFeet><Brands>2</Brands><Internet>DSL</Internet><NumberEmployees>79</NumberEmployees></StoreSurvey>",,2014-09-12 11:15:07.497,True,2006-06-23,9999-12-31 00:00:00,8863bb29566a189f94cb029e4448df66ac51f066e380a1787351c65e50d2abd9
119,528,Parcel Express Delivery Service,10,283,"<StoreSurvey xmlns=""http://schemas.microsoft.com/sqlserver/2004/07/adventure-works/StoreSurvey""><AnnualSales>1500000</AnnualSales><AnnualRevenue>150000</AnnualRevenue><BankName>United Security</BankName><BusinessType>BS</BusinessType><YearOpened>1979</YearOpened><Specialty>Road</Specialty><SquareFeet>36000</SquareFeet><Brands>4+</Brands><Internet>DSL</Internet><NumberEmployees>38</NumberEmployees></StoreSurvey>",,2014-09-12 11:15:07.497,True,2006-06-23,9999-12-31 00:00:00,7ccee3ac58af243d75941ad602c9f9ef01b1eae87469de056cb50aa3d999e8bf
120,530,Outdoor Distributors,2,275,"<StoreSurvey xmlns=""http://schemas.microsoft.com/sqlserver/2004/07/adventure-works/StoreSurvey""><AnnualSales>1500000</AnnualSales><AnnualRevenue>150000</AnnualRevenue><BankName>International Bank</BankName><BusinessType>BS</BusinessType><YearOpened>1974</YearOpened><Specialty>Mountain</Specialty><SquareFeet>36000</SquareFeet><Brands>3</Brands><Internet>DSL</Internet><NumberEmployees>39</NumberEmployees></StoreSurvey>",,2014-09-12 11:15:07.497,True,2006-06-23,9999-12-31 00:00:00,4bddc165dd9c8d41b74910abd3baf0b066e2e8d40df3640b4784e33137c118ac
121,532,North Bike Company,15,288,"<StoreSurvey xmlns=""http://schemas.microsoft.com/sqlserver/2004/07/adventure-works/StoreSurvey""><AnnualSales>1500000</AnnualSales><AnnualRevenue>150000</AnnualRevenue><BankName>Primary Bank &amp; Reserve</BankName><BusinessType>BS</BusinessType><YearOpened>1982</YearOpened><Specialty>Road</Specialty><SquareFeet>37000</SquareFeet><Brands>4+</Brands><Internet>T1</Internet><NumberEmployees>40</NumberEmployees></StoreSurvey>",,2014-09-12 11:15:07.497,True,2006-06-23,9999-12-31 00:00:00,052dbd539c9ff4a35fab13fe4e8e3bc5da2ea53238c3ed0fe9406fae8306e3ca
122,534,Prosperous Tours,16,289,"<StoreSurvey xmlns=""http://schemas.microsoft.com/sqlserver/2004/07/adventure-works/StoreSurvey""><AnnualSales>3000000</AnnualSales><AnnualRevenue>300000</AnnualRevenue><BankName>Guardian Bank</BankName><BusinessType>OS</BusinessType><YearOpened>1999</YearOpened><Specialty>Road</Specialty><SquareFeet>79000</SquareFeet><Brands>4+</Brands><Internet>T1</Internet><NumberEmployees>99</NumberEmployees></StoreSurvey>",,2014-09-12 11:15:07.497,True,2006-06-23,9999-12-31 00:00:00,b25ab0eabfac8a7de161fbdb3698bd0dbdce3cecd6110c49f270acfcbdeea5fe
123,536,Nonskid Tire Company,7,280,"<StoreSurvey xmlns=""http://schemas.microsoft.com/sqlserver/2004/07/adventure-works/StoreSurvey""><AnnualSales>3000000</AnnualSales><AnnualRevenue>300000</AnnualRevenue><BankName>International Security</BankName><BusinessType>OS</BusinessType><YearOpened>1999</YearOpened><Specialty>Mountain</Specialty><SquareFeet>80000</SquareFeet><Brands>3</Brands><Internet>T2</Internet><NumberEmployees>100</NumberEmployees></StoreSurvey>",,2014-09-12 11:15:07.497,True,2006-06-23,9999-12-31 00:00:00,a4f0827f18e97e8bc2a0cb2933caad7b7e086d36c1df4908b7a0441dc978c78b
124,538,Amalgamated Parts Shop,15,288,"<StoreSurvey xmlns=""http://schemas.microsoft.com/sqlserver/2004/07/adventure-works/StoreSurvey""><AnnualSales>3000000</AnnualSales><AnnualRevenue>300000</AnnualRevenue><BankName>Primary Bank &amp; Reserve</BankName><BusinessType>OS</BusinessType><YearOpened>1999</YearOpened><Specialty>Touring</Specialty><SquareFeet>77000</SquareFeet><Brands>4+</Brands><Internet>T3</Internet><NumberEmployees>99</NumberEmployees></StoreSurvey>",,2014-09-12 11:15:07.497,True,2006-06-23,9999-12-31 00:00:00,2ebe8d4e73df4ef9bec60e3a4eb97981fed1b280039d210d242309e3300e1859
125,540,Metro Bike Works,2,275,"<StoreSurvey xmlns=""http://schemas.microsoft.com/sqlserver/2004/07/adventure-works/StoreSurvey""><AnnualSales>3000000</AnnualSales><AnnualRevenue>300000</AnnualRevenue><BankName>International Bank</BankName><BusinessType>OS</BusinessType><YearOpened>1999</YearOpened><Specialty>Mountain</Specialty><SquareFeet>77000</SquareFeet><Brands>4+</Brands><Internet>DSL</Internet><NumberEmployees>100</NumberEmployees></StoreSurvey>",,2014-09-12 11:15:07.497,True,2006-06-23,9999-12-31 00:00:00,b259e0fd8984e50f45ac594416c5ebb83c01982b0d54f22712d8e54205eae09a
126,542,Best o' Bikes,4,277,"<StoreSurvey xmlns=""http://schemas.microsoft.com/sqlserver/2004/07/adventure-works/StoreSurvey""><AnnualSales>800000</AnnualSales><AnnualRevenue>80000</AnnualRevenue><BankName>Primary International</BankName><BusinessType>BS</BusinessType><YearOpened>1972</YearOpened><Specialty>Touring</Specialty><SquareFeet>19000</SquareFeet><Brands>3</Brands><Internet>DSL</Internet><NumberEmployees>10</NumberEmployees></StoreSurvey>",,2014-09-12 11:15:07.497,True,2006-06-23,9999-12-31 00:00:00,ddfe140dd0a4fbdf8e06ab46aecbc48deab4b095acdcf436f05f6ccf1a560aed
127,544,Painters Bicycle Specialists,2,275,"<StoreSurvey xmlns=""http://schemas.microsoft.com/sqlserver/2004/07/adventure-works/StoreSurvey""><AnnualSales>1000000</AnnualSales><AnnualRevenue>100000</AnnualRevenue><BankName>Guardian Bank</BankName><BusinessType>BS</BusinessType><YearOpened>1998</YearOpened><Specialty>Road</Specialty><SquareFeet>24000</SquareFeet><Brands>3</Brands><Internet>DSL</Internet><NumberEmployees>27</NumberEmployees></StoreSurvey>",,2014-09-12 11:15:07.497,True,2006-06-23,9999-12-31 00:00:00,39fdb7bc205b30849f7205fba5fe54539916f7400c3371a6f2316a2b4d575c4f
128,546,Client Discount Store,4,277,"<StoreSurvey xmlns=""http://schemas.microsoft.com/sqlserver/2004/07/adventure-works/StoreSurvey""><AnnualSales>1000000</AnnualSales><AnnualRevenue>100000</AnnualRevenue><BankName>Guardian Bank</BankName><BusinessType>BM</BusinessType><YearOpened>2000</YearOpened><Specialty>Mountain</Specialty><SquareFeet>24000</SquareFeet><Brands>2</Brands><Internet>DSL</Internet><NumberEmployees>20</NumberEmployees></StoreSurvey>",,2014-09-12 11:15:07.497,True,2006-06-23,9999-12-31 00:00:00,9bec575e16fb2fbcc4a431fb65eb20c2104d962fd5488832a09dd619353627b5
129,548,Eastside Sporting Goods,2,275,"<StoreSurvey xmlns=""http://schemas.microsoft.com/sqlserver/2004/07/adventure-works/StoreSurvey""><AnnualSales>800000</AnnualSales><AnnualRevenue>80000</AnnualRevenue><BankName>Primary International</BankName><BusinessType>BM</BusinessType><YearOpened>2000</YearOpened><Specialty>Road</Specialty><SquareFeet>19000</SquareFeet><Brands>AW</Brands><Internet>T1</Internet><NumberEmployees>17</NumberEmployees></StoreSurvey>",,2014-09-12 11:15:07.497,True,2006-06-23,9999-12-31 00:00:00,b4e88d6fc9a1ae0e28121055987e55ea3efef7f03aec29dacbb2f992365f5f33
130,550,Helmets and Cycles,13,286,"<StoreSurvey xmlns=""http://schemas.microsoft.com/sqlserver/2004/07/adventure-works/StoreSurvey""><AnnualSales>800000</AnnualSales><AnnualRevenue>80000</AnnualRevenue><BankName>Reserve Security</BankName><BusinessType>BM</BusinessType><YearOpened>1994</YearOpened><Specialty>Touring</Specialty><SquareFeet>21000</SquareFeet><Brands>4+</Brands><Internet>ISDN</Internet><NumberEmployees>14</NumberEmployees></StoreSurvey>",,2014-09-12 11:15:07.497,True,2006-06-23,9999-12-31 00:00:00,b86c30a5e48be7e6af6d97bdffb8a9ae4476bb6a6ee6cfdc7bc3b3a575adf241
131,552,Requisite Part Supply,9,282,"<StoreSurvey xmlns=""http://schemas.microsoft.com/sqlserver/2004/07/adventure-works/StoreSurvey""><AnnualSales>1500000</AnnualSales><AnnualRevenue>150000</AnnualRevenue><BankName>Guardian Bank</BankName><BusinessType>BS</BusinessType><YearOpened>1988</YearOpened><Specialty>Road</Specialty><SquareFeet>39000</SquareFeet><Brands>3</Brands><Internet>DSL</Internet><NumberEmployees>35</NumberEmployees></StoreSurvey>",,2014-09-12 11:15:07.497,True,2006-06-23,9999-12-31 00:00:00,a36bf54ecfc94f451a3f9e1d626679c2666922a482628a17e2be9f1274b47d84
132,554,Racks and Security Systems,6,279,"<StoreSurvey xmlns=""http://schemas.microsoft.com/sqlserver/2004/07/adventure-works/StoreSurvey""><AnnualSales>1500000</AnnualSales><AnnualRevenue>150000</AnnualRevenue><BankName>Primary International</BankName><BusinessType>BS</BusinessType><YearOpened>1976</YearOpened><Specialty>Touring</Specialty><SquareFeet>39000</SquareFeet><Brands>3</Brands><Internet>DSL</Internet><NumberEmployees>36</NumberEmployees></StoreSurvey>",,2014-09-12 11:15:07.497,True,2006-06-23,9999-12-31 00:00:00,a6b2b01fefe20398c054446aa3f025977834b02a0a6fb3583d1f99e18809325e
133,556,Mechanical Products Ltd.,8,281,"<StoreSurvey xmlns=""http://schemas.microsoft.com/sqlserver/2004/07/adventure-works/StoreSurvey""><AnnualSales>1500000</AnnualSales><AnnualRevenue>150000</AnnualRevenue><BankName>Reserve Security</BankName><BusinessType>BS</BusinessType><YearOpened>1971</YearOpened><Specialty>Road</Specialty><SquareFeet>38000</SquareFeet><Brands>4+</Brands><Internet>DSL</Internet><NumberEmployees>37</NumberEmployees></StoreSurvey>",,2014-09-12 11:15:07.497,True,2006-06-23,9999-12-31 00:00:00,a9bcf005bb844685a589258f01a4abaca8b4aa56e78a5772f2378b7476c73f04
134,558,Commendable Bikes,10,283,"<StoreSurvey xmlns=""http://schemas.microsoft.com/sqlserver/2004/07/adventure-works/StoreSurvey""><AnnualSales>1500000</AnnualSales><AnnualRevenue>150000</AnnualRevenue><BankName>Guardian Bank</BankName><BusinessType>BS</BusinessType><YearOpened>1974</YearOpened><Specialty>Road</Specialty><SquareFeet>37000</SquareFeet><Brands>4+</Brands><Internet>DSL</Internet><NumberEmployees>39</NumberEmployees></StoreSurvey>",,2014-09-12 11:15:07.497,True,2006-06-23,9999-12-31 00:00:00,0f9a570b87ac8f2800e2a4a46f7b1153ac9d161246aec70e8023f0d86cd3993a
135,560,Online Bike Sellers,2,275,"<StoreSurvey xmlns=""http://schemas.microsoft.com/sqlserver/2004/07/adventure-works/StoreSurvey""><AnnualSales>1500000</AnnualSales><AnnualRevenue>150000</AnnualRevenue><BankName>Primary International</BankName><BusinessType>BS</BusinessType><YearOpened>1982</YearOpened><Specialty>Mountain</Specialty><SquareFeet>39000</SquareFeet><Brands>2</Brands><Internet>DSL</Internet><NumberEmployees>40</NumberEmployees></StoreSurvey>",,2014-09-12 11:15:07.497,True,2006-06-23,9999-12-31 00:00:00,9fef2090e0ee123660c2b1f438e7b04bd0402adc884593581be0842fd3060262
136,562,Custom Accessories Company,5,278,"<StoreSurvey xmlns=""http://schemas.microsoft.com/sqlserver/2004/07/adventure-works/StoreSurvey""><AnnualSales>3000000</AnnualSales><AnnualRevenue>300000</AnnualRevenue><BankName>Guardian Bank</BankName><BusinessType>OS</BusinessType><YearOpened>1998</YearOpened><Specialty>Road</Specialty><SquareFeet>79000</SquareFeet><Brands>4+</Brands><Internet>DSL</Internet><NumberEmployees>98</NumberEmployees></StoreSurvey>",,2014-09-12 11:15:07.497,True,2006-06-23,9999-12-31 00:00:00,ea13f75b68b0be8254bf637d934eb2b99c14c643ef8354dfcb63f7130e672a87
137,564,Unusual Bicycle Company,13,286,"<StoreSurvey xmlns=""http://schemas.microsoft.com/sqlserver/2004/07/adventure-works/StoreSurvey""><AnnualSales>3000000</AnnualSales><AnnualRevenue>300000</AnnualRevenue><BankName>International Security</BankName><BusinessType>OS</BusinessType><YearOpened>1999</YearOpened><Specialty>Touring</Specialty><SquareFeet>78000</SquareFeet><Brands>4+</Brands><Internet>DSL</Internet><NumberEmployees>99</NumberEmployees></StoreSurvey>",,2014-09-12 11:15:07.497,True,2006-06-23,9999-12-31 00:00:00,93dfb2c864b61671a95222516af222be16e9e68289bd05f7f4daece5e8394511
138,566,Courteous Bicycle Specialists,9,282,"<StoreSurvey xmlns=""http://schemas.microsoft.com/sqlserver/2004/07/adventure-works/StoreSurvey""><AnnualSales>300000</AnnualSales><AnnualRevenue>30000</AnnualRevenue><BankName>International Security</BankName><BusinessType>BM</BusinessType><YearOpened>1982</YearOpened><Specialty>Touring</Specialty><SquareFeet>10000</SquareFeet><Brands>2</Brands><Internet>DSL</Internet><NumberEmployees>8</NumberEmployees></StoreSurvey>",,2014-09-12 11:15:07.497,True,2006-06-23,9999-12-31 00:00:00,b44e979fcdc82a8e41bd5bc886c4a51a9d0dca471491f19bba7569c6dca4fa04
139,568,Hobby Store,6,279,"<StoreSurvey xmlns=""http://schemas.microsoft.com/sqlserver/2004/07/adventure-works/StoreSurvey""><AnnualSales>300000</AnnualSales><AnnualRevenue>30000</AnnualRevenue><BankName>Guardian Bank</BankName><BusinessType>BM</BusinessType><YearOpened>1976</YearOpened><Specialty>Mountain</Specialty><SquareFeet>6000</SquareFeet><Brands>2</Brands><Internet>DSL</Internet><NumberEmployees>5</NumberEmployees></StoreSurvey>",,2014-09-12 11:15:07.497,True,2006-06-23,9999-12-31 00:00:00,cb9ebcf61c789fcb5a9f8afe6034dc45465e7e772b531be6be774dd2ff711869
140,570,Professional Cycle Store,8,281,"<StoreSurvey xmlns=""http://schemas.microsoft.com/sqlserver/2004/07/adventure-works/StoreSurvey""><AnnualSales>300000</AnnualSales><AnnualRevenue>30000</AnnualRevenue><BankName>Primary International</BankName><BusinessType>BM</BusinessType><YearOpened>1970</YearOpened><Specialty>Mountain</Specialty><SquareFeet>10000</SquareFeet><Brands>2</Brands><Internet>T1</Internet><NumberEmployees>2</NumberEmployees></StoreSurvey>",,2014-09-12 11:15:07.497,True,2006-06-23,9999-12-31 00:00:00,53aa22333bb429c743d0a772d335e46fa96f729b728f6b6a2688c3e3ecc37866
141,572,Bike Universe,8,281,"<StoreSurvey xmlns=""http://schemas.microsoft.com/sqlserver/2004/07/adventure-works/StoreSurvey""><AnnualSales>1000000</AnnualSales><AnnualRevenue>100000</AnnualRevenue><BankName>United Security</BankName><BusinessType>BS</BusinessType><YearOpened>1971</YearOpened><Specialty>Mountain</Specialty><SquareFeet>28000</SquareFeet><Brands>4+</Brands><Internet>T2</Internet><NumberEmployees>28</NumberEmployees></StoreSurvey>",,2014-09-12 11:15:07.497,True,2006-06-23,9999-12-31 00:00:00,c3eeb02d45a989ca3e008c27d88ce9cdea009d2aaab679346ba955f1def925f9
142,574,Fifth Bike Store,10,283,"<StoreSurvey xmlns=""http://schemas.microsoft.com/sqlserver/2004/07/adventure-works/StoreSurvey""><AnnualSales>1000000</AnnualSales><AnnualRevenue>100000</AnnualRevenue><BankName>International Bank</BankName><BusinessType>BS</BusinessType><YearOpened>2001</YearOpened><Specialty>Road</Specialty><SquareFeet>26000</SquareFeet><Brands>4+</Brands><Internet>DSL</Internet><NumberEmployees>25</NumberEmployees></StoreSurvey>",,2014-09-12 11:15:07.497,True,2006-06-23,9999-12-31 00:00:00,532d286690832b93941a43a5295a20924d299750906e29d2adfa6c14164fb715
143,576,Independent Outlet,2,275,"<StoreSurvey xmlns=""http://schemas.microsoft.com/sqlserver/2004/07/adventure-works/StoreSurvey""><AnnualSales>1000000</AnnualSales><AnnualRevenue>100000</AnnualRevenue><BankName>Primary Bank &amp; Reserve</BankName><BusinessType>BS</BusinessType><YearOpened>1996</YearOpened><Specialty>Road</Specialty><SquareFeet>25000</SquareFeet><Brands>3</Brands><Internet>DSL</Internet><NumberEmployees>22</NumberEmployees></StoreSurvey>",,2014-09-12 11:15:07.497,True,2006-06-23,9999-12-31 00:00:00,33c87131000915ee23e69e2f738279d0845864ddfcc585f660f3b35538b74c07
144,578,Rambling Tours,15,288,"<StoreSurvey xmlns=""http://schemas.microsoft.com/sqlserver/2004/07/adventure-works/StoreSurvey""><AnnualSales>800000</AnnualSales><AnnualRevenue>80000</AnnualRevenue><BankName>International Security</BankName><BusinessType>BS</BusinessType><YearOpened>1990</YearOpened><Specialty>Touring</Specialty><SquareFeet>19000</SquareFeet><Brands>3</Brands><Internet>T3</Internet><NumberEmployees>19</NumberEmployees></StoreSurvey>",,2014-09-12 11:15:07.497,True,2006-06-23,9999-12-31 00:00:00,543d86c20d6ab1bdd44ea61ce8bc956b67b72094958af48a465acfbb0753b9e3
145,580,Farthest Bike Store,9,282,"<StoreSurvey xmlns=""http://schemas.microsoft.com/sqlserver/2004/07/adventure-works/StoreSurvey""><AnnualSales>3000000</AnnualSales><AnnualRevenue>300000</AnnualRevenue><BankName>United Security</BankName><BusinessType>OS</BusinessType><YearOpened>1987</YearOpened><Specialty>Touring</Specialty><SquareFeet>74000</SquareFeet><Brands>4+</Brands><Internet>DSL</Internet><NumberEmployees>80</NumberEmployees></StoreSurvey>",,2014-09-12 11:15:07.497,True,2006-06-23,9999-12-31 00:00:00,636d734f28f2c7d99d31feee1339c01516a2fa03d9a3d5e571acb559ed477914
146,582,Excellent Bikes,15,288,"<StoreSurvey xmlns=""http://schemas.microsoft.com/sqlserver/2004/07/adventure-works/StoreSurvey""><AnnualSales>3000000</AnnualSales><AnnualRevenue>300000</AnnualRevenue><BankName>Reserve Security</BankName><BusinessType>OS</BusinessType><YearOpened>1992</YearOpened><Specialty>Touring</Specialty><SquareFeet>75000</SquareFeet><Brands>2</Brands><Internet>DSL</Internet><NumberEmployees>81</NumberEmployees></StoreSurvey>",,2014-09-12 11:15:07.497,True,2006-06-23,9999-12-31 00:00:00,d58f5bb93911b8d9d988f60e7bbe0578325d464a5ac02ad76f7b87b9c2e6c1d1
147,584,Curbside Universe,2,275,"<StoreSurvey xmlns=""http://schemas.microsoft.com/sqlserver/2004/07/adventure-works/StoreSurvey""><AnnualSales>3000000</AnnualSales><AnnualRevenue>300000</AnnualRevenue><BankName>Primary International</BankName><BusinessType>OS</BusinessType><YearOpened>1984</YearOpened><Specialty>Road</Specialty><SquareFeet>73000</SquareFeet><Brands>4+</Brands><Internet>DSL</Internet><NumberEmployees>82</NumberEmployees></StoreSurvey>",,2014-09-12 11:15:07.497,True,2006-06-23,9999-12-31 00:00:00,df22f81cc4f49c111c4439bfea2f88ab7b6461dfb6988b33e70d9276eb682e4f
148,586,Alternative Vehicles,7,280,"<StoreSurvey xmlns=""http://schemas.microsoft.com/sqlserver/2004/07/adventure-works/StoreSurvey""><AnnualSales>1500000</AnnualSales><AnnualRevenue>150000</AnnualRevenue><BankName>Primary Bank &amp; Reserve</BankName><BusinessType>BS</BusinessType><YearOpened>1983</YearOpened><Specialty>Road</Specialty><SquareFeet>41000</SquareFeet><Brands>4+</Brands><Internet>T1</Internet><NumberEmployees>45</NumberEmployees></StoreSurvey>",,2014-09-12 11:15:07.497,True,2006-06-23,9999-12-31 00:00:00,302cbcfa1c3d4d1124ed26f583c17aef93741398e5eb6370035acc6b832c6c6f
149,588,Channel Outlet,16,289,"<StoreSurvey xmlns=""http://schemas.microsoft.com/sqlserver/2004/07/adventure-works/StoreSurvey""><AnnualSales>1500000</AnnualSales><AnnualRevenue>150000</AnnualRevenue><BankName>International Security</BankName><BusinessType>BS</BusinessType><YearOpened>1991</YearOpened><Specialty>Touring</Specialty><SquareFeet>40000</SquareFeet><Brands>4+</Brands><Internet>DSL</Internet><NumberEmployees>46</NumberEmployees></StoreSurvey>",,2014-09-12 11:15:07.497,True,2006-06-23,9999-12-31 00:00:00,93af583a056fcec50e2a1bde7230b7a25409de9be09661e861cfbf16d7b12b30
150,590,Full Sports Supply,17,290,"<StoreSurvey xmlns=""http://schemas.microsoft.com/sqlserver/2004/07/adventure-works/StoreSurvey""><AnnualSales>1500000</AnnualSales><AnnualRevenue>150000</AnnualRevenue><BankName>Guardian Bank</BankName><BusinessType>BS</BusinessType><YearOpened>1986</YearOpened><Specialty>Mountain</Specialty><SquareFeet>38000</SquareFeet><Brands>4+</Brands><Internet>DSL</Internet><NumberEmployees>47</NumberEmployees></StoreSurvey>",,2014-09-12 11:15:07.497,True,2006-06-23,9999-12-31 00:00:00,b26e25776c27bf50285c0073ae57806d4bfb9342b082a2f0926fe0ba64baabb1
151,592,Retail Mall,9,282,"<StoreSurvey xmlns=""http://schemas.microsoft.com/sqlserver/2004/07/adventure-works/StoreSurvey""><AnnualSales>3000000</AnnualSales><AnnualRevenue>300000</AnnualRevenue><BankName>Primary International</BankName><BusinessType>OS</BusinessType><YearOpened>1977</YearOpened><Specialty>Road</Specialty><SquareFeet>79000</SquareFeet><Brands>4+</Brands><Internet>ISDN</Internet><NumberEmployees>91</NumberEmployees></StoreSurvey>",,2014-09-12 11:15:07.497,True,2006-06-23,9999-12-31 00:00:00,f07f9fc17f168465a12ce95e4bff238c2764d0572c905e024ed6bc3a2cba89df
152,594,Racing Store,17,290,"<StoreSurvey xmlns=""http://schemas.microsoft.com/sqlserver/2004/07/adventure-works/StoreSurvey""><AnnualSales>3000000</AnnualSales><AnnualRevenue>300000</AnnualRevenue><BankName>Guardian Bank</BankName><BusinessType>OS</BusinessType><YearOpened>1987</YearOpened><Specialty>Road</Specialty><SquareFeet>78000</SquareFeet><Brands>4+</Brands><Internet>DSL</Internet><NumberEmployees>92</NumberEmployees></StoreSurvey>",,2014-09-12 11:15:07.497,True,2006-06-23,9999-12-31 00:00:00,8f9f1312a2eaa5cc5dc6962a0cf3088a3e970f83be62a47e06f79f579962a7dd
153,596,Metro Metals Co.,16,289,"<StoreSurvey xmlns=""http://schemas.microsoft.com/sqlserver/2004/07/adventure-works/StoreSurvey""><AnnualSales>3000000</AnnualSales><AnnualRevenue>300000</AnnualRevenue><BankName>International Security</BankName><BusinessType>OS</BusinessType><YearOpened>1974</YearOpened><Specialty>Touring</Specialty><SquareFeet>77000</SquareFeet><Brands>4+</Brands><Internet>DSL</Internet><NumberEmployees>93</NumberEmployees></StoreSurvey>",,2014-09-12 11:15:07.497,True,2006-06-23,9999-12-31 00:00:00,af8b7ba0bb73e0c582144a4690a9a4ef1283a33878e458caf591acf95f5060e7
154,598,Sheet Metal Manufacturing,4,277,"<StoreSurvey xmlns=""http://schemas.microsoft.com/sqlserver/2004/07/adventure-works/StoreSurvey""><AnnualSales>800000</AnnualSales><AnnualRevenue>80000</AnnualRevenue><BankName>International Security</BankName><BusinessType>BM</BusinessType><YearOpened>1997</YearOpened><Specialty>Road</Specialty><SquareFeet>19000</SquareFeet><Brands>3</Brands><Internet>T1</Internet><NumberEmployees>17</NumberEmployees></StoreSurvey>",,2014-09-12 11:15:07.497,True,2006-06-23,9999-12-31 00:00:00,ef5ff542ceda55bd94fd811a9d934e2c65f7562ec63ee236c8bef2d652c83297
155,600,Thorough Parts and Repair Services,7,280,"<StoreSurvey xmlns=""http://schemas.microsoft.com/sqlserver/2004/07/adventure-works/StoreSurvey""><AnnualSales>800000</AnnualSales><AnnualRevenue>80000</AnnualRevenue><BankName>Guardian Bank</BankName><BusinessType>BM</BusinessType><YearOpened>1975</YearOpened><Specialty>Road</Specialty><SquareFeet>22000</SquareFeet><Brands>2</Brands><Internet>T1</Internet><NumberEmployees>18</NumberEmployees></StoreSurvey>",,2014-09-12 11:15:07.497,True,2006-06-23,9999-12-31 00:00:00,0aec4cd02429e4061e2b5cfd28d32f128b5bb8001aaa5a6a033929f97857ff47
156,602,Uttermost Bike Shop,16,289,"<StoreSurvey xmlns=""http://schemas.microsoft.com/sqlserver/2004/07/adventure-works/StoreSurvey""><AnnualSales>800000</AnnualSales><AnnualRevenue>80000</AnnualRevenue><BankName>Primary International</BankName><BusinessType>BM</BusinessType><YearOpened>2000</YearOpened><Specialty>Road</Specialty><SquareFeet>20000</SquareFeet><Brands>4+</Brands><Internet>DSL</Internet><NumberEmployees>19</NumberEmployees></StoreSurvey>",,2014-09-12 11:15:07.497,True,2006-06-23,9999-12-31 00:00:00,1d7bb9df44f844d7aa8f3c723836eb8e05735486b93e7e88b14c43cce85fbebc
157,604,Mechanical Sports Center,2,275,"<StoreSurvey xmlns=""http://schemas.microsoft.com/sqlserver/2004/07/adventure-works/StoreSurvey""><AnnualSales>1500000</AnnualSales><AnnualRevenue>150000</AnnualRevenue><BankName>International Security</BankName><BusinessType>BS</BusinessType><YearOpened>1995</YearOpened><Specialty>Road</Specialty><SquareFeet>40000</SquareFeet><Brands>3</Brands><Internet>DSL</Internet><NumberEmployees>40</NumberEmployees></StoreSurvey>",,2014-09-12 11:15:07.497,True,2006-06-23,9999-12-31 00:00:00,73f4d9844f09b7d83a53d9e9995e8ecfb90fcb54632009144a6b5f66fba4b4b4
158,606,Speedometer Sales,15,288,"<StoreSurvey xmlns=""http://schemas.microsoft.com/sqlserver/2004/07/adventure-works/StoreSurvey""><AnnualSales>1500000</AnnualSales><AnnualRevenue>150000</AnnualRevenue><BankName>Guardian Bank</BankName><BusinessType>BS</BusinessType><YearOpened>1995</YearOpened><Specialty>Road</Specialty><SquareFeet>39000</SquareFeet><Brands>3</Brands><Internet>DSL</Internet><NumberEmployees>37</NumberEmployees></StoreSurvey>",,2014-09-12 11:15:07.497,True,2006-06-23,9999-12-31 00:00:00,b7e368dd751c322c5a60ecddd84d72e2ea273a1def41d7249904b0b903703f38
159,608,Two-Wheeled Transit Company,9,282,"<StoreSurvey xmlns=""http://schemas.microsoft.com/sqlserver/2004/07/adventure-works/StoreSurvey""><AnnualSales>1500000</AnnualSales><AnnualRevenue>150000</AnnualRevenue><BankName>Primary International</BankName><BusinessType>BS</BusinessType><YearOpened>1983</YearOpened><Specialty>Mountain</Specialty><SquareFeet>38000</SquareFeet><Brands>4+</Brands><Internet>DSL</Internet><NumberEmployees>34</NumberEmployees></StoreSurvey>",,2014-09-12 11:15:07.497,True,2006-06-23,9999-12-31 00:00:00,ceab362ec6e191c9d94578c22e81c8442be18219dfb2a9014bc17ce3b2dcccf4
160,610,Mountain Emporium,6,279,"<StoreSurvey xmlns=""http://schemas.microsoft.com/sqlserver/2004/07/adventure-works/StoreSurvey""><AnnualSales>1500000</AnnualSales><AnnualRevenue>150000</AnnualRevenue><BankName>Reserve Security</BankName><BusinessType>BS</BusinessType><YearOpened>1998</YearOpened><Specialty>Mountain</Specialty><SquareFeet>37000</SquareFeet><Brands>4+</Brands><Internet>T1</Internet><NumberEmployees>31</NumberEmployees></StoreSurvey>",,2014-09-12 11:15:07.497,True,2006-06-23,9999-12-31 00:00:00,c425cec42b37fa09dceeec3c032e74393081ae6f91f29db9bd1a390270e7655c
161,612,Metro Cycle Shop,10,283,"<StoreSurvey xmlns=""http://schemas.microsoft.com/sqlserver/2004/07/adventure-works/StoreSurvey""><AnnualSales>3000000</AnnualSales><AnnualRevenue>300000</AnnualRevenue><BankName>Guardian Bank</BankName><BusinessType>OS</BusinessType><YearOpened>1989</YearOpened><Specialty>Mountain</Specialty><SquareFeet>74000</SquareFeet><Brands>3</Brands><Internet>T1</Internet><NumberEmployees>83</NumberEmployees></StoreSurvey>",,2014-09-12 11:15:07.497,True,2006-06-23,9999-12-31 00:00:00,714c68ff52fc10562d021074e38c6b4cf5940597621e189c0bb2b270db781419
162,614,Outdoor Sporting Goods,8,281,"<StoreSurvey xmlns=""http://schemas.microsoft.com/sqlserver/2004/07/adventure-works/StoreSurvey""><AnnualSales>3000000</AnnualSales><AnnualRevenue>300000</AnnualRevenue><BankName>International Security</BankName><BusinessType>OS</BusinessType><YearOpened>1981</YearOpened><Specialty>Touring</Specialty><SquareFeet>74000</SquareFeet><Brands>3</Brands><Internet>ISDN</Internet><NumberEmployees>84</NumberEmployees></StoreSurvey>",,2014-09-12 11:15:07.497,True,2006-06-23,9999-12-31 00:00:00,7bacf6bfdc108ecc4adad7c15aae695169e1f7c1b160e60356e3fd0fe0dbeaa3
163,616,Tread Industries,6,279,"<StoreSurvey xmlns=""http://schemas.microsoft.com/sqlserver/2004/07/adventure-works/StoreSurvey""><AnnualSales>3000000</AnnualSales><AnnualRevenue>300000</AnnualRevenue><BankName>Primary Bank &amp; Reserve</BankName><BusinessType>OS</BusinessType><YearOpened>1986</YearOpened><Specialty>Mountain</Specialty><SquareFeet>77000</SquareFeet><Brands>4+</Brands><Internet>T1</Internet><NumberEmployees>85</NumberEmployees></StoreSurvey>",,2014-09-12 11:15:07.497,True,2006-06-23,9999-12-31 00:00:00,f8ba16355c484a94a5f936ac1720481f07f43e07a786c42e621857bb4901e863
164,618,Petroleum Products Distributors,9,282,"<StoreSurvey xmlns=""http://schemas.microsoft.com/sqlserver/2004/07/adventure-works/StoreSurvey""><AnnualSales>3000000</AnnualSales><AnnualRevenue>300000</AnnualRevenue><BankName>International Bank</BankName><BusinessType>OS</BusinessType><YearOpened>1978</YearOpened><Specialty>Touring</Specialty><SquareFeet>78000</SquareFeet><Brands>4+</Brands><Internet>DSL</Internet><NumberEmployees>86</NumberEmployees></StoreSurvey>",,2014-09-12 11:15:07.497,True,2006-06-23,9999-12-31 00:00:00,583a9f215468ac8fd5dda94475853476c61a38735f4a8b1532c1cc7252ba51cc
165,620,Tandem Bicycle Store,6,279,"<StoreSurvey xmlns=""http://schemas.microsoft.com/sqlserver/2004/07/adventure-works/StoreSurvey""><AnnualSales>1500000</AnnualSales><AnnualRevenue>150000</AnnualRevenue><BankName>International Security</BankName><BusinessType>OS</BusinessType><YearOpened>1986</YearOpened><Specialty>Mountain</Specialty><SquareFeet>37000</SquareFeet><Brands>4+</Brands><Internet>DSL</Internet><NumberEmployees>46</NumberEmployees></StoreSurvey>",,2014-09-12 11:15:07.497,True,2006-06-23,9999-12-31 00:00:00,19fa0e699d3dcf1f6799ad466fd1cbe4663a71e4f40d73ebfd5e914d43e2f9f3
166,622,Bikes and Motorbikes,5,278,"<StoreSurvey xmlns=""http://schemas.microsoft.com/sqlserver/2004/07/adventure-works/StoreSurvey""><AnnualSales>1500000</AnnualSales><AnnualRevenue>150000</AnnualRevenue><BankName>Primary Bank &amp; Reserve</BankName><BusinessType>OS</BusinessType><YearOpened>1992</YearOpened><Specialty>Road</Specialty><SquareFeet>40000</SquareFeet><Brands>2</Brands><Internet>DSL</Internet><NumberEmployees>49</NumberEmployees></StoreSurvey>",,2014-09-12 11:15:07.497,True,2006-06-23,9999-12-31 00:00:00,d59e14a0cc101f4f4519d8778d233be661dd664b9bb71859972ffe5d3cfd3920
167,624,Budget Toy Store,13,286,"<StoreSurvey xmlns=""http://schemas.microsoft.com/sqlserver/2004/07/adventure-works/StoreSurvey""><AnnualSales>3000000</AnnualSales><AnnualRevenue>300000</AnnualRevenue><BankName>International Bank</BankName><BusinessType>OS</BusinessType><YearOpened>1998</YearOpened><Specialty>Mountain</Specialty><SquareFeet>71000</SquareFeet><Brands>4+</Brands><Internet>DSL</Internet><NumberEmployees>52</NumberEmployees></StoreSurvey>",,2014-09-12 11:15:07.497,True,2006-06-23,9999-12-31 00:00:00,7671c8a01859ce8f79cf0ffad796b331c20493ae32345acc843d31d61b7cd44e
168,626,Camping and Sports Store,9,282,"<StoreSurvey xmlns=""http://schemas.microsoft.com/sqlserver/2004/07/adventure-works/StoreSurvey""><AnnualSales>3000000</AnnualSales><AnnualRevenue>300000</AnnualRevenue><BankName>Reserve Security</BankName><BusinessType>OS</BusinessType><YearOpened>1987</YearOpened><Specialty>Touring</Specialty><SquareFeet>77000</SquareFeet><Brands>4+</Brands><Internet>DSL</Internet><NumberEmployees>80</NumberEmployees></StoreSurvey>",,2014-09-12 11:15:07.497,True,2006-06-23,9999-12-31 00:00:00,e5945ce013d693de3120bac932c75000e7385d482b8f49618b27e87e9b247a98
169,628,Ace Bicycle Supply,17,290,"<StoreSurvey xmlns=""http://schemas.microsoft.com/sqlserver/2004/07/adventure-works/StoreSurvey""><AnnualSales>3000000</AnnualSales><AnnualRevenue>300000</AnnualRevenue><BankName>Primary International</BankName><BusinessType>OS</BusinessType><YearOpened>1992</YearOpened><Specialty>Mountain</Specialty><SquareFeet>73000</SquareFeet><Brands>3</Brands><Internet>T1</Internet><NumberEmployees>81</NumberEmployees></StoreSurvey>",,2014-09-12 11:15:07.497,True,2006-06-23,9999-12-31 00:00:00,e323c13525ff4c09152c92bcb6e8754a2a427df31d2b373b4e464203fdc777c5
170,630,Rural Department Store,8,281,"<StoreSurvey xmlns=""http://schemas.microsoft.com/sqlserver/2004/07/adventure-works/StoreSurvey""><AnnualSales>1500000</AnnualSales><AnnualRevenue>150000</AnnualRevenue><BankName>United Security</BankName><BusinessType>BS</BusinessType><YearOpened>1990</YearOpened><Specialty>Touring</Specialty><SquareFeet>35000</SquareFeet><Brands>3</Brands><Internet>T1</Internet><NumberEmployees>31</NumberEmployees></StoreSurvey>",,2014-09-12 11:15:07.497,True,2006-06-23,9999-12-31 00:00:00,32516332c1ae0a994ada764810767688bcd856ee1d2a30b45becc4d741cf2aad
171,632,Sports Commodities,10,283,"<StoreSurvey xmlns=""http://schemas.microsoft.com/sqlserver/2004/07/adventure-works/StoreSurvey""><AnnualSales>1500000</AnnualSales><AnnualRevenue>150000</AnnualRevenue><BankName>International Bank</BankName><BusinessType>BS</BusinessType><YearOpened>1984</YearOpened><Specialty>Mountain</Specialty><SquareFeet>37000</SquareFeet><Brands>2</Brands><Internet>T1</Internet><NumberEmployees>32</NumberEmployees></StoreSurvey>",,2014-09-12 11:15:07.497,True,2006-06-23,9999-12-31 00:00:00,83f3cf9f85f117d17651185e30d10ed9a160e48761708f449faab537bf6faea9
172,634,Riverside Company,2,275,"<StoreSurvey xmlns=""http://schemas.microsoft.com/sqlserver/2004/07/adventure-works/StoreSurvey""><AnnualSales>1500000</AnnualSales><AnnualRevenue>150000</AnnualRevenue><BankName>Primary Bank &amp; Reserve</BankName><BusinessType>BS</BusinessType><YearOpened>1978</YearOpened><Specialty>Road</Specialty><SquareFeet>38000</SquareFeet><Brands>4+</Brands><Internet>DSL</Internet><NumberEmployees>33</NumberEmployees></StoreSurvey>",,2014-09-12 11:15:07.497,True,2006-06-23,9999-12-31 00:00:00,aa0fe1192dbdb3341c345796f837656ee0c5f5c2681afe74f545ee9ad49b5c4a
173,636,Bicycle Exporters,15,288,"<StoreSurvey xmlns=""http://schemas.microsoft.com/sqlserver/2004/07/adventure-works/StoreSurvey""><AnnualSales>1500000</AnnualSales><AnnualRevenue>150000</AnnualRevenue><BankName>International Security</BankName><BusinessType>BS</BusinessType><YearOpened>1972</YearOpened><Specialty>Touring</Specialty><SquareFeet>39000</SquareFeet><Brands>2</Brands><Internet>T2</Internet><NumberEmployees>34</NumberEmployees></StoreSurvey>",,2014-09-12 11:15:07.497,True,2006-06-23,9999-12-31 00:00:00,e09cff7548ac10d143b78f3b4388d3a46a011db2c5a70837bc10e0134c821f10
174,638,Responsible Bike Dealers,4,277,"<StoreSurvey xmlns=""http://schemas.microsoft.com/sqlserver/2004/07/adventure-works/StoreSurvey""><AnnualSales>1500000</AnnualSales><AnnualRevenue>150000</AnnualRevenue><BankName>International Security</BankName><BusinessType>BS</BusinessType><YearOpened>1989</YearOpened><Specialty>Mountain</Specialty><SquareFeet>40000</SquareFeet><Brands>2</Brands><Internet>T1</Internet><NumberEmployees>49</NumberEmployees></StoreSurvey>",,2014-09-12 11:15:07.497,True,2006-06-23,9999-12-31 00:00:00,ee0bee57416e4014a1117b1df57c3fb78e6f424c902341bddefff6d0d418457e
175,640,Western Bike Supplies,8,281,"<StoreSurvey xmlns=""http://schemas.microsoft.com/sqlserver/2004/07/adventure-works/StoreSurvey""><AnnualSales>1500000</AnnualSales><AnnualRevenue>150000</AnnualRevenue><BankName>Primary Bank &amp; Reserve</BankName><BusinessType>BS</BusinessType><YearOpened>1994</YearOpened><Specialty>Road</Specialty><SquareFeet>38000</SquareFeet><Brands>3</Brands><Internet>T1</Internet><NumberEmployees>48</NumberEmployees></StoreSurvey>",,2014-09-12 11:15:07.497,True,2006-06-23,9999-12-31 00:00:00,1302c26a0f88e8f8a9f8e5b5ed5af222a025b637f9a47db1f9f5d144a2421d78
176,642,Advanced Bike Components,4,277,"<StoreSurvey xmlns=""http://schemas.microsoft.com/sqlserver/2004/07/adventure-works/StoreSurvey""><AnnualSales>1500000</AnnualSales><AnnualRevenue>150000</AnnualRevenue><BankName>Primary International</BankName><BusinessType>OS</BusinessType><YearOpened>1974</YearOpened><Specialty>Road</Specialty><SquareFeet>38000</SquareFeet><Brands>3</Brands><Internet>DSL</Internet><NumberEmployees>40</NumberEmployees></StoreSurvey>",,2014-09-12 11:15:07.497,True,2006-06-23,9999-12-31 00:00:00,5066ea0eee16988adba8e53005948e816ebe37b348840098b4f1258c9ccd248a
177,644,Aerobic Exercise Company,3,276,"<StoreSurvey xmlns=""http://schemas.microsoft.com/sqlserver/2004/07/adventure-works/StoreSurvey""><AnnualSales>1500000</AnnualSales><AnnualRevenue>150000</AnnualRevenue><BankName>Guardian Bank</BankName><BusinessType>OS</BusinessType><YearOpened>1980</YearOpened><Specialty>Road</Specialty><SquareFeet>40000</SquareFeet><Brands>3</Brands><Internet>DSL</Internet><NumberEmployees>43</NumberEmployees></StoreSurvey>",,2014-09-12 11:15:07.497,True,2006-06-23,9999-12-31 00:00:00,9f75531bd6f480a4deddf99bd76518fa2462c89621a344f1e3e0ef51135ef0c5
178,646,Rural Sporting Goods,15,288,"<StoreSurvey xmlns=""http://schemas.microsoft.com/sqlserver/2004/07/adventure-works/StoreSurvey""><AnnualSales>800000</AnnualSales><AnnualRevenue>80000</AnnualRevenue><BankName>United Security</BankName><BusinessType>BM</BusinessType><YearOpened>1985</YearOpened><Specialty>Road</Specialty><SquareFeet>20000</SquareFeet><Brands>4+</Brands><Internet>T2</Internet><NumberEmployees>10</NumberEmployees></StoreSurvey>",,2014-09-12 11:15:07.497,True,2006-06-23,9999-12-31 00:00:00,7bd0b727bdd8bcb234ff558ed0cd9e3ac135d48384cdf85817f884c9befdb123
179,648,Corner Bicycle Supply,9,282,"<StoreSurvey xmlns=""http://schemas.microsoft.com/sqlserver/2004/07/adventure-works/StoreSurvey""><AnnualSales>800000</AnnualSales><AnnualRevenue>80000</AnnualRevenue><BankName>International Bank</BankName><BusinessType>BM</BusinessType><YearOpened>1993</YearOpened><Specialty>Road</Specialty><SquareFeet>17000</SquareFeet><Brands>4+</Brands><Internet>DSL</Internet><NumberEmployees>11</NumberEmployees></StoreSurvey>",,2014-09-12 11:15:07.497,True,2006-06-23,9999-12-31 00:00:00,d8dd10443d9b825079d359b4ff1d92ba760d9aa6a3231cf30466b24963ebee5a
180,650,Distance Bikes,6,279,"<StoreSurvey xmlns=""http://schemas.microsoft.com/sqlserver/2004/07/adventure-works/StoreSurvey""><AnnualSales>800000</AnnualSales><AnnualRevenue>80000</AnnualRevenue><BankName>Primary Bank &amp; Reserve</BankName><BusinessType>BM</BusinessType><YearOpened>1988</YearOpened><Specialty>Road</Specialty><SquareFeet>20000</SquareFeet><Brands>2</Brands><Internet>DSL</Internet><NumberEmployees>12</NumberEmployees></StoreSurvey>",,2014-09-12 11:15:07.497,True,2006-06-23,9999-12-31 00:00:00,591cb9d06f13fa01c347b204c82e5cf3dc2cd5862696e1e0ddfe379a81b63100
181,652,Westside Plaza,8,281,"<StoreSurvey xmlns=""http://schemas.microsoft.com/sqlserver/2004/07/adventure-works/StoreSurvey""><AnnualSales>3000000</AnnualSales><AnnualRevenue>300000</AnnualRevenue><BankName>United Security</BankName><BusinessType>OS</BusinessType><YearOpened>1989</YearOpened><Specialty>Touring</Specialty><SquareFeet>74000</SquareFeet><Brands>3</Brands><Internet>DSL</Internet><NumberEmployees>83</NumberEmployees></StoreSurvey>",,2014-09-12 11:15:07.497,True,2006-06-23,9999-12-31 00:00:00,1c98192768a1c5cf0f4959d640615a697f8b6b477b380d802b227db19f9a7aa8
182,654,Ultimate Bike Shop,6,279,"<StoreSurvey xmlns=""http://schemas.microsoft.com/sqlserver/2004/07/adventure-works/StoreSurvey""><AnnualSales>3000000</AnnualSales><AnnualRevenue>300000</AnnualRevenue><BankName>Reserve Security</BankName><BusinessType>OS</BusinessType><YearOpened>1981</YearOpened><Specialty>Mountain</Specialty><SquareFeet>78000</SquareFeet><Brands>4+</Brands><Internet>DSL</Internet><NumberEmployees>84</NumberEmployees></StoreSurvey>",,2014-09-12 11:15:07.497,True,2006-06-23,9999-12-31 00:00:00,672d7978fed0788624cafe34d10134b9ca77b2381bf9781d6597444348ff4ffb
183,656,Outstanding Cycles,10,283,"<StoreSurvey xmlns=""http://schemas.microsoft.com/sqlserver/2004/07/adventure-works/StoreSurvey""><AnnualSales>3000000</AnnualSales><AnnualRevenue>300000</AnnualRevenue><BankName>Primary International</BankName><BusinessType>OS</BusinessType><YearOpened>1986</YearOpened><Specialty>Touring</Specialty><SquareFeet>78000</SquareFeet><Brands>4+</Brands><Internet>ISDN</Internet><NumberEmployees>85</NumberEmployees></StoreSurvey>",,2014-09-12 11:15:07.497,True,2006-06-23,9999-12-31 00:00:00,1eae5a886ff9374c2a6fc05ddb80531b05d555f3d5bef1e63c51ff5ad89b3247
184,658,Vigorous Sports Store,16,289,"<StoreSurvey xmlns=""http://schemas.microsoft.com/sqlserver/2004/07/adventure-works/StoreSurvey""><AnnualSales>3000000</AnnualSales><AnnualRevenue>300000</AnnualRevenue><BankName>Guardian Bank</BankName><BusinessType>OS</BusinessType><YearOpened>1984</YearOpened><Specialty>Road</Specialty><SquareFeet>73000</SquareFeet><Brands>4+</Brands><Internet>DSL</Internet><NumberEmployees>82</NumberEmployees></StoreSurvey>",,2014-09-12 11:15:07.497,True,2006-06-23,9999-12-31 00:00:00,8a98553ff3a27f7a81117e79920a7fcd0537bc61834041c9c71ddea803a583d0
185,660,Sports Merchandise,7,280,"<StoreSurvey xmlns=""http://schemas.microsoft.com/sqlserver/2004/07/adventure-works/StoreSurvey""><AnnualSales>3000000</AnnualSales><AnnualRevenue>300000</AnnualRevenue><BankName>International Security</BankName><BusinessType>OS</BusinessType><YearOpened>1989</YearOpened><Specialty>Touring</Specialty><SquareFeet>73000</SquareFeet><Brands>4+</Brands><Internet>DSL</Internet><NumberEmployees>83</NumberEmployees></StoreSurvey>",,2014-09-12 11:15:07.497,True,2006-06-23,9999-12-31 00:00:00,822eb003c1d83d0eafe28c6ca0dfe801a92a5e4c9f27e7f812bd3391d7979b2d
186,662,Fitness Toy Store,4,277,"<StoreSurvey xmlns=""http://schemas.microsoft.com/sqlserver/2004/07/adventure-works/StoreSurvey""><AnnualSales>3000000</AnnualSales><AnnualRevenue>300000</AnnualRevenue><BankName>Primary Bank &amp; Reserve</BankName><BusinessType>OS</BusinessType><YearOpened>1981</YearOpened><Specialty>Road</Specialty><SquareFeet>75000</SquareFeet><Brands>3</Brands><Internet>DSL</Internet><NumberEmployees>84</NumberEmployees></StoreSurvey>",,2014-09-12 11:15:07.497,True,2006-06-23,9999-12-31 00:00:00,10ba5cce1b686d2921e1a73cffff10d5a6cf87bd911e9702fb903812924a748c
187,664,Casual Bicycle Store,2,275,"<StoreSurvey xmlns=""http://schemas.microsoft.com/sqlserver/2004/07/adventure-works/StoreSurvey""><AnnualSales>800000</AnnualSales><AnnualRevenue>80000</AnnualRevenue><BankName>Guardian Bank</BankName><BusinessType>BM</BusinessType><YearOpened>1985</YearOpened><Specialty>Mountain</Specialty><SquareFeet>18000</SquareFeet><Brands>2</Brands><Internet>T3</Internet><NumberEmployees>10</NumberEmployees></StoreSurvey>",,2014-09-12 11:15:07.497,True,2006-06-23,9999-12-31 00:00:00,6131f3a684b8a8bd63fb22b95a98f4566edb9b54d0f70203a46a27a552c1cf22
188,666,Fitness Discount Store,13,286,"<StoreSurvey xmlns=""http://schemas.microsoft.com/sqlserver/2004/07/adventure-works/StoreSurvey""><AnnualSales>800000</AnnualSales><AnnualRevenue>80000</AnnualRevenue><BankName>Primary International</BankName><BusinessType>BM</BusinessType><YearOpened>1993</YearOpened><Specialty>Touring</Specialty><SquareFeet>19000</SquareFeet><Brands>AW</Brands><Internet>DSL</Internet><NumberEmployees>11</NumberEmployees></StoreSurvey>",,2014-09-12 11:15:07.497,True,2006-06-23,9999-12-31 00:00:00,16cbc3a23c1272e1d4311ac09001f54fbbd5a7d09b40ba2c7bb15d4fa0880fe1
189,668,General Cycle Storehouse,5,278,"<StoreSurvey xmlns=""http://schemas.microsoft.com/sqlserver/2004/07/adventure-works/StoreSurvey""><AnnualSales>800000</AnnualSales><AnnualRevenue>80000</AnnualRevenue><BankName>Reserve Security</BankName><BusinessType>BM</BusinessType><YearOpened>1988</YearOpened><Specialty>Mountain</Specialty><SquareFeet>20000</SquareFeet><Brands>4+</Brands><Internet>DSL</Internet><NumberEmployees>12</NumberEmployees></StoreSurvey>",,2014-09-12 11:15:07.497,True,2006-06-23,9999-12-31 00:00:00,2dc098dac0e8f1d09f1fb00927b64526a98899f0ebfa19316aa5e6f5d5813cbe
190,670,Fitness Cycling,8,281,"<StoreSurvey xmlns=""http://schemas.microsoft.com/sqlserver/2004/07/adventure-works/StoreSurvey""><AnnualSales>800000</AnnualSales><AnnualRevenue>80000</AnnualRevenue><BankName>International Bank</BankName><BusinessType>BM</BusinessType><YearOpened>1988</YearOpened><Specialty>Mountain</Specialty><SquareFeet>18000</SquareFeet><Brands>2</Brands><Internet>DSL</Internet><NumberEmployees>16</NumberEmployees></StoreSurvey>",,2014-09-12 11:15:07.497,True,2006-06-23,9999-12-31 00:00:00,47bb7a51ecd45bb7471b21c07a455e583ce3895eb2fb4d6c5b736cdc93ac45bd
191,672,Good Bike Shop,4,277,"<StoreSurvey xmlns=""http://schemas.microsoft.com/sqlserver/2004/07/adventure-works/StoreSurvey""><AnnualSales>800000</AnnualSales><AnnualRevenue>80000</AnnualRevenue><BankName>Primary Bank &amp; Reserve</BankName><BusinessType>BM</BusinessType><YearOpened>1982</YearOpened><Specialty>Road</Specialty><SquareFeet>19000</SquareFeet><Brands>4+</Brands><Internet>DSL</Internet><NumberEmployees>14</NumberEmployees></StoreSurvey>",,2014-09-12 11:15:07.497,True,2006-06-23,9999-12-31 00:00:00,b9f6593f289ed54fe4bfc6fee125df49ab518007d4262b0167456336aaf27092
192,674,Imaginary Toys,7,280,"<StoreSurvey xmlns=""http://schemas.microsoft.com/sqlserver/2004/07/adventure-works/StoreSurvey""><AnnualSales>800000</AnnualSales><AnnualRevenue>80000</AnnualRevenue><BankName>International Security</BankName><BusinessType>BM</BusinessType><YearOpened>1976</YearOpened><Specialty>Touring</Specialty><SquareFeet>20000</SquareFeet><Brands>4+</Brands><Internet>DSL</Internet><NumberEmployees>12</NumberEmployees></StoreSurvey>",,2014-09-12 11:15:07.497,True,2006-06-23,9999-12-31 00:00:00,04eaba02ae476d5e51c4f65c3c0ad7b9dc903fea86cc4299edd412c3be179faa
193,676,Inexpensive Parts Shop,13,286,"<StoreSurvey xmlns=""http://schemas.microsoft.com/sqlserver/2004/07/adventure-works/StoreSurvey""><AnnualSales>1500000</AnnualSales><AnnualRevenue>150000</AnnualRevenue><BankName>Guardian Bank</BankName><BusinessType>BS</BusinessType><YearOpened>1972</YearOpened><Specialty>Mountain</Specialty><SquareFeet>35000</SquareFeet><Brands>4+</Brands><Internet>T1</Internet><NumberEmployees>34</NumberEmployees></StoreSurvey>",,2014-09-12 11:15:07.497,True,2006-06-23,9999-12-31 00:00:00,9d6a605f1695937b950b4904eddd83a3a84224ba3f6e9af5614dfb5350f9251a
194,678,Nuts and Bolts Mfg.,5,278,"<StoreSurvey xmlns=""http://schemas.microsoft.com/sqlserver/2004/07/adventure-works/StoreSurvey""><AnnualSales>1500000</AnnualSales><AnnualRevenue>150000</AnnualRevenue><BankName>Primary International</BankName><BusinessType>BS</BusinessType><YearOpened>1988</YearOpened><Specialty>Mountain</Specialty><SquareFeet>37000</SquareFeet><Brands>4+</Brands><Internet>DSL</Internet><NumberEmployees>35</NumberEmployees></StoreSurvey>",,2014-09-12 11:15:07.497,True,2006-06-23,9999-12-31 00:00:00,dbb995a25efc0a73f1eb90a2d728d491683ed9623962290dce683daec28a76b8
195,680,Principal Bicycle Supply,6,279,"<StoreSurvey xmlns=""http://schemas.microsoft.com/sqlserver/2004/07/adventure-works/StoreSurvey""><AnnualSales>1500000</AnnualSales><AnnualRevenue>150000</AnnualRevenue><BankName>Reserve Security</BankName><BusinessType>BS</BusinessType><YearOpened>1976</YearOpened><Specialty>Road</Specialty><SquareFeet>39000</SquareFeet><Brands>4+</Brands><Internet>DSL</Internet><NumberEmployees>36</NumberEmployees></StoreSurvey>",,2014-09-12 11:15:07.497,True,2006-06-23,9999-12-31 00:00:00,2a0cec46839881f682e46073e28b966b9df3be3d8075e2cb7b2f8e9eeaeaba5a
196,682,Thrilling Bike Tours,3,276,"<StoreSurvey xmlns=""http://schemas.microsoft.com/sqlserver/2004/07/adventure-works/StoreSurvey""><AnnualSales>1500000</AnnualSales><AnnualRevenue>150000</AnnualRevenue><BankName>United Security</BankName><BusinessType>BS</BusinessType><YearOpened>1971</YearOpened><Specialty>Touring</Specialty><SquareFeet>37000</SquareFeet><Brands>4+</Brands><Internet>ISDN</Internet><NumberEmployees>37</NumberEmployees></StoreSurvey>",,2014-09-12 11:15:07.497,True,2006-06-23,9999-12-31 00:00:00,fd38fb8b094fd45b282fee163a75ed4fd69b075d817c0df10976c677515c026a
197,684,This Area Sporting Goods,4,277,"<StoreSurvey xmlns=""http://schemas.microsoft.com/sqlserver/2004/07/adventure-works/StoreSurvey""><AnnualSales>1500000</AnnualSales><AnnualRevenue>150000</AnnualRevenue><BankName>International Bank</BankName><BusinessType>BS</BusinessType><YearOpened>1979</YearOpened><Specialty>Mountain</Specialty><SquareFeet>39000</SquareFeet><Brands>2</Brands><Internet>DSL</Internet><NumberEmployees>38</NumberEmployees></StoreSurvey>",,2014-09-12 11:15:07.497,True,2006-06-23,9999-12-31 00:00:00,6c8edbb1c7e7de78b3a525dbcc99d17496b5bcfcf08fe281d1a0843aa4f42a75
198,686,Full-Service Bike Store,2,275,"<StoreSurvey xmlns=""http://schemas.microsoft.com/sqlserver/2004/07/adventure-works/StoreSurvey""><AnnualSales>1500000</AnnualSales><AnnualRevenue>150000</AnnualRevenue><BankName>Primary Bank &amp; Reserve</BankName><BusinessType>BS</BusinessType><YearOpened>1974</YearOpened><Specialty>Mountain</Specialty><SquareFeet>38000</SquareFeet><Brands>3</Brands><Internet>DSL</Internet><NumberEmployees>39</NumberEmployees></StoreSurvey>",,2014-09-12 11:15:07.497,True,2006-06-23,9999-12-31 00:00:00,a6f5dd5e3bd975bb6a2df575243332d6f1501067b5f4b1fe8a01d0e565905c63
199,688,Plastic Products Manufacturers,13,286,"<StoreSurvey xmlns=""http://schemas.microsoft.com/sqlserver/2004/07/adventure-works/StoreSurvey""><AnnualSales>1500000</AnnualSales><AnnualRevenue>150000</AnnualRevenue><BankName>International Security</BankName><BusinessType>BS</BusinessType><YearOpened>1982</YearOpened><Specialty>Touring</Specialty><SquareFeet>37000</SquareFeet><Brands>3</Brands><Internet>DSL</Internet><NumberEmployees>40</NumberEmployees></StoreSurvey>",,2014-09-12 11:15:07.497,True,2006-06-23,9999-12-31 00:00:00,8ca802ffb3e3920a3a9d01d8343fc638f3d945309cd9386a532f3fd07a9208cf
200,690,Kids and Adults Cycle Shop,13,286,"<StoreSurvey xmlns=""http://schemas.microsoft.com/sqlserver/2004/07/adventure-works/StoreSurvey""><AnnualSales>3000000</AnnualSales><AnnualRevenue>300000</AnnualRevenue><BankName>Primary Bank &amp; Reserve</BankName><BusinessType>OS</BusinessType><YearOpened>1974</YearOpened><Specialty>Mountain</Specialty><SquareFeet>75000</SquareFeet><Brands>2</Brands><Internet>T1</Internet><NumberEmployees>93</NumberEmployees></StoreSurvey>",,2014-09-12 11:15:07.497,True,2006-06-23,9999-12-31 00:00:00,095421bebf80527616a426493af5c04f0f98185e0cfbe8de3894f5d7ff4aa562
201,692,Grand Discount Store,2,275,"<StoreSurvey xmlns=""http://schemas.microsoft.com/sqlserver/2004/07/adventure-works/StoreSurvey""><AnnualSales>3000000</AnnualSales><AnnualRevenue>300000</AnnualRevenue><BankName>International Bank</BankName><BusinessType>OS</BusinessType><YearOpened>1974</YearOpened><Specialty>Mountain</Specialty><SquareFeet>75000</SquareFeet><Brands>4+</Brands><Internet>DSL</Internet><NumberEmployees>94</NumberEmployees></StoreSurvey>",,2014-09-12 11:15:07.497,True,2006-06-23,9999-12-31 00:00:00,e5599fdcd7f88af7ceb9742818e071d9677085fc8ea8eec15f98a51c374761f2
202,694,Genuine Bike Shop,4,277,"<StoreSurvey xmlns=""http://schemas.microsoft.com/sqlserver/2004/07/adventure-works/StoreSurvey""><AnnualSales>3000000</AnnualSales><AnnualRevenue>300000</AnnualRevenue><BankName>United Security</BankName><BusinessType>OS</BusinessType><YearOpened>1980</YearOpened><Specialty>Road</Specialty><SquareFeet>76000</SquareFeet><Brands>4+</Brands><Internet>DSL</Internet><NumberEmployees>95</NumberEmployees></StoreSurvey>",,2014-09-12 11:15:07.497,True,2006-06-23,9999-12-31 00:00:00,2c808558c42190afde9332ee304b19bcd0ac594e45cd958d92f562673a6f2b68
203,696,Extreme Riding Supplies,3,276,"<StoreSurvey xmlns=""http://schemas.microsoft.com/sqlserver/2004/07/adventure-works/StoreSurvey""><AnnualSales>3000000</AnnualSales><AnnualRevenue>300000</AnnualRevenue><BankName>Reserve Security</BankName><BusinessType>OS</BusinessType><YearOpened>1986</YearOpened><Specialty>Touring</Specialty><SquareFeet>79000</SquareFeet><Brands>3</Brands><Internet>T1</Internet><NumberEmployees>96</NumberEmployees></StoreSurvey>",,2014-09-12 11:15:07.497,True,2006-06-23,9999-12-31 00:00:00,35c041122e7c626b8cfcd75bd472092777aa3e105c4b49e1f27d532668a8e783
204,698,Bike Rims Company,6,279,"<StoreSurvey xmlns=""http://schemas.microsoft.com/sqlserver/2004/07/adventure-works/StoreSurvey""><AnnualSales>3000000</AnnualSales><AnnualRevenue>300000</AnnualRevenue><BankName>Primary International</BankName><BusinessType>OS</BusinessType><YearOpened>1992</YearOpened><Specialty>Road</Specialty><SquareFeet>80000</SquareFeet><Brands>4+</Brands><Internet>T2</Internet><NumberEmployees>97</NumberEmployees></StoreSurvey>",,2014-09-12 11:15:07.497,True,2006-06-23,9999-12-31 00:00:00,acb7d81a8694903208138e4436ad711055d8dd86ca196d974d081f827b627e63
205,700,Fleet Bikes,3,276,"<StoreSurvey xmlns=""http://schemas.microsoft.com/sqlserver/2004/07/adventure-works/StoreSurvey""><AnnualSales>1500000</AnnualSales><AnnualRevenue>150000</AnnualRevenue><BankName>Primary International</BankName><BusinessType>BS</BusinessType><YearOpened>1989</YearOpened><Specialty>Mountain</Specialty><SquareFeet>40000</SquareFeet><Brands>3</Brands><Internet>DSL</Internet><NumberEmployees>49</NumberEmployees></StoreSurvey>",,2014-09-12 11:15:07.497,True,2006-06-23,9999-12-31 00:00:00,a6ebc09a680717200e470c8aba7899558898659dd30024980df7b12f66f2f7c8
206,702,Local Hardware Factory,4,277,"<StoreSurvey xmlns=""http://schemas.microsoft.com/sqlserver/2004/07/adventure-works/StoreSurvey""><AnnualSales>1500000</AnnualSales><AnnualRevenue>150000</AnnualRevenue><BankName>Reserve Security</BankName><BusinessType>BS</BusinessType><YearOpened>1997</YearOpened><Specialty>Road</Specialty><SquareFeet>41000</SquareFeet><Brands>3</Brands><Internet>DSL</Internet><NumberEmployees>46</NumberEmployees></StoreSurvey>",,2014-09-12 11:15:07.497,True,2006-06-23,9999-12-31 00:00:00,c4279d76c8bb08655aecb8cde722bbb8b3198ed78111e71a56307f4435edac3a
207,704,Only Bikes and Accessories,2,275,"<StoreSurvey xmlns=""http://schemas.microsoft.com/sqlserver/2004/07/adventure-works/StoreSurvey""><AnnualSales>1500000</AnnualSales><AnnualRevenue>150000</AnnualRevenue><BankName>United Security</BankName><BusinessType>BS</BusinessType><YearOpened>1992</YearOpened><Specialty>Mountain</Specialty><SquareFeet>40000</SquareFeet><Brands>4+</Brands><Internet>T1</Internet><NumberEmployees>43</NumberEmployees></StoreSurvey>",,2014-09-12 11:15:07.497,True,2006-06-23,9999-12-31 00:00:00,d50807a455bfdd43e994dbb69478948e2ce237cb51f3cc9493a57467a87db4e4
208,706,Rental Gallery,13,286,"<StoreSurvey xmlns=""http://schemas.microsoft.com/sqlserver/2004/07/adventure-works/StoreSurvey""><AnnualSales>1500000</AnnualSales><AnnualRevenue>150000</AnnualRevenue><BankName>International Bank</BankName><BusinessType>BS</BusinessType><YearOpened>1995</YearOpened><Specialty>Mountain</Specialty><SquareFeet>37000</SquareFeet><Brands>4+</Brands><Internet>T2</Internet><NumberEmployees>40</NumberEmployees></StoreSurvey>",,2014-09-12 11:15:07.497,True,2006-06-23,9999-12-31 00:00:00,ff0041f2ff38796ca768cde3853e522635ee19eb409395c892c797bcfd3223ac
209,708,South Bike Company,5,278,"<StoreSurvey xmlns=""http://schemas.microsoft.com/sqlserver/2004/07/adventure-works/StoreSurvey""><AnnualSales>1500000</AnnualSales><AnnualRevenue>150000</AnnualRevenue><BankName>Primary Bank &amp; Reserve</BankName><BusinessType>BS</BusinessType><YearOpened>1995</YearOpened><Specialty>Touring</Specialty><SquareFeet>40000</SquareFeet><Brands>4+</Brands><Internet>DSL</Internet><NumberEmployees>37</NumberEmployees></StoreSurvey>",,2014-09-12 11:15:07.497,True,2006-06-23,9999-12-31 00:00:00,010654318f40626ddfe9632bdf43d4a21519f165ade1c1b55d504f815a95dd12
210,710,Wonderful Bikes Inc.,6,279,"<StoreSurvey xmlns=""http://schemas.microsoft.com/sqlserver/2004/07/adventure-works/StoreSurvey""><AnnualSales>1500000</AnnualSales><AnnualRevenue>150000</AnnualRevenue><BankName>International Security</BankName><BusinessType>BS</BusinessType><YearOpened>1983</YearOpened><Specialty>Road</Specialty><SquareFeet>37000</SquareFeet><Brands>3</Brands><Internet>T1</Internet><NumberEmployees>34</NumberEmployees></StoreSurvey>",,2014-09-12 11:15:07.497,True,2006-06-23,9999-12-31 00:00:00,4fa70914e9cd23ce7f6a865a8b5e255bd0cda837c1c00efe5515e1093bde6e59
211,712,Another Sporting Goods Company,3,276,"<StoreSurvey xmlns=""http://schemas.microsoft.com/sqlserver/2004/07/adventure-works/StoreSurvey""><AnnualSales>1500000</AnnualSales><AnnualRevenue>150000</AnnualRevenue><BankName>Guardian Bank</BankName><BusinessType>BS</BusinessType><YearOpened>1998</YearOpened><Specialty>Road</Specialty><SquareFeet>37000</SquareFeet><Brands>4+</Brands><Internet>T1</Internet><NumberEmployees>31</NumberEmployees></StoreSurvey>",,2014-09-12 11:15:07.497,True,2006-06-23,9999-12-31 00:00:00,bad500642845fdc5979d75da6c00685433f662e514d41ed2f1db774266beef97
212,714,Discount Bicycle Specialists,4,277,"<StoreSurvey xmlns=""http://schemas.microsoft.com/sqlserver/2004/07/adventure-works/StoreSurvey""><AnnualSales>1000000</AnnualSales><AnnualRevenue>100000</AnnualRevenue><BankName>Primary International</BankName><BusinessType>BS</BusinessType><YearOpened>1971</YearOpened><Specialty>Road</Specialty><SquareFeet>28000</SquareFeet><Brands>4+</Brands><Internet>DSL</Internet><NumberEmployees>28</NumberEmployees></StoreSurvey>",,2014-09-12 11:15:07.497,True,2006-06-23,9999-12-31 00:00:00,8fa89e9fec813441ffe3e3531d6de0d326a020072a25819d9336b2861dca2684
213,716,Famous Bike Sales and Service,2,275,"<StoreSurvey xmlns=""http://schemas.microsoft.com/sqlserver/2004/07/adventure-works/StoreSurvey""><AnnualSales>1000000</AnnualSales><AnnualRevenue>100000</AnnualRevenue><BankName>Reserve Security</BankName><BusinessType>BS</BusinessType><YearOpened>2001</YearOpened><Specialty>Road</Specialty><SquareFeet>26000</SquareFeet><Brands>4+</Brands><Internet>DSL</Internet><NumberEmployees>25</NumberEmployees></StoreSurvey>",,2014-09-12 11:15:07.497,True,2006-06-23,9999-12-31 00:00:00,72bf5b30dcb682e8c116abc562b9a1ddfd6029e4ff02bc94a54ed7c453675958
214,718,First Supplies,13,286,"<StoreSurvey xmlns=""http://schemas.microsoft.com/sqlserver/2004/07/adventure-works/StoreSurvey""><AnnualSales>1000000</AnnualSales><AnnualRevenue>100000</AnnualRevenue><BankName>United Security</BankName><BusinessType>BS</BusinessType><YearOpened>1996</YearOpened><Specialty>Touring</Specialty><SquareFeet>26000</SquareFeet><Brands>4+</Brands><Internet>T1</Internet><NumberEmployees>22</NumberEmployees></StoreSurvey>",,2014-09-12 11:15:07.497,True,2006-06-23,9999-12-31 00:00:00,5ae4fd21c805084a23dd41ffb29f76ba5acf82431a117dd1fd6c8fa9f83097a1
215,720,Machines & Cycles Store,5,278,"<StoreSurvey xmlns=""http://schemas.microsoft.com/sqlserver/2004/07/adventure-works/StoreSurvey""><AnnualSales>800000</AnnualSales><AnnualRevenue>80000</AnnualRevenue><BankName>International Bank</BankName><BusinessType>BS</BusinessType><YearOpened>1990</YearOpened><Specialty>Touring</Specialty><SquareFeet>22000</SquareFeet><Brands>2</Brands><Internet>T2</Internet><NumberEmployees>19</NumberEmployees></StoreSurvey>",,2014-09-12 11:15:07.497,True,2006-06-23,9999-12-31 00:00:00,f2fb995abb0bd96a03cb937f1ede4fb58458781e28baa48bbfd5bde0dce92733
216,722,Pedals Warehouse,6,279,"<StoreSurvey xmlns=""http://schemas.microsoft.com/sqlserver/2004/07/adventure-works/StoreSurvey""><AnnualSales>800000</AnnualSales><AnnualRevenue>80000</AnnualRevenue><BankName>Primary Bank &amp; Reserve</BankName><BusinessType>BS</BusinessType><YearOpened>1984</YearOpened><Specialty>Road</Specialty><SquareFeet>20000</SquareFeet><Brands>2</Brands><Internet>T1</Internet><NumberEmployees>16</NumberEmployees></StoreSurvey>",,2014-09-12 11:15:07.497,True,2006-06-23,9999-12-31 00:00:00,7b3b1c61084ac7f188c7282d488440d9f897243c40e5883d1f07fbdbe8e924b8
217,724,Two Wheels Cycle Store,3,276,"<StoreSurvey xmlns=""http://schemas.microsoft.com/sqlserver/2004/07/adventure-works/StoreSurvey""><AnnualSales>800000</AnnualSales><AnnualRevenue>80000</AnnualRevenue><BankName>International Security</BankName><BusinessType>BS</BusinessType><YearOpened>1978</YearOpened><Specialty>Road</Specialty><SquareFeet>22000</SquareFeet><Brands>2</Brands><Internet>T1</Internet><NumberEmployees>13</NumberEmployees></StoreSurvey>",,2014-09-12 11:15:07.497,True,2006-06-23,9999-12-31 00:00:00,e490fdc3562c701d196b7092cf1568337e7524c20fca4e1a578689cc3c95fa1a
218,726,Westside Cycle Store,4,277,"<StoreSurvey xmlns=""http://schemas.microsoft.com/sqlserver/2004/07/adventure-works/StoreSurvey""><AnnualSales>800000</AnnualSales><AnnualRevenue>80000</AnnualRevenue><BankName>Guardian Bank</BankName><BusinessType>BS</BusinessType><YearOpened>1972</YearOpened><Specialty>Road</Specialty><SquareFeet>20000</SquareFeet><Brands>4+</Brands><Internet>T1</Internet><NumberEmployees>10</NumberEmployees></StoreSurvey>",,2014-09-12 11:15:07.497,True,2006-06-23,9999-12-31 00:00:00,3cc4a7bf780ae458e8217986febee1f430e4550992048d58f2e24f9e7c3b8185
219,728,Wholesale Bikes,2,275,"<StoreSurvey xmlns=""http://schemas.microsoft.com/sqlserver/2004/07/adventure-works/StoreSurvey""><AnnualSales>1000000</AnnualSales><AnnualRevenue>100000</AnnualRevenue><BankName>International Security</BankName><BusinessType>BS</BusinessType><YearOpened>1998</YearOpened><Specialty>Road</Specialty><SquareFeet>27000</SquareFeet><Brands>3</Brands><Internet>DSL</Internet><NumberEmployees>27</NumberEmployees></StoreSurvey>",,2014-09-12 11:15:07.497,True,2006-06-23,9999-12-31 00:00:00,7356e6039430968b1fb697af3e8c986773d7ae5e262592fcf881acb3cedde63b
220,730,Very Best Sports Supply,15,288,"<StoreSurvey xmlns=""http://schemas.microsoft.com/sqlserver/2004/07/adventure-works/StoreSurvey""><AnnualSales>1000000</AnnualSales><AnnualRevenue>100000</AnnualRevenue><BankName>Guardian Bank</BankName><BusinessType>BS</BusinessType><YearOpened>1971</YearOpened><Specialty>Road</Specialty><SquareFeet>28000</SquareFeet><Brands>4+</Brands><Internet>DSL</Internet><NumberEmployees>28</NumberEmployees></StoreSurvey>",,2014-09-12 11:15:07.497,True,2006-06-23,9999-12-31 00:00:00,7a816c2c1f15c059c2a2a2d8d016031817f09d9cdfbfabc5c3780f1f7a07e38f
221,732,Urban Sports Emporium,9,282,"<StoreSurvey xmlns=""http://schemas.microsoft.com/sqlserver/2004/07/adventure-works/StoreSurvey""><AnnualSales>1000000</AnnualSales><AnnualRevenue>100000</AnnualRevenue><BankName>Primary International</BankName><BusinessType>BS</BusinessType><YearOpened>2001</YearOpened><Specialty>Road</Specialty><SquareFeet>24000</SquareFeet><Brands>4+</Brands><Internet>DSL</Internet><NumberEmployees>29</NumberEmployees></StoreSurvey>",,2014-09-12 11:15:07.497,True,2006-06-23,9999-12-31 00:00:00,5fcfa81fb480a065977e32283bdaa0a119dd6534acae43d6c2175086be12f9d1
222,734,Superlative Bikes,6,279,"<StoreSurvey xmlns=""http://schemas.microsoft.com/sqlserver/2004/07/adventure-works/StoreSurvey""><AnnualSales>1500000</AnnualSales><AnnualRevenue>150000</AnnualRevenue><BankName>Reserve Security</BankName><BusinessType>BS</BusinessType><YearOpened>1996</YearOpened><Specialty>Mountain</Specialty><SquareFeet>36000</SquareFeet><Brands>4+</Brands><Internet>T1</Internet><NumberEmployees>30</NumberEmployees></StoreSurvey>",,2014-09-12 11:15:07.497,True,2006-06-23,9999-12-31 00:00:00,15aac7b41e5c280549121e7698694066ca049fbc64249b3607e44e2c2af76586
223,736,Primary Cycle Shop,15,288,"<StoreSurvey xmlns=""http://schemas.microsoft.com/sqlserver/2004/07/adventure-works/StoreSurvey""><AnnualSales>1500000</AnnualSales><AnnualRevenue>150000</AnnualRevenue><BankName>Reserve Security</BankName><BusinessType>BS</BusinessType><YearOpened>1977</YearOpened><Specialty>Road</Specialty><SquareFeet>37000</SquareFeet><Brands>4+</Brands><Internet>DSL</Internet><NumberEmployees>41</NumberEmployees></StoreSurvey>",,2014-09-12 11:15:07.497,True,2006-06-23,9999-12-31 00:00:00,e8c8a71ef11389823c2d21a3cd380b5b4eeb53f558d8310e6ba802a12a5a90db
224,738,Sixth Bike Store,9,282,"<StoreSurvey xmlns=""http://schemas.microsoft.com/sqlserver/2004/07/adventure-works/StoreSurvey""><AnnualSales>1500000</AnnualSales><AnnualRevenue>150000</AnnualRevenue><BankName>United Security</BankName><BusinessType>BS</BusinessType><YearOpened>1985</YearOpened><Specialty>Mountain</Specialty><SquareFeet>37000</SquareFeet><Brands>2</Brands><Internet>T1</Internet><NumberEmployees>42</NumberEmployees></StoreSurvey>",,2014-09-12 11:15:07.497,True,2006-06-23,9999-12-31 00:00:00,73caaaf102cc86d0bc7a91f3b04bca5c24f9e2af17965eb58d7a9446ebe40bbf
225,740,Touring Services,6,279,"<StoreSurvey xmlns=""http://schemas.microsoft.com/sqlserver/2004/07/adventure-works/StoreSurvey""><AnnualSales>1500000</AnnualSales><AnnualRevenue>150000</AnnualRevenue><BankName>International Bank</BankName><BusinessType>BS</BusinessType><YearOpened>1980</YearOpened><Specialty>Road</Specialty><SquareFeet>38000</SquareFeet><Brands>4+</Brands><Internet>DSL</Internet><NumberEmployees>43</NumberEmployees></StoreSurvey>",,2014-09-12 11:15:07.497,True,2006-06-23,9999-12-31 00:00:00,3aa52e6e4a8a6b47998c7d8f6b9572584e637878c5ee4c47a96929eb47acea60
226,742,Vehicle Shop,8,281,"<StoreSurvey xmlns=""http://schemas.microsoft.com/sqlserver/2004/07/adventure-works/StoreSurvey""><AnnualSales>1500000</AnnualSales><AnnualRevenue>150000</AnnualRevenue><BankName>Primary Bank &amp; Reserve</BankName><BusinessType>BS</BusinessType><YearOpened>1988</YearOpened><Specialty>Road</Specialty><SquareFeet>38000</SquareFeet><Brands>2</Brands><Internet>DSL</Internet><NumberEmployees>44</NumberEmployees></StoreSurvey>",,2014-09-12 11:15:07.497,True,2006-06-23,9999-12-31 00:00:00,f99ef845c5f51e299a42a4851eebf16b47f6242e0ca225aa89a6dd949238f1ed
227,744,First Department Stores,10,283,"<StoreSurvey xmlns=""http://schemas.microsoft.com/sqlserver/2004/07/adventure-works/StoreSurvey""><AnnualSales>1500000</AnnualSales><AnnualRevenue>150000</AnnualRevenue><BankName>International Security</BankName><BusinessType>BS</BusinessType><YearOpened>1983</YearOpened><Specialty>Mountain</Specialty><SquareFeet>38000</SquareFeet><Brands>3</Brands><Internet>DSL</Internet><NumberEmployees>45</NumberEmployees></StoreSurvey>",,2014-09-12 11:15:07.497,True,2006-06-23,9999-12-31 00:00:00,adf5d4c8362f7fdc906f00a4464af4473ef9cf372b5db6bb9c4e11ac9cf210f9
228,746,Grand Sport Boutique,2,275,"<StoreSurvey xmlns=""http://schemas.microsoft.com/sqlserver/2004/07/adventure-works/StoreSurvey""><AnnualSales>1500000</AnnualSales><AnnualRevenue>150000</AnnualRevenue><BankName>Guardian Bank</BankName><BusinessType>BS</BusinessType><YearOpened>1991</YearOpened><Specialty>Road</Specialty><SquareFeet>39000</SquareFeet><Brands>4+</Brands><Internet>T1</Internet><NumberEmployees>46</NumberEmployees></StoreSurvey>",,2014-09-12 11:15:07.497,True,2006-06-23,9999-12-31 00:00:00,614f196896998f37f6397efcd08086e1d90d0dc28b66f0657ee5ff4b59900f4b
229,748,Major Equipment Co,15,288,"<StoreSurvey xmlns=""http://schemas.microsoft.com/sqlserver/2004/07/adventure-works/StoreSurvey""><AnnualSales>1500000</AnnualSales><AnnualRevenue>150000</AnnualRevenue><BankName>Primary International</BankName><BusinessType>BS</BusinessType><YearOpened>1986</YearOpened><Specialty>Touring</Specialty><SquareFeet>37000</SquareFeet><Brands>2</Brands><Internet>DSL</Internet><NumberEmployees>47</NumberEmployees></StoreSurvey>",,2014-09-12 11:15:07.497,True,2006-06-23,9999-12-31 00:00:00,031a91e5a6bc28a20edf57789e33324bca8adb3989c8abbc3cca75e219a9d128
230,750,Custom Sales and Service,9,282,"<StoreSurvey xmlns=""http://schemas.microsoft.com/sqlserver/2004/07/adventure-works/StoreSurvey""><AnnualSales>1500000</AnnualSales><AnnualRevenue>150000</AnnualRevenue><BankName>Reserve Security</BankName><BusinessType>BS</BusinessType><YearOpened>1994</YearOpened><Specialty>Road</Specialty><SquareFeet>39000</SquareFeet><Brands>4+</Brands><Internet>DSL</Internet><NumberEmployees>48</NumberEmployees></StoreSurvey>",,2014-09-12 11:15:07.497,True,2006-06-23,9999-12-31 00:00:00,3e3fa07c1e7fb2d7c631de37cfc446a5c31403fe5c8531bf94b62a97780c8049
231,752,Elemental Sporting Goods,6,279,"<StoreSurvey xmlns=""http://schemas.microsoft.com/sqlserver/2004/07/adventure-works/StoreSurvey""><AnnualSales>1500000</AnnualSales><AnnualRevenue>150000</AnnualRevenue><BankName>United Security</BankName><BusinessType>BS</BusinessType><YearOpened>1989</YearOpened><Specialty>Mountain</Specialty><SquareFeet>41000</SquareFeet><Brands>4+</Brands><Internet>T1</Internet><NumberEmployees>49</NumberEmployees></StoreSurvey>",,2014-09-12 11:15:07.497,True,2006-06-23,9999-12-31 00:00:00,58ccff60ee1e20899b9a87b433a4ec3d8ee74de5f8bcfe94b8f0c5d6ef27b598
232,754,Distinctive Store,8,281,"<StoreSurvey xmlns=""http://schemas.microsoft.com/sqlserver/2004/07/adventure-works/StoreSurvey""><AnnualSales>1500000</AnnualSales><AnnualRevenue>150000</AnnualRevenue><BankName>International Bank</BankName><BusinessType>BS</BusinessType><YearOpened>1997</YearOpened><Specialty>Road</Specialty><SquareFeet>37000</SquareFeet><Brands>4+</Brands><Internet>T1</Internet><NumberEmployees>46</NumberEmployees></StoreSurvey>",,2014-09-12 11:15:07.497,True,2006-06-23,9999-12-31 00:00:00,c8040d4711cc81070b6e5853b3c9f0cd7dabd1cb7dbcb7ac7beb93cdaeef02e9
233,756,Grand Cycle Store,10,283,"<StoreSurvey xmlns=""http://schemas.microsoft.com/sqlserver/2004/07/adventure-works/StoreSurvey""><AnnualSales>1500000</AnnualSales><AnnualRevenue>150000</AnnualRevenue><BankName>Primary Bank &amp; Reserve</BankName><BusinessType>BS</BusinessType><YearOpened>1992</YearOpened><Specialty>Road</Specialty><SquareFeet>41000</SquareFeet><Brands>2</Brands><Internet>DSL</Internet><NumberEmployees>43</NumberEmployees></StoreSurvey>",,2014-09-12 11:15:07.497,True,2006-06-23,9999-12-31 00:00:00,3632332d0d4388e00d31b00d47fa4a0181c81885655a08690ba003edb0647229
234,758,Nearby Bike Mall,15,288,"<StoreSurvey xmlns=""http://schemas.microsoft.com/sqlserver/2004/07/adventure-works/StoreSurvey""><AnnualSales>3000000</AnnualSales><AnnualRevenue>300000</AnnualRevenue><BankName>United Security</BankName><BusinessType>OS</BusinessType><YearOpened>1983</YearOpened><Specialty>Road</Specialty><SquareFeet>74000</SquareFeet><Brands>2</Brands><Internet>DSL</Internet><NumberEmployees>87</NumberEmployees></StoreSurvey>",,2014-09-12 11:15:07.497,True,2006-06-23,9999-12-31 00:00:00,ddcb888f78d6605d2762ac70c4584ae099f6a0e83ff3dc4f513c50bb617acb6a
235,760,Handy Bike Services,2,275,"<StoreSurvey xmlns=""http://schemas.microsoft.com/sqlserver/2004/07/adventure-works/StoreSurvey""><AnnualSales>3000000</AnnualSales><AnnualRevenue>300000</AnnualRevenue><BankName>Reserve Security</BankName><BusinessType>OS</BusinessType><YearOpened>1975</YearOpened><Specialty>Mountain</Specialty><SquareFeet>76000</SquareFeet><Brands>4+</Brands><Internet>T1</Internet><NumberEmployees>88</NumberEmployees></StoreSurvey>",,2014-09-12 11:15:07.497,True,2006-06-23,9999-12-31 00:00:00,256e504871adb08b742958c6148dadc1b4481a58b7fa904c929ba02267e7a91a
236,762,Friendly Bike Shop,10,283,"<StoreSurvey xmlns=""http://schemas.microsoft.com/sqlserver/2004/07/adventure-works/StoreSurvey""><AnnualSales>3000000</AnnualSales><AnnualRevenue>300000</AnnualRevenue><BankName>Primary International</BankName><BusinessType>OS</BusinessType><YearOpened>1980</YearOpened><Specialty>Road</Specialty><SquareFeet>75000</SquareFeet><Brands>2</Brands><Internet>DSL</Internet><NumberEmployees>89</NumberEmployees></StoreSurvey>",,2014-09-12 11:15:07.497,True,2006-06-23,9999-12-31 00:00:00,2c7bf6610f117dce35d310faf7e32f3b59ebd96596359734e976692f19d19b0f
237,764,Fashionable Bikes and Accessories,8,281,"<StoreSurvey xmlns=""http://schemas.microsoft.com/sqlserver/2004/07/adventure-works/StoreSurvey""><AnnualSales>3000000</AnnualSales><AnnualRevenue>300000</AnnualRevenue><BankName>Guardian Bank</BankName><BusinessType>OS</BusinessType><YearOpened>1972</YearOpened><Specialty>Mountain</Specialty><SquareFeet>76000</SquareFeet><Brands>3</Brands><Internet>T1</Internet><NumberEmployees>90</NumberEmployees></StoreSurvey>",,2014-09-12 11:15:07.497,True,2006-06-23,9999-12-31 00:00:00,50325f550178df14e1d5b5dd2d6a132e783af6043e35d64fc8bec56edbb40441
238,766,Extreme Toy Store,6,279,"<StoreSurvey xmlns=""http://schemas.microsoft.com/sqlserver/2004/07/adventure-works/StoreSurvey""><AnnualSales>3000000</AnnualSales><AnnualRevenue>300000</AnnualRevenue><BankName>International Security</BankName><BusinessType>OS</BusinessType><YearOpened>1977</YearOpened><Specialty>Mountain</Specialty><SquareFeet>75000</SquareFeet><Brands>2</Brands><Internet>DSL</Internet><NumberEmployees>91</NumberEmployees></StoreSurvey>",,2014-09-12 11:15:07.497,True,2006-06-23,9999-12-31 00:00:00,bbdbfb24aeca96647ade0100b96071d2aa2b825e5f5cbae4a88c98f08ef4f2eb
239,768,Citywide Service and Repair,9,282,"<StoreSurvey xmlns=""http://schemas.microsoft.com/sqlserver/2004/07/adventure-works/StoreSurvey""><AnnualSales>3000000</AnnualSales><AnnualRevenue>300000</AnnualRevenue><BankName>Primary Bank &amp; Reserve</BankName><BusinessType>OS</BusinessType><YearOpened>1987</YearOpened><Specialty>Road</Specialty><SquareFeet>79000</SquareFeet><Brands>3</Brands><Internet>DSL</Internet><NumberEmployees>92</NumberEmployees></StoreSurvey>",,2014-09-12 11:15:07.497,True,2006-06-23,9999-12-31 00:00:00,6f85f3566e3efcdcc933e546b0e34266a7022321879f430ec558b8aca9325f4f
240,770,Best Cycle Store,15,288,"<StoreSurvey xmlns=""http://schemas.microsoft.com/sqlserver/2004/07/adventure-works/StoreSurvey""><AnnualSales>3000000</AnnualSales><AnnualRevenue>300000</AnnualRevenue><BankName>International Bank</BankName><BusinessType>OS</BusinessType><YearOpened>1974</YearOpened><Specialty>Touring</Specialty><SquareFeet>78000</SquareFeet><Brands>4+</Brands><Internet>T1</Internet><NumberEmployees>93</NumberEmployees></StoreSurvey>",,2014-09-12 11:15:07.497,True,2006-06-23,9999-12-31 00:00:00,c92be786fc5f39a4e527665af29fc65fdac323060bd681ac7325dbf8b1e5c476
241,772,Professional Sporting Goods,2,275,"<StoreSurvey xmlns=""http://schemas.microsoft.com/sqlserver/2004/07/adventure-works/StoreSurvey""><AnnualSales>3000000</AnnualSales><AnnualRevenue>300000</AnnualRevenue><BankName>United Security</BankName><BusinessType>OS</BusinessType><YearOpened>1974</YearOpened><Specialty>Touring</Specialty><SquareFeet>78000</SquareFeet><Brands>2</Brands><Internet>DSL</Internet><NumberEmployees>94</NumberEmployees></StoreSurvey>",,2014-09-12 11:15:07.497,True,2006-06-23,9999-12-31 00:00:00,f00290126b486bd3dd36a825aae9e14a09567b5bb8dfb693ee7f724932d51187
242,774,Rugged Bikes,10,283,"<StoreSurvey xmlns=""http://schemas.microsoft.com/sqlserver/2004/07/adventure-works/StoreSurvey""><AnnualSales>3000000</AnnualSales><AnnualRevenue>300000</AnnualRevenue><BankName>Reserve Security</BankName><BusinessType>OS</BusinessType><YearOpened>1980</YearOpened><Specialty>Touring</Specialty><SquareFeet>77000</SquareFeet><Brands>2</Brands><Internet>DSL</Internet><NumberEmployees>95</NumberEmployees></StoreSurvey>",,2014-09-12 11:15:07.497,True,2006-06-23,9999-12-31 00:00:00,b2a2315472b4aaa0ad18404bbce2d683d8db9caf5355dca3e3cc2fc599a26d52
243,776,Principal Bike Company,8,281,"<StoreSurvey xmlns=""http://schemas.microsoft.com/sqlserver/2004/07/adventure-works/StoreSurvey""><AnnualSales>3000000</AnnualSales><AnnualRevenue>300000</AnnualRevenue><BankName>Primary International</BankName><BusinessType>OS</BusinessType><YearOpened>1986</YearOpened><Specialty>Road</Specialty><SquareFeet>79000</SquareFeet><Brands>3</Brands><Internet>DSL</Internet><NumberEmployees>96</NumberEmployees></StoreSurvey>",,2014-09-12 11:15:07.497,True,2006-06-23,9999-12-31 00:00:00,b4c5ebff58ed85886c9b87bd0acf2d11e66e9349ee800bad93f431ff6ac6bb44
244,778,One-Piece Handle Bars,6,279,"<StoreSurvey xmlns=""http://schemas.microsoft.com/sqlserver/2004/07/adventure-works/StoreSurvey""><AnnualSales>3000000</AnnualSales><AnnualRevenue>300000</AnnualRevenue><BankName>Guardian Bank</BankName><BusinessType>OS</BusinessType><YearOpened>1992</YearOpened><Specialty>Mountain</Specialty><SquareFeet>80000</SquareFeet><Brands>3</Brands><Internet>T1</Internet><NumberEmployees>97</NumberEmployees></StoreSurvey>",,2014-09-12 11:15:07.497,True,2006-06-23,9999-12-31 00:00:00,7785e087ab2f31cacc2901e98972c38e109a31b655093ab6370fb2810e93ad6b
245,780,Finer Riding Supplies,9,282,"<StoreSurvey xmlns=""http://schemas.microsoft.com/sqlserver/2004/07/adventure-works/StoreSurvey""><AnnualSales>3000000</AnnualSales><AnnualRevenue>300000</AnnualRevenue><BankName>International Security</BankName><BusinessType>OS</BusinessType><YearOpened>1998</YearOpened><Specialty>Road</Specialty><SquareFeet>78000</SquareFeet><Brands>4+</Brands><Internet>DSL</Internet><NumberEmployees>98</NumberEmployees></StoreSurvey>",,2014-09-12 11:15:07.497,True,2006-06-23,9999-12-31 00:00:00,07bf4dda02d870401d43b68b29ea22899cb811d1d9d89234ec6999216375afbe
246,782,Neighborhood Store,5,278,"<StoreSurvey xmlns=""http://schemas.microsoft.com/sqlserver/2004/07/adventure-works/StoreSurvey""><AnnualSales>3000000</AnnualSales><AnnualRevenue>300000</AnnualRevenue><BankName>Primary International</BankName><BusinessType>OS</BusinessType><YearOpened>1983</YearOpened><Specialty>Road</Specialty><SquareFeet>77000</SquareFeet><Brands>2</Brands><Internet>DSL</Internet><NumberEmployees>87</NumberEmployees></StoreSurvey>",,2014-09-12 11:15:07.497,True,2006-06-23,9999-12-31 00:00:00,08a8e53dbb2db4d57bf24206a843bd2970e9c9a91fd620f42927064e2e5293ef
247,784,Online Bike Catalog,13,286,"<StoreSurvey xmlns=""http://schemas.microsoft.com/sqlserver/2004/07/adventure-works/StoreSurvey""><AnnualSales>3000000</AnnualSales><AnnualRevenue>300000</AnnualRevenue><BankName>Guardian Bank</BankName><BusinessType>OS</BusinessType><YearOpened>1975</YearOpened><Specialty>Touring</Specialty><SquareFeet>74000</SquareFeet><Brands>3</Brands><Internet>T2</Internet><NumberEmployees>88</NumberEmployees></StoreSurvey>",,2014-09-12 11:15:07.497,True,2006-06-23,9999-12-31 00:00:00,b9803de06b3d0fccc26bfd5127c407c3d9de5383d36f6f1b876b7f4c5259623a
248,786,Outdoor Equipment Store,2,275,"<StoreSurvey xmlns=""http://schemas.microsoft.com/sqlserver/2004/07/adventure-works/StoreSurvey""><AnnualSales>3000000</AnnualSales><AnnualRevenue>300000</AnnualRevenue><BankName>International Security</BankName><BusinessType>OS</BusinessType><YearOpened>1980</YearOpened><Specialty>Road</Specialty><SquareFeet>76000</SquareFeet><Brands>4+</Brands><Internet>T2</Internet><NumberEmployees>89</NumberEmployees></StoreSurvey>",,2014-09-12 11:15:07.497,True,2006-06-23,9999-12-31 00:00:00,8fe6ff68b06f1463a317aca5804a9e4ea91a519085c2d81532e10cf45ff095d9
249,788,Paint Supply,4,277,"<StoreSurvey xmlns=""http://schemas.microsoft.com/sqlserver/2004/07/adventure-works/StoreSurvey""><AnnualSales>3000000</AnnualSales><AnnualRevenue>300000</AnnualRevenue><BankName>Primary Bank &amp; Reserve</BankName><BusinessType>OS</BusinessType><YearOpened>1972</YearOpened><Specialty>Mountain</Specialty><SquareFeet>78000</SquareFeet><Brands>4+</Brands><Internet>T1</Internet><NumberEmployees>90</NumberEmployees></StoreSurvey>",,2014-09-12 11:15:07.497,True,2006-06-23,9999-12-31 00:00:00,8b27e9dc1989d34ef6ab97115749f195a59a2d714303329d923d6de2a80577a7
250,790,Preferred Bikes,3,276,"<StoreSurvey xmlns=""http://schemas.microsoft.com/sqlserver/2004/07/adventure-works/StoreSurvey""><AnnualSales>3000000</AnnualSales><AnnualRevenue>300000</AnnualRevenue><BankName>International Bank</BankName><BusinessType>OS</BusinessType><YearOpened>1977</YearOpened><Specialty>Road</Specialty><SquareFeet>77000</SquareFeet><Brands>4+</Brands><Internet>ISDN</Internet><NumberEmployees>91</NumberEmployees></StoreSurvey>",,2014-09-12 11:15:07.497,True,2006-06-23,9999-12-31 00:00:00,96257f16730c0b873fc1687bfd3b974a65a2f51c66472f883c16cb6bc6b0d4f8
251,792,Rally Day Mall,6,279,"<StoreSurvey xmlns=""http://schemas.microsoft.com/sqlserver/2004/07/adventure-works/StoreSurvey""><AnnualSales>3000000</AnnualSales><AnnualRevenue>300000</AnnualRevenue><BankName>United Security</BankName><BusinessType>OS</BusinessType><YearOpened>1987</YearOpened><Specialty>Road</Specialty><SquareFeet>75000</SquareFeet><Brands>3</Brands><Internet>DSL</Internet><NumberEmployees>92</NumberEmployees></StoreSurvey>",,2014-09-12 11:15:07.497,True,2006-06-23,9999-12-31 00:00:00,90946556b9d9795d8af5128033e987154177eeb8f2a864f79ca0592392a36bd4
252,794,Rewarding Activities Company,5,278,"<StoreSurvey xmlns=""http://schemas.microsoft.com/sqlserver/2004/07/adventure-works/StoreSurvey""><AnnualSales>3000000</AnnualSales><AnnualRevenue>300000</AnnualRevenue><BankName>Reserve Security</BankName><BusinessType>OS</BusinessType><YearOpened>1974</YearOpened><Specialty>Road</Specialty><SquareFeet>76000</SquareFeet><Brands>4+</Brands><Internet>T1</Internet><NumberEmployees>93</NumberEmployees></StoreSurvey>",,2014-09-12 11:15:07.497,True,2006-06-23,9999-12-31 00:00:00,6e5045083eca1e6121cf137ff307cba4e06c06489d5ae531ae05b6cece80f4c6
253,796,Rich Department Store,13,286,"<StoreSurvey xmlns=""http://schemas.microsoft.com/sqlserver/2004/07/adventure-works/StoreSurvey""><AnnualSales>3000000</AnnualSales><AnnualRevenue>300000</AnnualRevenue><BankName>Primary International</BankName><BusinessType>OS</BusinessType><YearOpened>1974</YearOpened><Specialty>Touring</Specialty><SquareFeet>76000</SquareFeet><Brands>2</Brands><Internet>DSL</Internet><NumberEmployees>94</NumberEmployees></StoreSurvey>",,2014-09-12 11:15:07.497,True,2006-06-23,9999-12-31 00:00:00,c32087e16b82f11bbaa0dc5dbc172ee4471b846909fc65a84475b50b47de9696
254,798,Sales and Supply Company,2,275,"<StoreSurvey xmlns=""http://schemas.microsoft.com/sqlserver/2004/07/adventure-works/StoreSurvey""><AnnualSales>3000000</AnnualSales><AnnualRevenue>300000</AnnualRevenue><BankName>Guardian Bank</BankName><BusinessType>OS</BusinessType><YearOpened>1980</YearOpened><Specialty>Road</Specialty><SquareFeet>75000</SquareFeet><Brands>2</Brands><Internet>T2</Internet><NumberEmployees>95</NumberEmployees></StoreSurvey>",,2014-09-12 11:15:07.497,True,2006-06-23,9999-12-31 00:00:00,28e008c8c455f1bea91b5e71c14badcb04a53259750e1b470d0da231e6714968
255,800,Stationary Bikes and Stands,4,277,"<StoreSurvey xmlns=""http://schemas.microsoft.com/sqlserver/2004/07/adventure-works/StoreSurvey""><AnnualSales>3000000</AnnualSales><AnnualRevenue>300000</AnnualRevenue><BankName>International Security</BankName><BusinessType>OS</BusinessType><YearOpened>1986</YearOpened><Specialty>Road</Specialty><SquareFeet>76000</SquareFeet><Brands>4+</Brands><Internet>DSL</Internet><NumberEmployees>96</NumberEmployees></StoreSurvey>",,2014-09-12 11:15:07.497,True,2006-06-23,9999-12-31 00:00:00,4a33dbada0a6dd8c9fcd1d1a8c95dbd4f0a8f6c7658f3a00836862d35020aaed
256,802,Successful Sales Company,7,280,"<StoreSurvey xmlns=""http://schemas.microsoft.com/sqlserver/2004/07/adventure-works/StoreSurvey""><AnnualSales>1500000</AnnualSales><AnnualRevenue>150000</AnnualRevenue><BankName>Guardian Bank</BankName><BusinessType>BS</BusinessType><YearOpened>1997</YearOpened><Specialty>Road</Specialty><SquareFeet>38000</SquareFeet><Brands>3</Brands><Internet>T1</Internet><NumberEmployees>46</NumberEmployees></StoreSurvey>",,2014-09-12 11:15:07.497,True,2006-06-23,9999-12-31 00:00:00,d250ddf08cb5fca14dcfd2d45287b4fe76680c32c4705495db83308f93e65f06
301,804,Downtown Hotel,8,281,"<StoreSurvey xmlns=""http://schemas.microsoft.com/sqlserver/2004/07/adventure-works/StoreSurvey""><AnnualSales>3000000</AnnualSales><AnnualRevenue>300000</AnnualRevenue><BankName>International Bank</BankName><BusinessType>OS</BusinessType><YearOpened>1986</YearOpened><Specialty>Mountain</Specialty><SquareFeet>74000</SquareFeet><Brands>4+</Brands><Internet>DSL</Internet><NumberEmployees>85</NumberEmployees></StoreSurvey>",,2014-09-12 11:15:07.497,True,2006-06-23,9999-12-31 00:00:00,b233aeffe912844a86c49d24a624d815ab592129a9a11b5c2ac04743523e4ec8
302,806,Certified Sports Supply,9,282,"<StoreSurvey xmlns=""http://schemas.microsoft.com/sqlserver/2004/07/adventure-works/StoreSurvey""><AnnualSales>3000000</AnnualSales><AnnualRevenue>300000</AnnualRevenue><BankName>United Security</BankName><BusinessType>OS</BusinessType><YearOpened>1978</YearOpened><Specialty>Mountain</Specialty><SquareFeet>78000</SquareFeet><Brands>4+</Brands><Internet>DSL</Internet><NumberEmployees>86</NumberEmployees></StoreSurvey>",,2014-09-12 11:15:07.497,True,2006-06-23,9999-12-31 00:00:00,386c954e43d3dd8dcbf0cb6191c8fd998fc1f10fa4dafbea5bce8711efe3f86c
303,808,Registered Cycle Store,17,290,"<StoreSurvey xmlns=""http://schemas.microsoft.com/sqlserver/2004/07/adventure-works/StoreSurvey""><AnnualSales>3000000</AnnualSales><AnnualRevenue>300000</AnnualRevenue><BankName>Reserve Security</BankName><BusinessType>OS</BusinessType><YearOpened>1983</YearOpened><Specialty>Mountain</Specialty><SquareFeet>77000</SquareFeet><Brands>3</Brands><Internet>T1</Internet><NumberEmployees>87</NumberEmployees></StoreSurvey>",,2014-09-12 11:15:07.497,True,2006-06-23,9999-12-31 00:00:00,015bdc3118a0868e870cecc0cb0f067a9e56fad46724a061eebb9c7b6c096d1d
304,810,Rampart Amusement Company,16,289,"<StoreSurvey xmlns=""http://schemas.microsoft.com/sqlserver/2004/07/adventure-works/StoreSurvey""><AnnualSales>3000000</AnnualSales><AnnualRevenue>300000</AnnualRevenue><BankName>Primary International</BankName><BusinessType>OS</BusinessType><YearOpened>1975</YearOpened><Specialty>Touring</Specialty><SquareFeet>75000</SquareFeet><Brands>3</Brands><Internet>ISDN</Internet><NumberEmployees>88</NumberEmployees></StoreSurvey>",,2014-09-12 11:15:07.497,True,2006-06-23,9999-12-31 00:00:00,8eedfd20efc4f4ac9a234e0b5e2c7c44d4d5cf8b48dbe80dc08d6a626baeb003
305,812,Sundry Sporting Goods,9,282,"<StoreSurvey xmlns=""http://schemas.microsoft.com/sqlserver/2004/07/adventure-works/StoreSurvey""><AnnualSales>300000</AnnualSales><AnnualRevenue>30000</AnnualRevenue><BankName>Primary Bank &amp; Reserve</BankName><BusinessType>BM</BusinessType><YearOpened>1984</YearOpened><Specialty>Road</Specialty><SquareFeet>7000</SquareFeet><Brands>4+</Brands><Internet>T2</Internet><NumberEmployees>5</NumberEmployees></StoreSurvey>",,2014-09-12 11:15:07.497,True,2006-06-23,9999-12-31 00:00:00,f677e21a39f68decfc278bfb41a9adcfbb1f6737cedd8da7136e0b1637ba5e5f
306,814,Excellent Riding Supplies,6,279,"<StoreSurvey xmlns=""http://schemas.microsoft.com/sqlserver/2004/07/adventure-works/StoreSurvey""><AnnualSales>300000</AnnualSales><AnnualRevenue>30000</AnnualRevenue><BankName>International Security</BankName><BusinessType>BM</BusinessType><YearOpened>1979</YearOpened><Specialty>Road</Specialty><SquareFeet>9000</SquareFeet><Brands>3</Brands><Internet>ISDN</Internet><NumberEmployees>6</NumberEmployees></StoreSurvey>",,2014-09-12 11:15:07.497,True,2006-06-23,9999-12-31 00:00:00,ee6283a72dd5dc2a34f300012d4b03296b30e0076eef6af5a6f64ae74e63870c
307,816,Farthermost Bike Shop,8,281,"<StoreSurvey xmlns=""http://schemas.microsoft.com/sqlserver/2004/07/adventure-works/StoreSurvey""><AnnualSales>300000</AnnualSales><AnnualRevenue>30000</AnnualRevenue><BankName>Guardian Bank</BankName><BusinessType>BM</BusinessType><YearOpened>1987</YearOpened><Specialty>Road</Specialty><SquareFeet>8000</SquareFeet><Brands>3</Brands><Internet>T1</Internet><NumberEmployees>7</NumberEmployees></StoreSurvey>",,2014-09-12 11:15:07.497,True,2006-06-23,9999-12-31 00:00:00,5e229447b28ab6e1695974b3ebc74b003ec8514d2210e3a0ccf72245c3695585
308,818,Suburban Cycle Shop,10,283,"<StoreSurvey xmlns=""http://schemas.microsoft.com/sqlserver/2004/07/adventure-works/StoreSurvey""><AnnualSales>300000</AnnualSales><AnnualRevenue>30000</AnnualRevenue><BankName>Primary International</BankName><BusinessType>BM</BusinessType><YearOpened>1982</YearOpened><Specialty>Mountain</Specialty><SquareFeet>10000</SquareFeet><Brands>3</Brands><Internet>DSL</Internet><NumberEmployees>8</NumberEmployees></StoreSurvey>",,2014-09-12 11:15:07.497,True,2006-06-23,9999-12-31 00:00:00,332f4b6d93172f1a4d7c4a4ec86a105e2fbb5c9e5f34eea0bb0c72d7c239b50c
309,820,Weekend Tours,2,275,"<StoreSurvey xmlns=""http://schemas.microsoft.com/sqlserver/2004/07/adventure-works/StoreSurvey""><AnnualSales>300000</AnnualSales><AnnualRevenue>30000</AnnualRevenue><BankName>Reserve Security</BankName><BusinessType>BM</BusinessType><YearOpened>1990</YearOpened><Specialty>Road</Specialty><SquareFeet>9000</SquareFeet><Brands>AW</Brands><Internet>DSL</Internet><NumberEmployees>9</NumberEmployees></StoreSurvey>",,2014-09-12 11:15:07.497,True,2006-06-23,9999-12-31 00:00:00,0c887e947d685bf5f6a8c8a871510b2539f7b1883c6d9c499770268f2c5c0a50
310,822,Racing Bike Outlet,10,283,"<StoreSurvey xmlns=""http://schemas.microsoft.com/sqlserver/2004/07/adventure-works/StoreSurvey""><AnnualSales>3000000</AnnualSales><AnnualRevenue>300000</AnnualRevenue><BankName>United Security</BankName><BusinessType>OS</BusinessType><YearOpened>1998</YearOpened><Specialty>Road</Specialty><SquareFeet>72000</SquareFeet><Brands>2</Brands><Internet>DSL</Internet><NumberEmployees>52</NumberEmployees></StoreSurvey>",,2014-09-12 11:15:07.497,True,2006-06-23,9999-12-31 00:00:00,45a7fa97633456bf67498e9b07373d7e05ee64d6666e0a248bc2fe2a586ab444
311,824,Utilitarian Sporting Goods,8,281,"<StoreSurvey xmlns=""http://schemas.microsoft.com/sqlserver/2004/07/adventure-works/StoreSurvey""><AnnualSales>3000000</AnnualSales><AnnualRevenue>300000</AnnualRevenue><BankName>Reserve Security</BankName><BusinessType>OS</BusinessType><YearOpened>1999</YearOpened><Specialty>Touring</Specialty><SquareFeet>72000</SquareFeet><Brands>3</Brands><Internet>DSL</Internet><NumberEmployees>55</NumberEmployees></StoreSurvey>",,2014-09-12 11:15:07.497,True,2006-06-23,9999-12-31 00:00:00,6bcf0d1e5664096f26f9efbf5ef2b0df44a80b2bb36f66f7402daa9fe5b5b9ae
312,826,Bike Goods ,6,279,"<StoreSurvey xmlns=""http://schemas.microsoft.com/sqlserver/2004/07/adventure-works/StoreSurvey""><AnnualSales>3000000</AnnualSales><AnnualRevenue>300000</AnnualRevenue><BankName>Primary International</BankName><BusinessType>OS</BusinessType><YearOpened>1999</YearOpened><Specialty>Road</Specialty><SquareFeet>73000</SquareFeet><Brands>4+</Brands><Internet>T2</Internet><NumberEmployees>58</NumberEmployees></StoreSurvey>",,2014-09-12 11:15:07.497,True,2006-06-23,9999-12-31 00:00:00,dae3373ed5a6564fc19d5934133d9247e099f4bb783f0140cee7baa6ba2df67b
313,828,Vigorous Exercise Company,9,282,"<StoreSurvey xmlns=""http://schemas.microsoft.com/sqlserver/2004/07/adventure-works/StoreSurvey""><AnnualSales>3000000</AnnualSales><AnnualRevenue>300000</AnnualRevenue><BankName>Guardian Bank</BankName><BusinessType>OS</BusinessType><YearOpened>1979</YearOpened><Specialty>Mountain</Specialty><SquareFeet>72000</SquareFeet><Brands>2</Brands><Internet>T1</Internet><NumberEmployees>61</NumberEmployees></StoreSurvey>",,2014-09-12 11:15:07.497,True,2006-06-23,9999-12-31 00:00:00,ee1ef6a1e74749708f200a251f70b685b6408e908105b5e3bdf77f4f9f14b5b5
314,830,Showcase for Cycles,15,288,"<StoreSurvey xmlns=""http://schemas.microsoft.com/sqlserver/2004/07/adventure-works/StoreSurvey""><AnnualSales>3000000</AnnualSales><AnnualRevenue>300000</AnnualRevenue><BankName>International Security</BankName><BusinessType>OS</BusinessType><YearOpened>1996</YearOpened><Specialty>Road</Specialty><SquareFeet>71000</SquareFeet><Brands>2</Brands><Internet>T1</Internet><NumberEmployees>64</NumberEmployees></StoreSurvey>",,2014-09-12 11:15:07.497,True,2006-06-23,9999-12-31 00:00:00,15f51fdabd4603bbeb5a9bea4e24f60bf787a5adb03670f4d693c199c820c71c
315,832,Lease-a-Bike Shop,2,275,"<StoreSurvey xmlns=""http://schemas.microsoft.com/sqlserver/2004/07/adventure-works/StoreSurvey""><AnnualSales>3000000</AnnualSales><AnnualRevenue>300000</AnnualRevenue><BankName>Primary Bank &amp; Reserve</BankName><BusinessType>OS</BusinessType><YearOpened>1991</YearOpened><Specialty>Road</Specialty><SquareFeet>71000</SquareFeet><Brands>3</Brands><Internet>ISDN</Internet><NumberEmployees>67</NumberEmployees></StoreSurvey>",,2014-09-12 11:15:07.497,True,2006-06-23,9999-12-31 00:00:00,23370213098eab2ed0364e8f5fac5cc79a4f3d6c8e4a1fb2c4f47563980b8277
316,834,Functional Store South,15,288,"<StoreSurvey xmlns=""http://schemas.microsoft.com/sqlserver/2004/07/adventure-works/StoreSurvey""><AnnualSales>3000000</AnnualSales><AnnualRevenue>300000</AnnualRevenue><BankName>International Bank</BankName><BusinessType>OS</BusinessType><YearOpened>1993</YearOpened><Specialty>Mountain</Specialty><SquareFeet>71000</SquareFeet><Brands>2</Brands><Internet>DSL</Internet><NumberEmployees>70</NumberEmployees></StoreSurvey>",,2014-09-12 11:15:07.497,True,2006-06-23,9999-12-31 00:00:00,b908b474099d59773e9fb494605de71807ad6ce1765f043030d72b7f5a43ef40
317,836,Active Cycling,2,275,"<StoreSurvey xmlns=""http://schemas.microsoft.com/sqlserver/2004/07/adventure-works/StoreSurvey""><AnnualSales>3000000</AnnualSales><AnnualRevenue>300000</AnnualRevenue><BankName>United Security</BankName><BusinessType>OS</BusinessType><YearOpened>1998</YearOpened><Specialty>Road</Specialty><SquareFeet>73000</SquareFeet><Brands>4+</Brands><Internet>DSL</Internet><NumberEmployees>73</NumberEmployees></StoreSurvey>",,2014-09-12 11:15:07.497,True,2006-06-23,9999-12-31 00:00:00,c4572d728e1b56088d96effc447f9bef60532ffbad713a88d9d218146fabd9c6
318,838,Stock Parts and Supplies,10,283,"<StoreSurvey xmlns=""http://schemas.microsoft.com/sqlserver/2004/07/adventure-works/StoreSurvey""><AnnualSales>3000000</AnnualSales><AnnualRevenue>300000</AnnualRevenue><BankName>Reserve Security</BankName><BusinessType>OS</BusinessType><YearOpened>1990</YearOpened><Specialty>Touring</Specialty><SquareFeet>76000</SquareFeet><Brands>2</Brands><Internet>DSL</Internet><NumberEmployees>76</NumberEmployees></StoreSurvey>",,2014-09-12 11:15:07.497,True,2006-06-23,9999-12-31 00:00:00,831ad38a1d50feac34e3cf93b4b9bcbf71d1318721b6c8fb14bd042410530c71
319,840,Roadway Supplies,8,281,"<StoreSurvey xmlns=""http://schemas.microsoft.com/sqlserver/2004/07/adventure-works/StoreSurvey""><AnnualSales>3000000</AnnualSales><AnnualRevenue>300000</AnnualRevenue><BankName>Primary International</BankName><BusinessType>OS</BusinessType><YearOpened>1995</YearOpened><Specialty>Road</Specialty><SquareFeet>73000</SquareFeet><Brands>4+</Brands><Internet>DSL</Internet><NumberEmployees>79</NumberEmployees></StoreSurvey>",,2014-09-12 11:15:07.497,True,2006-06-23,9999-12-31 00:00:00,35dcc73ab23b180d5a7928a58b259bd6ea3c87ce2fb66bdfbc384e0a86d95690
320,842,Sensational Discount Store,6,279,"<StoreSurvey xmlns=""http://schemas.microsoft.com/sqlserver/2004/07/adventure-works/StoreSurvey""><AnnualSales>3000000</AnnualSales><AnnualRevenue>300000</AnnualRevenue><BankName>Guardian Bank</BankName><BusinessType>OS</BusinessType><YearOpened>1987</YearOpened><Specialty>Road</Specialty><SquareFeet>73000</SquareFeet><Brands>2</Brands><Internet>T1</Internet><NumberEmployees>80</NumberEmployees></StoreSurvey>",,2014-09-12 11:15:07.497,True,2006-06-23,9999-12-31 00:00:00,2c39b27b66981961199b61ad6acac00f10f541500bc29b63d277f46ebc30bd14
321,844,Future Bikes,9,282,"<StoreSurvey xmlns=""http://schemas.microsoft.com/sqlserver/2004/07/adventure-works/StoreSurvey""><AnnualSales>3000000</AnnualSales><AnnualRevenue>300000</AnnualRevenue><BankName>Guardian Bank</BankName><BusinessType>OS</BusinessType><YearOpened>1992</YearOpened><Specialty>Road</Specialty><SquareFeet>74000</SquareFeet><Brands>3</Brands><Internet>DSL</Internet><NumberEmployees>81</NumberEmployees></StoreSurvey>",,2014-09-12 11:15:07.497,True,2006-06-23,9999-12-31 00:00:00,4fca50b113d5776b078095d1047856dbb94c12b390c03994e5286125c6082cf1
322,846,Super Sports Store,2,275,"<StoreSurvey xmlns=""http://schemas.microsoft.com/sqlserver/2004/07/adventure-works/StoreSurvey""><AnnualSales>3000000</AnnualSales><AnnualRevenue>300000</AnnualRevenue><BankName>Primary Bank &amp; Reserve</BankName><BusinessType>OS</BusinessType><YearOpened>1999</YearOpened><Specialty>Road</Specialty><SquareFeet>78000</SquareFeet><Brands>2</Brands><Internet>DSL</Internet><NumberEmployees>100</NumberEmployees></StoreSurvey>",,2014-09-12 11:15:07.497,True,2006-06-23,9999-12-31 00:00:00,7fc2b0292bb8aea214d481188dc89223e5c8356821ce4133b5ce3d5ab8f5c566
323,848,Satin Finish Company,4,277,"<StoreSurvey xmlns=""http://schemas.microsoft.com/sqlserver/2004/07/adventure-works/StoreSurvey""><AnnualSales>3000000</AnnualSales><AnnualRevenue>300000</AnnualRevenue><BankName>International Bank</BankName><BusinessType>OS</BusinessType><YearOpened>1979</YearOpened><Specialty>Mountain</Specialty><SquareFeet>74000</SquareFeet><Brands>2</Brands><Internet>T1</Internet><NumberEmployees>66</NumberEmployees></StoreSurvey>",,2014-09-12 11:15:07.497,True,2006-06-23,9999-12-31 00:00:00,03d8848553e450363b2c60fbb44b93fb9044ea2973aef2b5651c4d9aa7d7c6f3
324,850,Regional Manufacturing,8,281,"<StoreSurvey xmlns=""http://schemas.microsoft.com/sqlserver/2004/07/adventure-works/StoreSurvey""><AnnualSales>1500000</AnnualSales><AnnualRevenue>150000</AnnualRevenue><BankName>Primary Bank &amp; Reserve</BankName><BusinessType>OS</BusinessType><YearOpened>1974</YearOpened><Specialty>Mountain</Specialty><SquareFeet>38000</SquareFeet><Brands>4+</Brands><Internet>DSL</Internet><NumberEmployees>40</NumberEmployees></StoreSurvey>",,2014-09-12 11:15:07.497,True,2006-06-23,9999-12-31 00:00:00,924076a934a34a612a166cd25fc21b627bff558d3969d93102c30fa2d2aad4a6
325,852,Original Bicycle Supply Company,9,282,"<StoreSurvey xmlns=""http://schemas.microsoft.com/sqlserver/2004/07/adventure-works/StoreSurvey""><AnnualSales>1500000</AnnualSales><AnnualRevenue>150000</AnnualRevenue><BankName>International Bank</BankName><BusinessType>OS</BusinessType><YearOpened>1980</YearOpened><Specialty>Mountain</Specialty><SquareFeet>38000</SquareFeet><Brands>4+</Brands><Internet>T1</Internet><NumberEmployees>43</NumberEmployees></StoreSurvey>",,2014-09-12 11:15:07.497,True,2006-06-23,9999-12-31 00:00:00,ef4f20d24575c029ecc1f8fb8fd114b7501db26531ef9a13fb5b7fbcffdc1cf7
326,854,First Center,17,290,"<StoreSurvey xmlns=""http://schemas.microsoft.com/sqlserver/2004/07/adventure-works/StoreSurvey""><AnnualSales>1500000</AnnualSales><AnnualRevenue>150000</AnnualRevenue><BankName>United Security</BankName><BusinessType>OS</BusinessType><YearOpened>1986</YearOpened><Specialty>Mountain</Specialty><SquareFeet>39000</SquareFeet><Brands>2</Brands><Internet>T2</Internet><NumberEmployees>46</NumberEmployees></StoreSurvey>",,2014-09-12 11:15:07.497,True,2006-06-23,9999-12-31 00:00:00,253d994ff4165282340cecab1b7d729424fe2f8613f69f14e7d4eb3e64eafec5
327,856,Action Bicycle Specialists,16,289,"<StoreSurvey xmlns=""http://schemas.microsoft.com/sqlserver/2004/07/adventure-works/StoreSurvey""><AnnualSales>1500000</AnnualSales><AnnualRevenue>150000</AnnualRevenue><BankName>Reserve Security</BankName><BusinessType>OS</BusinessType><YearOpened>1992</YearOpened><Specialty>Touring</Specialty><SquareFeet>40000</SquareFeet><Brands>2</Brands><Internet>DSL</Internet><NumberEmployees>49</NumberEmployees></StoreSurvey>",,2014-09-12 11:15:07.497,True,2006-06-23,9999-12-31 00:00:00,aea8b527dd2b115ab91c87a564e071f8235e3a56b5c28aec61407a18d34214ba
328,858,Roadway Bike Emporium,7,280,"<StoreSurvey xmlns=""http://schemas.microsoft.com/sqlserver/2004/07/adventure-works/StoreSurvey""><AnnualSales>3000000</AnnualSales><AnnualRevenue>300000</AnnualRevenue><BankName>Primary International</BankName><BusinessType>OS</BusinessType><YearOpened>1998</YearOpened><Specialty>Touring</Specialty><SquareFeet>68000</SquareFeet><Brands>3</Brands><Internet>T1</Internet><NumberEmployees>52</NumberEmployees></StoreSurvey>",,2014-09-12 11:15:07.497,True,2006-06-23,9999-12-31 00:00:00,1297f440a4d849c578fb9defa7fd48d1b0163b71af7ad6964e629249b880faa6
329,860,Sleek Bikes ,4,277,"<StoreSurvey xmlns=""http://schemas.microsoft.com/sqlserver/2004/07/adventure-works/StoreSurvey""><AnnualSales>3000000</AnnualSales><AnnualRevenue>300000</AnnualRevenue><BankName>Guardian Bank</BankName><BusinessType>OS</BusinessType><YearOpened>1999</YearOpened><Specialty>Touring</Specialty><SquareFeet>70000</SquareFeet><Brands>3</Brands><Internet>DSL</Internet><NumberEmployees>55</NumberEmployees></StoreSurvey>",,2014-09-12 11:15:07.497,True,2006-06-23,9999-12-31 00:00:00,1c8ac39f8c0b1bae4a4441c65c3cf346ed01ebd2b57004877d10e2cd7ae2bda8
330,862,Retail Sporting Equipment,8,281,"<StoreSurvey xmlns=""http://schemas.microsoft.com/sqlserver/2004/07/adventure-works/StoreSurvey""><AnnualSales>3000000</AnnualSales><AnnualRevenue>300000</AnnualRevenue><BankName>International Security</BankName><BusinessType>OS</BusinessType><YearOpened>1999</YearOpened><Specialty>Mountain</Specialty><SquareFeet>72000</SquareFeet><Brands>4+</Brands><Internet>T1</Internet><NumberEmployees>58</NumberEmployees></StoreSurvey>",,2014-09-12 11:15:07.497,True,2006-06-23,9999-12-31 00:00:00,af10a215af2964bbe6db716ba8d70c01ef0fd1ee6acf4cb6128fbc3fd4c81676
331,864,Price-Cutter Discount Bikes,9,282,"<StoreSurvey xmlns=""http://schemas.microsoft.com/sqlserver/2004/07/adventure-works/StoreSurvey""><AnnualSales>3000000</AnnualSales><AnnualRevenue>300000</AnnualRevenue><BankName>Primary Bank &amp; Reserve</BankName><BusinessType>OS</BusinessType><YearOpened>1979</YearOpened><Specialty>Road</Specialty><SquareFeet>70000</SquareFeet><Brands>4+</Brands><Internet>DSL</Internet><NumberEmployees>61</NumberEmployees></StoreSurvey>",,2014-09-12 11:15:07.497,True,2006-06-23,9999-12-31 00:00:00,9b98755c69f13ea35ad5d88fe9d05b157025b4dc0ad5fa34c4a584bde34fd835
332,866,Brand New Bikes,17,290,"<StoreSurvey xmlns=""http://schemas.microsoft.com/sqlserver/2004/07/adventure-works/StoreSurvey""><AnnualSales>3000000</AnnualSales><AnnualRevenue>300000</AnnualRevenue><BankName>International Bank</BankName><BusinessType>OS</BusinessType><YearOpened>1996</YearOpened><Specialty>Road</Specialty><SquareFeet>73000</SquareFeet><Brands>4+</Brands><Internet>ISDN</Internet><NumberEmployees>64</NumberEmployees></StoreSurvey>",,2014-09-12 11:15:07.497,True,2006-06-23,9999-12-31 00:00:00,a24af5ce9dac7ed07fcfbdbfa3beb794b57cfbe3efc8fd9143aba2ed630abc6e
333,868,Central Bicycle Specialists,16,289,"<StoreSurvey xmlns=""http://schemas.microsoft.com/sqlserver/2004/07/adventure-works/StoreSurvey""><AnnualSales>3000000</AnnualSales><AnnualRevenue>300000</AnnualRevenue><BankName>United Security</BankName><BusinessType>OS</BusinessType><YearOpened>1991</YearOpened><Specialty>Touring</Specialty><SquareFeet>71000</SquareFeet><Brands>2</Brands><Internet>DSL</Internet><NumberEmployees>67</NumberEmployees></StoreSurvey>",,2014-09-12 11:15:07.497,True,2006-06-23,9999-12-31 00:00:00,ddc50b8360b0552307bfceca91aad39c0309ab3d60c57010e743f1f44cdfba52
334,870,Vast Bike Sales and Rental,7,280,"<StoreSurvey xmlns=""http://schemas.microsoft.com/sqlserver/2004/07/adventure-works/StoreSurvey""><AnnualSales>3000000</AnnualSales><AnnualRevenue>300000</AnnualRevenue><BankName>Reserve Security</BankName><BusinessType>OS</BusinessType><YearOpened>1993</YearOpened><Specialty>Mountain</Specialty><SquareFeet>73000</SquareFeet><Brands>4+</Brands><Internet>ISDN</Internet><NumberEmployees>70</NumberEmployees></StoreSurvey>",,2014-09-12 11:15:07.497,True,2006-06-23,9999-12-31 00:00:00,b8cbae27b482988c6dc150489c3427b9f2cbd05fdd8ee392d07d804143a70a69
335,872,Summer Sports Place,4,277,"<StoreSurvey xmlns=""http://schemas.microsoft.com/sqlserver/2004/07/adventure-works/StoreSurvey""><AnnualSales>3000000</AnnualSales><AnnualRevenue>300000</AnnualRevenue><BankName>Primary International</BankName><BusinessType>OS</BusinessType><YearOpened>1998</YearOpened><Specialty>Mountain</Specialty><SquareFeet>73000</SquareFeet><Brands>3</Brands><Internet>T2</Internet><NumberEmployees>73</NumberEmployees></StoreSurvey>",,2014-09-12 11:15:07.497,True,2006-06-23,9999-12-31 00:00:00,c46eae199d3c74df59018f3563eef9728f5507670b06da2ecc15fe19c3d7142b
336,874,Real Sporting Goods,8,281,"<StoreSurvey xmlns=""http://schemas.microsoft.com/sqlserver/2004/07/adventure-works/StoreSurvey""><AnnualSales>3000000</AnnualSales><AnnualRevenue>300000</AnnualRevenue><BankName>Guardian Bank</BankName><BusinessType>OS</BusinessType><YearOpened>1990</YearOpened><Specialty>Mountain</Specialty><SquareFeet>72000</SquareFeet><Brands>3</Brands><Internet>DSL</Internet><NumberEmployees>76</NumberEmployees></StoreSurvey>",,2014-09-12 11:15:07.497,True,2006-06-23,9999-12-31 00:00:00,10703b23522c20525e492198f23c17a3865b9adaa207da84ff539dc660895742
337,876,Versatile Sporting Goods Company,15,288,"<StoreSurvey xmlns=""http://schemas.microsoft.com/sqlserver/2004/07/adventure-works/StoreSurvey""><AnnualSales>3000000</AnnualSales><AnnualRevenue>300000</AnnualRevenue><BankName>Primary Bank &amp; Reserve</BankName><BusinessType>OS</BusinessType><YearOpened>1996</YearOpened><Specialty>Road</Specialty><SquareFeet>74000</SquareFeet><Brands>2</Brands><Internet>DSL</Internet><NumberEmployees>64</NumberEmployees></StoreSurvey>",,2014-09-12 11:15:07.497,True,2006-06-23,9999-12-31 00:00:00,dcedbebe4c0095f086a740942e922d8ff93c2672d14a24b4fba66402ec45a298
338,878,Bicycle Outfitters,2,275,"<StoreSurvey xmlns=""http://schemas.microsoft.com/sqlserver/2004/07/adventure-works/StoreSurvey""><AnnualSales>3000000</AnnualSales><AnnualRevenue>300000</AnnualRevenue><BankName>International Bank</BankName><BusinessType>OS</BusinessType><YearOpened>1991</YearOpened><Specialty>Road</Specialty><SquareFeet>72000</SquareFeet><Brands>3</Brands><Internet>DSL</Internet><NumberEmployees>67</NumberEmployees></StoreSurvey>",,2014-09-12 11:15:07.497,True,2006-06-23,9999-12-31 00:00:00,9580b8c091ef2b04e2d826f8297f9e7d8d25debfe144c32cb9c0f09db202a147
339,880,The Bike Shop,10,283,"<StoreSurvey xmlns=""http://schemas.microsoft.com/sqlserver/2004/07/adventure-works/StoreSurvey""><AnnualSales>3000000</AnnualSales><AnnualRevenue>300000</AnnualRevenue><BankName>United Security</BankName><BusinessType>OS</BusinessType><YearOpened>1993</YearOpened><Specialty>Mountain</Specialty><SquareFeet>73000</SquareFeet><Brands>3</Brands><Internet>T1</Internet><NumberEmployees>70</NumberEmployees></StoreSurvey>",,2014-09-12 11:15:07.497,True,2006-06-23,9999-12-31 00:00:00,33656a79822c06c9d3a37ff499ca32cf66789b237c644bc922457299e487b80b
340,882,Safe Toys,8,281,"<StoreSurvey xmlns=""http://schemas.microsoft.com/sqlserver/2004/07/adventure-works/StoreSurvey""><AnnualSales>3000000</AnnualSales><AnnualRevenue>300000</AnnualRevenue><BankName>Reserve Security</BankName><BusinessType>OS</BusinessType><YearOpened>1998</YearOpened><Specialty>Mountain</Specialty><SquareFeet>74000</SquareFeet><Brands>2</Brands><Internet>T1</Internet><NumberEmployees>73</NumberEmployees></StoreSurvey>",,2014-09-12 11:15:07.497,True,2006-06-23,9999-12-31 00:00:00,3ea1e311410e1438aaf20d21d3aa9dcc731a4d947ebf41a451b887a064c4b842
341,884,Qualified Sales and Repair Services,6,279,"<StoreSurvey xmlns=""http://schemas.microsoft.com/sqlserver/2004/07/adventure-works/StoreSurvey""><AnnualSales>3000000</AnnualSales><AnnualRevenue>300000</AnnualRevenue><BankName>Primary International</BankName><BusinessType>OS</BusinessType><YearOpened>1990</YearOpened><Specialty>Road</Specialty><SquareFeet>75000</SquareFeet><Brands>4+</Brands><Internet>DSL</Internet><NumberEmployees>76</NumberEmployees></StoreSurvey>",,2014-09-12 11:15:07.497,True,2006-06-23,9999-12-31 00:00:00,daadb3297739da19f049b1a56c1b2694c62ed83b148ef4eb8e1b8537904b3efa
342,886,Our Sporting Goods Store,9,282,"<StoreSurvey xmlns=""http://schemas.microsoft.com/sqlserver/2004/07/adventure-works/StoreSurvey""><AnnualSales>3000000</AnnualSales><AnnualRevenue>300000</AnnualRevenue><BankName>Guardian Bank</BankName><BusinessType>OS</BusinessType><YearOpened>1995</YearOpened><Specialty>Road</Specialty><SquareFeet>76000</SquareFeet><Brands>4+</Brands><Internet>DSL</Internet><NumberEmployees>79</NumberEmployees></StoreSurvey>",,2014-09-12 11:15:07.497,True,2006-06-23,9999-12-31 00:00:00,5ea3f34533b3f994b4ea6a5f89d1f97cc2ec08d47b187b67ec551e3646219cba
343,888,Lustrous Paints and Components,15,288,"<StoreSurvey xmlns=""http://schemas.microsoft.com/sqlserver/2004/07/adventure-works/StoreSurvey""><AnnualSales>3000000</AnnualSales><AnnualRevenue>300000</AnnualRevenue><BankName>International Security</BankName><BusinessType>OS</BusinessType><YearOpened>1987</YearOpened><Specialty>Road</Specialty><SquareFeet>77000</SquareFeet><Brands>4+</Brands><Internet>T1</Internet><NumberEmployees>80</NumberEmployees></StoreSurvey>",,2014-09-12 11:15:07.497,True,2006-06-23,9999-12-31 00:00:00,35dc187c908dc5ef34b3e2b278b5600cc0dfb313b1ba39cc622c51d901b45c0e
344,890,Expert Sports Store,2,275,"<StoreSurvey xmlns=""http://schemas.microsoft.com/sqlserver/2004/07/adventure-works/StoreSurvey""><AnnualSales>3000000</AnnualSales><AnnualRevenue>300000</AnnualRevenue><BankName>Primary Bank &amp; Reserve</BankName><BusinessType>OS</BusinessType><YearOpened>1992</YearOpened><Specialty>Mountain</Specialty><SquareFeet>77000</SquareFeet><Brands>3</Brands><Internet>T1</Internet><NumberEmployees>81</NumberEmployees></StoreSurvey>",,2014-09-12 11:15:07.497,True,2006-06-23,9999-12-31 00:00:00,4fe2d0453ae7fe87ebd6594a48d3921d3f37d4421f1cc29a078a1c661c058aab
345,892,Coho Sports,10,283,"<StoreSurvey xmlns=""http://schemas.microsoft.com/sqlserver/2004/07/adventure-works/StoreSurvey""><AnnualSales>3000000</AnnualSales><AnnualRevenue>300000</AnnualRevenue><BankName>International Bank</BankName><BusinessType>OS</BusinessType><YearOpened>1984</YearOpened><Specialty>Mountain</Specialty><SquareFeet>75000</SquareFeet><Brands>3</Brands><Internet>T2</Internet><NumberEmployees>82</NumberEmployees></StoreSurvey>",,2014-09-12 11:15:07.497,True,2006-06-23,9999-12-31 00:00:00,ff8d946fdac0125107f906e3c5be144a86ecb66cf99eef04d05ee7cb929fc42f
346,894,Jumbo Bikes,13,286,"<StoreSurvey xmlns=""http://schemas.microsoft.com/sqlserver/2004/07/adventure-works/StoreSurvey""><AnnualSales>1500000</AnnualSales><AnnualRevenue>150000</AnnualRevenue><BankName>United Security</BankName><BusinessType>BS</BusinessType><YearOpened>1977</YearOpened><Specialty>Touring</Specialty><SquareFeet>39000</SquareFeet><Brands>2</Brands><Internet>DSL</Internet><NumberEmployees>41</NumberEmployees></StoreSurvey>",,2014-09-12 11:15:07.497,True,2006-06-23,9999-12-31 00:00:00,01c65933ca802ba0e7372f9d56c32a235a8fb845ff1b85fb4cd6885aea60fb48
347,896,Quick Delivery Service,5,278,"<StoreSurvey xmlns=""http://schemas.microsoft.com/sqlserver/2004/07/adventure-works/StoreSurvey""><AnnualSales>1500000</AnnualSales><AnnualRevenue>150000</AnnualRevenue><BankName>International Bank</BankName><BusinessType>BS</BusinessType><YearOpened>1985</YearOpened><Specialty>Mountain</Specialty><SquareFeet>37000</SquareFeet><Brands>4+</Brands><Internet>T3</Internet><NumberEmployees>42</NumberEmployees></StoreSurvey>",,2014-09-12 11:15:07.497,True,2006-06-23,9999-12-31 00:00:00,fa7686c5fa1755a118d4fce7cfe95dfd9461586581d1bf080b80f3a2e5c31c00
348,898,Tough and Reliable Parts,6,279,"<StoreSurvey xmlns=""http://schemas.microsoft.com/sqlserver/2004/07/adventure-works/StoreSurvey""><AnnualSales>1500000</AnnualSales><AnnualRevenue>150000</AnnualRevenue><BankName>Primary Bank &amp; Reserve</BankName><BusinessType>BS</BusinessType><YearOpened>1980</YearOpened><Specialty>Road</Specialty><SquareFeet>40000</SquareFeet><Brands>3</Brands><Internet>DSL</Internet><NumberEmployees>43</NumberEmployees></StoreSurvey>",,2014-09-12 11:15:07.497,True,2006-06-23,9999-12-31 00:00:00,412fa18ce71938b32de9487969cbdab51d701b13cc9df217828135d8ac5fdfc0
349,900,Basic Sports Equipment,3,276,"<StoreSurvey xmlns=""http://schemas.microsoft.com/sqlserver/2004/07/adventure-works/StoreSurvey""><AnnualSales>1500000</AnnualSales><AnnualRevenue>150000</AnnualRevenue><BankName>International Security</BankName><BusinessType>BS</BusinessType><YearOpened>1988</YearOpened><Specialty>Mountain</Specialty><SquareFeet>38000</SquareFeet><Brands>3</Brands><Internet>DSL</Internet><NumberEmployees>44</NumberEmployees></StoreSurvey>",,2014-09-12 11:15:07.497,True,2006-06-23,9999-12-31 00:00:00,d34eca4318e6db31b91bc799d87fa831ee9b773196c17d0a0935ad49724a6de0
350,902,Cash & Carry Bikes,4,277,"<StoreSurvey xmlns=""http://schemas.microsoft.com/sqlserver/2004/07/adventure-works/StoreSurvey""><AnnualSales>1500000</AnnualSales><AnnualRevenue>150000</AnnualRevenue><BankName>Guardian Bank</BankName><BusinessType>BS</BusinessType><YearOpened>1983</YearOpened><Specialty>Mountain</Specialty><SquareFeet>39000</SquareFeet><Brands>2</Brands><Internet>DSL</Internet><NumberEmployees>45</NumberEmployees></StoreSurvey>",,2014-09-12 11:15:07.497,True,2006-06-23,9999-12-31 00:00:00,fa72efdf2b26f53fe1b8da3b23fec80a1f27477c03fcb90e556bc197c1987ed9
351,904,Convenient Bike Shop,2,275,"<StoreSurvey xmlns=""http://schemas.microsoft.com/sqlserver/2004/07/adventure-works/StoreSurvey""><AnnualSales>1500000</AnnualSales><AnnualRevenue>150000</AnnualRevenue><BankName>Primary International</BankName><BusinessType>BS</BusinessType><YearOpened>1991</YearOpened><Specialty>Road</Specialty><SquareFeet>38000</SquareFeet><Brands>3</Brands><Internet>T2</Internet><NumberEmployees>46</NumberEmployees></StoreSurvey>",,2014-09-12 11:15:07.497,True,2006-06-23,9999-12-31 00:00:00,bf85ff5cb166a10316c2365ee61e8974812b0aab68f152b0f245cdc9e8a36f8c
352,906,Fitness Bike Accessories,13,286,"<StoreSurvey xmlns=""http://schemas.microsoft.com/sqlserver/2004/07/adventure-works/StoreSurvey""><AnnualSales>1500000</AnnualSales><AnnualRevenue>150000</AnnualRevenue><BankName>Reserve Security</BankName><BusinessType>BS</BusinessType><YearOpened>1986</YearOpened><Specialty>Touring</Specialty><SquareFeet>39000</SquareFeet><Brands>3</Brands><Internet>T1</Internet><NumberEmployees>47</NumberEmployees></StoreSurvey>",,2014-09-12 11:15:07.497,True,2006-06-23,9999-12-31 00:00:00,dee2b80cd875df995942f98a23c44212cd395d983ac931d5a5ab0c8317ef7538
353,908,General Bike Corporation,5,278,"<StoreSurvey xmlns=""http://schemas.microsoft.com/sqlserver/2004/07/adventure-works/StoreSurvey""><AnnualSales>1500000</AnnualSales><AnnualRevenue>150000</AnnualRevenue><BankName>United Security</BankName><BusinessType>BS</BusinessType><YearOpened>1994</YearOpened><Specialty>Road</Specialty><SquareFeet>38000</SquareFeet><Brands>4+</Brands><Internet>DSL</Internet><NumberEmployees>48</NumberEmployees></StoreSurvey>",,2014-09-12 11:15:07.497,True,2006-06-23,9999-12-31 00:00:00,984bac4b75a04b46a8fa6530dbc53b1c561c4432b20a3a074c3e0f339c57a914
354,910,Quitting Business Distributors,6,279,"<StoreSurvey xmlns=""http://schemas.microsoft.com/sqlserver/2004/07/adventure-works/StoreSurvey""><AnnualSales>1500000</AnnualSales><AnnualRevenue>150000</AnnualRevenue><BankName>International Bank</BankName><BusinessType>BS</BusinessType><YearOpened>1989</YearOpened><Specialty>Touring</Specialty><SquareFeet>40000</SquareFeet><Brands>2</Brands><Internet>ISDN</Internet><NumberEmployees>49</NumberEmployees></StoreSurvey>",,2014-09-12 11:15:07.497,True,2006-06-23,9999-12-31 00:00:00,5aef67ec64d109aa7c633d92cfc9f71bd7b1576ff66dd98914612e21ca3c4849
355,912,Retail Cycle Shop,3,276,"<StoreSurvey xmlns=""http://schemas.microsoft.com/sqlserver/2004/07/adventure-works/StoreSurvey""><AnnualSales>1500000</AnnualSales><AnnualRevenue>150000</AnnualRevenue><BankName>Primary Bank &amp; Reserve</BankName><BusinessType>BS</BusinessType><YearOpened>1997</YearOpened><Specialty>Mountain</Specialty><SquareFeet>38000</SquareFeet><Brands>3</Brands><Internet>T1</Internet><NumberEmployees>46</NumberEmployees></StoreSurvey>",,2014-09-12 11:15:07.497,True,2006-06-23,9999-12-31 00:00:00,fa0760fae3137c44a990d57fee3c2814093013a54cf6a5b73c0715f7883e9512
356,914,Social Activities Club,4,277,"<StoreSurvey xmlns=""http://schemas.microsoft.com/sqlserver/2004/07/adventure-works/StoreSurvey""><AnnualSales>1500000</AnnualSales><AnnualRevenue>150000</AnnualRevenue><BankName>International Security</BankName><BusinessType>BS</BusinessType><YearOpened>1992</YearOpened><Specialty>Road</Specialty><SquareFeet>39000</SquareFeet><Brands>4+</Brands><Internet>T2</Internet><NumberEmployees>43</NumberEmployees></StoreSurvey>",,2014-09-12 11:15:07.497,True,2006-06-23,9999-12-31 00:00:00,9ff916d209425e6826a4fb90a509900f1af92a6d2a535b19651a281ee029ddbf
357,916,Blue Bicycle Company,2,275,"<StoreSurvey xmlns=""http://schemas.microsoft.com/sqlserver/2004/07/adventure-works/StoreSurvey""><AnnualSales>1500000</AnnualSales><AnnualRevenue>150000</AnnualRevenue><BankName>Guardian Bank</BankName><BusinessType>BS</BusinessType><YearOpened>1995</YearOpened><Specialty>Road</Specialty><SquareFeet>36000</SquareFeet><Brands>4+</Brands><Internet>DSL</Internet><NumberEmployees>40</NumberEmployees></StoreSurvey>",,2014-09-12 11:15:07.497,True,2006-06-23,9999-12-31 00:00:00,09266698386d2ce2f8cf7d6513a8873719b70c8ea5417291dcd164648f0048e4
358,918,Expert Cycle Store,13,286,"<StoreSurvey xmlns=""http://schemas.microsoft.com/sqlserver/2004/07/adventure-works/StoreSurvey""><AnnualSales>1500000</AnnualSales><AnnualRevenue>150000</AnnualRevenue><BankName>Primary International</BankName><BusinessType>BS</BusinessType><YearOpened>1995</YearOpened><Specialty>Touring</Specialty><SquareFeet>38000</SquareFeet><Brands>4+</Brands><Internet>DSL</Internet><NumberEmployees>37</NumberEmployees></StoreSurvey>",,2014-09-12 11:15:07.497,True,2006-06-23,9999-12-31 00:00:00,a9cd5856bf3c2828c297f32f36f0511bef970b583392e4058164914f920e4679
359,920,General Riding Supplies,5,278,"<StoreSurvey xmlns=""http://schemas.microsoft.com/sqlserver/2004/07/adventure-works/StoreSurvey""><AnnualSales>1500000</AnnualSales><AnnualRevenue>150000</AnnualRevenue><BankName>Reserve Security</BankName><BusinessType>BS</BusinessType><YearOpened>1983</YearOpened><Specialty>Mountain</Specialty><SquareFeet>36000</SquareFeet><Brands>3</Brands><Internet>DSL</Internet><NumberEmployees>34</NumberEmployees></StoreSurvey>",,2014-09-12 11:15:07.497,True,2006-06-23,9999-12-31 00:00:00,17594e944e2764dd794c444b20568a04559ea7dd518e885a76e874d49f5edf47
360,922,Parts Shop,6,279,"<StoreSurvey xmlns=""http://schemas.microsoft.com/sqlserver/2004/07/adventure-works/StoreSurvey""><AnnualSales>1500000</AnnualSales><AnnualRevenue>150000</AnnualRevenue><BankName>United Security</BankName><BusinessType>BS</BusinessType><YearOpened>1998</YearOpened><Specialty>Road</Specialty><SquareFeet>38000</SquareFeet><Brands>3</Brands><Internet>T3</Internet><NumberEmployees>31</NumberEmployees></StoreSurvey>",,2014-09-12 11:15:07.497,True,2006-06-23,9999-12-31 00:00:00,e56fd5bdc3476dc7521164dd2243df1f63b42b52ec8681d8e35a2c26d482c0d7
361,924,Riding Excursions,3,276,"<StoreSurvey xmlns=""http://schemas.microsoft.com/sqlserver/2004/07/adventure-works/StoreSurvey""><AnnualSales>1000000</AnnualSales><AnnualRevenue>100000</AnnualRevenue><BankName>International Bank</BankName><BusinessType>BS</BusinessType><YearOpened>1971</YearOpened><Specialty>Road</Specialty><SquareFeet>27000</SquareFeet><Brands>4+</Brands><Internet>T1</Internet><NumberEmployees>28</NumberEmployees></StoreSurvey>",,2014-09-12 11:15:07.497,True,2006-06-23,9999-12-31 00:00:00,da6aa7f8f637fafbb7348cf0f6c59f56be2d5ce1e36592004778846ac6849afc
362,926,Unique Bikes,4,277,"<StoreSurvey xmlns=""http://schemas.microsoft.com/sqlserver/2004/07/adventure-works/StoreSurvey""><AnnualSales>1000000</AnnualSales><AnnualRevenue>100000</AnnualRevenue><BankName>Primary Bank &amp; Reserve</BankName><BusinessType>BS</BusinessType><YearOpened>2001</YearOpened><Specialty>Mountain</Specialty><SquareFeet>27000</SquareFeet><Brands>3</Brands><Internet>DSL</Internet><NumberEmployees>25</NumberEmployees></StoreSurvey>",,2014-09-12 11:15:07.497,True,2006-06-23,9999-12-31 00:00:00,ff2ca5a56f7629e92d75aa95bad4092df465b9ea47dcee110e9c4590f64d45a9
363,928,Rural Cycle Emporium,9,282,"<StoreSurvey xmlns=""http://schemas.microsoft.com/sqlserver/2004/07/adventure-works/StoreSurvey""><AnnualSales>800000</AnnualSales><AnnualRevenue>80000</AnnualRevenue><BankName>Primary International</BankName><BusinessType>BM</BusinessType><YearOpened>1988</YearOpened><Specialty>Mountain</Specialty><SquareFeet>21000</SquareFeet><Brands>4+</Brands><Internet>DSL</Internet><NumberEmployees>11</NumberEmployees></StoreSurvey>",,2014-09-12 11:15:07.497,True,2006-06-23,9999-12-31 00:00:00,542fb0a545d590defad7ce4a57319d4e2f0349c2b4d27956cd1350923d43aaa8
364,930,Associated Bikes,8,281,"<StoreSurvey xmlns=""http://schemas.microsoft.com/sqlserver/2004/07/adventure-works/StoreSurvey""><AnnualSales>300000</AnnualSales><AnnualRevenue>30000</AnnualRevenue><BankName>Reserve Security</BankName><BusinessType>BM</BusinessType><YearOpened>1982</YearOpened><Specialty>Mountain</Specialty><SquareFeet>7000</SquareFeet><Brands>3</Brands><Internet>DSL</Internet><NumberEmployees>8</NumberEmployees></StoreSurvey>",,2014-09-12 11:15:07.497,True,2006-06-23,9999-12-31 00:00:00,ccf8a3d29748c5333076c617c58e1cf72532bcbac36cad18288f589783a15015
365,932,Modular Cycle Systems,4,277,"<StoreSurvey xmlns=""http://schemas.microsoft.com/sqlserver/2004/07/adventure-works/StoreSurvey""><AnnualSales>300000</AnnualSales><AnnualRevenue>30000</AnnualRevenue><BankName>United Security</BankName><BusinessType>BM</BusinessType><YearOpened>1976</YearOpened><Specialty>Road</Specialty><SquareFeet>6000</SquareFeet><Brands>2</Brands><Internet>DSL</Internet><NumberEmployees>5</NumberEmployees></StoreSurvey>",,2014-09-12 11:15:07.497,True,2006-06-23,9999-12-31 00:00:00,2aa4609de37c26ed0ba7c6ac8f9eebdd3ad527b21faf6125a9ca41ed56d04547
366,934,A Bike Store,7,280,"<StoreSurvey xmlns=""http://schemas.microsoft.com/sqlserver/2004/07/adventure-works/StoreSurvey""><AnnualSales>300000</AnnualSales><AnnualRevenue>30000</AnnualRevenue><BankName>International Bank</BankName><BusinessType>BM</BusinessType><YearOpened>1970</YearOpened><Specialty>Road</Specialty><SquareFeet>7000</SquareFeet><Brands>AW</Brands><Internet>T1</Internet><NumberEmployees>2</NumberEmployees></StoreSurvey>",,2014-09-12 11:15:07.497,True,2006-06-23,9999-12-31 00:00:00,ff3df2798023c0cabe5ae62202a1a031ad5a855ebe030c6f16f175d9483de843
367,936,Journey Sporting Goods,4,277,"<StoreSurvey xmlns=""http://schemas.microsoft.com/sqlserver/2004/07/adventure-works/StoreSurvey""><AnnualSales>800000</AnnualSales><AnnualRevenue>80000</AnnualRevenue><BankName>Primary Bank &amp; Reserve</BankName><BusinessType>BM</BusinessType><YearOpened>1996</YearOpened><Specialty>Mountain</Specialty><SquareFeet>21000</SquareFeet><Brands>3</Brands><Internet>DSL</Internet><NumberEmployees>13</NumberEmployees></StoreSurvey>",,2014-09-12 11:15:07.497,True,2006-06-23,9999-12-31 00:00:00,ee2990a7784e1b1ba5085c790cf210b5bc8818febfb366309525806b2e1bda9c
368,938,Two Bike Shops,7,280,"<StoreSurvey xmlns=""http://schemas.microsoft.com/sqlserver/2004/07/adventure-works/StoreSurvey""><AnnualSales>800000</AnnualSales><AnnualRevenue>80000</AnnualRevenue><BankName>International Security</BankName><BusinessType>BM</BusinessType><YearOpened>1991</YearOpened><Specialty>Road</Specialty><SquareFeet>20000</SquareFeet><Brands>3</Brands><Internet>T1</Internet><NumberEmployees>14</NumberEmployees></StoreSurvey>",,2014-09-12 11:15:07.497,True,2006-06-23,9999-12-31 00:00:00,52db6d950dc11e06a8196a91935312d1724b38f3c980ad2dac606185c00a3dde
369,940,Cycles Wholesaler & Mfg.,16,289,"<StoreSurvey xmlns=""http://schemas.microsoft.com/sqlserver/2004/07/adventure-works/StoreSurvey""><AnnualSales>800000</AnnualSales><AnnualRevenue>80000</AnnualRevenue><BankName>Guardian Bank</BankName><BusinessType>BM</BusinessType><YearOpened>1999</YearOpened><Specialty>Touring</Specialty><SquareFeet>21000</SquareFeet><Brands>4+</Brands><Internet>T2</Internet><NumberEmployees>15</NumberEmployees></StoreSurvey>",,2014-09-12 11:15:07.497,True,2006-06-23,9999-12-31 00:00:00,4b8501572644fc6f266411cd730108d4203aa12a54d4a903831c261781b71beb
370,942,Wheels Inc.,17,290,"<StoreSurvey xmlns=""http://schemas.microsoft.com/sqlserver/2004/07/adventure-works/StoreSurvey""><AnnualSales>800000</AnnualSales><AnnualRevenue>80000</AnnualRevenue><BankName>Primary International</BankName><BusinessType>BM</BusinessType><YearOpened>1994</YearOpened><Specialty>Road</Specialty><SquareFeet>19000</SquareFeet><Brands>4+</Brands><Internet>T1</Internet><NumberEmployees>16</NumberEmployees></StoreSurvey>",,2014-09-12 11:15:07.497,True,2006-06-23,9999-12-31 00:00:00,ee3aa0a762d4b36726dfa8cff410d07f189e575a6607e083bbfcb1ce6223d6d7
371,944,Number One Bike Co.,16,289,"<StoreSurvey xmlns=""http://schemas.microsoft.com/sqlserver/2004/07/adventure-works/StoreSurvey""><AnnualSales>1500000</AnnualSales><AnnualRevenue>150000</AnnualRevenue><BankName>Guardian Bank</BankName><BusinessType>BS</BusinessType><YearOpened>1982</YearOpened><Specialty>Road</Specialty><SquareFeet>40000</SquareFeet><Brands>4+</Brands><Internet>T1</Internet><NumberEmployees>40</NumberEmployees></StoreSurvey>",,2014-09-12 11:15:07.497,True,2006-06-23,9999-12-31 00:00:00,ac67ae2a45c7004730480dedd316563df5925a134b1dad40f222033441417696
372,946,Racing Supply Distributors,17,290,"<StoreSurvey xmlns=""http://schemas.microsoft.com/sqlserver/2004/07/adventure-works/StoreSurvey""><AnnualSales>1500000</AnnualSales><AnnualRevenue>150000</AnnualRevenue><BankName>Primary International</BankName><BusinessType>BS</BusinessType><YearOpened>1977</YearOpened><Specialty>Touring</Specialty><SquareFeet>38000</SquareFeet><Brands>3</Brands><Internet>DSL</Internet><NumberEmployees>41</NumberEmployees></StoreSurvey>",,2014-09-12 11:15:07.497,True,2006-06-23,9999-12-31 00:00:00,72fbff1e4d797ccebee0ffa4f24fae248772a1cb09e9fc28de56794912d0ada4
373,948,Standard Bikes,9,282,"<StoreSurvey xmlns=""http://schemas.microsoft.com/sqlserver/2004/07/adventure-works/StoreSurvey""><AnnualSales>1500000</AnnualSales><AnnualRevenue>150000</AnnualRevenue><BankName>Reserve Security</BankName><BusinessType>BS</BusinessType><YearOpened>1985</YearOpened><Specialty>Mountain</Specialty><SquareFeet>38000</SquareFeet><Brands>4+</Brands><Internet>DSL</Internet><NumberEmployees>42</NumberEmployees></StoreSurvey>",,2014-09-12 11:15:07.497,True,2006-06-23,9999-12-31 00:00:00,c44559221d7c36d31e35ec162756918009146972757ebf8b7c0e870e374b49e7
374,950,The Bicycle Accessories Company,8,281,"<StoreSurvey xmlns=""http://schemas.microsoft.com/sqlserver/2004/07/adventure-works/StoreSurvey""><AnnualSales>1500000</AnnualSales><AnnualRevenue>150000</AnnualRevenue><BankName>United Security</BankName><BusinessType>BS</BusinessType><YearOpened>1980</YearOpened><Specialty>Road</Specialty><SquareFeet>37000</SquareFeet><Brands>4+</Brands><Internet>T1</Internet><NumberEmployees>43</NumberEmployees></StoreSurvey>",,2014-09-12 11:15:07.497,True,2006-06-23,9999-12-31 00:00:00,ae90a03a8da3ea8e851b48977196c0212256460d20de6d4265cc2c479d8e5745
375,952,Active Systems,4,277,"<StoreSurvey xmlns=""http://schemas.microsoft.com/sqlserver/2004/07/adventure-works/StoreSurvey""><AnnualSales>1500000</AnnualSales><AnnualRevenue>150000</AnnualRevenue><BankName>International Bank</BankName><BusinessType>BS</BusinessType><YearOpened>1988</YearOpened><Specialty>Road</Specialty><SquareFeet>39000</SquareFeet><Brands>4+</Brands><Internet>T1</Internet><NumberEmployees>44</NumberEmployees></StoreSurvey>",,2014-09-12 11:15:07.497,True,2006-06-23,9999-12-31 00:00:00,a3e22e557740fe51aa81338ba050e99b3bb423c274fc6a0c4baaed5977033f5f
376,954,Futuristic Sport Distributors,8,281,"<StoreSurvey xmlns=""http://schemas.microsoft.com/sqlserver/2004/07/adventure-works/StoreSurvey""><AnnualSales>3000000</AnnualSales><AnnualRevenue>300000</AnnualRevenue><BankName>Primary Bank &amp; Reserve</BankName><BusinessType>OS</BusinessType><YearOpened>1974</YearOpened><Specialty>Road</Specialty><SquareFeet>78000</SquareFeet><Brands>3</Brands><Internet>DSL</Internet><NumberEmployees>94</NumberEmployees></StoreSurvey>",,2014-09-12 11:15:07.497,True,2006-06-23,9999-12-31 00:00:00,91870cff6819ad860ee5289e264764f810b12c52183861dbd7cfd9f3c706afc0
377,956,Finer Sales and Service,9,282,"<StoreSurvey xmlns=""http://schemas.microsoft.com/sqlserver/2004/07/adventure-works/StoreSurvey""><AnnualSales>3000000</AnnualSales><AnnualRevenue>300000</AnnualRevenue><BankName>International Bank</BankName><BusinessType>OS</BusinessType><YearOpened>1980</YearOpened><Specialty>Road</Specialty><SquareFeet>77000</SquareFeet><Brands>4+</Brands><Internet>T2</Internet><NumberEmployees>95</NumberEmployees></StoreSurvey>",,2014-09-12 11:15:07.497,True,2006-06-23,9999-12-31 00:00:00,b363708e27e689581e1ba328022f498baf424601293b57ca8602221d563f2d88
378,958,Big-Time Bike Store,8,281,"<StoreSurvey xmlns=""http://schemas.microsoft.com/sqlserver/2004/07/adventure-works/StoreSurvey""><AnnualSales>3000000</AnnualSales><AnnualRevenue>300000</AnnualRevenue><BankName>United Security</BankName><BusinessType>OS</BusinessType><YearOpened>1986</YearOpened><Specialty>Road</Specialty><SquareFeet>80000</SquareFeet><Brands>4+</Brands><Internet>DSL</Internet><NumberEmployees>96</NumberEmployees></StoreSurvey>",,2014-09-12 11:15:07.497,True,2006-06-23,9999-12-31 00:00:00,5709c24ffe9962ec94c8cf2205f7421af5274aa2990753448948dd2b736d1457
379,960,The Showroom,9,282,"<StoreSurvey xmlns=""http://schemas.microsoft.com/sqlserver/2004/07/adventure-works/StoreSurvey""><AnnualSales>3000000</AnnualSales><AnnualRevenue>300000</AnnualRevenue><BankName>Reserve Security</BankName><BusinessType>OS</BusinessType><YearOpened>1992</YearOpened><Specialty>Road</Specialty><SquareFeet>79000</SquareFeet><Brands>4+</Brands><Internet>DSL</Internet><NumberEmployees>97</NumberEmployees></StoreSurvey>",,2014-09-12 11:15:07.497,True,2006-06-23,9999-12-31 00:00:00,052edc44f91df2ae72fa3055f31905f6f01ced7b4c2177d2bf982053c2969905
380,962,Spa and Exercise Outfitters,17,290,"<StoreSurvey xmlns=""http://schemas.microsoft.com/sqlserver/2004/07/adventure-works/StoreSurvey""><AnnualSales>3000000</AnnualSales><AnnualRevenue>300000</AnnualRevenue><BankName>Primary International</BankName><BusinessType>OS</BusinessType><YearOpened>1998</YearOpened><Specialty>Mountain</Specialty><SquareFeet>79000</SquareFeet><Brands>4+</Brands><Internet>T1</Internet><NumberEmployees>98</NumberEmployees></StoreSurvey>",,2014-09-12 11:15:07.497,True,2006-06-23,9999-12-31 00:00:00,bcf809a7f12192e4ef735666736897f8120ac5028f8c712490a453e408a5eb51
381,964,Year-Round Sports,10,283,"<StoreSurvey xmlns=""http://schemas.microsoft.com/sqlserver/2004/07/adventure-works/StoreSurvey""><AnnualSales>3000000</AnnualSales><AnnualRevenue>300000</AnnualRevenue><BankName>United Security</BankName><BusinessType>OS</BusinessType><YearOpened>1979</YearOpened><Specialty>Mountain</Specialty><SquareFeet>75000</SquareFeet><Brands>4+</Brands><Internet>DSL</Internet><NumberEmployees>66</NumberEmployees></StoreSurvey>",,2014-09-12 11:15:07.497,True,2006-06-23,9999-12-31 00:00:00,d59c502b963178dd9bcb6a0e33ff4336335ea8129af3f33992f39c032afa3953
382,966,The New Bike Store,3,276,"<StoreSurvey xmlns=""http://schemas.microsoft.com/sqlserver/2004/07/adventure-works/StoreSurvey""><AnnualSales>1500000</AnnualSales><AnnualRevenue>150000</AnnualRevenue><BankName>International Bank</BankName><BusinessType>OS</BusinessType><YearOpened>1974</YearOpened><Specialty>Road</Specialty><SquareFeet>37000</SquareFeet><Brands>4+</Brands><Internet>DSL</Internet><NumberEmployees>40</NumberEmployees></StoreSurvey>",,2014-09-12 11:15:07.497,True,2006-06-23,9999-12-31 00:00:00,aa1593bfbdbb539443d9c781a424e794b49db7add569a493c2dda55d37511548
383,968,Resident Cycle Shop,6,279,"<StoreSurvey xmlns=""http://schemas.microsoft.com/sqlserver/2004/07/adventure-works/StoreSurvey""><AnnualSales>1500000</AnnualSales><AnnualRevenue>150000</AnnualRevenue><BankName>United Security</BankName><BusinessType>OS</BusinessType><YearOpened>1980</YearOpened><Specialty>Mountain</Specialty><SquareFeet>38000</SquareFeet><Brands>4+</Brands><Internet>DSL</Internet><NumberEmployees>43</NumberEmployees></StoreSurvey>",,2014-09-12 11:15:07.497,True,2006-06-23,9999-12-31 00:00:00,f9ecaf7cc05fbb90d4079e508dbeed042e6001c7c39bce546e47d097c2dc7821
384,970,Primary Bike Distributors,5,278,"<StoreSurvey xmlns=""http://schemas.microsoft.com/sqlserver/2004/07/adventure-works/StoreSurvey""><AnnualSales>1500000</AnnualSales><AnnualRevenue>150000</AnnualRevenue><BankName>Reserve Security</BankName><BusinessType>OS</BusinessType><YearOpened>1986</YearOpened><Specialty>Road</Specialty><SquareFeet>39000</SquareFeet><Brands>4+</Brands><Internet>T1</Internet><NumberEmployees>46</NumberEmployees></StoreSurvey>",,2014-09-12 11:15:07.497,True,2006-06-23,9999-12-31 00:00:00,e38b20cc683e7545ee7423ab3919ca068f03ecf222d5fcd6a5e66e3a4c3bab76
385,972,Major Bicycle Store,13,286,"<StoreSurvey xmlns=""http://schemas.microsoft.com/sqlserver/2004/07/adventure-works/StoreSurvey""><AnnualSales>1500000</AnnualSales><AnnualRevenue>150000</AnnualRevenue><BankName>Primary International</BankName><BusinessType>OS</BusinessType><YearOpened>1992</YearOpened><Specialty>Touring</Specialty><SquareFeet>41000</SquareFeet><Brands>4+</Brands><Internet>T1</Internet><NumberEmployees>49</NumberEmployees></StoreSurvey>",,2014-09-12 11:15:07.497,True,2006-06-23,9999-12-31 00:00:00,e17b7a9279a2fdc454b0b9ea332cc6a5a62a41aafd76aaa2b6491e8bd143acde
386,974,Leather and Vinyl Manufacturing,2,275,"<StoreSurvey xmlns=""http://schemas.microsoft.com/sqlserver/2004/07/adventure-works/StoreSurvey""><AnnualSales>3000000</AnnualSales><AnnualRevenue>300000</AnnualRevenue><BankName>Guardian Bank</BankName><BusinessType>OS</BusinessType><YearOpened>1998</YearOpened><Specialty>Road</Specialty><SquareFeet>68000</SquareFeet><Brands>2</Brands><Internet>DSL</Internet><NumberEmployees>52</NumberEmployees></StoreSurvey>",,2014-09-12 11:15:07.497,True,2006-06-23,9999-12-31 00:00:00,1060281aeccd93827b5d9cb9a202270a3c8b5fbe363567945f4df9891d0dece4
387,976,Genial Bike Associates,4,277,"<StoreSurvey xmlns=""http://schemas.microsoft.com/sqlserver/2004/07/adventure-works/StoreSurvey""><AnnualSales>3000000</AnnualSales><AnnualRevenue>300000</AnnualRevenue><BankName>International Security</BankName><BusinessType>OS</BusinessType><YearOpened>1999</YearOpened><Specialty>Mountain</Specialty><SquareFeet>70000</SquareFeet><Brands>4+</Brands><Internet>T1</Internet><NumberEmployees>55</NumberEmployees></StoreSurvey>",,2014-09-12 11:15:07.497,True,2006-06-23,9999-12-31 00:00:00,60c6b54d382c3ba4c6190eee775fad212d82446675e3711e70888daa14a67c20
388,978,Commercial Sporting Goods,8,281,"<StoreSurvey xmlns=""http://schemas.microsoft.com/sqlserver/2004/07/adventure-works/StoreSurvey""><AnnualSales>3000000</AnnualSales><AnnualRevenue>300000</AnnualRevenue><BankName>Reserve Security</BankName><BusinessType>OS</BusinessType><YearOpened>1979</YearOpened><Specialty>Mountain</Specialty><SquareFeet>74000</SquareFeet><Brands>3</Brands><Internet>DSL</Internet><NumberEmployees>61</NumberEmployees></StoreSurvey>",,2014-09-12 11:15:07.497,True,2006-06-23,9999-12-31 00:00:00,d2c2a7e29a835abef7979f3ebd77f64237135aa0be792d4ca70f4410609657e8
389,980,Wholesale Parts,9,282,"<StoreSurvey xmlns=""http://schemas.microsoft.com/sqlserver/2004/07/adventure-works/StoreSurvey""><AnnualSales>3000000</AnnualSales><AnnualRevenue>300000</AnnualRevenue><BankName>Primary International</BankName><BusinessType>OS</BusinessType><YearOpened>1996</YearOpened><Specialty>Road</Specialty><SquareFeet>70000</SquareFeet><Brands>4+</Brands><Internet>DSL</Internet><NumberEmployees>64</NumberEmployees></StoreSurvey>",,2014-09-12 11:15:07.497,True,2006-06-23,9999-12-31 00:00:00,dbd8624a997249f91ef29d7a633244ed94ecb2a7e34de2de4965ee59386730a7
390,982,Steel Inc.,17,290,"<StoreSurvey xmlns=""http://schemas.microsoft.com/sqlserver/2004/07/adventure-works/StoreSurvey""><AnnualSales>3000000</AnnualSales><AnnualRevenue>300000</AnnualRevenue><BankName>Guardian Bank</BankName><BusinessType>OS</BusinessType><YearOpened>1991</YearOpened><Specialty>Road</Specialty><SquareFeet>74000</SquareFeet><Brands>4+</Brands><Internet>T1</Internet><NumberEmployees>67</NumberEmployees></StoreSurvey>",,2014-09-12 11:15:07.497,True,2006-06-23,9999-12-31 00:00:00,b001ce19b8403664b4791c8af168938c1e5b89f5a74fd9bb5fa9b030459e31a4
391,984,Riding Cycles,16,289,"<StoreSurvey xmlns=""http://schemas.microsoft.com/sqlserver/2004/07/adventure-works/StoreSurvey""><AnnualSales>3000000</AnnualSales><AnnualRevenue>300000</AnnualRevenue><BankName>International Security</BankName><BusinessType>OS</BusinessType><YearOpened>1993</YearOpened><Specialty>Road</Specialty><SquareFeet>74000</SquareFeet><Brands>3</Brands><Internet>ISDN</Internet><NumberEmployees>70</NumberEmployees></StoreSurvey>",,2014-09-12 11:15:07.497,True,2006-06-23,9999-12-31 00:00:00,f84338945f2f8dac9b8f55faa56d67432b538ef89154926e668e3e68f79bb884
392,986,Metro Manufacturing,9,282,"<StoreSurvey xmlns=""http://schemas.microsoft.com/sqlserver/2004/07/adventure-works/StoreSurvey""><AnnualSales>1500000</AnnualSales><AnnualRevenue>150000</AnnualRevenue><BankName>International Security</BankName><BusinessType>BS</BusinessType><YearOpened>1977</YearOpened><Specialty>Mountain</Specialty><SquareFeet>36000</SquareFeet><Brands>4+</Brands><Internet>DSL</Internet><NumberEmployees>41</NumberEmployees></StoreSurvey>",,2014-09-12 11:15:07.497,True,2006-06-23,9999-12-31 00:00:00,b47d913a18657e572abb26fa482114e01d92d9330dea66d0709ac612e35f269f
393,988,Manufacturers Inc,6,279,"<StoreSurvey xmlns=""http://schemas.microsoft.com/sqlserver/2004/07/adventure-works/StoreSurvey""><AnnualSales>1500000</AnnualSales><AnnualRevenue>150000</AnnualRevenue><BankName>Guardian Bank</BankName><BusinessType>BS</BusinessType><YearOpened>1985</YearOpened><Specialty>Road</Specialty><SquareFeet>39000</SquareFeet><Brands>3</Brands><Internet>DSL</Internet><NumberEmployees>42</NumberEmployees></StoreSurvey>",,2014-09-12 11:15:07.497,True,2006-06-23,9999-12-31 00:00:00,5b22a9d18ef2a1b7fc064fa28a1af797be3520f053433b777c070674e5f02c75
394,990,Locks Company,8,281,"<StoreSurvey xmlns=""http://schemas.microsoft.com/sqlserver/2004/07/adventure-works/StoreSurvey""><AnnualSales>1500000</AnnualSales><AnnualRevenue>150000</AnnualRevenue><BankName>Primary International</BankName><BusinessType>BS</BusinessType><YearOpened>1980</YearOpened><Specialty>Touring</Specialty><SquareFeet>40000</SquareFeet><Brands>4+</Brands><Internet>DSL</Internet><NumberEmployees>43</NumberEmployees></StoreSurvey>",,2014-09-12 11:15:07.497,True,2006-06-23,9999-12-31 00:00:00,081d89a0efff1dbc4b2b4d4a7f16f3b67e3d6605eb749e331c9ed0ff60c92b52
395,992,Latest Accessories Sales,10,283,"<StoreSurvey xmlns=""http://schemas.microsoft.com/sqlserver/2004/07/adventure-works/StoreSurvey""><AnnualSales>1500000</AnnualSales><AnnualRevenue>150000</AnnualRevenue><BankName>Reserve Security</BankName><BusinessType>BS</BusinessType><YearOpened>1988</YearOpened><Specialty>Road</Specialty><SquareFeet>38000</SquareFeet><Brands>4+</Brands><Internet>T1</Internet><NumberEmployees>44</NumberEmployees></StoreSurvey>",,2014-09-12 11:15:07.497,True,2006-06-23,9999-12-31 00:00:00,7545e353419eb61a815fb4a29b2a2527a1ec653557e71aac9ba12d41cd0af678
396,994,Incomparable Bicycle Store,2,275,"<StoreSurvey xmlns=""http://schemas.microsoft.com/sqlserver/2004/07/adventure-works/StoreSurvey""><AnnualSales>1500000</AnnualSales><AnnualRevenue>150000</AnnualRevenue><BankName>United Security</BankName><BusinessType>BS</BusinessType><YearOpened>1983</YearOpened><Specialty>Touring</Specialty><SquareFeet>41000</SquareFeet><Brands>2</Brands><Internet>DSL</Internet><NumberEmployees>45</NumberEmployees></StoreSurvey>",,2014-09-12 11:15:07.497,True,2006-06-23,9999-12-31 00:00:00,7e0200f371ca7121cb92747b95b1801f549bd556182f5dcc91f25e3079dd3192
397,996,Hometown Riding Supplies,15,288,"<StoreSurvey xmlns=""http://schemas.microsoft.com/sqlserver/2004/07/adventure-works/StoreSurvey""><AnnualSales>1500000</AnnualSales><AnnualRevenue>150000</AnnualRevenue><BankName>International Bank</BankName><BusinessType>BS</BusinessType><YearOpened>1991</YearOpened><Specialty>Mountain</Specialty><SquareFeet>38000</SquareFeet><Brands>4+</Brands><Internet>T1</Internet><NumberEmployees>46</NumberEmployees></StoreSurvey>",,2014-09-12 11:15:07.497,True,2006-06-23,9999-12-31 00:00:00,e71672dcf1e0f66ca87ac7a7f8e446d0286814bf8ef51991f8d856e0e4e29d9f
398,998,Greater Bike Store,9,282,"<StoreSurvey xmlns=""http://schemas.microsoft.com/sqlserver/2004/07/adventure-works/StoreSurvey""><AnnualSales>1500000</AnnualSales><AnnualRevenue>150000</AnnualRevenue><BankName>Primary Bank &amp; Reserve</BankName><BusinessType>BS</BusinessType><YearOpened>1986</YearOpened><Specialty>Mountain</Specialty><SquareFeet>39000</SquareFeet><Brands>3</Brands><Internet>ISDN</Internet><NumberEmployees>47</NumberEmployees></StoreSurvey>",,2014-09-12 11:15:07.497,True,2006-06-23,9999-12-31 00:00:00,25ab4d5a3e5ef18da8deda95b5ab2a3088701f49c7e829d18ff4d0dc3d686f06
399,1000,Games and Sport Supply Company,6,279,"<StoreSurvey xmlns=""http://schemas.microsoft.com/sqlserver/2004/07/adventure-works/StoreSurvey""><AnnualSales>1500000</AnnualSales><AnnualRevenue>150000</AnnualRevenue><BankName>International Security</BankName><BusinessType>BS</BusinessType><YearOpened>1994</YearOpened><Specialty>Touring</Specialty><SquareFeet>42000</SquareFeet><Brands>4+</Brands><Internet>DSL</Internet><NumberEmployees>48</NumberEmployees></StoreSurvey>",,2014-09-12 11:15:07.497,True,2006-06-23,9999-12-31 00:00:00,9b5d0647d0753301f6879609e4b7a2ad68c1c3354de3d4d16e1374e3caaf0d09
400,1002,Distant Inn,8,281,"<StoreSurvey xmlns=""http://schemas.microsoft.com/sqlserver/2004/07/adventure-works/StoreSurvey""><AnnualSales>1500000</AnnualSales><AnnualRevenue>150000</AnnualRevenue><BankName>Guardian Bank</BankName><BusinessType>BS</BusinessType><YearOpened>1989</YearOpened><Specialty>Road</Specialty><SquareFeet>38000</SquareFeet><Brands>4+</Brands><Internet>DSL</Internet><NumberEmployees>49</NumberEmployees></StoreSurvey>",,2014-09-12 11:15:07.497,True,2006-06-23,9999-12-31 00:00:00,b79dc1072e89da670bd4ef8d2fbe81745dc0b479b324820bede58df8def7b9a3
401,1004,Finer Mart,10,283,"<StoreSurvey xmlns=""http://schemas.microsoft.com/sqlserver/2004/07/adventure-works/StoreSurvey""><AnnualSales>1500000</AnnualSales><AnnualRevenue>150000</AnnualRevenue><BankName>Primary International</BankName><BusinessType>BS</BusinessType><YearOpened>1997</YearOpened><Specialty>Touring</Specialty><SquareFeet>38000</SquareFeet><Brands>3</Brands><Internet>DSL</Internet><NumberEmployees>46</NumberEmployees></StoreSurvey>",,2014-09-12 11:15:07.497,True,2006-06-23,9999-12-31 00:00:00,547483732ea76165634a39c380ba71359ee23386464c61e9256c6a91de1857d4
402,1006,Economic Parts Supply,2,275,"<StoreSurvey xmlns=""http://schemas.microsoft.com/sqlserver/2004/07/adventure-works/StoreSurvey""><AnnualSales>1500000</AnnualSales><AnnualRevenue>150000</AnnualRevenue><BankName>Reserve Security</BankName><BusinessType>BS</BusinessType><YearOpened>1992</YearOpened><Specialty>Road</Specialty><SquareFeet>40000</SquareFeet><Brands>4+</Brands><Internet>T1</Internet><NumberEmployees>43</NumberEmployees></StoreSurvey>",,2014-09-12 11:15:07.497,True,2006-06-23,9999-12-31 00:00:00,d758a05dcd98eed02449c6590441dc9b8bb12b0236dd8e394f0cf03de8a2c206
403,1008,Precision Gears Inc.,15,288,"<StoreSurvey xmlns=""http://schemas.microsoft.com/sqlserver/2004/07/adventure-works/StoreSurvey""><AnnualSales>1500000</AnnualSales><AnnualRevenue>150000</AnnualRevenue><BankName>United Security</BankName><BusinessType>BS</BusinessType><YearOpened>1995</YearOpened><Specialty>Road</Specialty><SquareFeet>38000</SquareFeet><Brands>3</Brands><Internet>DSL</Internet><NumberEmployees>40</NumberEmployees></StoreSurvey>",,2014-09-12 11:15:07.497,True,2006-06-23,9999-12-31 00:00:00,1061b2fd38ed198482568b500c26745daafb0b68910013cf2ff45737442b4844
404,1010,Cross-Country Riding Supplies,9,282,"<StoreSurvey xmlns=""http://schemas.microsoft.com/sqlserver/2004/07/adventure-works/StoreSurvey""><AnnualSales>1500000</AnnualSales><AnnualRevenue>150000</AnnualRevenue><BankName>International Bank</BankName><BusinessType>BS</BusinessType><YearOpened>1995</YearOpened><Specialty>Mountain</Specialty><SquareFeet>36000</SquareFeet><Brands>3</Brands><Internet>T2</Internet><NumberEmployees>37</NumberEmployees></StoreSurvey>",,2014-09-12 11:15:07.497,True,2006-06-23,9999-12-31 00:00:00,a411afefea9c2b96649d813823e4d1587d17616fc60f2dcbe7bcc83b7c388159
405,1012,Stylish Department Stores,6,279,"<StoreSurvey xmlns=""http://schemas.microsoft.com/sqlserver/2004/07/adventure-works/StoreSurvey""><AnnualSales>1500000</AnnualSales><AnnualRevenue>150000</AnnualRevenue><BankName>Primary Bank &amp; Reserve</BankName><BusinessType>BS</BusinessType><YearOpened>1983</YearOpened><Specialty>Road</Specialty><SquareFeet>39000</SquareFeet><Brands>3</Brands><Internet>T1</Internet><NumberEmployees>34</NumberEmployees></StoreSurvey>",,2014-09-12 11:15:07.497,True,2006-06-23,9999-12-31 00:00:00,bf1c4dc50af8f342fa26bb14e4d8a1b8f9c0fb79ba9d6eec404e68bf05cde29f
406,1014,Bike World,8,281,"<StoreSurvey xmlns=""http://schemas.microsoft.com/sqlserver/2004/07/adventure-works/StoreSurvey""><AnnualSales>1500000</AnnualSales><AnnualRevenue>150000</AnnualRevenue><BankName>International Security</BankName><BusinessType>BS</BusinessType><YearOpened>1998</YearOpened><Specialty>Mountain</Specialty><SquareFeet>35000</SquareFeet><Brands>4+</Brands><Internet>T1</Internet><NumberEmployees>31</NumberEmployees></StoreSurvey>",,2014-09-12 11:15:07.497,True,2006-06-23,9999-12-31 00:00:00,ae4bb0d3b9e205144196aec29273ec91e9d303d126e6debf3067f4184fcac245
407,1016,Central Discount Store,10,283,"<StoreSurvey xmlns=""http://schemas.microsoft.com/sqlserver/2004/07/adventure-works/StoreSurvey""><AnnualSales>1000000</AnnualSales><AnnualRevenue>100000</AnnualRevenue><BankName>Guardian Bank</BankName><BusinessType>BS</BusinessType><YearOpened>1971</YearOpened><Specialty>Mountain</Specialty><SquareFeet>25000</SquareFeet><Brands>4+</Brands><Internet>T1</Internet><NumberEmployees>28</NumberEmployees></StoreSurvey>",,2014-09-12 11:15:07.497,True,2006-06-23,9999-12-31 00:00:00,60cc165d8bbde96f3880bd15850e67f28e36643fccd0dd245e7c440c99b5ae45
408,1018,Trusted Catalog Store,2,275,"<StoreSurvey xmlns=""http://schemas.microsoft.com/sqlserver/2004/07/adventure-works/StoreSurvey""><AnnualSales>1000000</AnnualSales><AnnualRevenue>100000</AnnualRevenue><BankName>Primary International</BankName><BusinessType>BS</BusinessType><YearOpened>2001</YearOpened><Specialty>Mountain</Specialty><SquareFeet>25000</SquareFeet><Brands>4+</Brands><Internet>T1</Internet><NumberEmployees>25</NumberEmployees></StoreSurvey>",,2014-09-12 11:15:07.497,True,2006-06-23,9999-12-31 00:00:00,7f469b9926238493a788ef58ba789c945688d6f55f58c1812e1d1eecb66a2fbb
409,1020,Bicycle Warehouse Inc.,15,288,"<StoreSurvey xmlns=""http://schemas.microsoft.com/sqlserver/2004/07/adventure-works/StoreSurvey""><AnnualSales>1000000</AnnualSales><AnnualRevenue>100000</AnnualRevenue><BankName>Reserve Security</BankName><BusinessType>BS</BusinessType><YearOpened>1996</YearOpened><Specialty>Mountain</Specialty><SquareFeet>26000</SquareFeet><Brands>4+</Brands><Internet>ISDN</Internet><NumberEmployees>22</NumberEmployees></StoreSurvey>",,2014-09-12 11:15:07.497,True,2006-06-23,9999-12-31 00:00:00,42845ffcb0da4706b940f7f159b4d6a54b3548977a3ff189748f3d5e64c64096
410,1022,Sharp Bikes,9,282,"<StoreSurvey xmlns=""http://schemas.microsoft.com/sqlserver/2004/07/adventure-works/StoreSurvey""><AnnualSales>800000</AnnualSales><AnnualRevenue>80000</AnnualRevenue><BankName>United Security</BankName><BusinessType>BS</BusinessType><YearOpened>1990</YearOpened><Specialty>Mountain</Specialty><SquareFeet>19000</SquareFeet><Brands>AW</Brands><Internet>DSL</Internet><NumberEmployees>19</NumberEmployees></StoreSurvey>",,2014-09-12 11:15:07.497,True,2006-06-23,9999-12-31 00:00:00,c39c5faa503bb1a364055df151b5bb8ca32ac0824a51a18786c4fce38fc1d367
411,1024,Exemplary Cycles,6,279,"<StoreSurvey xmlns=""http://schemas.microsoft.com/sqlserver/2004/07/adventure-works/StoreSurvey""><AnnualSales>800000</AnnualSales><AnnualRevenue>80000</AnnualRevenue><BankName>International Bank</BankName><BusinessType>BS</BusinessType><YearOpened>1984</YearOpened><Specialty>Touring</Specialty><SquareFeet>20000</SquareFeet><Brands>AW</Brands><Internet>ISDN</Internet><NumberEmployees>16</NumberEmployees></StoreSurvey>",,2014-09-12 11:15:07.497,True,2006-06-23,9999-12-31 00:00:00,3d3ebac2e925b2895473b0b8f16559ac88beb50e63f09fb3db79069f5ea7f453
412,1026,Metropolitan Sports Supply,8,281,"<StoreSurvey xmlns=""http://schemas.microsoft.com/sqlserver/2004/07/adventure-works/StoreSurvey""><AnnualSales>800000</AnnualSales><AnnualRevenue>80000</AnnualRevenue><BankName>Primary Bank &amp; Reserve</BankName><BusinessType>BS</BusinessType><YearOpened>1978</YearOpened><Specialty>Road</Specialty><SquareFeet>21000</SquareFeet><Brands>4+</Brands><Internet>T2</Internet><NumberEmployees>13</NumberEmployees></StoreSurvey>",,2014-09-12 11:15:07.497,True,2006-06-23,9999-12-31 00:00:00,915ac6a182e061393eb3c730dfc510455865bb167856cbf1f68290a2aeec8015
413,1028,Progressive Sports,10,283,"<StoreSurvey xmlns=""http://schemas.microsoft.com/sqlserver/2004/07/adventure-works/StoreSurvey""><AnnualSales>800000</AnnualSales><AnnualRevenue>80000</AnnualRevenue><BankName>International Security</BankName><BusinessType>BS</BusinessType><YearOpened>1972</YearOpened><Specialty>Mountain</Specialty><SquareFeet>18000</SquareFeet><Brands>3</Brands><Internet>T1</Internet><NumberEmployees>10</NumberEmployees></StoreSurvey>",,2014-09-12 11:15:07.497,True,2006-06-23,9999-12-31 00:00:00,e5228cf2886344568284902cf846800c29eb1fdf678cabb98f8d43084a61ad3e
414,1030,Underglaze and Finish Company,6,279,"<StoreSurvey xmlns=""http://schemas.microsoft.com/sqlserver/2004/07/adventure-works/StoreSurvey""><AnnualSales>800000</AnnualSales><AnnualRevenue>80000</AnnualRevenue><BankName>Reserve Security</BankName><BusinessType>BM</BusinessType><YearOpened>1993</YearOpened><Specialty>Road</Specialty><SquareFeet>18000</SquareFeet><Brands>AW</Brands><Internet>T1</Internet><NumberEmployees>11</NumberEmployees></StoreSurvey>",,2014-09-12 11:15:07.497,True,2006-06-23,9999-12-31 00:00:00,47beb44305cb162fe71a0ababe26bbf5443f46ac04630cf09f73ec93361eb405
415,1032,Brakes and Gears,3,276,"<StoreSurvey xmlns=""http://schemas.microsoft.com/sqlserver/2004/07/adventure-works/StoreSurvey""><AnnualSales>800000</AnnualSales><AnnualRevenue>80000</AnnualRevenue><BankName>United Security</BankName><BusinessType>BM</BusinessType><YearOpened>1988</YearOpened><Specialty>Mountain</Specialty><SquareFeet>18000</SquareFeet><Brands>AW</Brands><Internet>DSL</Internet><NumberEmployees>12</NumberEmployees></StoreSurvey>",,2014-09-12 11:15:07.497,True,2006-06-23,9999-12-31 00:00:00,37fd0a99e80b7fae30a352b7fb6c63b319b88b4492ffe0a2cf57b8d7fbba39a7
416,1034,The Accessories Store,4,277,"<StoreSurvey xmlns=""http://schemas.microsoft.com/sqlserver/2004/07/adventure-works/StoreSurvey""><AnnualSales>800000</AnnualSales><AnnualRevenue>80000</AnnualRevenue><BankName>International Bank</BankName><BusinessType>BM</BusinessType><YearOpened>1996</YearOpened><Specialty>Road</Specialty><SquareFeet>18000</SquareFeet><Brands>2</Brands><Internet>DSL</Internet><NumberEmployees>13</NumberEmployees></StoreSurvey>",,2014-09-12 11:15:07.497,True,2006-06-23,9999-12-31 00:00:00,2f1fc30468f57d61912afefc56da6bfefb275a3ca243bd98509fec9910b6e7ea
417,1036,Mountain Bike Store,2,275,"<StoreSurvey xmlns=""http://schemas.microsoft.com/sqlserver/2004/07/adventure-works/StoreSurvey""><AnnualSales>800000</AnnualSales><AnnualRevenue>80000</AnnualRevenue><BankName>Primary Bank &amp; Reserve</BankName><BusinessType>BM</BusinessType><YearOpened>1991</YearOpened><Specialty>Touring</Specialty><SquareFeet>22000</SquareFeet><Brands>4+</Brands><Internet>DSL</Internet><NumberEmployees>14</NumberEmployees></StoreSurvey>",,2014-09-12 11:15:07.497,True,2006-06-23,9999-12-31 00:00:00,c8672bf6449cbd02b0bf53cec389e19b122824983f9e5d7f171a54ba09da9e2e
418,1038,Bike Part Wholesalers,13,286,"<StoreSurvey xmlns=""http://schemas.microsoft.com/sqlserver/2004/07/adventure-works/StoreSurvey""><AnnualSales>800000</AnnualSales><AnnualRevenue>80000</AnnualRevenue><BankName>International Security</BankName><BusinessType>BM</BusinessType><YearOpened>1999</YearOpened><Specialty>Touring</Specialty><SquareFeet>21000</SquareFeet><Brands>3</Brands><Internet>T2</Internet><NumberEmployees>15</NumberEmployees></StoreSurvey>",,2014-09-12 11:15:07.497,True,2006-06-23,9999-12-31 00:00:00,0caa1ad5438fbc56845bcb4d0302eea716165894d937b8bb1fb641463457d2a0
419,1040,Family Cycle Store,5,278,"<StoreSurvey xmlns=""http://schemas.microsoft.com/sqlserver/2004/07/adventure-works/StoreSurvey""><AnnualSales>800000</AnnualSales><AnnualRevenue>80000</AnnualRevenue><BankName>Guardian Bank</BankName><BusinessType>BM</BusinessType><YearOpened>1994</YearOpened><Specialty>Mountain</Specialty><SquareFeet>18000</SquareFeet><Brands>4+</Brands><Internet>DSL</Internet><NumberEmployees>16</NumberEmployees></StoreSurvey>",,2014-09-12 11:15:07.497,True,2006-06-23,9999-12-31 00:00:00,12c78652b0c244b97969a9e74fbe226e00e68c8a6f4a98fec49e9e57788c4a67
420,1042,Popular Bike Lines,13,286,"<StoreSurvey xmlns=""http://schemas.microsoft.com/sqlserver/2004/07/adventure-works/StoreSurvey""><AnnualSales>800000</AnnualSales><AnnualRevenue>80000</AnnualRevenue><BankName>Primary International</BankName><BusinessType>BM</BusinessType><YearOpened>1987</YearOpened><Specialty>Touring</Specialty><SquareFeet>20000</SquareFeet><Brands>4+</Brands><Internet>T1</Internet><NumberEmployees>17</NumberEmployees></StoreSurvey>",,2014-09-12 11:15:07.497,True,2006-06-23,9999-12-31 00:00:00,979b0f97d52002a27005d1ddb3535f85f0d6ea69619891ccca6ee32447c56487
421,1044,Superb Sales and Repair,5,278,"<StoreSurvey xmlns=""http://schemas.microsoft.com/sqlserver/2004/07/adventure-works/StoreSurvey""><AnnualSales>800000</AnnualSales><AnnualRevenue>80000</AnnualRevenue><BankName>Reserve Security</BankName><BusinessType>BM</BusinessType><YearOpened>1997</YearOpened><Specialty>Road</Specialty><SquareFeet>19000</SquareFeet><Brands>3</Brands><Internet>DSL</Internet><NumberEmployees>18</NumberEmployees></StoreSurvey>",,2014-09-12 11:15:07.497,True,2006-06-23,9999-12-31 00:00:00,f3fc77ec21958a0b327210d2e2d93d953e4f69be7b37bdcde040800e6bb6954b
422,1046,Better Bike Shop,6,279,"<StoreSurvey xmlns=""http://schemas.microsoft.com/sqlserver/2004/07/adventure-works/StoreSurvey""><AnnualSales>800000</AnnualSales><AnnualRevenue>80000</AnnualRevenue><BankName>United Security</BankName><BusinessType>BM</BusinessType><YearOpened>1975</YearOpened><Specialty>Mountain</Specialty><SquareFeet>19000</SquareFeet><Brands>4+</Brands><Internet>DSL</Internet><NumberEmployees>19</NumberEmployees></StoreSurvey>",,2014-09-12 11:15:07.497,True,2006-06-23,9999-12-31 00:00:00,a1ec786052a1aefd0e5a09bc5b0a71a09a4aba0266c2ec8513234383063a6fc8
423,1048,Countryside Company,3,276,"<StoreSurvey xmlns=""http://schemas.microsoft.com/sqlserver/2004/07/adventure-works/StoreSurvey""><AnnualSales>1000000</AnnualSales><AnnualRevenue>100000</AnnualRevenue><BankName>International Bank</BankName><BusinessType>BM</BusinessType><YearOpened>2000</YearOpened><Specialty>Mountain</Specialty><SquareFeet>26000</SquareFeet><Brands>2</Brands><Internet>ISDN</Internet><NumberEmployees>20</NumberEmployees></StoreSurvey>",,2014-09-12 11:15:07.497,True,2006-06-23,9999-12-31 00:00:00,e2395265f9628745e17d254cd6888144c04f710494296e500a44733a1fafb9fd
424,1050,First Bike Store,4,277,"<StoreSurvey xmlns=""http://schemas.microsoft.com/sqlserver/2004/07/adventure-works/StoreSurvey""><AnnualSales>800000</AnnualSales><AnnualRevenue>80000</AnnualRevenue><BankName>Primary Bank &amp; Reserve</BankName><BusinessType>BM</BusinessType><YearOpened>2000</YearOpened><Specialty>Road</Specialty><SquareFeet>21000</SquareFeet><Brands>3</Brands><Internet>DSL</Internet><NumberEmployees>17</NumberEmployees></StoreSurvey>",,2014-09-12 11:15:07.497,True,2006-06-23,9999-12-31 00:00:00,d011ea07a8d86c7d59e8099d98f512d1dcbc4978bf496ff5bce98eedd9961390
425,1052,Traditional Department Stores,2,275,"<StoreSurvey xmlns=""http://schemas.microsoft.com/sqlserver/2004/07/adventure-works/StoreSurvey""><AnnualSales>800000</AnnualSales><AnnualRevenue>80000</AnnualRevenue><BankName>International Security</BankName><BusinessType>BM</BusinessType><YearOpened>1994</YearOpened><Specialty>Mountain</Specialty><SquareFeet>18000</SquareFeet><Brands>2</Brands><Internet>T1</Internet><NumberEmployees>14</NumberEmployees></StoreSurvey>",,2014-09-12 11:15:07.497,True,2006-06-23,9999-12-31 00:00:00,a1ca1263c66bb195ce6d300cb4e328d6906fc1c82fc162e8bf43b1be69880aff
426,1054,Eastside Cycle Shop,13,286,"<StoreSurvey xmlns=""http://schemas.microsoft.com/sqlserver/2004/07/adventure-works/StoreSurvey""><AnnualSales>800000</AnnualSales><AnnualRevenue>80000</AnnualRevenue><BankName>Guardian Bank</BankName><BusinessType>BM</BusinessType><YearOpened>1988</YearOpened><Specialty>Touring</Specialty><SquareFeet>21000</SquareFeet><Brands>2</Brands><Internet>T1</Internet><NumberEmployees>11</NumberEmployees></StoreSurvey>",,2014-09-12 11:15:07.497,True,2006-06-23,9999-12-31 00:00:00,15c98f4b8fc1a2d120a976845bcb261b42153b68a2d94ad437b404c54a880b70
427,1056,General Department Stores,5,278,"<StoreSurvey xmlns=""http://schemas.microsoft.com/sqlserver/2004/07/adventure-works/StoreSurvey""><AnnualSales>300000</AnnualSales><AnnualRevenue>30000</AnnualRevenue><BankName>Primary International</BankName><BusinessType>BM</BusinessType><YearOpened>1982</YearOpened><Specialty>Mountain</Specialty><SquareFeet>11000</SquareFeet><Brands>3</Brands><Internet>DSL</Internet><NumberEmployees>8</NumberEmployees></StoreSurvey>",,2014-09-12 11:15:07.497,True,2006-06-23,9999-12-31 00:00:00,8d5e2497c29aea683093beb906a3faa7d5981f0f223e70deb6152ecb80c872a5
428,1058,Mass Market Bikes,13,286,"<StoreSurvey xmlns=""http://schemas.microsoft.com/sqlserver/2004/07/adventure-works/StoreSurvey""><AnnualSales>300000</AnnualSales><AnnualRevenue>30000</AnnualRevenue><BankName>Reserve Security</BankName><BusinessType>BM</BusinessType><YearOpened>1976</YearOpened><Specialty>Touring</Specialty><SquareFeet>7000</SquareFeet><Brands>AW</Brands><Internet>DSL</Internet><NumberEmployees>5</NumberEmployees></StoreSurvey>",,2014-09-12 11:15:07.497,True,2006-06-23,9999-12-31 00:00:00,44c5d8c2f43fa966d397980371894571141050d0e7d117620626ce93b3ca1871
429,1060,Operational Manufacturing,5,278,"<StoreSurvey xmlns=""http://schemas.microsoft.com/sqlserver/2004/07/adventure-works/StoreSurvey""><AnnualSales>300000</AnnualSales><AnnualRevenue>30000</AnnualRevenue><BankName>United Security</BankName><BusinessType>BM</BusinessType><YearOpened>1970</YearOpened><Specialty>Mountain</Specialty><SquareFeet>8000</SquareFeet><Brands>3</Brands><Internet>DSL</Internet><NumberEmployees>2</NumberEmployees></StoreSurvey>",,2014-09-12 11:15:07.497,True,2006-06-23,9999-12-31 00:00:00,4d1a7ab6618925d63c70b810a6a29fa19b6f6a052e6f4b0fcc63f187f6d470fb
430,1062,Online Bike Warehouse,9,282,"<StoreSurvey xmlns=""http://schemas.microsoft.com/sqlserver/2004/07/adventure-works/StoreSurvey""><AnnualSales>800000</AnnualSales><AnnualRevenue>80000</AnnualRevenue><BankName>Primary International</BankName><BusinessType>BM</BusinessType><YearOpened>1997</YearOpened><Specialty>Road</Specialty><SquareFeet>21000</SquareFeet><Brands>4+</Brands><Internet>ISDN</Internet><NumberEmployees>17</NumberEmployees></StoreSurvey>",,2014-09-12 11:15:07.497,True,2006-06-23,9999-12-31 00:00:00,f98c204c7dff04f3d28367dcb9748c878e79ca5bde754f65c83c8810619993b0
431,1064,Retread Tire Company,6,279,"<StoreSurvey xmlns=""http://schemas.microsoft.com/sqlserver/2004/07/adventure-works/StoreSurvey""><AnnualSales>800000</AnnualSales><AnnualRevenue>80000</AnnualRevenue><BankName>Reserve Security</BankName><BusinessType>BM</BusinessType><YearOpened>1975</YearOpened><Specialty>Road</Specialty><SquareFeet>20000</SquareFeet><Brands>2</Brands><Internet>T1</Internet><NumberEmployees>18</NumberEmployees></StoreSurvey>",,2014-09-12 11:15:07.497,True,2006-06-23,9999-12-31 00:00:00,ea80ebacce6fd5dd99630c354cfff75fb2861d7479d422895b1d677fdb2386ba
432,1066,Small Bike Shop,8,281,"<StoreSurvey xmlns=""http://schemas.microsoft.com/sqlserver/2004/07/adventure-works/StoreSurvey""><AnnualSales>800000</AnnualSales><AnnualRevenue>80000</AnnualRevenue><BankName>United Security</BankName><BusinessType>BM</BusinessType><YearOpened>2000</YearOpened><Specialty>Mountain</Specialty><SquareFeet>23000</SquareFeet><Brands>4+</Brands><Internet>T1</Internet><NumberEmployees>19</NumberEmployees></StoreSurvey>",,2014-09-12 11:15:07.497,True,2006-06-23,9999-12-31 00:00:00,9d4319e0f967bd317cb4e2b811ed597f2873ac57a1bb5c76e7fe9a6e9cbd6102
433,1068,Superior Hardware Distributors,10,283,"<StoreSurvey xmlns=""http://schemas.microsoft.com/sqlserver/2004/07/adventure-works/StoreSurvey""><AnnualSales>1000000</AnnualSales><AnnualRevenue>100000</AnnualRevenue><BankName>International Bank</BankName><BusinessType>BM</BusinessType><YearOpened>2000</YearOpened><Specialty>Mountain</Specialty><SquareFeet>25000</SquareFeet><Brands>2</Brands><Internet>T1</Internet><NumberEmployees>20</NumberEmployees></StoreSurvey>",,2014-09-12 11:15:07.497,True,2006-06-23,9999-12-31 00:00:00,25e76b549284dfa15cdf3d34270039cad8ba10be39df05935a6b31778bf5cf7b
434,1070,Fitness Sport Boutique,2,275,"<StoreSurvey xmlns=""http://schemas.microsoft.com/sqlserver/2004/07/adventure-works/StoreSurvey""><AnnualSales>800000</AnnualSales><AnnualRevenue>80000</AnnualRevenue><BankName>Primary Bank &amp; Reserve</BankName><BusinessType>BM</BusinessType><YearOpened>1994</YearOpened><Specialty>Mountain</Specialty><SquareFeet>23000</SquareFeet><Brands>2</Brands><Internet>DSL</Internet><NumberEmployees>18</NumberEmployees></StoreSurvey>",,2014-09-12 11:15:07.497,True,2006-06-23,9999-12-31 00:00:00,355f71bf6585291c179934c2e5e109e8705f305905ac84a4ccc7247042b86c7a
435,1072,Producer Goods Clearinghouse,15,288,"<StoreSurvey xmlns=""http://schemas.microsoft.com/sqlserver/2004/07/adventure-works/StoreSurvey""><AnnualSales>800000</AnnualSales><AnnualRevenue>80000</AnnualRevenue><BankName>International Security</BankName><BusinessType>BM</BusinessType><YearOpened>1988</YearOpened><Specialty>Road</Specialty><SquareFeet>22000</SquareFeet><Brands>4+</Brands><Internet>T1</Internet><NumberEmployees>16</NumberEmployees></StoreSurvey>",,2014-09-12 11:15:07.497,True,2006-06-23,9999-12-31 00:00:00,691cb4c492ac5a56169929f52ba98322c2a2e34218a72566d145015978e12fcc
436,1074,Recreation Systems,2,275,"<StoreSurvey xmlns=""http://schemas.microsoft.com/sqlserver/2004/07/adventure-works/StoreSurvey""><AnnualSales>800000</AnnualSales><AnnualRevenue>80000</AnnualRevenue><BankName>Guardian Bank</BankName><BusinessType>BM</BusinessType><YearOpened>1982</YearOpened><Specialty>Road</Specialty><SquareFeet>20000</SquareFeet><Brands>4+</Brands><Internet>DSL</Internet><NumberEmployees>14</NumberEmployees></StoreSurvey>",,2014-09-12 11:15:07.497,True,2006-06-23,9999-12-31 00:00:00,a9b26924d19a8183215915e42b6e6c3bbc0094dc5542bc0992be48c4b2ffb97b
437,1076,Rustic Bike Store,15,288,"<StoreSurvey xmlns=""http://schemas.microsoft.com/sqlserver/2004/07/adventure-works/StoreSurvey""><AnnualSales>800000</AnnualSales><AnnualRevenue>80000</AnnualRevenue><BankName>Primary International</BankName><BusinessType>BM</BusinessType><YearOpened>1976</YearOpened><Specialty>Touring</Specialty><SquareFeet>19000</SquareFeet><Brands>4+</Brands><Internet>DSL</Internet><NumberEmployees>12</NumberEmployees></StoreSurvey>",,2014-09-12 11:15:07.497,True,2006-06-23,9999-12-31 00:00:00,8c80874b1a73924f26050e32ab3e58b386f1a66614769b0d04eef99de72c4937
438,1078,Eastside Parts Shop,9,282,"<StoreSurvey xmlns=""http://schemas.microsoft.com/sqlserver/2004/07/adventure-works/StoreSurvey""><AnnualSales>800000</AnnualSales><AnnualRevenue>80000</AnnualRevenue><BankName>Reserve Security</BankName><BusinessType>BM</BusinessType><YearOpened>1970</YearOpened><Specialty>Touring</Specialty><SquareFeet>17000</SquareFeet><Brands>AW</Brands><Internet>DSL</Internet><NumberEmployees>10</NumberEmployees></StoreSurvey>",,2014-09-12 11:15:07.497,True,2006-06-23,9999-12-31 00:00:00,865d3cf95001004eb777ea13f5780eecf514416c8009453aebff8cfa5209fdbc
439,1080,Exchange Parts Inc.,6,279,"<StoreSurvey xmlns=""http://schemas.microsoft.com/sqlserver/2004/07/adventure-works/StoreSurvey""><AnnualSales>300000</AnnualSales><AnnualRevenue>30000</AnnualRevenue><BankName>United Security</BankName><BusinessType>BM</BusinessType><YearOpened>1975</YearOpened><Specialty>Touring</Specialty><SquareFeet>9000</SquareFeet><Brands>4+</Brands><Internet>T2</Internet><NumberEmployees>8</NumberEmployees></StoreSurvey>",,2014-09-12 11:15:07.497,True,2006-06-23,9999-12-31 00:00:00,91eff00486c65fc5f13c8f0053b2a06b1cf532dc3ca2d56998efa7f8af3b8644
440,1082,First Cycle Store,8,281,"<StoreSurvey xmlns=""http://schemas.microsoft.com/sqlserver/2004/07/adventure-works/StoreSurvey""><AnnualSales>300000</AnnualSales><AnnualRevenue>30000</AnnualRevenue><BankName>International Bank</BankName><BusinessType>BM</BusinessType><YearOpened>1970</YearOpened><Specialty>Road</Specialty><SquareFeet>9000</SquareFeet><Brands>AW</Brands><Internet>T2</Internet><NumberEmployees>6</NumberEmployees></StoreSurvey>",,2014-09-12 11:15:07.497,True,2006-06-23,9999-12-31 00:00:00,c37bf2766aec489558d61c44544e460e6eb1d6b6e9964d25de560759a671f3c1
441,1084,Running and Cycling Gear,10,283,"<StoreSurvey xmlns=""http://schemas.microsoft.com/sqlserver/2004/07/adventure-works/StoreSurvey""><AnnualSales>300000</AnnualSales><AnnualRevenue>30000</AnnualRevenue><BankName>Primary Bank &amp; Reserve</BankName><BusinessType>BM</BusinessType><YearOpened>1978</YearOpened><Specialty>Touring</Specialty><SquareFeet>7000</SquareFeet><Brands>3</Brands><Internet>T2</Internet><NumberEmployees>4</NumberEmployees></StoreSurvey>",,2014-09-12 11:15:07.497,True,2006-06-23,9999-12-31 00:00:00,96679f0694841b9334d27df79b9faa2796eeeee19829d0c83817a3b5b2524b27
442,1086,Seventh Bike Store,2,275,"<StoreSurvey xmlns=""http://schemas.microsoft.com/sqlserver/2004/07/adventure-works/StoreSurvey""><AnnualSales>300000</AnnualSales><AnnualRevenue>30000</AnnualRevenue><BankName>International Security</BankName><BusinessType>BM</BusinessType><YearOpened>1973</YearOpened><Specialty>Road</Specialty><SquareFeet>10000</SquareFeet><Brands>AW</Brands><Internet>DSL</Internet><NumberEmployees>2</NumberEmployees></StoreSurvey>",,2014-09-12 11:15:07.497,True,2006-06-23,9999-12-31 00:00:00,66902ad7901fee45a9296b5a88bd4e2ff38f06b329998a4d312395243c213bc5
443,1088,Fast Services,15,288,"<StoreSurvey xmlns=""http://schemas.microsoft.com/sqlserver/2004/07/adventure-works/StoreSurvey""><AnnualSales>300000</AnnualSales><AnnualRevenue>30000</AnnualRevenue><BankName>Guardian Bank</BankName><BusinessType>BM</BusinessType><YearOpened>1981</YearOpened><Specialty>Road</Specialty><SquareFeet>9000</SquareFeet><Brands>3</Brands><Internet>DSL</Internet><NumberEmployees>3</NumberEmployees></StoreSurvey>",,2014-09-12 11:15:07.497,True,2006-06-23,9999-12-31 00:00:00,c4e158a5235cf1522ed1cde2e619bbabbe66a24a21e2be4f38794b3daac0f663
444,1090,General Associates,6,279,"<StoreSurvey xmlns=""http://schemas.microsoft.com/sqlserver/2004/07/adventure-works/StoreSurvey""><AnnualSales>300000</AnnualSales><AnnualRevenue>30000</AnnualRevenue><BankName>Primary International</BankName><BusinessType>BM</BusinessType><YearOpened>1976</YearOpened><Specialty>Road</Specialty><SquareFeet>9000</SquareFeet><Brands>2</Brands><Internet>T1</Internet><NumberEmployees>4</NumberEmployees></StoreSurvey>",,2014-09-12 11:15:07.497,True,2006-06-23,9999-12-31 00:00:00,7f98f17f4c3abbdeef3473b62eb2b68359a548624c93dc08726666dd02570da3
445,1092,Good Toys,3,276,"<StoreSurvey xmlns=""http://schemas.microsoft.com/sqlserver/2004/07/adventure-works/StoreSurvey""><AnnualSales>300000</AnnualSales><AnnualRevenue>30000</AnnualRevenue><BankName>Reserve Security</BankName><BusinessType>BM</BusinessType><YearOpened>1984</YearOpened><Specialty>Road</Specialty><SquareFeet>9000</SquareFeet><Brands>3</Brands><Internet>T1</Internet><NumberEmployees>5</NumberEmployees></StoreSurvey>",,2014-09-12 11:15:07.497,True,2006-06-23,9999-12-31 00:00:00,52db0a8ce21a4665998762c99d470764c64518162d243bb60fa8f9a07811b2fe
446,1094,Little Bicycle Supply Shop,4,277,"<StoreSurvey xmlns=""http://schemas.microsoft.com/sqlserver/2004/07/adventure-works/StoreSurvey""><AnnualSales>300000</AnnualSales><AnnualRevenue>30000</AnnualRevenue><BankName>United Security</BankName><BusinessType>BM</BusinessType><YearOpened>1979</YearOpened><Specialty>Road</Specialty><SquareFeet>11000</SquareFeet><Brands>4+</Brands><Internet>DSL</Internet><NumberEmployees>6</NumberEmployees></StoreSurvey>",,2014-09-12 11:15:07.497,True,2006-06-23,9999-12-31 00:00:00,b3b1a17e956d461c6fcec29f0511315fb831e486c48eb98f3a78453282f77490
447,1096,Retail Toy Store,6,279,"<StoreSurvey xmlns=""http://schemas.microsoft.com/sqlserver/2004/07/adventure-works/StoreSurvey""><AnnualSales>300000</AnnualSales><AnnualRevenue>30000</AnnualRevenue><BankName>International Bank</BankName><BusinessType>BM</BusinessType><YearOpened>1987</YearOpened><Specialty>Road</Specialty><SquareFeet>8000</SquareFeet><Brands>4+</Brands><Internet>T1</Internet><NumberEmployees>7</NumberEmployees></StoreSurvey>",,2014-09-12 11:15:07.497,True,2006-06-23,9999-12-31 00:00:00,0e01ad33d280c2d6fd403587554274ac94eaf6f9e09398fe7808f46abce250a5
448,1098,Strenuous Exercise Shop,3,276,"<StoreSurvey xmlns=""http://schemas.microsoft.com/sqlserver/2004/07/adventure-works/StoreSurvey""><AnnualSales>300000</AnnualSales><AnnualRevenue>30000</AnnualRevenue><BankName>Primary Bank &amp; Reserve</BankName><BusinessType>BM</BusinessType><YearOpened>1982</YearOpened><Specialty>Mountain</Specialty><SquareFeet>7000</SquareFeet><Brands>4+</Brands><Internet>T2</Internet><NumberEmployees>8</NumberEmployees></StoreSurvey>",,2014-09-12 11:15:07.497,True,2006-06-23,9999-12-31 00:00:00,eb71005599b8855a58aacc36b0d25e05fc32e867858b55296b1f26fe7f12c2bd
449,1100,All Seasons Sports Supply,4,277,"<StoreSurvey xmlns=""http://schemas.microsoft.com/sqlserver/2004/07/adventure-works/StoreSurvey""><AnnualSales>300000</AnnualSales><AnnualRevenue>30000</AnnualRevenue><BankName>International Security</BankName><BusinessType>BM</BusinessType><YearOpened>1990</YearOpened><Specialty>Touring</Specialty><SquareFeet>10000</SquareFeet><Brands>AW</Brands><Internet>DSL</Internet><NumberEmployees>9</NumberEmployees></StoreSurvey>",,2014-09-12 11:15:07.497,True,2006-06-23,9999-12-31 00:00:00,1be41a6650e554b2ea1bec9bef32bdd0296ff8d61d1d3cafd241641f256bb727
450,1102,Leisure Clearing House,16,289,"<StoreSurvey xmlns=""http://schemas.microsoft.com/sqlserver/2004/07/adventure-works/StoreSurvey""><AnnualSales>800000</AnnualSales><AnnualRevenue>80000</AnnualRevenue><BankName>Guardian Bank</BankName><BusinessType>BM</BusinessType><YearOpened>1970</YearOpened><Specialty>Road</Specialty><SquareFeet>20000</SquareFeet><Brands>2</Brands><Internet>DSL</Internet><NumberEmployees>10</NumberEmployees></StoreSurvey>",,2014-09-12 11:15:07.497,True,2006-06-23,9999-12-31 00:00:00,e5e1cdf01b9d58ee192191791e147bfbbf6938df25e62e68928d170036d6edd9
451,1104,Outdoor Toy Store,17,290,"<StoreSurvey xmlns=""http://schemas.microsoft.com/sqlserver/2004/07/adventure-works/StoreSurvey""><AnnualSales>300000</AnnualSales><AnnualRevenue>30000</AnnualRevenue><BankName>Primary International</BankName><BusinessType>BM</BusinessType><YearOpened>1975</YearOpened><Specialty>Mountain</Specialty><SquareFeet>8000</SquareFeet><Brands>3</Brands><Internet>ISDN</Internet><NumberEmployees>8</NumberEmployees></StoreSurvey>",,2014-09-12 11:15:07.497,True,2006-06-23,9999-12-31 00:00:00,ede9361482f076bf873750da82fb2203de272b975c171fa2decb9a80b1577975
452,1106,The Commissary,9,282,"<StoreSurvey xmlns=""http://schemas.microsoft.com/sqlserver/2004/07/adventure-works/StoreSurvey""><AnnualSales>300000</AnnualSales><AnnualRevenue>30000</AnnualRevenue><BankName>Reserve Security</BankName><BusinessType>BM</BusinessType><YearOpened>1970</YearOpened><Specialty>Road</Specialty><SquareFeet>9000</SquareFeet><Brands>3</Brands><Internet>DSL</Internet><NumberEmployees>6</NumberEmployees></StoreSurvey>",,2014-09-12 11:15:07.497,True,2006-06-23,9999-12-31 00:00:00,a1292853615d4a688ae1dca0bd79917791532f015dcefc192f2a49d6049aba88
453,1108,Affordable Sports Equipment,8,281,"<StoreSurvey xmlns=""http://schemas.microsoft.com/sqlserver/2004/07/adventure-works/StoreSurvey""><AnnualSales>300000</AnnualSales><AnnualRevenue>30000</AnnualRevenue><BankName>United Security</BankName><BusinessType>BM</BusinessType><YearOpened>1978</YearOpened><Specialty>Road</Specialty><SquareFeet>8000</SquareFeet><Brands>AW</Brands><Internet>DSL</Internet><NumberEmployees>4</NumberEmployees></StoreSurvey>",,2014-09-12 11:15:07.497,True,2006-06-23,9999-12-31 00:00:00,d850e99dbf4c1e9f275d6f1d1608a28ef5be600f51fae4f68e3723c25e9b03d9
454,1110,Local Sales and Rental,4,277,"<StoreSurvey xmlns=""http://schemas.microsoft.com/sqlserver/2004/07/adventure-works/StoreSurvey""><AnnualSales>300000</AnnualSales><AnnualRevenue>30000</AnnualRevenue><BankName>International Bank</BankName><BusinessType>BM</BusinessType><YearOpened>1973</YearOpened><Specialty>Touring</Specialty><SquareFeet>10000</SquareFeet><Brands>2</Brands><Internet>DSL</Internet><NumberEmployees>2</NumberEmployees></StoreSurvey>",,2014-09-12 11:15:07.497,True,2006-06-23,9999-12-31 00:00:00,b9a859ad819bb867552aae5b3f5d2a98cb9dba26c5b2ad206649a08f397192f0
455,1112,Economy Center,9,282,"<StoreSurvey xmlns=""http://schemas.microsoft.com/sqlserver/2004/07/adventure-works/StoreSurvey""><AnnualSales>1500000</AnnualSales><AnnualRevenue>150000</AnnualRevenue><BankName>International Bank</BankName><BusinessType>BS</BusinessType><YearOpened>1998</YearOpened><Specialty>Mountain</Specialty><SquareFeet>35000</SquareFeet><Brands>4+</Brands><Internet>T2</Internet><NumberEmployees>31</NumberEmployees></StoreSurvey>",,2014-09-12 11:15:07.497,True,2006-06-23,9999-12-31 00:00:00,9a83d44df07942e0056451cb36b9e8383431d53304cb84ea84583a5a1fecd8cf
456,1114,Community Department Stores,17,290,"<StoreSurvey xmlns=""http://schemas.microsoft.com/sqlserver/2004/07/adventure-works/StoreSurvey""><AnnualSales>1500000</AnnualSales><AnnualRevenue>150000</AnnualRevenue><BankName>United Security</BankName><BusinessType>BS</BusinessType><YearOpened>1983</YearOpened><Specialty>Mountain</Specialty><SquareFeet>36000</SquareFeet><Brands>3</Brands><Internet>T2</Internet><NumberEmployees>34</NumberEmployees></StoreSurvey>",,2014-09-12 11:15:07.497,True,2006-06-23,9999-12-31 00:00:00,71df433966e741234ac7692af50e42fa7d6bb68e49abb0b8c2c72436e8a336cf
457,1116,Area Sheet Metal Supply,16,289,"<StoreSurvey xmlns=""http://schemas.microsoft.com/sqlserver/2004/07/adventure-works/StoreSurvey""><AnnualSales>1500000</AnnualSales><AnnualRevenue>150000</AnnualRevenue><BankName>Reserve Security</BankName><BusinessType>BS</BusinessType><YearOpened>1995</YearOpened><Specialty>Road</Specialty><SquareFeet>36000</SquareFeet><Brands>4+</Brands><Internet>T2</Internet><NumberEmployees>37</NumberEmployees></StoreSurvey>",,2014-09-12 11:15:07.497,True,2006-06-23,9999-12-31 00:00:00,49fb07408948ff4b37fbfa804fc7f982361eb77bb07d84f681e898a670cf5ed4
458,1118,Synthetic Materials Manufacturing,7,280,"<StoreSurvey xmlns=""http://schemas.microsoft.com/sqlserver/2004/07/adventure-works/StoreSurvey""><AnnualSales>1500000</AnnualSales><AnnualRevenue>150000</AnnualRevenue><BankName>Primary International</BankName><BusinessType>BS</BusinessType><YearOpened>1995</YearOpened><Specialty>Road</Specialty><SquareFeet>39000</SquareFeet><Brands>2</Brands><Internet>DSL</Internet><NumberEmployees>40</NumberEmployees></StoreSurvey>",,2014-09-12 11:15:07.497,True,2006-06-23,9999-12-31 00:00:00,684e305bb3405ef4141b3f07621ecef0c11dc585fdebc3b2d3c0735a9474f221
459,1120,Rural Sales and Service,4,277,"<StoreSurvey xmlns=""http://schemas.microsoft.com/sqlserver/2004/07/adventure-works/StoreSurvey""><AnnualSales>1500000</AnnualSales><AnnualRevenue>150000</AnnualRevenue><BankName>Guardian Bank</BankName><BusinessType>BS</BusinessType><YearOpened>1992</YearOpened><Specialty>Road</Specialty><SquareFeet>37000</SquareFeet><Brands>3</Brands><Internet>DSL</Internet><NumberEmployees>43</NumberEmployees></StoreSurvey>",,2014-09-12 11:15:07.497,True,2006-06-23,9999-12-31 00:00:00,938e4d4b75bf54f441bd11c4375db16b08c12ad88a972a5254ab9f152450787e
460,1122,Tubeless Tire Company,16,289,"<StoreSurvey xmlns=""http://schemas.microsoft.com/sqlserver/2004/07/adventure-works/StoreSurvey""><AnnualSales>3000000</AnnualSales><AnnualRevenue>300000</AnnualRevenue><BankName>International Bank</BankName><BusinessType>OS</BusinessType><YearOpened>1980</YearOpened><Specialty>Touring</Specialty><SquareFeet>75000</SquareFeet><Brands>4+</Brands><Internet>DSL</Internet><NumberEmployees>89</NumberEmployees></StoreSurvey>",,2014-09-12 11:15:07.497,True,2006-06-23,9999-12-31 00:00:00,b67f060fb1ff893fc3098f5b5f712848b6f8bfb7f8fba3d0e0c88c0358e97ed4
461,1124,Tires and Tubes,7,280,"<StoreSurvey xmlns=""http://schemas.microsoft.com/sqlserver/2004/07/adventure-works/StoreSurvey""><AnnualSales>3000000</AnnualSales><AnnualRevenue>300000</AnnualRevenue><BankName>United Security</BankName><BusinessType>OS</BusinessType><YearOpened>1972</YearOpened><Specialty>Mountain</Specialty><SquareFeet>79000</SquareFeet><Brands>4+</Brands><Internet>T2</Internet><NumberEmployees>90</NumberEmployees></StoreSurvey>",,2014-09-12 11:15:07.497,True,2006-06-23,9999-12-31 00:00:00,bc186e78c397c012d11fbed7638dcde4575ed38379de9e1498df83ed80aa0a8a
462,1126,Hardware Components,4,277,"<StoreSurvey xmlns=""http://schemas.microsoft.com/sqlserver/2004/07/adventure-works/StoreSurvey""><AnnualSales>3000000</AnnualSales><AnnualRevenue>300000</AnnualRevenue><BankName>Reserve Security</BankName><BusinessType>OS</BusinessType><YearOpened>1977</YearOpened><Specialty>Mountain</Specialty><SquareFeet>75000</SquareFeet><Brands>2</Brands><Internet>T1</Internet><NumberEmployees>91</NumberEmployees></StoreSurvey>",,2014-09-12 11:15:07.497,True,2006-06-23,9999-12-31 00:00:00,806d06b46f44971c9f6795ffa28b2f87b019565044efad679d41b96a7e692b5b
463,1128,Retail Sporting Goods,8,281,"<StoreSurvey xmlns=""http://schemas.microsoft.com/sqlserver/2004/07/adventure-works/StoreSurvey""><AnnualSales>3000000</AnnualSales><AnnualRevenue>300000</AnnualRevenue><BankName>Primary International</BankName><BusinessType>OS</BusinessType><YearOpened>1987</YearOpened><Specialty>Road</Specialty><SquareFeet>78000</SquareFeet><Brands>4+</Brands><Internet>DSL</Internet><NumberEmployees>92</NumberEmployees></StoreSurvey>",,2014-09-12 11:15:07.497,True,2006-06-23,9999-12-31 00:00:00,d6e59ed9f51a3a441f5becf5eb3e2c0132866c8bd7b611ac9967f8e9e0560b8f
464,1130,Efficient Cycling,9,282,"<StoreSurvey xmlns=""http://schemas.microsoft.com/sqlserver/2004/07/adventure-works/StoreSurvey""><AnnualSales>3000000</AnnualSales><AnnualRevenue>300000</AnnualRevenue><BankName>Guardian Bank</BankName><BusinessType>OS</BusinessType><YearOpened>1974</YearOpened><Specialty>Touring</Specialty><SquareFeet>77000</SquareFeet><Brands>3</Brands><Internet>DSL</Internet><NumberEmployees>93</NumberEmployees></StoreSurvey>",,2014-09-12 11:15:07.497,True,2006-06-23,9999-12-31 00:00:00,0d331dd28cc7287c19edfeefff8503243106bd9fecd6a1f32c497d807a46c318
465,1132,General Industries,9,282,"<StoreSurvey xmlns=""http://schemas.microsoft.com/sqlserver/2004/07/adventure-works/StoreSurvey""><AnnualSales>1500000</AnnualSales><AnnualRevenue>150000</AnnualRevenue><BankName>Primary International</BankName><BusinessType>BS</BusinessType><YearOpened>1994</YearOpened><Specialty>Road</Specialty><SquareFeet>42000</SquareFeet><Brands>4+</Brands><Internet>T1</Internet><NumberEmployees>48</NumberEmployees></StoreSurvey>",,2014-09-12 11:15:07.497,True,2006-06-23,9999-12-31 00:00:00,f6ee2e247fa1a621866278f57a5a0fa3cb2d3fc934de12b9cadd9f282e56e53e
466,1134,Highway Bike Shop,8,281,"<StoreSurvey xmlns=""http://schemas.microsoft.com/sqlserver/2004/07/adventure-works/StoreSurvey""><AnnualSales>1500000</AnnualSales><AnnualRevenue>150000</AnnualRevenue><BankName>Reserve Security</BankName><BusinessType>BS</BusinessType><YearOpened>1989</YearOpened><Specialty>Road</Specialty><SquareFeet>40000</SquareFeet><Brands>2</Brands><Internet>DSL</Internet><NumberEmployees>49</NumberEmployees></StoreSurvey>",,2014-09-12 11:15:07.497,True,2006-06-23,9999-12-31 00:00:00,cea0ff068e5fb4501c163fb1ade7afe7c6c03a85321590767fa35a4e84bb1f88
467,1136,Rental Bikes,4,277,"<StoreSurvey xmlns=""http://schemas.microsoft.com/sqlserver/2004/07/adventure-works/StoreSurvey""><AnnualSales>1500000</AnnualSales><AnnualRevenue>150000</AnnualRevenue><BankName>United Security</BankName><BusinessType>BS</BusinessType><YearOpened>1997</YearOpened><Specialty>Road</Specialty><SquareFeet>40000</SquareFeet><Brands>4+</Brands><Internet>T1</Internet><NumberEmployees>46</NumberEmployees></StoreSurvey>",,2014-09-12 11:15:07.497,True,2006-06-23,9999-12-31 00:00:00,273ea3a4afb6bd29e695ac0af4aa4e3b66a4dc5a853f1322576d305a3e5d0608
468,1138,Roving Sports,7,280,"<StoreSurvey xmlns=""http://schemas.microsoft.com/sqlserver/2004/07/adventure-works/StoreSurvey""><AnnualSales>1500000</AnnualSales><AnnualRevenue>150000</AnnualRevenue><BankName>International Bank</BankName><BusinessType>BS</BusinessType><YearOpened>1992</YearOpened><Specialty>Road</Specialty><SquareFeet>41000</SquareFeet><Brands>3</Brands><Internet>ISDN</Internet><NumberEmployees>43</NumberEmployees></StoreSurvey>",,2014-09-12 11:15:07.497,True,2006-06-23,9999-12-31 00:00:00,cfad5632e67f409dd383c9a67d10c852b949de1c665154b534fd7224b79bc846
469,1140,Express Bike Services,16,289,"<StoreSurvey xmlns=""http://schemas.microsoft.com/sqlserver/2004/07/adventure-works/StoreSurvey""><AnnualSales>1500000</AnnualSales><AnnualRevenue>150000</AnnualRevenue><BankName>Primary Bank &amp; Reserve</BankName><BusinessType>BS</BusinessType><YearOpened>1995</YearOpened><Specialty>Mountain</Specialty><SquareFeet>38000</SquareFeet><Brands>4+</Brands><Internet>DSL</Internet><NumberEmployees>40</NumberEmployees></StoreSurvey>",,2014-09-12 11:15:07.497,True,2006-06-23,9999-12-31 00:00:00,fb554ecd6f828fd48eca4839062fae9c96e1e800414fe7de16187d7945a2c6c7
470,1142,Major Amusement Company,17,290,"<StoreSurvey xmlns=""http://schemas.microsoft.com/sqlserver/2004/07/adventure-works/StoreSurvey""><AnnualSales>1500000</AnnualSales><AnnualRevenue>150000</AnnualRevenue><BankName>International Security</BankName><BusinessType>BS</BusinessType><YearOpened>1995</YearOpened><Specialty>Mountain</Specialty><SquareFeet>36000</SquareFeet><Brands>4+</Brands><Internet>DSL</Internet><NumberEmployees>37</NumberEmployees></StoreSurvey>",,2014-09-12 11:15:07.497,True,2006-06-23,9999-12-31 00:00:00,3061439803b2d19e4ff3b2a31ddc9013ef40cff0d3aeaf72eca81317d3f4744a
471,1144,Retail Discount Store,9,282,"<StoreSurvey xmlns=""http://schemas.microsoft.com/sqlserver/2004/07/adventure-works/StoreSurvey""><AnnualSales>1500000</AnnualSales><AnnualRevenue>150000</AnnualRevenue><BankName>Guardian Bank</BankName><BusinessType>BS</BusinessType><YearOpened>1983</YearOpened><Specialty>Road</Specialty><SquareFeet>37000</SquareFeet><Brands>3</Brands><Internet>T1</Internet><NumberEmployees>34</NumberEmployees></StoreSurvey>",,2014-09-12 11:15:07.497,True,2006-06-23,9999-12-31 00:00:00,86da4d857e9c5f03c152ec0e2f43d1c1523515115022ddd07a74afd989349a84
472,1146,Vale Riding Supplies,8,281,"<StoreSurvey xmlns=""http://schemas.microsoft.com/sqlserver/2004/07/adventure-works/StoreSurvey""><AnnualSales>1500000</AnnualSales><AnnualRevenue>150000</AnnualRevenue><BankName>Primary International</BankName><BusinessType>BS</BusinessType><YearOpened>1998</YearOpened><Specialty>Touring</Specialty><SquareFeet>37000</SquareFeet><Brands>4+</Brands><Internet>T2</Internet><NumberEmployees>31</NumberEmployees></StoreSurvey>",,2014-09-12 11:15:07.497,True,2006-06-23,9999-12-31 00:00:00,68912b3d2f11b6da6c771aefe172888c1ff062bddebd922a407f2ae411f8044d
473,1148,A Great Bicycle Company,4,277,"<StoreSurvey xmlns=""http://schemas.microsoft.com/sqlserver/2004/07/adventure-works/StoreSurvey""><AnnualSales>1000000</AnnualSales><AnnualRevenue>100000</AnnualRevenue><BankName>Reserve Security</BankName><BusinessType>BS</BusinessType><YearOpened>1971</YearOpened><Specialty>Road</Specialty><SquareFeet>28000</SquareFeet><Brands>3</Brands><Internet>T2</Internet><NumberEmployees>28</NumberEmployees></StoreSurvey>",,2014-09-12 11:15:07.497,True,2006-06-23,9999-12-31 00:00:00,1002a3727dbddd910f08f612aaebe0f7e111de77662189de6221ea162b4edb8a
474,1150,Certified Bicycle Supply,7,280,"<StoreSurvey xmlns=""http://schemas.microsoft.com/sqlserver/2004/07/adventure-works/StoreSurvey""><AnnualSales>1000000</AnnualSales><AnnualRevenue>100000</AnnualRevenue><BankName>United Security</BankName><BusinessType>BS</BusinessType><YearOpened>2001</YearOpened><Specialty>Road</Specialty><SquareFeet>24000</SquareFeet><Brands>2</Brands><Internet>ISDN</Internet><NumberEmployees>25</NumberEmployees></StoreSurvey>",,2014-09-12 11:15:07.497,True,2006-06-23,9999-12-31 00:00:00,01cc971f6cae08a9119c9570e630e173a03a0bbd7655f3f6957dbe42b92742e7
475,1152,Exceptional Cycle Services,16,289,"<StoreSurvey xmlns=""http://schemas.microsoft.com/sqlserver/2004/07/adventure-works/StoreSurvey""><AnnualSales>1000000</AnnualSales><AnnualRevenue>100000</AnnualRevenue><BankName>International Bank</BankName><BusinessType>BS</BusinessType><YearOpened>1996</YearOpened><Specialty>Touring</Specialty><SquareFeet>27000</SquareFeet><Brands>4+</Brands><Internet>DSL</Internet><NumberEmployees>22</NumberEmployees></StoreSurvey>",,2014-09-12 11:15:07.497,True,2006-06-23,9999-12-31 00:00:00,45c41b145c2ed7b419d83e4267826ce4601b27d0591ee95d9101766af37d690c
476,1154,Instant Cycle Store,17,290,"<StoreSurvey xmlns=""http://schemas.microsoft.com/sqlserver/2004/07/adventure-works/StoreSurvey""><AnnualSales>800000</AnnualSales><AnnualRevenue>80000</AnnualRevenue><BankName>Primary Bank &amp; Reserve</BankName><BusinessType>BS</BusinessType><YearOpened>1990</YearOpened><Specialty>Road</Specialty><SquareFeet>23000</SquareFeet><Brands>4+</Brands><Internet>T1</Internet><NumberEmployees>19</NumberEmployees></StoreSurvey>",,2014-09-12 11:15:07.497,True,2006-06-23,9999-12-31 00:00:00,5a940deab3d894d510deb532a7aea597795b4e388639947eee98bcea4de50695
477,1156,Leisure Activities,9,282,"<StoreSurvey xmlns=""http://schemas.microsoft.com/sqlserver/2004/07/adventure-works/StoreSurvey""><AnnualSales>800000</AnnualSales><AnnualRevenue>80000</AnnualRevenue><BankName>International Security</BankName><BusinessType>BS</BusinessType><YearOpened>1984</YearOpened><Specialty>Mountain</Specialty><SquareFeet>22000</SquareFeet><Brands>4+</Brands><Internet>DSL</Internet><NumberEmployees>16</NumberEmployees></StoreSurvey>",,2014-09-12 11:15:07.497,True,2006-06-23,9999-12-31 00:00:00,dea74af24cadc923456b543b34b39e27f155ff7bf9285aa620182e60c6d39257
478,1158,Paints and Solvents Company,8,281,"<StoreSurvey xmlns=""http://schemas.microsoft.com/sqlserver/2004/07/adventure-works/StoreSurvey""><AnnualSales>800000</AnnualSales><AnnualRevenue>80000</AnnualRevenue><BankName>Guardian Bank</BankName><BusinessType>BS</BusinessType><YearOpened>1978</YearOpened><Specialty>Touring</Specialty><SquareFeet>18000</SquareFeet><Brands>3</Brands><Internet>T1</Internet><NumberEmployees>13</NumberEmployees></StoreSurvey>",,2014-09-12 11:15:07.497,True,2006-06-23,9999-12-31 00:00:00,804f4f76ac74b0812727eadfc8f2e66e510ef7f3bb762b41e6ca78f7d519d22d
479,1160,West Wind Distributors,15,288,"<StoreSurvey xmlns=""http://schemas.microsoft.com/sqlserver/2004/07/adventure-works/StoreSurvey""><AnnualSales>1000000</AnnualSales><AnnualRevenue>100000</AnnualRevenue><BankName>International Bank</BankName><BusinessType>BS</BusinessType><YearOpened>2001</YearOpened><Specialty>Touring</Specialty><SquareFeet>27000</SquareFeet><Brands>3</Brands><Internet>T1</Internet><NumberEmployees>29</NumberEmployees></StoreSurvey>",,2014-09-12 11:15:07.497,True,2006-06-23,9999-12-31 00:00:00,e3c2e3c8f0344e3940fff24a81bc4760385ce8be0d04e79afc2d0b7d585a720d
480,1162,Bikes for Kids and Adults,9,282,"<StoreSurvey xmlns=""http://schemas.microsoft.com/sqlserver/2004/07/adventure-works/StoreSurvey""><AnnualSales>1500000</AnnualSales><AnnualRevenue>150000</AnnualRevenue><BankName>Primary Bank &amp; Reserve</BankName><BusinessType>BS</BusinessType><YearOpened>1996</YearOpened><Specialty>Mountain</Specialty><SquareFeet>36000</SquareFeet><Brands>4+</Brands><Internet>DSL</Internet><NumberEmployees>30</NumberEmployees></StoreSurvey>",,2014-09-12 11:15:07.497,True,2006-06-23,9999-12-31 00:00:00,72a4df5e09aab0431343c801627e83aa0ff68ba3fa07ffe97af6cd4a540feff6
481,1164,Consolidated Sales,6,279,"<StoreSurvey xmlns=""http://schemas.microsoft.com/sqlserver/2004/07/adventure-works/StoreSurvey""><AnnualSales>1500000</AnnualSales><AnnualRevenue>150000</AnnualRevenue><BankName>International Security</BankName><BusinessType>BS</BusinessType><YearOpened>1990</YearOpened><Specialty>Mountain</Specialty><SquareFeet>38000</SquareFeet><Brands>3</Brands><Internet>DSL</Internet><NumberEmployees>31</NumberEmployees></StoreSurvey>",,2014-09-12 11:15:07.497,True,2006-06-23,9999-12-31 00:00:00,6e02ba086323769f7d590911b99ec458734c2ff28fe82082e1db2eaeb48c50f6
482,1166,Home Town Bike Store,5,278,"<StoreSurvey xmlns=""http://schemas.microsoft.com/sqlserver/2004/07/adventure-works/StoreSurvey""><AnnualSales>800000</AnnualSales><AnnualRevenue>80000</AnnualRevenue><BankName>United Security</BankName><BusinessType>BM</BusinessType><YearOpened>1988</YearOpened><Specialty>Touring</Specialty><SquareFeet>20000</SquareFeet><Brands>3</Brands><Internet>T2</Internet><NumberEmployees>11</NumberEmployees></StoreSurvey>",,2014-09-12 11:15:07.497,True,2006-06-23,9999-12-31 00:00:00,c7e1b7953ec21cc487522178b4e19f92f784ca03fbb66ec9eb8ce6501490f0bb
483,1168,Optimal Bikes,6,279,"<StoreSurvey xmlns=""http://schemas.microsoft.com/sqlserver/2004/07/adventure-works/StoreSurvey""><AnnualSales>300000</AnnualSales><AnnualRevenue>30000</AnnualRevenue><BankName>International Bank</BankName><BusinessType>BM</BusinessType><YearOpened>1982</YearOpened><Specialty>Road</Specialty><SquareFeet>10000</SquareFeet><Brands>2</Brands><Internet>T1</Internet><NumberEmployees>8</NumberEmployees></StoreSurvey>",,2014-09-12 11:15:07.497,True,2006-06-23,9999-12-31 00:00:00,8e698ffd505bddb81850cdbf8d11fe89d3d6ca917e4e02dbb793872c7fa0f423
484,1170,Sample Bike Store,3,276,"<StoreSurvey xmlns=""http://schemas.microsoft.com/sqlserver/2004/07/adventure-works/StoreSurvey""><AnnualSales>300000</AnnualSales><AnnualRevenue>30000</AnnualRevenue><BankName>Primary Bank &amp; Reserve</BankName><BusinessType>BM</BusinessType><YearOpened>1976</YearOpened><Specialty>Road</Specialty><SquareFeet>7000</SquareFeet><Brands>AW</Brands><Internet>DSL</Internet><NumberEmployees>5</NumberEmployees></StoreSurvey>",,2014-09-12 11:15:07.497,True,2006-06-23,9999-12-31 00:00:00,c070fb25218dc94ff4c659326b9c3314a5a72646752c153a19499576aec0e36d
485,1172,Extras Sporting Goods,4,277,"<StoreSurvey xmlns=""http://schemas.microsoft.com/sqlserver/2004/07/adventure-works/StoreSurvey""><AnnualSales>300000</AnnualSales><AnnualRevenue>30000</AnnualRevenue><BankName>International Security</BankName><BusinessType>BM</BusinessType><YearOpened>1970</YearOpened><Specialty>Road</Specialty><SquareFeet>7000</SquareFeet><Brands>3</Brands><Internet>DSL</Internet><NumberEmployees>2</NumberEmployees></StoreSurvey>",,2014-09-12 11:15:07.497,True,2006-06-23,9999-12-31 00:00:00,e2b5a0e33400df094c19fba0c95cc418f7890c55990d7509e3923155997fbd88
486,1174,Sure & Reliable Sporting Goods,10,283,"<StoreSurvey xmlns=""http://schemas.microsoft.com/sqlserver/2004/07/adventure-works/StoreSurvey""><AnnualSales>800000</AnnualSales><AnnualRevenue>80000</AnnualRevenue><BankName>International Bank</BankName><BusinessType>BM</BusinessType><YearOpened>1997</YearOpened><Specialty>Road</Specialty><SquareFeet>22000</SquareFeet><Brands>4+</Brands><Internet>DSL</Internet><NumberEmployees>17</NumberEmployees></StoreSurvey>",,2014-09-12 11:15:07.497,True,2006-06-23,9999-12-31 00:00:00,7367adef5aa2b1ceb49dc0ac5e7567c9d51961de3f24edd22a6a0fb12e638453
487,1176,Eleventh Bike Store,2,275,"<StoreSurvey xmlns=""http://schemas.microsoft.com/sqlserver/2004/07/adventure-works/StoreSurvey""><AnnualSales>800000</AnnualSales><AnnualRevenue>80000</AnnualRevenue><BankName>Primary Bank &amp; Reserve</BankName><BusinessType>BM</BusinessType><YearOpened>1975</YearOpened><Specialty>Road</Specialty><SquareFeet>22000</SquareFeet><Brands>4+</Brands><Internet>DSL</Internet><NumberEmployees>18</NumberEmployees></StoreSurvey>",,2014-09-12 11:15:07.497,True,2006-06-23,9999-12-31 00:00:00,a8c991be5de88dfc79f564b00c7a797d42fd529a23d4c0be0c86c189807d4b5c
488,1178,Enterprise Center,15,288,"<StoreSurvey xmlns=""http://schemas.microsoft.com/sqlserver/2004/07/adventure-works/StoreSurvey""><AnnualSales>800000</AnnualSales><AnnualRevenue>80000</AnnualRevenue><BankName>International Security</BankName><BusinessType>BM</BusinessType><YearOpened>2000</YearOpened><Specialty>Touring</Specialty><SquareFeet>23000</SquareFeet><Brands>4+</Brands><Internet>T1</Internet><NumberEmployees>19</NumberEmployees></StoreSurvey>",,2014-09-12 11:15:07.497,True,2006-06-23,9999-12-31 00:00:00,7b147c05b5ae3b409751ec659924a9866697adf6ed60cf08256d0d5629881a2d
489,1180,Purple Bicycle Company,9,282,"<StoreSurvey xmlns=""http://schemas.microsoft.com/sqlserver/2004/07/adventure-works/StoreSurvey""><AnnualSales>1000000</AnnualSales><AnnualRevenue>100000</AnnualRevenue><BankName>Guardian Bank</BankName><BusinessType>BM</BusinessType><YearOpened>2000</YearOpened><Specialty>Road</Specialty><SquareFeet>27000</SquareFeet><Brands>2</Brands><Internet>DSL</Internet><NumberEmployees>20</NumberEmployees></StoreSurvey>",,2014-09-12 11:15:07.497,True,2006-06-23,9999-12-31 00:00:00,46048a5948dbb62bc513b62d8a06f8c4df6669d62ab65261148f712037b9b94e
490,1182,New and Used Bicycles,6,279,"<StoreSurvey xmlns=""http://schemas.microsoft.com/sqlserver/2004/07/adventure-works/StoreSurvey""><AnnualSales>800000</AnnualSales><AnnualRevenue>80000</AnnualRevenue><BankName>Primary International</BankName><BusinessType>BM</BusinessType><YearOpened>1994</YearOpened><Specialty>Road</Specialty><SquareFeet>20000</SquareFeet><Brands>AW</Brands><Internet>DSL</Internet><NumberEmployees>18</NumberEmployees></StoreSurvey>",,2014-09-12 11:15:07.497,True,2006-06-23,9999-12-31 00:00:00,48d051e78cecae17673330308b7e778ec7de244b302907ae5c4b7487b01f4840
491,1184,Separate Parts Corporation,8,281,"<StoreSurvey xmlns=""http://schemas.microsoft.com/sqlserver/2004/07/adventure-works/StoreSurvey""><AnnualSales>800000</AnnualSales><AnnualRevenue>80000</AnnualRevenue><BankName>Reserve Security</BankName><BusinessType>BM</BusinessType><YearOpened>1988</YearOpened><Specialty>Road</Specialty><SquareFeet>21000</SquareFeet><Brands>3</Brands><Internet>DSL</Internet><NumberEmployees>16</NumberEmployees></StoreSurvey>",,2014-09-12 11:15:07.497,True,2006-06-23,9999-12-31 00:00:00,becb37167f144b94f560f539dca488973c5666803ed8bf85237b2e2dac56a792
492,1186,Basic Bike Company,10,283,"<StoreSurvey xmlns=""http://schemas.microsoft.com/sqlserver/2004/07/adventure-works/StoreSurvey""><AnnualSales>800000</AnnualSales><AnnualRevenue>80000</AnnualRevenue><BankName>United Security</BankName><BusinessType>BM</BusinessType><YearOpened>1982</YearOpened><Specialty>Road</Specialty><SquareFeet>20000</SquareFeet><Brands>2</Brands><Internet>DSL</Internet><NumberEmployees>14</NumberEmployees></StoreSurvey>",,2014-09-12 11:15:07.497,True,2006-06-23,9999-12-31 00:00:00,5f07b87e59a069365ac8999fe29e87845735305216c939138ce3040ceed81263
493,1188,"Fabrikam Inc., West",2,275,"<StoreSurvey xmlns=""http://schemas.microsoft.com/sqlserver/2004/07/adventure-works/StoreSurvey""><AnnualSales>800000</AnnualSales><AnnualRevenue>80000</AnnualRevenue><BankName>International Bank</BankName><BusinessType>BM</BusinessType><YearOpened>1976</YearOpened><Specialty>Mountain</Specialty><SquareFeet>18000</SquareFeet><Brands>4+</Brands><Internet>DSL</Internet><NumberEmployees>12</NumberEmployees></StoreSurvey>",,2014-09-12 11:15:07.497,True,2006-06-23,9999-12-31 00:00:00,8beb75526bce1b2b70d53fa882b064197a88082f878b6092361873c02bdd8768
494,1190,Mechanical Brake Manufacturers,15,288,"<StoreSurvey xmlns=""http://schemas.microsoft.com/sqlserver/2004/07/adventure-works/StoreSurvey""><AnnualSales>800000</AnnualSales><AnnualRevenue>80000</AnnualRevenue><BankName>Primary Bank &amp; Reserve</BankName><BusinessType>BM</BusinessType><YearOpened>1970</YearOpened><Specialty>Touring</Specialty><SquareFeet>21000</SquareFeet><Brands>3</Brands><Internet>T1</Internet><NumberEmployees>10</NumberEmployees></StoreSurvey>",,2014-09-12 11:15:07.497,True,2006-06-23,9999-12-31 00:00:00,28d10789915d585ceddd5fc91732e1dc8eb5dfe458bfe7622353e1ea5ab6b243
495,1192,Non-Slip Pedal Company,9,282,"<StoreSurvey xmlns=""http://schemas.microsoft.com/sqlserver/2004/07/adventure-works/StoreSurvey""><AnnualSales>300000</AnnualSales><AnnualRevenue>30000</AnnualRevenue><BankName>International Security</BankName><BusinessType>BM</BusinessType><YearOpened>1975</YearOpened><Specialty>Road</Specialty><SquareFeet>11000</SquareFeet><Brands>AW</Brands><Internet>DSL</Internet><NumberEmployees>8</NumberEmployees></StoreSurvey>",,2014-09-12 11:15:07.497,True,2006-06-23,9999-12-31 00:00:00,5625fdcc504ec8f75abc46f2c65669387be371903b2c6042182a82c6dca24831
496,1194,Variety Bike Outlet,6,279,"<StoreSurvey xmlns=""http://schemas.microsoft.com/sqlserver/2004/07/adventure-works/StoreSurvey""><AnnualSales>300000</AnnualSales><AnnualRevenue>30000</AnnualRevenue><BankName>Guardian Bank</BankName><BusinessType>BM</BusinessType><YearOpened>1970</YearOpened><Specialty>Mountain</Specialty><SquareFeet>9000</SquareFeet><Brands>AW</Brands><Internet>DSL</Internet><NumberEmployees>6</NumberEmployees></StoreSurvey>",,2014-09-12 11:15:07.497,True,2006-06-23,9999-12-31 00:00:00,691f6a430a292e3686780fe24fbef3e769ed8d6a14f95fae3f8451f6a94f94b0
497,1196,Weekend Bike Tours,8,281,"<StoreSurvey xmlns=""http://schemas.microsoft.com/sqlserver/2004/07/adventure-works/StoreSurvey""><AnnualSales>300000</AnnualSales><AnnualRevenue>30000</AnnualRevenue><BankName>Primary International</BankName><BusinessType>BM</BusinessType><YearOpened>1978</YearOpened><Specialty>Road</Specialty><SquareFeet>7000</SquareFeet><Brands>AW</Brands><Internet>DSL</Internet><NumberEmployees>4</NumberEmployees></StoreSurvey>",,2014-09-12 11:15:07.497,True,2006-06-23,9999-12-31 00:00:00,a60e39849a4c9825f9e78fd2c275d41c184a8f36b37e6c4bc5fa272a0e6a4430
498,1198,"Fabrikam Inc., East",15,288,"<StoreSurvey xmlns=""http://schemas.microsoft.com/sqlserver/2004/07/adventure-works/StoreSurvey""><AnnualSales>800000</AnnualSales><AnnualRevenue>80000</AnnualRevenue><BankName>Guardian Bank</BankName><BusinessType>BM</BusinessType><YearOpened>1993</YearOpened><Specialty>Road</Specialty><SquareFeet>20000</SquareFeet><Brands>AW</Brands><Internet>DSL</Internet><NumberEmployees>11</NumberEmployees></StoreSurvey>",,2014-09-12 11:15:07.497,True,2006-06-23,9999-12-31 00:00:00,ff2a28366bfa4af1c69b84b947fc90e88dcd9359e89f2351847585b70af4cfd9
499,1200,General Supplies,9,282,"<StoreSurvey xmlns=""http://schemas.microsoft.com/sqlserver/2004/07/adventure-works/StoreSurvey""><AnnualSales>800000</AnnualSales><AnnualRevenue>80000</AnnualRevenue><BankName>Primary International</BankName><BusinessType>BM</BusinessType><YearOpened>1988</YearOpened><Specialty>Road</Specialty><SquareFeet>21000</SquareFeet><Brands>3</Brands><Internet>T2</Internet><NumberEmployees>12</NumberEmployees></StoreSurvey>",,2014-09-12 11:15:07.497,True,2006-06-23,9999-12-31 00:00:00,226dd21acc9f0452d2f8f97b0e0ce62b3872f27c50edf6689fe27d3511b967cb
500,1202,Noiseless Gear Company,6,279,"<StoreSurvey xmlns=""http://schemas.microsoft.com/sqlserver/2004/07/adventure-works/StoreSurvey""><AnnualSales>800000</AnnualSales><AnnualRevenue>80000</AnnualRevenue><BankName>Reserve Security</BankName><BusinessType>BM</BusinessType><YearOpened>1996</YearOpened><Specialty>Mountain</Specialty><SquareFeet>20000</SquareFeet><Brands>4+</Brands><Internet>DSL</Internet><NumberEmployees>13</NumberEmployees></StoreSurvey>",,2014-09-12 11:15:07.497,True,2006-06-23,9999-12-31 00:00:00,a6036a6d39989e7159bb4dcca7092fcf37b5079b1e4f2a798fa3535726e35422
501,1204,Racing Toys,8,281,"<StoreSurvey xmlns=""http://schemas.microsoft.com/sqlserver/2004/07/adventure-works/StoreSurvey""><AnnualSales>800000</AnnualSales><AnnualRevenue>80000</AnnualRevenue><BankName>United Security</BankName><BusinessType>BM</BusinessType><YearOpened>1991</YearOpened><Specialty>Road</Specialty><SquareFeet>18000</SquareFeet><Brands>2</Brands><Internet>DSL</Internet><NumberEmployees>14</NumberEmployees></StoreSurvey>",,2014-09-12 11:15:07.497,True,2006-06-23,9999-12-31 00:00:00,ae4f792601994da91b77a243ada817ec4d7853d31a30f19b690a48aab1d719c7
502,1206,Capable Sales and Service,7,280,"<StoreSurvey xmlns=""http://schemas.microsoft.com/sqlserver/2004/07/adventure-works/StoreSurvey""><AnnualSales>300000</AnnualSales><AnnualRevenue>30000</AnnualRevenue><BankName>Primary Bank &amp; Reserve</BankName><BusinessType>BM</BusinessType><YearOpened>1981</YearOpened><Specialty>Mountain</Specialty><SquareFeet>10000</SquareFeet><Brands>4+</Brands><Internet>DSL</Internet><NumberEmployees>3</NumberEmployees></StoreSurvey>",,2014-09-12 11:15:07.497,True,2006-06-23,9999-12-31 00:00:00,90cccd73f52c4ed7d57db288dc92a026b1211b927a51d281b8c4d2585e642093
503,1208,Little Sports Center,16,289,"<StoreSurvey xmlns=""http://schemas.microsoft.com/sqlserver/2004/07/adventure-works/StoreSurvey""><AnnualSales>300000</AnnualSales><AnnualRevenue>30000</AnnualRevenue><BankName>International Security</BankName><BusinessType>BM</BusinessType><YearOpened>1976</YearOpened><Specialty>Touring</Specialty><SquareFeet>10000</SquareFeet><Brands>4+</Brands><Internet>DSL</Internet><NumberEmployees>4</NumberEmployees></StoreSurvey>",,2014-09-12 11:15:07.497,True,2006-06-23,9999-12-31 00:00:00,af99a15680ce98bd044b5497983c7cc3af28c7ff591390fb11f4267c96391b9e
504,1210,Pretty Bikes and Toys,17,290,"<StoreSurvey xmlns=""http://schemas.microsoft.com/sqlserver/2004/07/adventure-works/StoreSurvey""><AnnualSales>300000</AnnualSales><AnnualRevenue>30000</AnnualRevenue><BankName>Guardian Bank</BankName><BusinessType>BM</BusinessType><YearOpened>1984</YearOpened><Specialty>Road</Specialty><SquareFeet>6000</SquareFeet><Brands>3</Brands><Internet>T2</Internet><NumberEmployees>5</NumberEmployees></StoreSurvey>",,2014-09-12 11:15:07.497,True,2006-06-23,9999-12-31 00:00:00,c6dcf1079ab70cd19cafa42a44de4907c8f8c553f57971cc046c3aa153b797a6
505,1212,Road Way Sales and Rental,9,282,"<StoreSurvey xmlns=""http://schemas.microsoft.com/sqlserver/2004/07/adventure-works/StoreSurvey""><AnnualSales>300000</AnnualSales><AnnualRevenue>30000</AnnualRevenue><BankName>Primary International</BankName><BusinessType>BM</BusinessType><YearOpened>1979</YearOpened><Specialty>Mountain</Specialty><SquareFeet>10000</SquareFeet><Brands>3</Brands><Internet>T1</Internet><NumberEmployees>6</NumberEmployees></StoreSurvey>",,2014-09-12 11:15:07.497,True,2006-06-23,9999-12-31 00:00:00,99d249632d7a13ffb2f40843bd16748577cd04564723d06c20ec5f4c59d7cb4a
506,1214,Sturdy Toys,8,281,"<StoreSurvey xmlns=""http://schemas.microsoft.com/sqlserver/2004/07/adventure-works/StoreSurvey""><AnnualSales>300000</AnnualSales><AnnualRevenue>30000</AnnualRevenue><BankName>Reserve Security</BankName><BusinessType>BM</BusinessType><YearOpened>1987</YearOpened><Specialty>Mountain</Specialty><SquareFeet>9000</SquareFeet><Brands>2</Brands><Internet>DSL</Internet><NumberEmployees>7</NumberEmployees></StoreSurvey>",,2014-09-12 11:15:07.497,True,2006-06-23,9999-12-31 00:00:00,7006897ed5d740e1c187a8704892e26f7fdc5608efb4060b75d2c18884094ce3
507,1216,Beneficial Exercises and Activities,4,277,"<StoreSurvey xmlns=""http://schemas.microsoft.com/sqlserver/2004/07/adventure-works/StoreSurvey""><AnnualSales>300000</AnnualSales><AnnualRevenue>30000</AnnualRevenue><BankName>United Security</BankName><BusinessType>BM</BusinessType><YearOpened>1982</YearOpened><Specialty>Road</Specialty><SquareFeet>9000</SquareFeet><Brands>2</Brands><Internet>T1</Internet><NumberEmployees>8</NumberEmployees></StoreSurvey>",,2014-09-12 11:15:07.497,True,2006-06-23,9999-12-31 00:00:00,58a3d852e86367c208a4c3fdfa2e253c5d745fe79629ecdfe1de239d687dc8e2
508,1218,Fad Outlet,7,280,"<StoreSurvey xmlns=""http://schemas.microsoft.com/sqlserver/2004/07/adventure-works/StoreSurvey""><AnnualSales>300000</AnnualSales><AnnualRevenue>30000</AnnualRevenue><BankName>International Bank</BankName><BusinessType>BM</BusinessType><YearOpened>1990</YearOpened><Specialty>Road</Specialty><SquareFeet>8000</SquareFeet><Brands>AW</Brands><Internet>DSL</Internet><NumberEmployees>9</NumberEmployees></StoreSurvey>",,2014-09-12 11:15:07.497,True,2006-06-23,9999-12-31 00:00:00,2931415733674b6b4466c77085c0c215e684abf45f131041b5b9237d2b173e81
509,1220,Commerce Bicycle Specialists,16,289,"<StoreSurvey xmlns=""http://schemas.microsoft.com/sqlserver/2004/07/adventure-works/StoreSurvey""><AnnualSales>800000</AnnualSales><AnnualRevenue>80000</AnnualRevenue><BankName>Primary Bank &amp; Reserve</BankName><BusinessType>BM</BusinessType><YearOpened>1985</YearOpened><Specialty>Mountain</Specialty><SquareFeet>19000</SquareFeet><Brands>4+</Brands><Internet>ISDN</Internet><NumberEmployees>10</NumberEmployees></StoreSurvey>",,2014-09-12 11:15:07.497,True,2006-06-23,9999-12-31 00:00:00,dac7f25003f9be5132492f12531ed5e763329a1e240b556e1634ab326b2ba4c2
510,1222,Township Inn,17,290,"<StoreSurvey xmlns=""http://schemas.microsoft.com/sqlserver/2004/07/adventure-works/StoreSurvey""><AnnualSales>800000</AnnualSales><AnnualRevenue>80000</AnnualRevenue><BankName>International Security</BankName><BusinessType>BM</BusinessType><YearOpened>1993</YearOpened><Specialty>Road</Specialty><SquareFeet>18000</SquareFeet><Brands>4+</Brands><Internet>ISDN</Internet><NumberEmployees>11</NumberEmployees></StoreSurvey>",,2014-09-12 11:15:07.497,True,2006-06-23,9999-12-31 00:00:00,8ab83caf53710db2e15227e0733ddc1c589dcd72cbe3d6b8eeed8864db45c976
511,1224,Acceptable Sales & Service,9,282,"<StoreSurvey xmlns=""http://schemas.microsoft.com/sqlserver/2004/07/adventure-works/StoreSurvey""><AnnualSales>800000</AnnualSales><AnnualRevenue>80000</AnnualRevenue><BankName>Guardian Bank</BankName><BusinessType>BM</BusinessType><YearOpened>1988</YearOpened><Specialty>Road</Specialty><SquareFeet>21000</SquareFeet><Brands>AW</Brands><Internet>DSL</Internet><NumberEmployees>12</NumberEmployees></StoreSurvey>",,2014-09-12 11:15:07.497,True,2006-06-23,9999-12-31 00:00:00,fc96e490d259023317edee0a94a12bb6f17eff2f97ed47569a60193244289dce
512,1226,Brown Bicycle Company,8,281,"<StoreSurvey xmlns=""http://schemas.microsoft.com/sqlserver/2004/07/adventure-works/StoreSurvey""><AnnualSales>800000</AnnualSales><AnnualRevenue>80000</AnnualRevenue><BankName>Primary International</BankName><BusinessType>BM</BusinessType><YearOpened>1996</YearOpened><Specialty>Road</Specialty><SquareFeet>19000</SquareFeet><Brands>2</Brands><Internet>DSL</Internet><NumberEmployees>13</NumberEmployees></StoreSurvey>",,2014-09-12 11:15:07.497,True,2006-06-23,9999-12-31 00:00:00,496400c692af6533875083618d792aeb545f52cef1c7709bc764541b61e6efb7
513,1228,District Mall,4,277,"<StoreSurvey xmlns=""http://schemas.microsoft.com/sqlserver/2004/07/adventure-works/StoreSurvey""><AnnualSales>800000</AnnualSales><AnnualRevenue>80000</AnnualRevenue><BankName>Reserve Security</BankName><BusinessType>BM</BusinessType><YearOpened>1991</YearOpened><Specialty>Road</Specialty><SquareFeet>19000</SquareFeet><Brands>4+</Brands><Internet>T1</Internet><NumberEmployees>14</NumberEmployees></StoreSurvey>",,2014-09-12 11:15:07.497,True,2006-06-23,9999-12-31 00:00:00,8839e881667da67dfa502aefe1a44ef6aa918cc3a77ef6841bdaedb4a5efa282
514,1230,Fitness Supplies,7,280,"<StoreSurvey xmlns=""http://schemas.microsoft.com/sqlserver/2004/07/adventure-works/StoreSurvey""><AnnualSales>800000</AnnualSales><AnnualRevenue>80000</AnnualRevenue><BankName>United Security</BankName><BusinessType>BM</BusinessType><YearOpened>1999</YearOpened><Specialty>Touring</Specialty><SquareFeet>19000</SquareFeet><Brands>4+</Brands><Internet>T2</Internet><NumberEmployees>15</NumberEmployees></StoreSurvey>",,2014-09-12 11:15:07.497,True,2006-06-23,9999-12-31 00:00:00,0b245cdc85d14667e291ed1a4a70d01891d3a463f0422307b0ec1e52af922936
515,1232,Mail Market,16,289,"<StoreSurvey xmlns=""http://schemas.microsoft.com/sqlserver/2004/07/adventure-works/StoreSurvey""><AnnualSales>800000</AnnualSales><AnnualRevenue>80000</AnnualRevenue><BankName>International Bank</BankName><BusinessType>BM</BusinessType><YearOpened>1994</YearOpened><Specialty>Touring</Specialty><SquareFeet>19000</SquareFeet><Brands>AW</Brands><Internet>DSL</Internet><NumberEmployees>16</NumberEmployees></StoreSurvey>",,2014-09-12 11:15:07.497,True,2006-06-23,9999-12-31 00:00:00,fe34319c65e3dc9dd4791c687e6bd92e6fe341d5e955125c1fd942f2ed3639bb
516,1234,Spare Parts Co.,17,290,"<StoreSurvey xmlns=""http://schemas.microsoft.com/sqlserver/2004/07/adventure-works/StoreSurvey""><AnnualSales>800000</AnnualSales><AnnualRevenue>80000</AnnualRevenue><BankName>Primary Bank &amp; Reserve</BankName><BusinessType>BM</BusinessType><YearOpened>1987</YearOpened><Specialty>Mountain</Specialty><SquareFeet>19000</SquareFeet><Brands>4+</Brands><Internet>DSL</Internet><NumberEmployees>17</NumberEmployees></StoreSurvey>",,2014-09-12 11:15:07.497,True,2006-06-23,9999-12-31 00:00:00,56fbf97ee66b067eb6032e8686773951e6488895a80c941871d3daadf0dcb4e9
517,1236,Twelfth Bike Store,9,282,"<StoreSurvey xmlns=""http://schemas.microsoft.com/sqlserver/2004/07/adventure-works/StoreSurvey""><AnnualSales>800000</AnnualSales><AnnualRevenue>80000</AnnualRevenue><BankName>International Security</BankName><BusinessType>BM</BusinessType><YearOpened>1997</YearOpened><Specialty>Mountain</Specialty><SquareFeet>21000</SquareFeet><Brands>4+</Brands><Internet>T1</Internet><NumberEmployees>18</NumberEmployees></StoreSurvey>",,2014-09-12 11:15:07.497,True,2006-06-23,9999-12-31 00:00:00,dc13dfc67a7ee2c339c1bd7eb0b1b9f76703ad54d21bd275d586374a1c6e168f
518,1238,Consolidated Messenger,5,278,"<StoreSurvey xmlns=""http://schemas.microsoft.com/sqlserver/2004/07/adventure-works/StoreSurvey""><AnnualSales>300000</AnnualSales><AnnualRevenue>30000</AnnualRevenue><BankName>Guardian Bank</BankName><BusinessType>BM</BusinessType><YearOpened>1982</YearOpened><Specialty>Road</Specialty><SquareFeet>7000</SquareFeet><Brands>3</Brands><Internet>DSL</Internet><NumberEmployees>8</NumberEmployees></StoreSurvey>",,2014-09-12 11:15:07.497,True,2006-06-23,9999-12-31 00:00:00,0730a46ae40e3c2fe24957ae8a4f1de516f0bb2ffdd03dbcac31931bbd6b51bd
519,1240,Daring Rides,6,279,"<StoreSurvey xmlns=""http://schemas.microsoft.com/sqlserver/2004/07/adventure-works/StoreSurvey""><AnnualSales>300000</AnnualSales><AnnualRevenue>30000</AnnualRevenue><BankName>Primary International</BankName><BusinessType>BM</BusinessType><YearOpened>1976</YearOpened><Specialty>Road</Specialty><SquareFeet>10000</SquareFeet><Brands>4+</Brands><Internet>T2</Internet><NumberEmployees>5</NumberEmployees></StoreSurvey>",,2014-09-12 11:15:07.497,True,2006-06-23,9999-12-31 00:00:00,2b62da873f8523fb328e6448525f5446791c8e63b6e15c1d0ae79a268b3f2d4e
520,1242,Field Trip Store,3,276,"<StoreSurvey xmlns=""http://schemas.microsoft.com/sqlserver/2004/07/adventure-works/StoreSurvey""><AnnualSales>300000</AnnualSales><AnnualRevenue>30000</AnnualRevenue><BankName>Reserve Security</BankName><BusinessType>BM</BusinessType><YearOpened>1970</YearOpened><Specialty>Mountain</Specialty><SquareFeet>8000</SquareFeet><Brands>3</Brands><Internet>T2</Internet><NumberEmployees>2</NumberEmployees></StoreSurvey>",,2014-09-12 11:15:07.497,True,2006-06-23,9999-12-31 00:00:00,784a8da84971b7e5fce9581d4de7df63306b2cab7949ccfe0a23bd06a76321ef
521,1244,Finish and Sealant Products,8,281,"<StoreSurvey xmlns=""http://schemas.microsoft.com/sqlserver/2004/07/adventure-works/StoreSurvey""><AnnualSales>800000</AnnualSales><AnnualRevenue>80000</AnnualRevenue><BankName>Guardian Bank</BankName><BusinessType>BM</BusinessType><YearOpened>1997</YearOpened><Specialty>Road</Specialty><SquareFeet>22000</SquareFeet><Brands>AW</Brands><Internet>DSL</Internet><NumberEmployees>17</NumberEmployees></StoreSurvey>",,2014-09-12 11:15:07.497,True,2006-06-23,9999-12-31 00:00:00,64252fba6aeac735675cb9d94dd48878ea364644ed1f71453f3d51cc6989a817
522,1246,Finer Parts Shop,10,283,"<StoreSurvey xmlns=""http://schemas.microsoft.com/sqlserver/2004/07/adventure-works/StoreSurvey""><AnnualSales>800000</AnnualSales><AnnualRevenue>80000</AnnualRevenue><BankName>Primary International</BankName><BusinessType>BM</BusinessType><YearOpened>1975</YearOpened><Specialty>Mountain</Specialty><SquareFeet>19000</SquareFeet><Brands>2</Brands><Internet>DSL</Internet><NumberEmployees>18</NumberEmployees></StoreSurvey>",,2014-09-12 11:15:07.497,True,2006-06-23,9999-12-31 00:00:00,4429f225203e232147f88284a834c8aabebc7efbd35769186efccb9d2f67bd54
523,1248,Glossy Bikes,2,275,"<StoreSurvey xmlns=""http://schemas.microsoft.com/sqlserver/2004/07/adventure-works/StoreSurvey""><AnnualSales>800000</AnnualSales><AnnualRevenue>80000</AnnualRevenue><BankName>Reserve Security</BankName><BusinessType>BM</BusinessType><YearOpened>2000</YearOpened><Specialty>Touring</Specialty><SquareFeet>22000</SquareFeet><Brands>2</Brands><Internet>DSL</Internet><NumberEmployees>19</NumberEmployees></StoreSurvey>",,2014-09-12 11:15:07.497,True,2006-06-23,9999-12-31 00:00:00,5d6d2357001fa8ae555b04f7c0ef615782c7ad3bda455f3b773aa801e634b0a0
524,1250,Next Door Cycles,15,288,"<StoreSurvey xmlns=""http://schemas.microsoft.com/sqlserver/2004/07/adventure-works/StoreSurvey""><AnnualSales>1000000</AnnualSales><AnnualRevenue>100000</AnnualRevenue><BankName>United Security</BankName><BusinessType>BM</BusinessType><YearOpened>2000</YearOpened><Specialty>Touring</Specialty><SquareFeet>27000</SquareFeet><Brands>3</Brands><Internet>T2</Internet><NumberEmployees>20</NumberEmployees></StoreSurvey>",,2014-09-12 11:15:07.497,True,2006-06-23,9999-12-31 00:00:00,6e388a56f90131b95bf0bf0e83840a6f5ba67af03579ef2a50364ed5ee428f17
525,1252,Up-To-Date Sports,9,282,"<StoreSurvey xmlns=""http://schemas.microsoft.com/sqlserver/2004/07/adventure-works/StoreSurvey""><AnnualSales>1000000</AnnualSales><AnnualRevenue>100000</AnnualRevenue><BankName>International Security</BankName><BusinessType>BM</BusinessType><YearOpened>2000</YearOpened><Specialty>Mountain</Specialty><SquareFeet>26000</SquareFeet><Brands>4+</Brands><Internet>DSL</Internet><NumberEmployees>20</NumberEmployees></StoreSurvey>",,2014-09-12 11:15:07.497,True,2006-06-23,9999-12-31 00:00:00,c80eab52c49c28201dce54a0d07d23eec245e1d7910527289afabf6bd1dc9eaa
526,1254,Mountain Bike Center,8,281,"<StoreSurvey xmlns=""http://schemas.microsoft.com/sqlserver/2004/07/adventure-works/StoreSurvey""><AnnualSales>800000</AnnualSales><AnnualRevenue>80000</AnnualRevenue><BankName>Guardian Bank</BankName><BusinessType>BM</BusinessType><YearOpened>1994</YearOpened><Specialty>Road</Specialty><SquareFeet>20000</SquareFeet><Brands>4+</Brands><Internet>DSL</Internet><NumberEmployees>18</NumberEmployees></StoreSurvey>",,2014-09-12 11:15:07.497,True,2006-06-23,9999-12-31 00:00:00,e598e2272723aab6f083be984ec4aa80553ac92b85222c91e167b982c58117c0
527,1256,Specialty Sports Store,4,277,"<StoreSurvey xmlns=""http://schemas.microsoft.com/sqlserver/2004/07/adventure-works/StoreSurvey""><AnnualSales>800000</AnnualSales><AnnualRevenue>80000</AnnualRevenue><BankName>Primary International</BankName><BusinessType>BM</BusinessType><YearOpened>1988</YearOpened><Specialty>Mountain</Specialty><SquareFeet>20000</SquareFeet><Brands>AW</Brands><Internet>T2</Internet><NumberEmployees>16</NumberEmployees></StoreSurvey>",,2014-09-12 11:15:07.497,True,2006-06-23,9999-12-31 00:00:00,0cc9ff33dc465986822b72521566febd57fc92db94799260150f76b440242aa9
528,1258,Scooters and Bikes Store,7,280,"<StoreSurvey xmlns=""http://schemas.microsoft.com/sqlserver/2004/07/adventure-works/StoreSurvey""><AnnualSales>800000</AnnualSales><AnnualRevenue>80000</AnnualRevenue><BankName>Reserve Security</BankName><BusinessType>BM</BusinessType><YearOpened>1982</YearOpened><Specialty>Road</Specialty><SquareFeet>21000</SquareFeet><Brands>2</Brands><Internet>DSL</Internet><NumberEmployees>14</NumberEmployees></StoreSurvey>",,2014-09-12 11:15:07.497,True,2006-06-23,9999-12-31 00:00:00,0561477cf20b2f8c625fe9f26e2bf47a2a6377dd4919ad03e5b134e104f02625
529,1260,Closest Bicycle Store,16,289,"<StoreSurvey xmlns=""http://schemas.microsoft.com/sqlserver/2004/07/adventure-works/StoreSurvey""><AnnualSales>800000</AnnualSales><AnnualRevenue>80000</AnnualRevenue><BankName>United Security</BankName><BusinessType>BM</BusinessType><YearOpened>1976</YearOpened><Specialty>Mountain</Specialty><SquareFeet>22000</SquareFeet><Brands>3</Brands><Internet>T1</Internet><NumberEmployees>12</NumberEmployees></StoreSurvey>",,2014-09-12 11:15:07.497,True,2006-06-23,9999-12-31 00:00:00,720f078c9283368993856d3d121c42ca3ba0b2cdd35514e84a7322040ac44cd0
530,1262,Roadway Bicycle Supply,17,290,"<StoreSurvey xmlns=""http://schemas.microsoft.com/sqlserver/2004/07/adventure-works/StoreSurvey""><AnnualSales>800000</AnnualSales><AnnualRevenue>80000</AnnualRevenue><BankName>International Bank</BankName><BusinessType>BM</BusinessType><YearOpened>1970</YearOpened><Specialty>Touring</Specialty><SquareFeet>19000</SquareFeet><Brands>4+</Brands><Internet>DSL</Internet><NumberEmployees>10</NumberEmployees></StoreSurvey>",,2014-09-12 11:15:07.497,True,2006-06-23,9999-12-31 00:00:00,5054652637ae83f6629c6b8114d99662fd3d5fd8e51a23b94acb770da74b2a66
531,1264,Refined Department Stores,9,282,"<StoreSurvey xmlns=""http://schemas.microsoft.com/sqlserver/2004/07/adventure-works/StoreSurvey""><AnnualSales>300000</AnnualSales><AnnualRevenue>30000</AnnualRevenue><BankName>Primary Bank &amp; Reserve</BankName><BusinessType>BM</BusinessType><YearOpened>1975</YearOpened><Specialty>Road</Specialty><SquareFeet>7000</SquareFeet><Brands>3</Brands><Internet>T2</Internet><NumberEmployees>8</NumberEmployees></StoreSurvey>",,2014-09-12 11:15:07.497,True,2006-06-23,9999-12-31 00:00:00,26926a7dfcd5694e82a3c73f69dcdd5500fd75319feceda00024e9220e8ae146
532,1266,Reasonable Bicycle Sales,8,281,"<StoreSurvey xmlns=""http://schemas.microsoft.com/sqlserver/2004/07/adventure-works/StoreSurvey""><AnnualSales>300000</AnnualSales><AnnualRevenue>30000</AnnualRevenue><BankName>International Security</BankName><BusinessType>BM</BusinessType><YearOpened>1970</YearOpened><Specialty>Road</Specialty><SquareFeet>10000</SquareFeet><Brands>3</Brands><Internet>DSL</Internet><NumberEmployees>6</NumberEmployees></StoreSurvey>",,2014-09-12 11:15:07.497,True,2006-06-23,9999-12-31 00:00:00,89ed45c464c298b956af076cba7872de9bb54cd3c9dcebfc54fb41b0de55f7c3
533,1268,Out-of-the-Way Hotels,4,277,"<StoreSurvey xmlns=""http://schemas.microsoft.com/sqlserver/2004/07/adventure-works/StoreSurvey""><AnnualSales>300000</AnnualSales><AnnualRevenue>30000</AnnualRevenue><BankName>Guardian Bank</BankName><BusinessType>BM</BusinessType><YearOpened>1978</YearOpened><Specialty>Mountain</Specialty><SquareFeet>8000</SquareFeet><Brands>3</Brands><Internet>DSL</Internet><NumberEmployees>4</NumberEmployees></StoreSurvey>",,2014-09-12 11:15:07.497,True,2006-06-23,9999-12-31 00:00:00,98c1416e3e0293f195aee7e7d7368462ee6cc820ccd2db257acb5fd8fb1c1a23
534,1270,Outdoor Sports Supply,7,280,"<StoreSurvey xmlns=""http://schemas.microsoft.com/sqlserver/2004/07/adventure-works/StoreSurvey""><AnnualSales>300000</AnnualSales><AnnualRevenue>30000</AnnualRevenue><BankName>Primary International</BankName><BusinessType>BM</BusinessType><YearOpened>1973</YearOpened><Specialty>Mountain</Specialty><SquareFeet>9000</SquareFeet><Brands>AW</Brands><Internet>DSL</Internet><NumberEmployees>2</NumberEmployees></StoreSurvey>",,2014-09-12 11:15:07.497,True,2006-06-23,9999-12-31 00:00:00,679f7b89830571a6c8d85da7be5025590d697b4c73177c0879da8ac288bc9d69
535,1272,Outdoor Aerobic Systems Company,16,289,"<StoreSurvey xmlns=""http://schemas.microsoft.com/sqlserver/2004/07/adventure-works/StoreSurvey""><AnnualSales>300000</AnnualSales><AnnualRevenue>30000</AnnualRevenue><BankName>Reserve Security</BankName><BusinessType>BM</BusinessType><YearOpened>1981</YearOpened><Specialty>Road</Specialty><SquareFeet>8000</SquareFeet><Brands>AW</Brands><Internet>DSL</Internet><NumberEmployees>3</NumberEmployees></StoreSurvey>",,2014-09-12 11:15:07.497,True,2006-06-23,9999-12-31 00:00:00,857f5537f011ee7e0b6cdf534905cdf8dd7eab329591cc8df3ac452dd07b337e
536,1274,Self-Contained Cycle Parts Company,17,290,"<StoreSurvey xmlns=""http://schemas.microsoft.com/sqlserver/2004/07/adventure-works/StoreSurvey""><AnnualSales>300000</AnnualSales><AnnualRevenue>30000</AnnualRevenue><BankName>United Security</BankName><BusinessType>BM</BusinessType><YearOpened>1976</YearOpened><Specialty>Road</Specialty><SquareFeet>7000</SquareFeet><Brands>3</Brands><Internet>DSL</Internet><NumberEmployees>4</NumberEmployees></StoreSurvey>",,2014-09-12 11:15:07.497,True,2006-06-23,9999-12-31 00:00:00,1085235949fd7b8c8f1763f09f91c53a7aab3c29d4b451300eb8ed2355d1b456
537,1276,Metal Clearing House,9,282,"<StoreSurvey xmlns=""http://schemas.microsoft.com/sqlserver/2004/07/adventure-works/StoreSurvey""><AnnualSales>300000</AnnualSales><AnnualRevenue>30000</AnnualRevenue><BankName>International Bank</BankName><BusinessType>BM</BusinessType><YearOpened>1984</YearOpened><Specialty>Touring</Specialty><SquareFeet>9000</SquareFeet><Brands>3</Brands><Internet>T2</Internet><NumberEmployees>5</NumberEmployees></StoreSurvey>",,2014-09-12 11:15:07.497,True,2006-06-23,9999-12-31 00:00:00,66770f45fc338f0153c5f6533e30d8df9e30da80ac629c4d6dc05f78f0cbbbbc
538,1278,Many Bikes Store,8,281,"<StoreSurvey xmlns=""http://schemas.microsoft.com/sqlserver/2004/07/adventure-works/StoreSurvey""><AnnualSales>300000</AnnualSales><AnnualRevenue>30000</AnnualRevenue><BankName>Primary Bank &amp; Reserve</BankName><BusinessType>BM</BusinessType><YearOpened>1979</YearOpened><Specialty>Mountain</Specialty><SquareFeet>10000</SquareFeet><Brands>3</Brands><Internet>DSL</Internet><NumberEmployees>6</NumberEmployees></StoreSurvey>",,2014-09-12 11:15:07.497,True,2006-06-23,9999-12-31 00:00:00,d55d7407fb6fe568c366b514f05a017281577769e8595ab7c326be7d2212a774
539,1280,Largest Bike Store,4,277,"<StoreSurvey xmlns=""http://schemas.microsoft.com/sqlserver/2004/07/adventure-works/StoreSurvey""><AnnualSales>300000</AnnualSales><AnnualRevenue>30000</AnnualRevenue><BankName>International Security</BankName><BusinessType>BM</BusinessType><YearOpened>1987</YearOpened><Specialty>Road</Specialty><SquareFeet>7000</SquareFeet><Brands>AW</Brands><Internet>T1</Internet><NumberEmployees>7</NumberEmployees></StoreSurvey>",,2014-09-12 11:15:07.497,True,2006-06-23,9999-12-31 00:00:00,bfce5a972d4d047858377451b2579182cae50d260efca1941f2c66dd71adea1d
540,1282,Kickstands and Accessories Company,7,280,"<StoreSurvey xmlns=""http://schemas.microsoft.com/sqlserver/2004/07/adventure-works/StoreSurvey""><AnnualSales>300000</AnnualSales><AnnualRevenue>30000</AnnualRevenue><BankName>Guardian Bank</BankName><BusinessType>BM</BusinessType><YearOpened>1982</YearOpened><Specialty>Touring</Specialty><SquareFeet>10000</SquareFeet><Brands>2</Brands><Internet>T1</Internet><NumberEmployees>8</NumberEmployees></StoreSurvey>",,2014-09-12 11:15:07.497,True,2006-06-23,9999-12-31 00:00:00,a4b2487451ff714e293ca64b5368e6f26a0b50eb5fed2517545e0b08cdd0d096
541,1284,Instruments and Parts Company,16,289,"<StoreSurvey xmlns=""http://schemas.microsoft.com/sqlserver/2004/07/adventure-works/StoreSurvey""><AnnualSales>300000</AnnualSales><AnnualRevenue>30000</AnnualRevenue><BankName>Primary International</BankName><BusinessType>BM</BusinessType><YearOpened>1990</YearOpened><Specialty>Touring</Specialty><SquareFeet>8000</SquareFeet><Brands>3</Brands><Internet>T1</Internet><NumberEmployees>9</NumberEmployees></StoreSurvey>",,2014-09-12 11:15:07.497,True,2006-06-23,9999-12-31 00:00:00,8c14298cb7318fbf7e3b38494f8f21d67ff8a4ef9763878f6b76e1c819f429e9
542,1286,Neighborhood Bicycle Storehouse,17,290,"<StoreSurvey xmlns=""http://schemas.microsoft.com/sqlserver/2004/07/adventure-works/StoreSurvey""><AnnualSales>800000</AnnualSales><AnnualRevenue>80000</AnnualRevenue><BankName>Reserve Security</BankName><BusinessType>BM</BusinessType><YearOpened>1985</YearOpened><Specialty>Touring</Specialty><SquareFeet>17000</SquareFeet><Brands>3</Brands><Internet>T1</Internet><NumberEmployees>10</NumberEmployees></StoreSurvey>",,2014-09-12 11:15:07.497,True,2006-06-23,9999-12-31 00:00:00,e450da6eff97adb4bf6e4c112f78e06710d634fbfa628fe703542d5c5695d105
543,1288,Gear-Shift Bikes Limited,9,282,"<StoreSurvey xmlns=""http://schemas.microsoft.com/sqlserver/2004/07/adventure-works/StoreSurvey""><AnnualSales>800000</AnnualSales><AnnualRevenue>80000</AnnualRevenue><BankName>United Security</BankName><BusinessType>BM</BusinessType><YearOpened>1993</YearOpened><Specialty>Road</Specialty><SquareFeet>21000</SquareFeet><Brands>AW</Brands><Internet>T1</Internet><NumberEmployees>11</NumberEmployees></StoreSurvey>",,2014-09-12 11:15:07.497,True,2006-06-23,9999-12-31 00:00:00,157ddea2c17fef6ffe90baa00495c0ce8fbc74aef4d6e8171fae9ab2c0d27575
544,1290,Frugal Bike Shop,8,281,"<StoreSurvey xmlns=""http://schemas.microsoft.com/sqlserver/2004/07/adventure-works/StoreSurvey""><AnnualSales>800000</AnnualSales><AnnualRevenue>80000</AnnualRevenue><BankName>International Bank</BankName><BusinessType>BM</BusinessType><YearOpened>1988</YearOpened><Specialty>Mountain</Specialty><SquareFeet>21000</SquareFeet><Brands>2</Brands><Internet>T1</Internet><NumberEmployees>12</NumberEmployees></StoreSurvey>",,2014-09-12 11:15:07.497,True,2006-06-23,9999-12-31 00:00:00,e88736cfa830e13430ae9d586c7477dda3101dd6b23f0788a61a96174abfe8b4
545,1292,Family Entertainment Center,7,280,"<StoreSurvey xmlns=""http://schemas.microsoft.com/sqlserver/2004/07/adventure-works/StoreSurvey""><AnnualSales>3000000</AnnualSales><AnnualRevenue>300000</AnnualRevenue><BankName>Guardian Bank</BankName><BusinessType>OS</BusinessType><YearOpened>1980</YearOpened><Specialty>Touring</Specialty><SquareFeet>75000</SquareFeet><Brands>4+</Brands><Internet>DSL</Internet><NumberEmployees>89</NumberEmployees></StoreSurvey>",,2014-09-12 11:15:07.497,True,2006-06-23,9999-12-31 00:00:00,dc229a5481ce282c03d030f320e64cb2871728805374140bbc58e693cc9ff00f
546,1294,Go-cart and Bike Specialists,4,277,"<StoreSurvey xmlns=""http://schemas.microsoft.com/sqlserver/2004/07/adventure-works/StoreSurvey""><AnnualSales>3000000</AnnualSales><AnnualRevenue>300000</AnnualRevenue><BankName>International Security</BankName><BusinessType>OS</BusinessType><YearOpened>1972</YearOpened><Specialty>Mountain</Specialty><SquareFeet>78000</SquareFeet><Brands>4+</Brands><Internet>DSL</Internet><NumberEmployees>90</NumberEmployees></StoreSurvey>",,2014-09-12 11:15:07.497,True,2006-06-23,9999-12-31 00:00:00,8d8403029f454935bd80de4c542a98801a8caa96c9776e4293d4578b52646c25
547,1296,Trailblazing Sports,8,281,"<StoreSurvey xmlns=""http://schemas.microsoft.com/sqlserver/2004/07/adventure-works/StoreSurvey""><AnnualSales>3000000</AnnualSales><AnnualRevenue>300000</AnnualRevenue><BankName>Primary Bank &amp; Reserve</BankName><BusinessType>OS</BusinessType><YearOpened>1977</YearOpened><Specialty>Mountain</Specialty><SquareFeet>78000</SquareFeet><Brands>3</Brands><Internet>T1</Internet><NumberEmployees>91</NumberEmployees></StoreSurvey>",,2014-09-12 11:15:07.497,True,2006-06-23,9999-12-31 00:00:00,e0229b391d8d6141477c17105bfaaf8d89259f4e71da161cdf2a71e7dec5e2b9
548,1298,Racing Partners,9,282,"<StoreSurvey xmlns=""http://schemas.microsoft.com/sqlserver/2004/07/adventure-works/StoreSurvey""><AnnualSales>3000000</AnnualSales><AnnualRevenue>300000</AnnualRevenue><BankName>International Bank</BankName><BusinessType>OS</BusinessType><YearOpened>1987</YearOpened><Specialty>Mountain</Specialty><SquareFeet>79000</SquareFeet><Brands>4+</Brands><Internet>DSL</Internet><NumberEmployees>92</NumberEmployees></StoreSurvey>",,2014-09-12 11:15:07.497,True,2006-06-23,9999-12-31 00:00:00,177b396ca360118475c635ebf358d8a73081ace6d7cc50c531781c8dc38b22f3
549,1300,Perfect Toys,17,290,"<StoreSurvey xmlns=""http://schemas.microsoft.com/sqlserver/2004/07/adventure-works/StoreSurvey""><AnnualSales>3000000</AnnualSales><AnnualRevenue>300000</AnnualRevenue><BankName>United Security</BankName><BusinessType>OS</BusinessType><YearOpened>1974</YearOpened><Specialty>Touring</Specialty><SquareFeet>76000</SquareFeet><Brands>2</Brands><Internet>ISDN</Internet><NumberEmployees>93</NumberEmployees></StoreSurvey>",,2014-09-12 11:15:07.497,True,2006-06-23,9999-12-31 00:00:00,62ca84c533fe97fa95206f732a95b0514a54d93e25a598c042409ac58fb2bc30
550,1302,Exhibition Showroom,16,289,"<StoreSurvey xmlns=""http://schemas.microsoft.com/sqlserver/2004/07/adventure-works/StoreSurvey""><AnnualSales>3000000</AnnualSales><AnnualRevenue>300000</AnnualRevenue><BankName>Reserve Security</BankName><BusinessType>OS</BusinessType><YearOpened>1974</YearOpened><Specialty>Mountain</Specialty><SquareFeet>77000</SquareFeet><Brands>2</Brands><Internet>DSL</Internet><NumberEmployees>94</NumberEmployees></StoreSurvey>",,2014-09-12 11:15:07.497,True,2006-06-23,9999-12-31 00:00:00,059da86a17bdbbf762e36fc304b1a0892f638a4262c1f892bc220f59a27ece1f
551,1304,Authorized Bike Sales and Rental,7,280,"<StoreSurvey xmlns=""http://schemas.microsoft.com/sqlserver/2004/07/adventure-works/StoreSurvey""><AnnualSales>3000000</AnnualSales><AnnualRevenue>300000</AnnualRevenue><BankName>Primary International</BankName><BusinessType>OS</BusinessType><YearOpened>1980</YearOpened><Specialty>Touring</Specialty><SquareFeet>75000</SquareFeet><Brands>3</Brands><Internet>T1</Internet><NumberEmployees>95</NumberEmployees></StoreSurvey>",,2014-09-12 11:15:07.497,True,2006-06-23,9999-12-31 00:00:00,de2bd60aa44a303e9590001d6bd1b935f50d6d0817e49b9c64ee7af04f0d4b1a
552,1306,Two-Seater Bikes,4,277,"<StoreSurvey xmlns=""http://schemas.microsoft.com/sqlserver/2004/07/adventure-works/StoreSurvey""><AnnualSales>3000000</AnnualSales><AnnualRevenue>300000</AnnualRevenue><BankName>Guardian Bank</BankName><BusinessType>OS</BusinessType><YearOpened>1986</YearOpened><Specialty>Touring</Specialty><SquareFeet>80000</SquareFeet><Brands>2</Brands><Internet>T1</Internet><NumberEmployees>96</NumberEmployees></StoreSurvey>",,2014-09-12 11:15:07.497,True,2006-06-23,9999-12-31 00:00:00,aa5c23451cbea79236f50251d29701f71f0324a5037b0f73e8689a467efa1a35
553,1308,More Bikes!,3,276,"<StoreSurvey xmlns=""http://schemas.microsoft.com/sqlserver/2004/07/adventure-works/StoreSurvey""><AnnualSales>3000000</AnnualSales><AnnualRevenue>300000</AnnualRevenue><BankName>Primary Bank &amp; Reserve</BankName><BusinessType>OS</BusinessType><YearOpened>1992</YearOpened><Specialty>Road</Specialty><SquareFeet>79000</SquareFeet><Brands>3</Brands><Internet>T2</Internet><NumberEmployees>97</NumberEmployees></StoreSurvey>",,2014-09-12 11:15:07.497,True,2006-06-23,9999-12-31 00:00:00,be466ec5728b9470db69ab08758f2a580b950b448511a85ae418763172bec3d2
554,1310,Unified Sports Company,6,279,"<StoreSurvey xmlns=""http://schemas.microsoft.com/sqlserver/2004/07/adventure-works/StoreSurvey""><AnnualSales>3000000</AnnualSales><AnnualRevenue>300000</AnnualRevenue><BankName>International Bank</BankName><BusinessType>OS</BusinessType><YearOpened>1998</YearOpened><Specialty>Mountain</Specialty><SquareFeet>80000</SquareFeet><Brands>4+</Brands><Internet>ISDN</Internet><NumberEmployees>98</NumberEmployees></StoreSurvey>",,2014-09-12 11:15:07.497,True,2006-06-23,9999-12-31 00:00:00,ba26c8cb49dc5e119b66227720311a0acf21bb3f42d8508f1772c61cda38fc30
555,1312,National Manufacturing,5,278,"<StoreSurvey xmlns=""http://schemas.microsoft.com/sqlserver/2004/07/adventure-works/StoreSurvey""><AnnualSales>3000000</AnnualSales><AnnualRevenue>300000</AnnualRevenue><BankName>United Security</BankName><BusinessType>OS</BusinessType><YearOpened>1999</YearOpened><Specialty>Road</Specialty><SquareFeet>80000</SquareFeet><Brands>3</Brands><Internet>DSL</Internet><NumberEmployees>99</NumberEmployees></StoreSurvey>",,2014-09-12 11:15:07.497,True,2006-06-23,9999-12-31 00:00:00,c56c3d49c276bbbc35d60aa9712bc1fa118890070cb8071cba9a34154cfee469
556,1314,Volume Bike Sellers,13,286,"<StoreSurvey xmlns=""http://schemas.microsoft.com/sqlserver/2004/07/adventure-works/StoreSurvey""><AnnualSales>3000000</AnnualSales><AnnualRevenue>300000</AnnualRevenue><BankName>Reserve Security</BankName><BusinessType>OS</BusinessType><YearOpened>1999</YearOpened><Specialty>Mountain</Specialty><SquareFeet>78000</SquareFeet><Brands>4+</Brands><Internet>DSL</Internet><NumberEmployees>100</NumberEmployees></StoreSurvey>",,2014-09-12 11:15:07.497,True,2006-06-23,9999-12-31 00:00:00,550fb91ab095a1dc4b7782942745c9f64aad079010388d26669aa113b8a5ba87
557,1316,Wheelsets Storehouse,2,275,"<StoreSurvey xmlns=""http://schemas.microsoft.com/sqlserver/2004/07/adventure-works/StoreSurvey""><AnnualSales>3000000</AnnualSales><AnnualRevenue>300000</AnnualRevenue><BankName>Primary International</BankName><BusinessType>OS</BusinessType><YearOpened>1979</YearOpened><Specialty>Road</Specialty><SquareFeet>73000</SquareFeet><Brands>2</Brands><Internet>T1</Internet><NumberEmployees>66</NumberEmployees></StoreSurvey>",,2014-09-12 11:15:07.497,True,2006-06-23,9999-12-31 00:00:00,25c48e3cec5d4743c8959a724e853959f6e07cf147351a5d591bfd9eaa93aa5e
558,1318,Town Industries,4,277,"<StoreSurvey xmlns=""http://schemas.microsoft.com/sqlserver/2004/07/adventure-works/StoreSurvey""><AnnualSales>1500000</AnnualSales><AnnualRevenue>150000</AnnualRevenue><BankName>Reserve Security</BankName><BusinessType>OS</BusinessType><YearOpened>1974</YearOpened><Specialty>Touring</Specialty><SquareFeet>38000</SquareFeet><Brands>2</Brands><Internet>DSL</Internet><NumberEmployees>40</NumberEmployees></StoreSurvey>",,2014-09-12 11:15:07.497,True,2006-06-23,9999-12-31 00:00:00,75e5f2c2e15d610799008d77ef241f845aa3bc53e7397166b01e3b79971cce74
559,1320,Security Racks and Locks Wholesalers,8,281,"<StoreSurvey xmlns=""http://schemas.microsoft.com/sqlserver/2004/07/adventure-works/StoreSurvey""><AnnualSales>1500000</AnnualSales><AnnualRevenue>150000</AnnualRevenue><BankName>Primary International</BankName><BusinessType>OS</BusinessType><YearOpened>1980</YearOpened><Specialty>Mountain</Specialty><SquareFeet>41000</SquareFeet><Brands>4+</Brands><Internet>DSL</Internet><NumberEmployees>43</NumberEmployees></StoreSurvey>",,2014-09-12 11:15:07.497,True,2006-06-23,9999-12-31 00:00:00,79967667916b2013cda6b6ecafeb64ead06a2788c3003e34564b216ac116d365
560,1322,Rapid Bikes,9,282,"<StoreSurvey xmlns=""http://schemas.microsoft.com/sqlserver/2004/07/adventure-works/StoreSurvey""><AnnualSales>1500000</AnnualSales><AnnualRevenue>150000</AnnualRevenue><BankName>Guardian Bank</BankName><BusinessType>OS</BusinessType><YearOpened>1986</YearOpened><Specialty>Mountain</Specialty><SquareFeet>40000</SquareFeet><Brands>2</Brands><Internet>T2</Internet><NumberEmployees>46</NumberEmployees></StoreSurvey>",,2014-09-12 11:15:07.497,True,2006-06-23,9999-12-31 00:00:00,b604cb26168ae215e3a0615a6aa7636354b1accd2913d930213b5c2376446265
561,1324,Metro Sports Equipment,17,290,"<StoreSurvey xmlns=""http://schemas.microsoft.com/sqlserver/2004/07/adventure-works/StoreSurvey""><AnnualSales>1500000</AnnualSales><AnnualRevenue>150000</AnnualRevenue><BankName>International Security</BankName><BusinessType>OS</BusinessType><YearOpened>1992</YearOpened><Specialty>Mountain</Specialty><SquareFeet>41000</SquareFeet><Brands>4+</Brands><Internet>T1</Internet><NumberEmployees>49</NumberEmployees></StoreSurvey>",,2014-09-12 11:15:07.497,True,2006-06-23,9999-12-31 00:00:00,0a935748b328c833eefa2575bd94f2cbcf909a337f36227d05948f5f5e1c2302
562,1326,Nearby Sporting Goods,16,289,"<StoreSurvey xmlns=""http://schemas.microsoft.com/sqlserver/2004/07/adventure-works/StoreSurvey""><AnnualSales>3000000</AnnualSales><AnnualRevenue>300000</AnnualRevenue><BankName>Primary Bank &amp; Reserve</BankName><BusinessType>OS</BusinessType><YearOpened>1998</YearOpened><Specialty>Road</Specialty><SquareFeet>71000</SquareFeet><Brands>4+</Brands><Internet>DSL</Internet><NumberEmployees>52</NumberEmployees></StoreSurvey>",,2014-09-12 11:15:07.497,True,2006-06-23,9999-12-31 00:00:00,758e249f9acdeb2bfb675503db85d33397f7b3cf4f65318e6cd0f37ee1a054d7
563,1328,Front Sporting Goods,7,280,"<StoreSurvey xmlns=""http://schemas.microsoft.com/sqlserver/2004/07/adventure-works/StoreSurvey""><AnnualSales>3000000</AnnualSales><AnnualRevenue>300000</AnnualRevenue><BankName>International Bank</BankName><BusinessType>OS</BusinessType><YearOpened>1999</YearOpened><Specialty>Mountain</Specialty><SquareFeet>70000</SquareFeet><Brands>2</Brands><Internet>DSL</Internet><NumberEmployees>55</NumberEmployees></StoreSurvey>",,2014-09-12 11:15:07.497,True,2006-06-23,9999-12-31 00:00:00,b08c42e3e907dd49a0dcc6eadcebf90ee560b260ab3f21213a175cba8839b57a
564,1330,Elite Bikes,4,277,"<StoreSurvey xmlns=""http://schemas.microsoft.com/sqlserver/2004/07/adventure-works/StoreSurvey""><AnnualSales>3000000</AnnualSales><AnnualRevenue>300000</AnnualRevenue><BankName>United Security</BankName><BusinessType>OS</BusinessType><YearOpened>1999</YearOpened><Specialty>Road</Specialty><SquareFeet>69000</SquareFeet><Brands>2</Brands><Internet>DSL</Internet><NumberEmployees>58</NumberEmployees></StoreSurvey>",,2014-09-12 11:15:07.497,True,2006-06-23,9999-12-31 00:00:00,41673808a313ce34ee527a537c2a40145332b168b7fdc1b8503fce8f5cb3a728
565,1332,Catalog Store,2,275,"<StoreSurvey xmlns=""http://schemas.microsoft.com/sqlserver/2004/07/adventure-works/StoreSurvey""><AnnualSales>3000000</AnnualSales><AnnualRevenue>300000</AnnualRevenue><BankName>United Security</BankName><BusinessType>OS</BusinessType><YearOpened>1999</YearOpened><Specialty>Mountain</Specialty><SquareFeet>69000</SquareFeet><Brands>3</Brands><Internet>ISDN</Internet><NumberEmployees>55</NumberEmployees></StoreSurvey>",,2014-09-12 11:15:07.497,True,2006-06-23,9999-12-31 00:00:00,6b632539fb8a8292905a6f73a15cd3aa9657a5a65d425468ad9b9d76f657d93d
566,1334,Chic Department Stores,4,277,"<StoreSurvey xmlns=""http://schemas.microsoft.com/sqlserver/2004/07/adventure-works/StoreSurvey""><AnnualSales>3000000</AnnualSales><AnnualRevenue>300000</AnnualRevenue><BankName>Reserve Security</BankName><BusinessType>OS</BusinessType><YearOpened>1999</YearOpened><Specialty>Mountain</Specialty><SquareFeet>71000</SquareFeet><Brands>4+</Brands><Internet>T1</Internet><NumberEmployees>58</NumberEmployees></StoreSurvey>",,2014-09-12 11:15:07.497,True,2006-06-23,9999-12-31 00:00:00,8fb320d04b5eba19f64294991e4f7ea07a8011cd4188e3b4d13b7464cc639f3a
567,1336,Eastside Department Store,3,276,"<StoreSurvey xmlns=""http://schemas.microsoft.com/sqlserver/2004/07/adventure-works/StoreSurvey""><AnnualSales>3000000</AnnualSales><AnnualRevenue>300000</AnnualRevenue><BankName>Primary International</BankName><BusinessType>OS</BusinessType><YearOpened>1979</YearOpened><Specialty>Road</Specialty><SquareFeet>70000</SquareFeet><Brands>3</Brands><Internet>DSL</Internet><NumberEmployees>61</NumberEmployees></StoreSurvey>",,2014-09-12 11:15:07.497,True,2006-06-23,9999-12-31 00:00:00,f21df9e1b33e7666423f66bc7fff2920a8124a0272094d8f508c69f216aa025b
568,1338,Sports Sales and Rental,6,279,"<StoreSurvey xmlns=""http://schemas.microsoft.com/sqlserver/2004/07/adventure-works/StoreSurvey""><AnnualSales>3000000</AnnualSales><AnnualRevenue>300000</AnnualRevenue><BankName>Guardian Bank</BankName><BusinessType>OS</BusinessType><YearOpened>1996</YearOpened><Specialty>Mountain</Specialty><SquareFeet>72000</SquareFeet><Brands>4+</Brands><Internet>T2</Internet><NumberEmployees>64</NumberEmployees></StoreSurvey>",,2014-09-12 11:15:07.497,True,2006-06-23,9999-12-31 00:00:00,bb096aff9866e2e61fc232e9af49040a34b5e3581d154163139e5d7b36ab68ab
569,1340,Cycle Merchants,5,278,"<StoreSurvey xmlns=""http://schemas.microsoft.com/sqlserver/2004/07/adventure-works/StoreSurvey""><AnnualSales>3000000</AnnualSales><AnnualRevenue>300000</AnnualRevenue><BankName>International Security</BankName><BusinessType>OS</BusinessType><YearOpened>1991</YearOpened><Specialty>Road</Specialty><SquareFeet>75000</SquareFeet><Brands>3</Brands><Internet>DSL</Internet><NumberEmployees>67</NumberEmployees></StoreSurvey>",,2014-09-12 11:15:07.497,True,2006-06-23,9999-12-31 00:00:00,6d69ab3463653cd989daeacde951316466c7cd01ce37a164cd1decd385c5dc99
570,1342,Global Sports Outlet,13,286,"<StoreSurvey xmlns=""http://schemas.microsoft.com/sqlserver/2004/07/adventure-works/StoreSurvey""><AnnualSales>3000000</AnnualSales><AnnualRevenue>300000</AnnualRevenue><BankName>Primary Bank &amp; Reserve</BankName><BusinessType>OS</BusinessType><YearOpened>1993</YearOpened><Specialty>Mountain</Specialty><SquareFeet>75000</SquareFeet><Brands>4+</Brands><Internet>DSL</Internet><NumberEmployees>70</NumberEmployees></StoreSurvey>",,2014-09-12 11:15:07.497,True,2006-06-23,9999-12-31 00:00:00,282bb3763591bd6eb549bdb2e13cf564185ebe1282b5440e22de4d861ca65f2f
571,1344,Exotic Bikes,2,275,"<StoreSurvey xmlns=""http://schemas.microsoft.com/sqlserver/2004/07/adventure-works/StoreSurvey""><AnnualSales>3000000</AnnualSales><AnnualRevenue>300000</AnnualRevenue><BankName>International Bank</BankName><BusinessType>OS</BusinessType><YearOpened>1998</YearOpened><Specialty>Road</Specialty><SquareFeet>75000</SquareFeet><Brands>4+</Brands><Internet>ISDN</Internet><NumberEmployees>73</NumberEmployees></StoreSurvey>",,2014-09-12 11:15:07.497,True,2006-06-23,9999-12-31 00:00:00,4d9689b103a08d5cce9013c121fbc424c00014b4ab0e6a00af056b087c4998ad
572,1346,Fitness Hotel,4,277,"<StoreSurvey xmlns=""http://schemas.microsoft.com/sqlserver/2004/07/adventure-works/StoreSurvey""><AnnualSales>3000000</AnnualSales><AnnualRevenue>300000</AnnualRevenue><BankName>United Security</BankName><BusinessType>OS</BusinessType><YearOpened>1990</YearOpened><Specialty>Road</Specialty><SquareFeet>75000</SquareFeet><Brands>2</Brands><Internet>T1</Internet><NumberEmployees>76</NumberEmployees></StoreSurvey>",,2014-09-12 11:15:07.497,True,2006-06-23,9999-12-31 00:00:00,c93447ce0d11be960138514d3f2976bddf0ae4c711139bef3d5a834d70133335
573,1348,Healthy Activity Store,3,276,"<StoreSurvey xmlns=""http://schemas.microsoft.com/sqlserver/2004/07/adventure-works/StoreSurvey""><AnnualSales>3000000</AnnualSales><AnnualRevenue>300000</AnnualRevenue><BankName>Reserve Security</BankName><BusinessType>OS</BusinessType><YearOpened>1995</YearOpened><Specialty>Mountain</Specialty><SquareFeet>74000</SquareFeet><Brands>4+</Brands><Internet>ISDN</Internet><NumberEmployees>79</NumberEmployees></StoreSurvey>",,2014-09-12 11:15:07.497,True,2006-06-23,9999-12-31 00:00:00,761305b3eaa6be66a6a34b84b5be4e4f2d995c02bd9a48f8051d859278788bfb
574,1350,Every Bike Shop,6,279,"<StoreSurvey xmlns=""http://schemas.microsoft.com/sqlserver/2004/07/adventure-works/StoreSurvey""><AnnualSales>3000000</AnnualSales><AnnualRevenue>300000</AnnualRevenue><BankName>Primary International</BankName><BusinessType>OS</BusinessType><YearOpened>1987</YearOpened><Specialty>Road</Specialty><SquareFeet>76000</SquareFeet><Brands>2</Brands><Internet>T1</Internet><NumberEmployees>80</NumberEmployees></StoreSurvey>",,2014-09-12 11:15:07.497,True,2006-06-23,9999-12-31 00:00:00,e0cd0e3bb101091b09b5bd7b0f0821ea90fcc7d85cf9029aa9448f4d45b03c4c
575,1352,Grand Industries,5,278,"<StoreSurvey xmlns=""http://schemas.microsoft.com/sqlserver/2004/07/adventure-works/StoreSurvey""><AnnualSales>3000000</AnnualSales><AnnualRevenue>300000</AnnualRevenue><BankName>Guardian Bank</BankName><BusinessType>OS</BusinessType><YearOpened>1992</YearOpened><Specialty>Touring</Specialty><SquareFeet>77000</SquareFeet><Brands>2</Brands><Internet>T1</Internet><NumberEmployees>81</NumberEmployees></StoreSurvey>",,2014-09-12 11:15:07.497,True,2006-06-23,9999-12-31 00:00:00,acb20e195e0969419363d8c0349f08647dfd296c26a7ec8a2332654112adab34
576,1354,Ideal Components,13,286,"<StoreSurvey xmlns=""http://schemas.microsoft.com/sqlserver/2004/07/adventure-works/StoreSurvey""><AnnualSales>3000000</AnnualSales><AnnualRevenue>300000</AnnualRevenue><BankName>International Security</BankName><BusinessType>OS</BusinessType><YearOpened>1984</YearOpened><Specialty>Touring</Specialty><SquareFeet>76000</SquareFeet><Brands>3</Brands><Internet>DSL</Internet><NumberEmployees>82</NumberEmployees></StoreSurvey>",,2014-09-12 11:15:07.497,True,2006-06-23,9999-12-31 00:00:00,7632db15a087d998e69ebcd0f1083e17cb89a0e08cdcb8ea01616a3f64d1c6df
577,1356,Larger Cycle Shop,2,275,"<StoreSurvey xmlns=""http://schemas.microsoft.com/sqlserver/2004/07/adventure-works/StoreSurvey""><AnnualSales>3000000</AnnualSales><AnnualRevenue>300000</AnnualRevenue><BankName>Primary Bank &amp; Reserve</BankName><BusinessType>OS</BusinessType><YearOpened>1989</YearOpened><Specialty>Road</Specialty><SquareFeet>77000</SquareFeet><Brands>4+</Brands><Internet>T1</Internet><NumberEmployees>83</NumberEmployees></StoreSurvey>",,2014-09-12 11:15:07.497,True,2006-06-23,9999-12-31 00:00:00,a0f37c7b64ed29f29b4bcb18f060403067926971c4258eca4321fcdd79badc8f
578,1358,Leading Sales & Repair,4,277,"<StoreSurvey xmlns=""http://schemas.microsoft.com/sqlserver/2004/07/adventure-works/StoreSurvey""><AnnualSales>3000000</AnnualSales><AnnualRevenue>300000</AnnualRevenue><BankName>International Bank</BankName><BusinessType>OS</BusinessType><YearOpened>1981</YearOpened><Specialty>Road</Specialty><SquareFeet>75000</SquareFeet><Brands>4+</Brands><Internet>T1</Internet><NumberEmployees>84</NumberEmployees></StoreSurvey>",,2014-09-12 11:15:07.497,True,2006-06-23,9999-12-31 00:00:00,a39c8ebc6d6a20625ec0c736fad620a5766dbff16cb9ec74f63e77dd4fa9ec1a
579,1360,Main Bicycle Services,3,276,"<StoreSurvey xmlns=""http://schemas.microsoft.com/sqlserver/2004/07/adventure-works/StoreSurvey""><AnnualSales>3000000</AnnualSales><AnnualRevenue>300000</AnnualRevenue><BankName>United Security</BankName><BusinessType>OS</BusinessType><YearOpened>1986</YearOpened><Specialty>Road</Specialty><SquareFeet>75000</SquareFeet><Brands>3</Brands><Internet>T2</Internet><NumberEmployees>85</NumberEmployees></StoreSurvey>",,2014-09-12 11:15:07.497,True,2006-06-23,9999-12-31 00:00:00,aa7e0458c962e4bd5bef6cf65b5adb9c59fcec13e506428ec907b0f43cc9c324
580,1362,Metro Bike Mart,6,279,"<StoreSurvey xmlns=""http://schemas.microsoft.com/sqlserver/2004/07/adventure-works/StoreSurvey""><AnnualSales>3000000</AnnualSales><AnnualRevenue>300000</AnnualRevenue><BankName>Reserve Security</BankName><BusinessType>OS</BusinessType><YearOpened>1978</YearOpened><Specialty>Mountain</Specialty><SquareFeet>76000</SquareFeet><Brands>3</Brands><Internet>DSL</Internet><NumberEmployees>86</NumberEmployees></StoreSurvey>",,2014-09-12 11:15:07.497,True,2006-06-23,9999-12-31 00:00:00,b1b21356751f0169cc728bf80cf22298c4810979ccac5fbcaf3ad394990c02c1
581,1364,Tandem Sales and Service,5,278,"<StoreSurvey xmlns=""http://schemas.microsoft.com/sqlserver/2004/07/adventure-works/StoreSurvey""><AnnualSales>1500000</AnnualSales><AnnualRevenue>150000</AnnualRevenue><BankName>International Bank</BankName><BusinessType>BS</BusinessType><YearOpened>1972</YearOpened><Specialty>Road</Specialty><SquareFeet>38000</SquareFeet><Brands>4+</Brands><Internet>DSL</Internet><NumberEmployees>34</NumberEmployees></StoreSurvey>",,2014-09-12 11:15:07.497,True,2006-06-23,9999-12-31 00:00:00,edb85df9b86d2ba6caa2003f38a18236f526386df6c74893b7e7a407d22b9e7c
582,1366,Sensible Sports,13,286,"<StoreSurvey xmlns=""http://schemas.microsoft.com/sqlserver/2004/07/adventure-works/StoreSurvey""><AnnualSales>1500000</AnnualSales><AnnualRevenue>150000</AnnualRevenue><BankName>United Security</BankName><BusinessType>BS</BusinessType><YearOpened>1978</YearOpened><Specialty>Touring</Specialty><SquareFeet>37000</SquareFeet><Brands>2</Brands><Internet>DSL</Internet><NumberEmployees>33</NumberEmployees></StoreSurvey>",,2014-09-12 11:15:07.497,True,2006-06-23,9999-12-31 00:00:00,188f782c4376f387d28d1a4d30b6373374aa9f6c70f29e4c9428b5e741120907
583,1368,Reliable Retail Center,5,278,"<StoreSurvey xmlns=""http://schemas.microsoft.com/sqlserver/2004/07/adventure-works/StoreSurvey""><AnnualSales>1500000</AnnualSales><AnnualRevenue>150000</AnnualRevenue><BankName>Reserve Security</BankName><BusinessType>BS</BusinessType><YearOpened>1984</YearOpened><Specialty>Road</Specialty><SquareFeet>35000</SquareFeet><Brands>4+</Brands><Internet>DSL</Internet><NumberEmployees>32</NumberEmployees></StoreSurvey>",,2014-09-12 11:15:07.497,True,2006-06-23,9999-12-31 00:00:00,3d469db284336883419aa9d0a3b954011e83dbd3cd98ee995700efb7b30f364f
584,1370,Liquidation Sales,13,286,"<StoreSurvey xmlns=""http://schemas.microsoft.com/sqlserver/2004/07/adventure-works/StoreSurvey""><AnnualSales>1500000</AnnualSales><AnnualRevenue>150000</AnnualRevenue><BankName>Primary International</BankName><BusinessType>BS</BusinessType><YearOpened>1990</YearOpened><Specialty>Touring</Specialty><SquareFeet>37000</SquareFeet><Brands>4+</Brands><Internet>T1</Internet><NumberEmployees>31</NumberEmployees></StoreSurvey>",,2014-09-12 11:15:07.497,True,2006-06-23,9999-12-31 00:00:00,5cb9029d5fd9dbfaab4c0d7fec0122a3155724f8db5315c7d8d87b71995dacaf
585,1372,Friendly Bike Shop,2,275,"<StoreSurvey xmlns=""http://schemas.microsoft.com/sqlserver/2004/07/adventure-works/StoreSurvey""><AnnualSales>1500000</AnnualSales><AnnualRevenue>150000</AnnualRevenue><BankName>Guardian Bank</BankName><BusinessType>BS</BusinessType><YearOpened>1996</YearOpened><Specialty>Road</Specialty><SquareFeet>39000</SquareFeet><Brands>2</Brands><Internet>ISDN</Internet><NumberEmployees>30</NumberEmployees></StoreSurvey>",,2014-09-12 11:15:07.497,True,2006-06-23,9999-12-31 00:00:00,06ae4fdbdd2e75c974b0d0ae6cce9fef99a78d727c33c42ed401781611e8196a
586,1374,Yellow Bicycle Company,4,277,"<StoreSurvey xmlns=""http://schemas.microsoft.com/sqlserver/2004/07/adventure-works/StoreSurvey""><AnnualSales>1000000</AnnualSales><AnnualRevenue>100000</AnnualRevenue><BankName>International Security</BankName><BusinessType>BS</BusinessType><YearOpened>2001</YearOpened><Specialty>Mountain</Specialty><SquareFeet>26000</SquareFeet><Brands>4+</Brands><Internet>T1</Internet><NumberEmployees>29</NumberEmployees></StoreSurvey>",,2014-09-12 11:15:07.497,True,2006-06-23,9999-12-31 00:00:00,f5941c178f6e8fc644c46a6248dda25cb5166c728b9f97670c62bb0f29c918fd
587,1376,Sports Products Store,3,276,"<StoreSurvey xmlns=""http://schemas.microsoft.com/sqlserver/2004/07/adventure-works/StoreSurvey""><AnnualSales>1000000</AnnualSales><AnnualRevenue>100000</AnnualRevenue><BankName>Primary Bank &amp; Reserve</BankName><BusinessType>BS</BusinessType><YearOpened>1971</YearOpened><Specialty>Road</Specialty><SquareFeet>26000</SquareFeet><Brands>4+</Brands><Internet>DSL</Internet><NumberEmployees>28</NumberEmployees></StoreSurvey>",,2014-09-12 11:15:07.497,True,2006-06-23,9999-12-31 00:00:00,d1c41fdeabd7a81ae71f429ad10bc6156e583566d51e30178a6b1a5ec2131d19
588,1378,Selected Distributors,6,279,"<StoreSurvey xmlns=""http://schemas.microsoft.com/sqlserver/2004/07/adventure-works/StoreSurvey""><AnnualSales>1000000</AnnualSales><AnnualRevenue>100000</AnnualRevenue><BankName>International Bank</BankName><BusinessType>BS</BusinessType><YearOpened>1998</YearOpened><Specialty>Mountain</Specialty><SquareFeet>27000</SquareFeet><Brands>3</Brands><Internet>DSL</Internet><NumberEmployees>27</NumberEmployees></StoreSurvey>",,2014-09-12 11:15:07.497,True,2006-06-23,9999-12-31 00:00:00,023f440b58d0c19e4502aa7f14e94c77d965640ca8800b2a3b529fc74b1fb531
589,1380,Impervious Paint Company,17,290,"<StoreSurvey xmlns=""http://schemas.microsoft.com/sqlserver/2004/07/adventure-works/StoreSurvey""><AnnualSales>800000</AnnualSales><AnnualRevenue>80000</AnnualRevenue><BankName>Primary Bank &amp; Reserve</BankName><BusinessType>BS</BusinessType><YearOpened>1972</YearOpened><Specialty>Mountain</Specialty><SquareFeet>18000</SquareFeet><Brands>3</Brands><Internet>ISDN</Internet><NumberEmployees>10</NumberEmployees></StoreSurvey>",,2014-09-12 11:15:07.497,True,2006-06-23,9999-12-31 00:00:00,b9da6ef0816fa2d47430e6a432d793192a8e77794419df94488edeaad61940b2
590,1382,Shipping Specialists,16,289,"<StoreSurvey xmlns=""http://schemas.microsoft.com/sqlserver/2004/07/adventure-works/StoreSurvey""><AnnualSales>800000</AnnualSales><AnnualRevenue>80000</AnnualRevenue><BankName>International Bank</BankName><BusinessType>BS</BusinessType><YearOpened>1978</YearOpened><Specialty>Road</Specialty><SquareFeet>20000</SquareFeet><Brands>2</Brands><Internet>DSL</Internet><NumberEmployees>13</NumberEmployees></StoreSurvey>",,2014-09-12 11:15:07.497,True,2006-06-23,9999-12-31 00:00:00,95217ffe7153e722fa10d9f2039d51aa48a507b0f5cd97de9ce9c0af5bab1d39
591,1384,Finer Sporting Goods,17,290,"<StoreSurvey xmlns=""http://schemas.microsoft.com/sqlserver/2004/07/adventure-works/StoreSurvey""><AnnualSales>800000</AnnualSales><AnnualRevenue>80000</AnnualRevenue><BankName>United Security</BankName><BusinessType>BS</BusinessType><YearOpened>1984</YearOpened><Specialty>Touring</Specialty><SquareFeet>18000</SquareFeet><Brands>4+</Brands><Internet>T1</Internet><NumberEmployees>16</NumberEmployees></StoreSurvey>",,2014-09-12 11:15:07.497,True,2006-06-23,9999-12-31 00:00:00,16300540c7596f881a128571eeb86bf60fd36f74e9b9f2127d2d9de87d0b9678
592,1386,Authentic Sales and Service,16,289,"<StoreSurvey xmlns=""http://schemas.microsoft.com/sqlserver/2004/07/adventure-works/StoreSurvey""><AnnualSales>800000</AnnualSales><AnnualRevenue>80000</AnnualRevenue><BankName>Reserve Security</BankName><BusinessType>BS</BusinessType><YearOpened>1990</YearOpened><Specialty>Mountain</Specialty><SquareFeet>20000</SquareFeet><Brands>AW</Brands><Internet>DSL</Internet><NumberEmployees>19</NumberEmployees></StoreSurvey>",,2014-09-12 11:15:07.497,True,2006-06-23,9999-12-31 00:00:00,efc8731a5221f6f9eb2569042cbdf386bc2cb51ff0d3b87d4fe7ca476af9c1fc
593,1388,Official Parts Shop,7,280,"<StoreSurvey xmlns=""http://schemas.microsoft.com/sqlserver/2004/07/adventure-works/StoreSurvey""><AnnualSales>1000000</AnnualSales><AnnualRevenue>100000</AnnualRevenue><BankName>Primary International</BankName><BusinessType>BS</BusinessType><YearOpened>1996</YearOpened><Specialty>Road</Specialty><SquareFeet>24000</SquareFeet><Brands>4+</Brands><Internet>T1</Internet><NumberEmployees>22</NumberEmployees></StoreSurvey>",,2014-09-12 11:15:07.497,True,2006-06-23,9999-12-31 00:00:00,caae358f301486d41e6db53a53c26993e182f2092981e09e0c2f8d84b893b6ca
594,1390,"Contoso, Ltd.",4,277,"<StoreSurvey xmlns=""http://schemas.microsoft.com/sqlserver/2004/07/adventure-works/StoreSurvey""><AnnualSales>1000000</AnnualSales><AnnualRevenue>100000</AnnualRevenue><BankName>Guardian Bank</BankName><BusinessType>BS</BusinessType><YearOpened>2001</YearOpened><Specialty>Road</Specialty><SquareFeet>24000</SquareFeet><Brands>4+</Brands><Internet>T2</Internet><NumberEmployees>25</NumberEmployees></StoreSurvey>",,2014-09-12 11:15:07.497,True,2006-06-23,9999-12-31 00:00:00,8fc1d5cbdcaafa05fff6871c45d7fe0a02ae278844b2793b95ff8aacbac9679d
595,1392,Discount Tours,8,281,"<StoreSurvey xmlns=""http://schemas.microsoft.com/sqlserver/2004/07/adventure-works/StoreSurvey""><AnnualSales>1000000</AnnualSales><AnnualRevenue>100000</AnnualRevenue><BankName>International Security</BankName><BusinessType>BS</BusinessType><YearOpened>1971</YearOpened><Specialty>Road</Specialty><SquareFeet>28000</SquareFeet><Brands>4+</Brands><Internet>DSL</Internet><NumberEmployees>28</NumberEmployees></StoreSurvey>",,2014-09-12 11:15:07.497,True,2006-06-23,9999-12-31 00:00:00,b29749c466bc6dc25ed5d948ca0bad7b897592a5d8fb96d924abb74e40ecdbfe
596,1394,Tire Exchange,9,282,"<StoreSurvey xmlns=""http://schemas.microsoft.com/sqlserver/2004/07/adventure-works/StoreSurvey""><AnnualSales>1500000</AnnualSales><AnnualRevenue>150000</AnnualRevenue><BankName>Primary Bank &amp; Reserve</BankName><BusinessType>BS</BusinessType><YearOpened>1998</YearOpened><Specialty>Mountain</Specialty><SquareFeet>36000</SquareFeet><Brands>4+</Brands><Internet>T1</Internet><NumberEmployees>31</NumberEmployees></StoreSurvey>",,2014-09-12 11:15:07.497,True,2006-06-23,9999-12-31 00:00:00,9af844777a2d9974a1e4b3cd6c02cd673e8d3ecb51c4e4b4bf337d01614dd1b3
597,1396,Racing Tours,17,290,"<StoreSurvey xmlns=""http://schemas.microsoft.com/sqlserver/2004/07/adventure-works/StoreSurvey""><AnnualSales>1500000</AnnualSales><AnnualRevenue>150000</AnnualRevenue><BankName>International Bank</BankName><BusinessType>BS</BusinessType><YearOpened>1983</YearOpened><Specialty>Mountain</Specialty><SquareFeet>36000</SquareFeet><Brands>3</Brands><Internet>T1</Internet><NumberEmployees>34</NumberEmployees></StoreSurvey>",,2014-09-12 11:15:07.497,True,2006-06-23,9999-12-31 00:00:00,ad32de9a3ca77fed62fd288e0faebf32627aeb734974a5038afe5d61f530815a
598,1398,Oils and Fluids Warehouse,16,289,"<StoreSurvey xmlns=""http://schemas.microsoft.com/sqlserver/2004/07/adventure-works/StoreSurvey""><AnnualSales>1500000</AnnualSales><AnnualRevenue>150000</AnnualRevenue><BankName>United Security</BankName><BusinessType>BS</BusinessType><YearOpened>1995</YearOpened><Specialty>Mountain</Specialty><SquareFeet>37000</SquareFeet><Brands>3</Brands><Internet>T1</Internet><NumberEmployees>37</NumberEmployees></StoreSurvey>",,2014-09-12 11:15:07.497,True,2006-06-23,9999-12-31 00:00:00,55036166a9ae6c5d41383779eb08fa664e2c4a192b08612da4310ce6f9fa1646
599,1400,Finished Parts Shop,17,290,"<StoreSurvey xmlns=""http://schemas.microsoft.com/sqlserver/2004/07/adventure-works/StoreSurvey""><AnnualSales>1500000</AnnualSales><AnnualRevenue>150000</AnnualRevenue><BankName>Reserve Security</BankName><BusinessType>BS</BusinessType><YearOpened>1995</YearOpened><Specialty>Mountain</Specialty><SquareFeet>36000</SquareFeet><Brands>3</Brands><Internet>DSL</Internet><NumberEmployees>40</NumberEmployees></StoreSurvey>",,2014-09-12 11:15:07.497,True,2006-06-23,9999-12-31 00:00:00,363cfd52d99adb1fa99cd4b952f6fc1159414ff800efc57f86f6732549bb9a84
600,1402,Consumer Equipment,16,289,"<StoreSurvey xmlns=""http://schemas.microsoft.com/sqlserver/2004/07/adventure-works/StoreSurvey""><AnnualSales>1500000</AnnualSales><AnnualRevenue>150000</AnnualRevenue><BankName>Primary International</BankName><BusinessType>BS</BusinessType><YearOpened>1992</YearOpened><Specialty>Road</Specialty><SquareFeet>37000</SquareFeet><Brands>4+</Brands><Internet>T2</Internet><NumberEmployees>43</NumberEmployees></StoreSurvey>",,2014-09-12 11:15:07.497,True,2006-06-23,9999-12-31 00:00:00,5dca46861fa95ac0f2ef6d31f83d5a3a07208ee6adaad557824da3bff72421f8
601,1404,Rally Master Company Inc,8,281,"<StoreSurvey xmlns=""http://schemas.microsoft.com/sqlserver/2004/07/adventure-works/StoreSurvey""><AnnualSales>3000000</AnnualSales><AnnualRevenue>300000</AnnualRevenue><BankName>International Security</BankName><BusinessType>OS</BusinessType><YearOpened>1992</YearOpened><Specialty>Touring</Specialty><SquareFeet>77000</SquareFeet><Brands>2</Brands><Internet>T2</Internet><NumberEmployees>97</NumberEmployees></StoreSurvey>",,2014-09-12 11:15:07.497,True,2006-06-23,9999-12-31 00:00:00,c42952149eaa7a7476b555af25621d21af4e2c18ac756e5fafbc7db74b3df7e2
602,1406,Professional Cyclists,9,282,"<StoreSurvey xmlns=""http://schemas.microsoft.com/sqlserver/2004/07/adventure-works/StoreSurvey""><AnnualSales>3000000</AnnualSales><AnnualRevenue>300000</AnnualRevenue><BankName>Primary Bank &amp; Reserve</BankName><BusinessType>OS</BusinessType><YearOpened>1998</YearOpened><Specialty>Road</Specialty><SquareFeet>77000</SquareFeet><Brands>3</Brands><Internet>T1</Internet><NumberEmployees>98</NumberEmployees></StoreSurvey>",,2014-09-12 11:15:07.497,True,2006-06-23,9999-12-31 00:00:00,535fae77db9b1b547af0b50b2ebb6f59241e47f600b734fe28831c72d4fd61c2
603,1408,Sports Products Store,17,290,"<StoreSurvey xmlns=""http://schemas.microsoft.com/sqlserver/2004/07/adventure-works/StoreSurvey""><AnnualSales>3000000</AnnualSales><AnnualRevenue>300000</AnnualRevenue><BankName>International Bank</BankName><BusinessType>OS</BusinessType><YearOpened>1999</YearOpened><Specialty>Road</Specialty><SquareFeet>78000</SquareFeet><Brands>3</Brands><Internet>ISDN</Internet><NumberEmployees>99</NumberEmployees></StoreSurvey>",,2014-09-12 11:15:07.497,True,2006-06-23,9999-12-31 00:00:00,240c833fc01508fd56b55d52a046a150d74795281a91f7b0540d1c56e457d752
604,1410,Exclusive Bicycle Mart,16,289,"<StoreSurvey xmlns=""http://schemas.microsoft.com/sqlserver/2004/07/adventure-works/StoreSurvey""><AnnualSales>3000000</AnnualSales><AnnualRevenue>300000</AnnualRevenue><BankName>United Security</BankName><BusinessType>OS</BusinessType><YearOpened>1999</YearOpened><Specialty>Road</Specialty><SquareFeet>77000</SquareFeet><Brands>4+</Brands><Internet>DSL</Internet><NumberEmployees>100</NumberEmployees></StoreSurvey>",,2014-09-12 11:15:07.497,True,2006-06-23,9999-12-31 00:00:00,368065e83fb78926d17203daea04ae5fba5240592792a2ba82930ae7b30f9a56
605,1412,City Manufacturing,7,280,"<StoreSurvey xmlns=""http://schemas.microsoft.com/sqlserver/2004/07/adventure-works/StoreSurvey""><AnnualSales>3000000</AnnualSales><AnnualRevenue>300000</AnnualRevenue><BankName>Reserve Security</BankName><BusinessType>OS</BusinessType><YearOpened>1979</YearOpened><Specialty>Mountain</Specialty><SquareFeet>75000</SquareFeet><Brands>4+</Brands><Internet>DSL</Internet><NumberEmployees>66</NumberEmployees></StoreSurvey>",,2014-09-12 11:15:07.497,True,2006-06-23,9999-12-31 00:00:00,d982a69a54ba5c843e0642cb5073e369dcdd2d0a09275aef2db516c2459df52b
606,1414,Bike Dealers Association,8,281,"<StoreSurvey xmlns=""http://schemas.microsoft.com/sqlserver/2004/07/adventure-works/StoreSurvey""><AnnualSales>1500000</AnnualSales><AnnualRevenue>150000</AnnualRevenue><BankName>United Security</BankName><BusinessType>OS</BusinessType><YearOpened>1974</YearOpened><Specialty>Road</Specialty><SquareFeet>40000</SquareFeet><Brands>3</Brands><Internet>T1</Internet><NumberEmployees>40</NumberEmployees></StoreSurvey>",,2014-09-12 11:15:07.497,True,2006-06-23,9999-12-31 00:00:00,a7ed345b1ac3357cbb861bdc408c0285ab8267a929530af5b6a61bfbe30ab367
607,1416,Pedal Systems Company,6,279,"<StoreSurvey xmlns=""http://schemas.microsoft.com/sqlserver/2004/07/adventure-works/StoreSurvey""><AnnualSales>1500000</AnnualSales><AnnualRevenue>150000</AnnualRevenue><BankName>Reserve Security</BankName><BusinessType>OS</BusinessType><YearOpened>1980</YearOpened><Specialty>Road</Specialty><SquareFeet>39000</SquareFeet><Brands>4+</Brands><Internet>T3</Internet><NumberEmployees>43</NumberEmployees></StoreSurvey>",,2014-09-12 11:15:07.497,True,2006-06-23,9999-12-31 00:00:00,eb869401f125f21248bead4e3dc8a8775e490388234a8d345e22ebec048990b5
608,1418,"Health Spa, Limited",9,282,"<StoreSurvey xmlns=""http://schemas.microsoft.com/sqlserver/2004/07/adventure-works/StoreSurvey""><AnnualSales>1500000</AnnualSales><AnnualRevenue>150000</AnnualRevenue><BankName>Primary International</BankName><BusinessType>OS</BusinessType><YearOpened>1986</YearOpened><Specialty>Road</Specialty><SquareFeet>40000</SquareFeet><Brands>4+</Brands><Internet>T1</Internet><NumberEmployees>46</NumberEmployees></StoreSurvey>",,2014-09-12 11:15:07.497,True,2006-06-23,9999-12-31 00:00:00,2b872c459e434852eba5df4eb7137f59ef6c040ada031a3b2d90daf04175a5ae
609,1420,Global Bike Retailers,15,288,"<StoreSurvey xmlns=""http://schemas.microsoft.com/sqlserver/2004/07/adventure-works/StoreSurvey""><AnnualSales>1500000</AnnualSales><AnnualRevenue>150000</AnnualRevenue><BankName>Guardian Bank</BankName><BusinessType>OS</BusinessType><YearOpened>1992</YearOpened><Specialty>Touring</Specialty><SquareFeet>40000</SquareFeet><Brands>4+</Brands><Internet>T1</Internet><NumberEmployees>49</NumberEmployees></StoreSurvey>",,2014-09-12 11:15:07.497,True,2006-06-23,9999-12-31 00:00:00,77e391bcd022eac8ed3c6b510638de84c3d7ccbbe1f6519a5d41f715462f568f
610,1422,Fashionable Department Stores,2,275,"<StoreSurvey xmlns=""http://schemas.microsoft.com/sqlserver/2004/07/adventure-works/StoreSurvey""><AnnualSales>3000000</AnnualSales><AnnualRevenue>300000</AnnualRevenue><BankName>International Security</BankName><BusinessType>OS</BusinessType><YearOpened>1998</YearOpened><Specialty>Mountain</Specialty><SquareFeet>68000</SquareFeet><Brands>3</Brands><Internet>DSL</Internet><NumberEmployees>52</NumberEmployees></StoreSurvey>",,2014-09-12 11:15:07.497,True,2006-06-23,9999-12-31 00:00:00,be7c052d86bc18035f304fecbf55fa9f1dccbe7c947bd96059a32cb6ab045c26
611,1424,Closeout Boutique,10,283,"<StoreSurvey xmlns=""http://schemas.microsoft.com/sqlserver/2004/07/adventure-works/StoreSurvey""><AnnualSales>3000000</AnnualSales><AnnualRevenue>300000</AnnualRevenue><BankName>Primary Bank &amp; Reserve</BankName><BusinessType>OS</BusinessType><YearOpened>1999</YearOpened><Specialty>Mountain</Specialty><SquareFeet>70000</SquareFeet><Brands>3</Brands><Internet>T1</Internet><NumberEmployees>55</NumberEmployees></StoreSurvey>",,2014-09-12 11:15:07.497,True,2006-06-23,9999-12-31 00:00:00,0e6573d8e0cf8fdf8a5d0f7f1cc2ef67f58f92d9abf5c81099d711f4a14e2019
612,1426,Bicycle Merchandise Warehouse,8,281,"<StoreSurvey xmlns=""http://schemas.microsoft.com/sqlserver/2004/07/adventure-works/StoreSurvey""><AnnualSales>3000000</AnnualSales><AnnualRevenue>300000</AnnualRevenue><BankName>International Bank</BankName><BusinessType>OS</BusinessType><YearOpened>1999</YearOpened><Specialty>Road</Specialty><SquareFeet>69000</SquareFeet><Brands>4+</Brands><Internet>T1</Internet><NumberEmployees>58</NumberEmployees></StoreSurvey>",,2014-09-12 11:15:07.497,True,2006-06-23,9999-12-31 00:00:00,7c79d64b9fd0549b8530cdb36a4c7525b6815bae003749aa021a450b1478e2d4
613,1428,Spoke Manufacturers,6,279,"<StoreSurvey xmlns=""http://schemas.microsoft.com/sqlserver/2004/07/adventure-works/StoreSurvey""><AnnualSales>3000000</AnnualSales><AnnualRevenue>300000</AnnualRevenue><BankName>United Security</BankName><BusinessType>OS</BusinessType><YearOpened>1979</YearOpened><Specialty>Road</Specialty><SquareFeet>74000</SquareFeet><Brands>4+</Brands><Internet>T1</Internet><NumberEmployees>61</NumberEmployees></StoreSurvey>",,2014-09-12 11:15:07.497,True,2006-06-23,9999-12-31 00:00:00,5578f9684aac6b86be58ed7108d38f64123b7843ea9b3253d6528b1705cd8a02
614,1430,Leather Seat Factory,9,282,"<StoreSurvey xmlns=""http://schemas.microsoft.com/sqlserver/2004/07/adventure-works/StoreSurvey""><AnnualSales>3000000</AnnualSales><AnnualRevenue>300000</AnnualRevenue><BankName>Reserve Security</BankName><BusinessType>OS</BusinessType><YearOpened>1996</YearOpened><Specialty>Mountain</Specialty><SquareFeet>72000</SquareFeet><Brands>4+</Brands><Internet>ISDN</Internet><NumberEmployees>64</NumberEmployees></StoreSurvey>",,2014-09-12 11:15:07.497,True,2006-06-23,9999-12-31 00:00:00,4740bd2f9945e70eb17d32e29df7fed3407277d6e8b7136ff382cf7ecd5b6e9b
615,1432,Good Bicycle Store,15,288,"<StoreSurvey xmlns=""http://schemas.microsoft.com/sqlserver/2004/07/adventure-works/StoreSurvey""><AnnualSales>3000000</AnnualSales><AnnualRevenue>300000</AnnualRevenue><BankName>Primary International</BankName><BusinessType>OS</BusinessType><YearOpened>1991</YearOpened><Specialty>Road</Specialty><SquareFeet>71000</SquareFeet><Brands>4+</Brands><Internet>ISDN</Internet><NumberEmployees>67</NumberEmployees></StoreSurvey>",,2014-09-12 11:15:07.497,True,2006-06-23,9999-12-31 00:00:00,84339f88ce3ec95a1e87c19b505dc8d4c7c44ebdfb46fe68b45da8f2b0ec0bec
616,1434,Endurance Bikes,2,275,"<StoreSurvey xmlns=""http://schemas.microsoft.com/sqlserver/2004/07/adventure-works/StoreSurvey""><AnnualSales>3000000</AnnualSales><AnnualRevenue>300000</AnnualRevenue><BankName>Guardian Bank</BankName><BusinessType>OS</BusinessType><YearOpened>1993</YearOpened><Specialty>Road</Specialty><SquareFeet>75000</SquareFeet><Brands>3</Brands><Internet>DSL</Internet><NumberEmployees>70</NumberEmployees></StoreSurvey>",,2014-09-12 11:15:07.497,True,2006-06-23,9999-12-31 00:00:00,94365d36a4a84249f83a1bc919ccf6a958c31c3478d43ea57a532844354a5513
617,1436,Practical Bike Supply Company,4,277,"<StoreSurvey xmlns=""http://schemas.microsoft.com/sqlserver/2004/07/adventure-works/StoreSurvey""><AnnualSales>1000000</AnnualSales><AnnualRevenue>100000</AnnualRevenue><BankName>International Security</BankName><BusinessType>BS</BusinessType><YearOpened>2001</YearOpened><Specialty>Mountain</Specialty><SquareFeet>26000</SquareFeet><Brands>3</Brands><Internet>DSL</Internet><NumberEmployees>25</NumberEmployees></StoreSurvey>",,2014-09-12 11:15:07.497,True,2006-06-23,9999-12-31 00:00:00,301fdfafb2163dd010b6de0c76c4ebbce6f3c4f90359ef78155ee778d88743e9
618,1438,Some Discount Store,7,280,"<StoreSurvey xmlns=""http://schemas.microsoft.com/sqlserver/2004/07/adventure-works/StoreSurvey""><AnnualSales>1000000</AnnualSales><AnnualRevenue>100000</AnnualRevenue><BankName>Guardian Bank</BankName><BusinessType>BS</BusinessType><YearOpened>1996</YearOpened><Specialty>Mountain</Specialty><SquareFeet>27000</SquareFeet><Brands>2</Brands><Internet>T1</Internet><NumberEmployees>22</NumberEmployees></StoreSurvey>",,2014-09-12 11:15:07.497,True,2006-06-23,9999-12-31 00:00:00,13d79a82f51d10c032800d382c8901170dd8bb1a6a73396049da3787d5d4a47f
619,1440,Variety Cycling,16,289,"<StoreSurvey xmlns=""http://schemas.microsoft.com/sqlserver/2004/07/adventure-works/StoreSurvey""><AnnualSales>800000</AnnualSales><AnnualRevenue>80000</AnnualRevenue><BankName>Primary International</BankName><BusinessType>BS</BusinessType><YearOpened>1990</YearOpened><Specialty>Touring</Specialty><SquareFeet>21000</SquareFeet><Brands>AW</Brands><Internet>DSL</Internet><NumberEmployees>19</NumberEmployees></StoreSurvey>",,2014-09-12 11:15:07.497,True,2006-06-23,9999-12-31 00:00:00,c0a2c28ca9fa13bdb383dc2ed4b65836d8f7e57caae6cb2c8d74077144f4f9ed
620,1442,Accessories Network,17,290,"<StoreSurvey xmlns=""http://schemas.microsoft.com/sqlserver/2004/07/adventure-works/StoreSurvey""><AnnualSales>800000</AnnualSales><AnnualRevenue>80000</AnnualRevenue><BankName>Reserve Security</BankName><BusinessType>BS</BusinessType><YearOpened>1984</YearOpened><Specialty>Touring</Specialty><SquareFeet>22000</SquareFeet><Brands>2</Brands><Internet>DSL</Internet><NumberEmployees>16</NumberEmployees></StoreSurvey>",,2014-09-12 11:15:07.497,True,2006-06-23,9999-12-31 00:00:00,fbf64237d0901b57eba4fc8df11a9ce07268487f2935f3a51aca2b9aa16bbf80
621,1444,Remote Bicycle Specialists,9,282,"<StoreSurvey xmlns=""http://schemas.microsoft.com/sqlserver/2004/07/adventure-works/StoreSurvey""><AnnualSales>800000</AnnualSales><AnnualRevenue>80000</AnnualRevenue><BankName>United Security</BankName><BusinessType>BS</BusinessType><YearOpened>1978</YearOpened><Specialty>Road</Specialty><SquareFeet>19000</SquareFeet><Brands>3</Brands><Internet>DSL</Internet><NumberEmployees>13</NumberEmployees></StoreSurvey>",,2014-09-12 11:15:07.497,True,2006-06-23,9999-12-31 00:00:00,76cf47063de99275d90caa251d07e9c3f9a44f38d834bf6803d1323f1a1733d3
622,1446,Curbside Sporting Goods,8,281,"<StoreSurvey xmlns=""http://schemas.microsoft.com/sqlserver/2004/07/adventure-works/StoreSurvey""><AnnualSales>800000</AnnualSales><AnnualRevenue>80000</AnnualRevenue><BankName>International Bank</BankName><BusinessType>BS</BusinessType><YearOpened>1972</YearOpened><Specialty>Road</Specialty><SquareFeet>20000</SquareFeet><Brands>3</Brands><Internet>DSL</Internet><NumberEmployees>10</NumberEmployees></StoreSurvey>",,2014-09-12 11:15:07.497,True,2006-06-23,9999-12-31 00:00:00,408ec9de93c4a20efd379f80444b74a78344721cbd236f4609e6dd5b54f0ddd3
623,1448,Friendly Neighborhood Bikes,4,277,"<StoreSurvey xmlns=""http://schemas.microsoft.com/sqlserver/2004/07/adventure-works/StoreSurvey""><AnnualSales>1000000</AnnualSales><AnnualRevenue>100000</AnnualRevenue><BankName>United Security</BankName><BusinessType>BS</BusinessType><YearOpened>1998</YearOpened><Specialty>Mountain</Specialty><SquareFeet>28000</SquareFeet><Brands>4+</Brands><Internet>DSL</Internet><NumberEmployees>27</NumberEmployees></StoreSurvey>",,2014-09-12 11:15:07.497,True,2006-06-23,9999-12-31 00:00:00,22ddc3873ed2d64ac3b33b45220ad1f61958f80aa990d743b22c2f02d026ae4a
624,1450,Guaranteed Sales and Service,2,275,"<StoreSurvey xmlns=""http://schemas.microsoft.com/sqlserver/2004/07/adventure-works/StoreSurvey""><AnnualSales>1000000</AnnualSales><AnnualRevenue>100000</AnnualRevenue><BankName>International Bank</BankName><BusinessType>BS</BusinessType><YearOpened>1971</YearOpened><Specialty>Road</Specialty><SquareFeet>28000</SquareFeet><Brands>4+</Brands><Internet>T1</Internet><NumberEmployees>28</NumberEmployees></StoreSurvey>",,2014-09-12 11:15:07.497,True,2006-06-23,9999-12-31 00:00:00,ed579f5b4f03e9231a6c23bfcda220c278d51b30534672c81151c433db0e0c44
625,1452,Preferable Bikes,13,286,"<StoreSurvey xmlns=""http://schemas.microsoft.com/sqlserver/2004/07/adventure-works/StoreSurvey""><AnnualSales>1000000</AnnualSales><AnnualRevenue>100000</AnnualRevenue><BankName>Primary Bank &amp; Reserve</BankName><BusinessType>BS</BusinessType><YearOpened>2001</YearOpened><Specialty>Touring</Specialty><SquareFeet>24000</SquareFeet><Brands>4+</Brands><Internet>DSL</Internet><NumberEmployees>29</NumberEmployees></StoreSurvey>",,2014-09-12 11:15:07.497,True,2006-06-23,9999-12-31 00:00:00,20879acd565f2714ffabf2a7e5425e3cacc7d977af98b9c333934e636fc86bef
626,1454,Recommended Bicycles,5,278,"<StoreSurvey xmlns=""http://schemas.microsoft.com/sqlserver/2004/07/adventure-works/StoreSurvey""><AnnualSales>1500000</AnnualSales><AnnualRevenue>150000</AnnualRevenue><BankName>International Security</BankName><BusinessType>BS</BusinessType><YearOpened>1996</YearOpened><Specialty>Road</Specialty><SquareFeet>35000</SquareFeet><Brands>4+</Brands><Internet>DSL</Internet><NumberEmployees>30</NumberEmployees></StoreSurvey>",,2014-09-12 11:15:07.497,True,2006-06-23,9999-12-31 00:00:00,828bd28f3ba78c67114cf5655c0f49e6e6b1c81b46d482a9649ae157790a39ea
627,1456,Sunny Place Bikes,6,279,"<StoreSurvey xmlns=""http://schemas.microsoft.com/sqlserver/2004/07/adventure-works/StoreSurvey""><AnnualSales>1500000</AnnualSales><AnnualRevenue>150000</AnnualRevenue><BankName>Guardian Bank</BankName><BusinessType>BS</BusinessType><YearOpened>1990</YearOpened><Specialty>Road</Specialty><SquareFeet>39000</SquareFeet><Brands>4+</Brands><Internet>DSL</Internet><NumberEmployees>31</NumberEmployees></StoreSurvey>",,2014-09-12 11:15:07.497,True,2006-06-23,9999-12-31 00:00:00,4aab92f0ef496993e623cfef14bb91115e102e3d2fe539acbc2c2ded19b0b0de
628,1458,Alpine Ski House,3,276,"<StoreSurvey xmlns=""http://schemas.microsoft.com/sqlserver/2004/07/adventure-works/StoreSurvey""><AnnualSales>1500000</AnnualSales><AnnualRevenue>150000</AnnualRevenue><BankName>Primary International</BankName><BusinessType>BS</BusinessType><YearOpened>1984</YearOpened><Specialty>Road</Specialty><SquareFeet>37000</SquareFeet><Brands>2</Brands><Internet>DSL</Internet><NumberEmployees>32</NumberEmployees></StoreSurvey>",,2014-09-12 11:15:07.497,True,2006-06-23,9999-12-31 00:00:00,80469c7608db189f0b2d93420fd139f42b181d76dc3d95c68f595ef082c90437
629,1460,Cycles and Scooters,6,279,"<StoreSurvey xmlns=""http://schemas.microsoft.com/sqlserver/2004/07/adventure-works/StoreSurvey""><AnnualSales>1500000</AnnualSales><AnnualRevenue>150000</AnnualRevenue><BankName>Reserve Security</BankName><BusinessType>BS</BusinessType><YearOpened>1978</YearOpened><Specialty>Road</Specialty><SquareFeet>35000</SquareFeet><Brands>4+</Brands><Internet>T1</Internet><NumberEmployees>33</NumberEmployees></StoreSurvey>",,2014-09-12 11:15:07.497,True,2006-06-23,9999-12-31 00:00:00,ff0b74f94d8dacae15e345eeed6492f008e5f4902559814d08c1aae89f6f4bf1
630,1462,Small Bike Accessories Shop,2,275,"<StoreSurvey xmlns=""http://schemas.microsoft.com/sqlserver/2004/07/adventure-works/StoreSurvey""><AnnualSales>1500000</AnnualSales><AnnualRevenue>150000</AnnualRevenue><BankName>United Security</BankName><BusinessType>BS</BusinessType><YearOpened>1972</YearOpened><Specialty>Touring</Specialty><SquareFeet>37000</SquareFeet><Brands>3</Brands><Internet>T2</Internet><NumberEmployees>34</NumberEmployees></StoreSurvey>",,2014-09-12 11:15:07.497,True,2006-06-23,9999-12-31 00:00:00,981dff50335d19319c2458f144b89ba58a6675f721cffb326d42e6c59ec29bdc
631,1464,List Price Catalog Company,13,286,"<StoreSurvey xmlns=""http://schemas.microsoft.com/sqlserver/2004/07/adventure-works/StoreSurvey""><AnnualSales>1500000</AnnualSales><AnnualRevenue>150000</AnnualRevenue><BankName>International Bank</BankName><BusinessType>BS</BusinessType><YearOpened>1988</YearOpened><Specialty>Touring</Specialty><SquareFeet>37000</SquareFeet><Brands>3</Brands><Internet>DSL</Internet><NumberEmployees>35</NumberEmployees></StoreSurvey>",,2014-09-12 11:15:07.497,True,2006-06-23,9999-12-31 00:00:00,acfbfb5d22077b6bebfc863a3b4ce3367af859079bd9576b47f66dca9ec7d8fd
632,1466,Seats and Saddles Company,5,278,"<StoreSurvey xmlns=""http://schemas.microsoft.com/sqlserver/2004/07/adventure-works/StoreSurvey""><AnnualSales>1500000</AnnualSales><AnnualRevenue>150000</AnnualRevenue><BankName>Primary Bank &amp; Reserve</BankName><BusinessType>BS</BusinessType><YearOpened>1976</YearOpened><Specialty>Mountain</Specialty><SquareFeet>38000</SquareFeet><Brands>4+</Brands><Internet>DSL</Internet><NumberEmployees>36</NumberEmployees></StoreSurvey>",,2014-09-12 11:15:07.497,True,2006-06-23,9999-12-31 00:00:00,0bb8fc1544f212c6cfc0e0d46404044224a3d22108d8d8642b35f910f306a55d
633,1468,Village Tours,6,279,"<StoreSurvey xmlns=""http://schemas.microsoft.com/sqlserver/2004/07/adventure-works/StoreSurvey""><AnnualSales>1500000</AnnualSales><AnnualRevenue>150000</AnnualRevenue><BankName>International Security</BankName><BusinessType>BS</BusinessType><YearOpened>1971</YearOpened><Specialty>Mountain</Specialty><SquareFeet>40000</SquareFeet><Brands>3</Brands><Internet>ISDN</Internet><NumberEmployees>37</NumberEmployees></StoreSurvey>",,2014-09-12 11:15:07.497,True,2006-06-23,9999-12-31 00:00:00,4d21b58b4a4938147d891c62d74cebd51a1179f8d1c0dd398f6e5adb84a4e0bc
634,1470,All Cycle Shop,7,280,"<StoreSurvey xmlns=""http://schemas.microsoft.com/sqlserver/2004/07/adventure-works/StoreSurvey""><AnnualSales>1000000</AnnualSales><AnnualRevenue>100000</AnnualRevenue><BankName>Primary International</BankName><BusinessType>BS</BusinessType><YearOpened>1998</YearOpened><Specialty>Mountain</Specialty><SquareFeet>25000</SquareFeet><Brands>3</Brands><Internet>DSL</Internet><NumberEmployees>27</NumberEmployees></StoreSurvey>",,2014-09-12 11:15:07.497,True,2006-06-23,9999-12-31 00:00:00,c10904930ea169f85f85fb91d86ca9562079a8068490422c83610328083ff78f
635,1472,Tachometers and Accessories,16,289,"<StoreSurvey xmlns=""http://schemas.microsoft.com/sqlserver/2004/07/adventure-works/StoreSurvey""><AnnualSales>1000000</AnnualSales><AnnualRevenue>100000</AnnualRevenue><BankName>Reserve Security</BankName><BusinessType>BS</BusinessType><YearOpened>1971</YearOpened><Specialty>Mountain</Specialty><SquareFeet>25000</SquareFeet><Brands>4+</Brands><Internet>DSL</Internet><NumberEmployees>28</NumberEmployees></StoreSurvey>",,2014-09-12 11:15:07.497,True,2006-06-23,9999-12-31 00:00:00,aa2adf97e81b0690de498e3b4268152fc24aeb7c05f2321a665a34f9923bef9d
636,1474,Cycles Sales and Repair,17,290,"<StoreSurvey xmlns=""http://schemas.microsoft.com/sqlserver/2004/07/adventure-works/StoreSurvey""><AnnualSales>1000000</AnnualSales><AnnualRevenue>100000</AnnualRevenue><BankName>United Security</BankName><BusinessType>BS</BusinessType><YearOpened>2001</YearOpened><Specialty>Touring</Specialty><SquareFeet>26000</SquareFeet><Brands>3</Brands><Internet>T1</Internet><NumberEmployees>29</NumberEmployees></StoreSurvey>",,2014-09-12 11:15:07.497,True,2006-06-23,9999-12-31 00:00:00,87c264b61325d57ee830ae60c2f9c2b31ecd64d312e6a3736176c4dcd90fb0ad
637,1476,Low Price Cycles,9,282,"<StoreSurvey xmlns=""http://schemas.microsoft.com/sqlserver/2004/07/adventure-works/StoreSurvey""><AnnualSales>1500000</AnnualSales><AnnualRevenue>150000</AnnualRevenue><BankName>International Bank</BankName><BusinessType>BS</BusinessType><YearOpened>1996</YearOpened><Specialty>Mountain</Specialty><SquareFeet>36000</SquareFeet><Brands>4+</Brands><Internet>DSL</Internet><NumberEmployees>30</NumberEmployees></StoreSurvey>",,2014-09-12 11:15:07.497,True,2006-06-23,9999-12-31 00:00:00,1ee638cc309ad5c0cf28d02b35bae63de4fc4087357aba3c6a5fdae221196ff4
638,1478,Metropolitan Manufacturing,8,281,"<StoreSurvey xmlns=""http://schemas.microsoft.com/sqlserver/2004/07/adventure-works/StoreSurvey""><AnnualSales>1500000</AnnualSales><AnnualRevenue>150000</AnnualRevenue><BankName>Primary Bank &amp; Reserve</BankName><BusinessType>BS</BusinessType><YearOpened>1990</YearOpened><Specialty>Road</Specialty><SquareFeet>39000</SquareFeet><Brands>4+</Brands><Internet>DSL</Internet><NumberEmployees>31</NumberEmployees></StoreSurvey>",,2014-09-12 11:15:07.497,True,2006-06-23,9999-12-31 00:00:00,351b12a453a2e26713c663ea5a1b57558883ec3ed52d87862372ecb46f52425e
639,1480,Orange Bicycle Company,4,277,"<StoreSurvey xmlns=""http://schemas.microsoft.com/sqlserver/2004/07/adventure-works/StoreSurvey""><AnnualSales>1500000</AnnualSales><AnnualRevenue>150000</AnnualRevenue><BankName>International Security</BankName><BusinessType>BS</BusinessType><YearOpened>1984</YearOpened><Specialty>Road</Specialty><SquareFeet>37000</SquareFeet><Brands>4+</Brands><Internet>T1</Internet><NumberEmployees>32</NumberEmployees></StoreSurvey>",,2014-09-12 11:15:07.497,True,2006-06-23,9999-12-31 00:00:00,4790c1a72ecb81571c23f10e3b4d470516ca6b76affbefd056f79b0802fb5447
640,1482,Riding Associates,7,280,"<StoreSurvey xmlns=""http://schemas.microsoft.com/sqlserver/2004/07/adventure-works/StoreSurvey""><AnnualSales>1500000</AnnualSales><AnnualRevenue>150000</AnnualRevenue><BankName>Guardian Bank</BankName><BusinessType>BS</BusinessType><YearOpened>1978</YearOpened><Specialty>Mountain</Specialty><SquareFeet>36000</SquareFeet><Brands>4+</Brands><Internet>DSL</Internet><NumberEmployees>33</NumberEmployees></StoreSurvey>",,2014-09-12 11:15:07.497,True,2006-06-23,9999-12-31 00:00:00,574efccc766411a89fef61e80f7f0c801b8c4e3c0da1bd513fdf738c7c4c34a9
641,1484,Essential Bike Works,16,289,"<StoreSurvey xmlns=""http://schemas.microsoft.com/sqlserver/2004/07/adventure-works/StoreSurvey""><AnnualSales>1500000</AnnualSales><AnnualRevenue>150000</AnnualRevenue><BankName>Primary International</BankName><BusinessType>BS</BusinessType><YearOpened>1972</YearOpened><Specialty>Road</Specialty><SquareFeet>39000</SquareFeet><Brands>4+</Brands><Internet>DSL</Internet><NumberEmployees>34</NumberEmployees></StoreSurvey>",,2014-09-12 11:15:07.497,True,2006-06-23,9999-12-31 00:00:00,1587258cbb49ed4057061d2e590d8e9806581f2aa048713e692f6b2ed76ad7b2
642,1486,Rural Mountain Bike Mart,17,290,"<StoreSurvey xmlns=""http://schemas.microsoft.com/sqlserver/2004/07/adventure-works/StoreSurvey""><AnnualSales>1500000</AnnualSales><AnnualRevenue>150000</AnnualRevenue><BankName>Reserve Security</BankName><BusinessType>BS</BusinessType><YearOpened>1988</YearOpened><Specialty>Road</Specialty><SquareFeet>39000</SquareFeet><Brands>4+</Brands><Internet>T1</Internet><NumberEmployees>35</NumberEmployees></StoreSurvey>",,2014-09-12 11:15:07.497,True,2006-06-23,9999-12-31 00:00:00,390668ca73202f2d1cbe01a6139d3f4ee7050bd239b841f96547657417f77f95
643,1488,City Cycling,9,282,"<StoreSurvey xmlns=""http://schemas.microsoft.com/sqlserver/2004/07/adventure-works/StoreSurvey""><AnnualSales>1500000</AnnualSales><AnnualRevenue>150000</AnnualRevenue><BankName>United Security</BankName><BusinessType>BS</BusinessType><YearOpened>1976</YearOpened><Specialty>Road</Specialty><SquareFeet>37000</SquareFeet><Brands>2</Brands><Internet>T1</Internet><NumberEmployees>36</NumberEmployees></StoreSurvey>",,2014-09-12 11:15:07.497,True,2006-06-23,9999-12-31 00:00:00,91b94c94a80cf92f15f6a9e2846b90577f1914c0b1a631ec87e2f4bd472bdd11
644,1490,Engineered Bike Systems,8,281,"<StoreSurvey xmlns=""http://schemas.microsoft.com/sqlserver/2004/07/adventure-works/StoreSurvey""><AnnualSales>1500000</AnnualSales><AnnualRevenue>150000</AnnualRevenue><BankName>International Bank</BankName><BusinessType>BS</BusinessType><YearOpened>1971</YearOpened><Specialty>Touring</Specialty><SquareFeet>40000</SquareFeet><Brands>4+</Brands><Internet>T2</Internet><NumberEmployees>37</NumberEmployees></StoreSurvey>",,2014-09-12 11:15:07.497,True,2006-06-23,9999-12-31 00:00:00,8611775374316f8e08ecad4ca06945e65f665c31b4f9a2d2ef861751316313db
645,1796,Professional Containers and Packaging Co.,8,281,"<StoreSurvey xmlns=""http://schemas.microsoft.com/sqlserver/2004/07/adventure-works/StoreSurvey""><AnnualSales>1500000</AnnualSales><AnnualRevenue>150000</AnnualRevenue><BankName>International Security</BankName><BusinessType>BS</BusinessType><YearOpened>1997</YearOpened><Specialty>Mountain</Specialty><SquareFeet>38000</SquareFeet><Brands>4+</Brands><Internet>DSL</Internet><NumberEmployees>46</NumberEmployees></StoreSurvey>",,2014-09-12 11:15:07.497,True,2006-06-23,9999-12-31 00:00:00,a1041f9d89d71e7fb4397c41d22a0d228ac1739fe1ed67e4b1f988a5fc6d4531
646,1798,One Bike Company,9,282,"<StoreSurvey xmlns=""http://schemas.microsoft.com/sqlserver/2004/07/adventure-works/StoreSurvey""><AnnualSales>1500000</AnnualSales><AnnualRevenue>150000</AnnualRevenue><BankName>Primary Bank &amp; Reserve</BankName><BusinessType>BS</BusinessType><YearOpened>1989</YearOpened><Specialty>Mountain</Specialty><SquareFeet>41000</SquareFeet><Brands>3</Brands><Internet>DSL</Internet><NumberEmployees>49</NumberEmployees></StoreSurvey>",,2014-09-12 11:15:07.497,True,2006-06-23,9999-12-31 00:00:00,46a81896345f334e4ab2f5bb55989ccbfe21a768ca8daf10b16d3b1aa41605bd
647,1800,Hiatus Bike Tours,17,290,"<StoreSurvey xmlns=""http://schemas.microsoft.com/sqlserver/2004/07/adventure-works/StoreSurvey""><AnnualSales>1500000</AnnualSales><AnnualRevenue>150000</AnnualRevenue><BankName>International Bank</BankName><BusinessType>BS</BusinessType><YearOpened>1994</YearOpened><Specialty>Touring</Specialty><SquareFeet>40000</SquareFeet><Brands>2</Brands><Internet>T2</Internet><NumberEmployees>48</NumberEmployees></StoreSurvey>",,2014-09-12 11:15:07.497,True,2006-06-23,9999-12-31 00:00:00,8add476d0bbd7c1c271bf39cffee3275beacb40cb6dc45c11b40699215367731
648,1802,Cycling Goods,16,289,"<StoreSurvey xmlns=""http://schemas.microsoft.com/sqlserver/2004/07/adventure-works/StoreSurvey""><AnnualSales>1500000</AnnualSales><AnnualRevenue>150000</AnnualRevenue><BankName>United Security</BankName><BusinessType>BS</BusinessType><YearOpened>1986</YearOpened><Specialty>Road</Specialty><SquareFeet>37000</SquareFeet><Brands>4+</Brands><Internet>DSL</Internet><NumberEmployees>47</NumberEmployees></StoreSurvey>",,2014-09-12 11:15:07.497,True,2006-06-23,9999-12-31 00:00:00,7a484d3800b93f3f8f3275ada578ae71478cc1fadaa77be251e22c96043f237b
649,1804,Cycle Clearance,7,280,"<StoreSurvey xmlns=""http://schemas.microsoft.com/sqlserver/2004/07/adventure-works/StoreSurvey""><AnnualSales>1500000</AnnualSales><AnnualRevenue>150000</AnnualRevenue><BankName>Reserve Security</BankName><BusinessType>BS</BusinessType><YearOpened>1991</YearOpened><Specialty>Touring</Specialty><SquareFeet>40000</SquareFeet><Brands>2</Brands><Internet>T1</Internet><NumberEmployees>46</NumberEmployees></StoreSurvey>",,2014-09-12 11:15:07.497,True,2006-06-23,9999-12-31 00:00:00,844cf5ecc290a0c1819cdcee64c5f8b570fd0c87e3e5473e6f3c1dd702dc11d7
650,1806,Black Bicycle Company,4,277,"<StoreSurvey xmlns=""http://schemas.microsoft.com/sqlserver/2004/07/adventure-works/StoreSurvey""><AnnualSales>1500000</AnnualSales><AnnualRevenue>150000</AnnualRevenue><BankName>Primary International</BankName><BusinessType>BS</BusinessType><YearOpened>1983</YearOpened><Specialty>Mountain</Specialty><SquareFeet>40000</SquareFeet><Brands>4+</Brands><Internet>DSL</Internet><NumberEmployees>45</NumberEmployees></StoreSurvey>",,2014-09-12 11:15:07.497,True,2006-06-23,9999-12-31 00:00:00,447cdb29ca0af3774761482d32fa7feaf0922c12cd3693f59ac99a3f164047cc
651,1808,Transport Bikes,8,281,"<StoreSurvey xmlns=""http://schemas.microsoft.com/sqlserver/2004/07/adventure-works/StoreSurvey""><AnnualSales>1500000</AnnualSales><AnnualRevenue>150000</AnnualRevenue><BankName>Guardian Bank</BankName><BusinessType>BS</BusinessType><YearOpened>1988</YearOpened><Specialty>Touring</Specialty><SquareFeet>41000</SquareFeet><Brands>3</Brands><Internet>ISDN</Internet><NumberEmployees>44</NumberEmployees></StoreSurvey>",,2014-09-12 11:15:07.497,True,2006-06-23,9999-12-31 00:00:00,76bfd05c6723310d4cc8fcbe3deb8716f39032e49f60aa3373dd5e0faab9ac81
652,1810,Sellers of Cycles,7,280,"<StoreSurvey xmlns=""http://schemas.microsoft.com/sqlserver/2004/07/adventure-works/StoreSurvey""><AnnualSales>1500000</AnnualSales><AnnualRevenue>150000</AnnualRevenue><BankName>International Security</BankName><BusinessType>BS</BusinessType><YearOpened>1980</YearOpened><Specialty>Road</Specialty><SquareFeet>37000</SquareFeet><Brands>4+</Brands><Internet>DSL</Internet><NumberEmployees>43</NumberEmployees></StoreSurvey>",,2014-09-12 11:15:07.497,True,2006-06-23,9999-12-31 00:00:00,6a057d51796fd8f8dd4fe46e4b2f317fdf1d4a92f3bb2a0883cc993391d25541
653,1812,Maintenance and Repair for Bicycles,4,277,"<StoreSurvey xmlns=""http://schemas.microsoft.com/sqlserver/2004/07/adventure-works/StoreSurvey""><AnnualSales>1500000</AnnualSales><AnnualRevenue>150000</AnnualRevenue><BankName>Primary Bank &amp; Reserve</BankName><BusinessType>BS</BusinessType><YearOpened>1985</YearOpened><Specialty>Touring</Specialty><SquareFeet>41000</SquareFeet><Brands>4+</Brands><Internet>DSL</Internet><NumberEmployees>42</NumberEmployees></StoreSurvey>",,2014-09-12 11:15:07.497,True,2006-06-23,9999-12-31 00:00:00,de1d76c6dd2b0fbb0e31e1a211e41518c7a79afb839500d87d0a439aaf0c2d64
654,1814,Fitness Department Stores,8,281,"<StoreSurvey xmlns=""http://schemas.microsoft.com/sqlserver/2004/07/adventure-works/StoreSurvey""><AnnualSales>1500000</AnnualSales><AnnualRevenue>150000</AnnualRevenue><BankName>International Bank</BankName><BusinessType>BS</BusinessType><YearOpened>1977</YearOpened><Specialty>Touring</Specialty><SquareFeet>37000</SquareFeet><Brands>3</Brands><Internet>T2</Internet><NumberEmployees>41</NumberEmployees></StoreSurvey>",,2014-09-12 11:15:07.497,True,2006-06-23,9999-12-31 00:00:00,74a19f27f425a86fdc22fc9167f8bed1ff8448e675983a3c39c3f774fd9e72b2
655,1816,Famous Bike Shop,5,278,"<StoreSurvey xmlns=""http://schemas.microsoft.com/sqlserver/2004/07/adventure-works/StoreSurvey""><AnnualSales>1500000</AnnualSales><AnnualRevenue>150000</AnnualRevenue><BankName>United Security</BankName><BusinessType>BS</BusinessType><YearOpened>1982</YearOpened><Specialty>Mountain</Specialty><SquareFeet>37000</SquareFeet><Brands>4+</Brands><Internet>DSL</Internet><NumberEmployees>40</NumberEmployees></StoreSurvey>",,2014-09-12 11:15:07.497,True,2006-06-23,9999-12-31 00:00:00,12f5564c011cbf20b0d1eac178c1f6355a2f855843b5beb19e15ad16cda0beaa
656,1818,Eastward Bike Accessories,13,286,"<StoreSurvey xmlns=""http://schemas.microsoft.com/sqlserver/2004/07/adventure-works/StoreSurvey""><AnnualSales>1500000</AnnualSales><AnnualRevenue>150000</AnnualRevenue><BankName>Reserve Security</BankName><BusinessType>BS</BusinessType><YearOpened>1974</YearOpened><Specialty>Touring</Specialty><SquareFeet>39000</SquareFeet><Brands>3</Brands><Internet>DSL</Internet><NumberEmployees>39</NumberEmployees></StoreSurvey>",,2014-09-12 11:15:07.497,True,2006-06-23,9999-12-31 00:00:00,518d695990d4bb3da3eeaeb74c43904023eed2334359fc1ceb71ac99362ff891
657,1820,Strong Metal Manufacturing,2,275,"<StoreSurvey xmlns=""http://schemas.microsoft.com/sqlserver/2004/07/adventure-works/StoreSurvey""><AnnualSales>1500000</AnnualSales><AnnualRevenue>150000</AnnualRevenue><BankName>Primary International</BankName><BusinessType>BS</BusinessType><YearOpened>1979</YearOpened><Specialty>Road</Specialty><SquareFeet>36000</SquareFeet><Brands>4+</Brands><Internet>DSL</Internet><NumberEmployees>38</NumberEmployees></StoreSurvey>",,2014-09-12 11:15:07.497,True,2006-06-23,9999-12-31 00:00:00,54de085a385cbe062fb858d40d33deb81023d6d1b965ccd678b96e0ffdde7ed6
658,1822,Gift and Toy Store,4,277,"<StoreSurvey xmlns=""http://schemas.microsoft.com/sqlserver/2004/07/adventure-works/StoreSurvey""><AnnualSales>1500000</AnnualSales><AnnualRevenue>150000</AnnualRevenue><BankName>Guardian Bank</BankName><BusinessType>BS</BusinessType><YearOpened>1971</YearOpened><Specialty>Road</Specialty><SquareFeet>36000</SquareFeet><Brands>4+</Brands><Internet>DSL</Internet><NumberEmployees>37</NumberEmployees></StoreSurvey>",,2014-09-12 11:15:07.497,True,2006-06-23,9999-12-31 00:00:00,a6878e03e68c999baecff66fdcadf996665df592719dfe1d10656e489b03c20d
659,1824,Major Sporting Goods,3,276,"<StoreSurvey xmlns=""http://schemas.microsoft.com/sqlserver/2004/07/adventure-works/StoreSurvey""><AnnualSales>1500000</AnnualSales><AnnualRevenue>150000</AnnualRevenue><BankName>International Security</BankName><BusinessType>BS</BusinessType><YearOpened>1976</YearOpened><Specialty>Road</Specialty><SquareFeet>40000</SquareFeet><Brands>4+</Brands><Internet>DSL</Internet><NumberEmployees>36</NumberEmployees></StoreSurvey>",,2014-09-12 11:15:07.497,True,2006-06-23,9999-12-31 00:00:00,ab6f73e331141d78ac84f2fcb194744c4625c7a2b86d2c82ecd3bca20073028b
660,1826,Executive Discount Store,6,279,"<StoreSurvey xmlns=""http://schemas.microsoft.com/sqlserver/2004/07/adventure-works/StoreSurvey""><AnnualSales>1500000</AnnualSales><AnnualRevenue>150000</AnnualRevenue><BankName>Primary Bank &amp; Reserve</BankName><BusinessType>BS</BusinessType><YearOpened>1988</YearOpened><Specialty>Road</Specialty><SquareFeet>39000</SquareFeet><Brands>4+</Brands><Internet>T1</Internet><NumberEmployees>35</NumberEmployees></StoreSurvey>",,2014-09-12 11:15:07.497,True,2006-06-23,9999-12-31 00:00:00,b56a6c3520e7e1c0e3a1702cfe724010656dd0ec738ee20977d3804c397ef14c
661,1828,Major Cycling,9,282,"<StoreSurvey xmlns=""http://schemas.microsoft.com/sqlserver/2004/07/adventure-works/StoreSurvey""><AnnualSales>3000000</AnnualSales><AnnualRevenue>300000</AnnualRevenue><BankName>International Security</BankName><BusinessType>OS</BusinessType><YearOpened>1995</YearOpened><Specialty>Road</Specialty><SquareFeet>77000</SquareFeet><Brands>2</Brands><Internet>T2</Internet><NumberEmployees>79</NumberEmployees></StoreSurvey>",,2014-09-12 11:15:07.497,True,2006-06-23,9999-12-31 00:00:00,0256d7991c168ec1f5647f1cc40fff39ec37fd73b6571fc1086f302befdcba35
662,1830,Getaway Inn,17,290,"<StoreSurvey xmlns=""http://schemas.microsoft.com/sqlserver/2004/07/adventure-works/StoreSurvey""><AnnualSales>3000000</AnnualSales><AnnualRevenue>300000</AnnualRevenue><BankName>Primary Bank &amp; Reserve</BankName><BusinessType>OS</BusinessType><YearOpened>1987</YearOpened><Specialty>Road</Specialty><SquareFeet>75000</SquareFeet><Brands>4+</Brands><Internet>T1</Internet><NumberEmployees>80</NumberEmployees></StoreSurvey>",,2014-09-12 11:15:07.497,True,2006-06-23,9999-12-31 00:00:00,774d8fd264191f4a4ebe97c3d95daf55c0291e1077ce838b638f4fefe88f4944
663,1832,Downhill Bicycle Specialists,16,289,"<StoreSurvey xmlns=""http://schemas.microsoft.com/sqlserver/2004/07/adventure-works/StoreSurvey""><AnnualSales>3000000</AnnualSales><AnnualRevenue>300000</AnnualRevenue><BankName>International Bank</BankName><BusinessType>OS</BusinessType><YearOpened>1992</YearOpened><Specialty>Mountain</Specialty><SquareFeet>77000</SquareFeet><Brands>2</Brands><Internet>DSL</Internet><NumberEmployees>81</NumberEmployees></StoreSurvey>",,2014-09-12 11:15:07.497,True,2006-06-23,9999-12-31 00:00:00,73f5ccbfeb9043574f8284f7f0de8e80503d77babd3dad62949c374558b75e66
664,1834,Bike Experts,7,280,"<StoreSurvey xmlns=""http://schemas.microsoft.com/sqlserver/2004/07/adventure-works/StoreSurvey""><AnnualSales>3000000</AnnualSales><AnnualRevenue>300000</AnnualRevenue><BankName>United Security</BankName><BusinessType>OS</BusinessType><YearOpened>1984</YearOpened><Specialty>Mountain</Specialty><SquareFeet>73000</SquareFeet><Brands>4+</Brands><Internet>DSL</Internet><NumberEmployees>82</NumberEmployees></StoreSurvey>",,2014-09-12 11:15:07.497,True,2006-06-23,9999-12-31 00:00:00,d70857571db509e1e6e9795a3b6b69340a74f47ea9d4cb1d31c50e0339c5cd55
665,1836,Extraordinary Bike Works,4,277,"<StoreSurvey xmlns=""http://schemas.microsoft.com/sqlserver/2004/07/adventure-works/StoreSurvey""><AnnualSales>3000000</AnnualSales><AnnualRevenue>300000</AnnualRevenue><BankName>Reserve Security</BankName><BusinessType>OS</BusinessType><YearOpened>1989</YearOpened><Specialty>Mountain</Specialty><SquareFeet>75000</SquareFeet><Brands>2</Brands><Internet>T2</Internet><NumberEmployees>83</NumberEmployees></StoreSurvey>",,2014-09-12 11:15:07.497,True,2006-06-23,9999-12-31 00:00:00,5d9a8837c16dadb8b2f0cdd68558dc6b8ed577f1a697b2ac6e0433c69249f105
666,1838,Valley Bicycle Distributors,8,281,"<StoreSurvey xmlns=""http://schemas.microsoft.com/sqlserver/2004/07/adventure-works/StoreSurvey""><AnnualSales>3000000</AnnualSales><AnnualRevenue>300000</AnnualRevenue><BankName>Primary International</BankName><BusinessType>OS</BusinessType><YearOpened>1981</YearOpened><Specialty>Road</Specialty><SquareFeet>76000</SquareFeet><Brands>4+</Brands><Internet>DSL</Internet><NumberEmployees>84</NumberEmployees></StoreSurvey>",,2014-09-12 11:15:07.497,True,2006-06-23,9999-12-31 00:00:00,6fb263fb543b3180e0f7589fc600133d9e1db761a5d241541a901c8b4dde1d98
667,1840,Top Sports Supply,9,282,"<StoreSurvey xmlns=""http://schemas.microsoft.com/sqlserver/2004/07/adventure-works/StoreSurvey""><AnnualSales>3000000</AnnualSales><AnnualRevenue>300000</AnnualRevenue><BankName>Guardian Bank</BankName><BusinessType>OS</BusinessType><YearOpened>1986</YearOpened><Specialty>Mountain</Specialty><SquareFeet>78000</SquareFeet><Brands>3</Brands><Internet>DSL</Internet><NumberEmployees>85</NumberEmployees></StoreSurvey>",,2014-09-12 11:15:07.497,True,2006-06-23,9999-12-31 00:00:00,093eddcd87753f24577fc7abf0bf6b05ea64220b386bd0cdf26d29accd2e9293
668,1842,Racing Sales and Service,17,290,"<StoreSurvey xmlns=""http://schemas.microsoft.com/sqlserver/2004/07/adventure-works/StoreSurvey""><AnnualSales>3000000</AnnualSales><AnnualRevenue>300000</AnnualRevenue><BankName>International Security</BankName><BusinessType>OS</BusinessType><YearOpened>1978</YearOpened><Specialty>Road</Specialty><SquareFeet>77000</SquareFeet><Brands>3</Brands><Internet>DSL</Internet><NumberEmployees>86</NumberEmployees></StoreSurvey>",,2014-09-12 11:15:07.497,True,2006-06-23,9999-12-31 00:00:00,accc38ccd73b9387cda1fb8caf13434216379fa0d46a98151b824bbd9a1c0f0b
669,1844,Metropolitan Bicycle Supply,16,289,"<StoreSurvey xmlns=""http://schemas.microsoft.com/sqlserver/2004/07/adventure-works/StoreSurvey""><AnnualSales>3000000</AnnualSales><AnnualRevenue>300000</AnnualRevenue><BankName>Primary Bank &amp; Reserve</BankName><BusinessType>OS</BusinessType><YearOpened>1983</YearOpened><Specialty>Mountain</Specialty><SquareFeet>78000</SquareFeet><Brands>4+</Brands><Internet>DSL</Internet><NumberEmployees>87</NumberEmployees></StoreSurvey>",,2014-09-12 11:15:07.497,True,2006-06-23,9999-12-31 00:00:00,ce2f1be6cd493517e0b4e460b091039b985a8b8f2d8b24718f612ce1a4b07c0f
670,1846,Honest Repair Service,7,280,"<StoreSurvey xmlns=""http://schemas.microsoft.com/sqlserver/2004/07/adventure-works/StoreSurvey""><AnnualSales>3000000</AnnualSales><AnnualRevenue>300000</AnnualRevenue><BankName>International Bank</BankName><BusinessType>OS</BusinessType><YearOpened>1975</YearOpened><Specialty>Touring</Specialty><SquareFeet>77000</SquareFeet><Brands>3</Brands><Internet>DSL</Internet><NumberEmployees>88</NumberEmployees></StoreSurvey>",,2014-09-12 11:15:07.497,True,2006-06-23,9999-12-31 00:00:00,04738d9567781856b7057603f7187c9223b89921a9686a239437a1c03e423238
671,1848,Designer Department Stores,4,277,"<StoreSurvey xmlns=""http://schemas.microsoft.com/sqlserver/2004/07/adventure-works/StoreSurvey""><AnnualSales>3000000</AnnualSales><AnnualRevenue>300000</AnnualRevenue><BankName>United Security</BankName><BusinessType>OS</BusinessType><YearOpened>1980</YearOpened><Specialty>Road</Specialty><SquareFeet>74000</SquareFeet><Brands>3</Brands><Internet>T2</Internet><NumberEmployees>89</NumberEmployees></StoreSurvey>",,2014-09-12 11:15:07.497,True,2006-06-23,9999-12-31 00:00:00,04c14d0d03d39080e08902c3068399f7fe584133c2c0e3cca59b8a438a854277
672,1850,Wheel Gallery,8,281,"<StoreSurvey xmlns=""http://schemas.microsoft.com/sqlserver/2004/07/adventure-works/StoreSurvey""><AnnualSales>3000000</AnnualSales><AnnualRevenue>300000</AnnualRevenue><BankName>Reserve Security</BankName><BusinessType>OS</BusinessType><YearOpened>1972</YearOpened><Specialty>Road</Specialty><SquareFeet>79000</SquareFeet><Brands>2</Brands><Internet>DSL</Internet><NumberEmployees>90</NumberEmployees></StoreSurvey>",,2014-09-12 11:15:07.497,True,2006-06-23,9999-12-31 00:00:00,86f2a6ad1f50302edc9ddf0087544a4f8f23c365dbb4f5796126e33085e74400
673,1852,Top Bike Market,5,278,"<StoreSurvey xmlns=""http://schemas.microsoft.com/sqlserver/2004/07/adventure-works/StoreSurvey""><AnnualSales>3000000</AnnualSales><AnnualRevenue>300000</AnnualRevenue><BankName>International Bank</BankName><BusinessType>OS</BusinessType><YearOpened>1987</YearOpened><Specialty>Touring</Specialty><SquareFeet>75000</SquareFeet><Brands>3</Brands><Internet>T1</Internet><NumberEmployees>80</NumberEmployees></StoreSurvey>",,2014-09-12 11:15:07.497,True,2006-06-23,9999-12-31 00:00:00,20816224ace37182d962b62f2707ab4c702b47aafbe6abc71554bffb41f71e4d
674,1854,Region Bike Company,13,286,"<StoreSurvey xmlns=""http://schemas.microsoft.com/sqlserver/2004/07/adventure-works/StoreSurvey""><AnnualSales>3000000</AnnualSales><AnnualRevenue>300000</AnnualRevenue><BankName>United Security</BankName><BusinessType>OS</BusinessType><YearOpened>1992</YearOpened><Specialty>Road</Specialty><SquareFeet>75000</SquareFeet><Brands>2</Brands><Internet>DSL</Internet><NumberEmployees>81</NumberEmployees></StoreSurvey>",,2014-09-12 11:15:07.497,True,2006-06-23,9999-12-31 00:00:00,203768f61beb67f19c6d1518b435875b67c2af9a0b4bf3651a069106e22e57af
675,1856,Grown-up Bike Store,2,275,"<StoreSurvey xmlns=""http://schemas.microsoft.com/sqlserver/2004/07/adventure-works/StoreSurvey""><AnnualSales>3000000</AnnualSales><AnnualRevenue>300000</AnnualRevenue><BankName>Reserve Security</BankName><BusinessType>OS</BusinessType><YearOpened>1984</YearOpened><Specialty>Mountain</Specialty><SquareFeet>75000</SquareFeet><Brands>3</Brands><Internet>DSL</Internet><NumberEmployees>82</NumberEmployees></StoreSurvey>",,2014-09-12 11:15:07.497,True,2006-06-23,9999-12-31 00:00:00,0d401f0047f1b73d7241c8088561e2eca7355d838054d34a59f27504cc7e8c8c
676,1858,Bicycle Lines Distributors,4,277,"<StoreSurvey xmlns=""http://schemas.microsoft.com/sqlserver/2004/07/adventure-works/StoreSurvey""><AnnualSales>3000000</AnnualSales><AnnualRevenue>300000</AnnualRevenue><BankName>Primary International</BankName><BusinessType>OS</BusinessType><YearOpened>1989</YearOpened><Specialty>Mountain</Specialty><SquareFeet>77000</SquareFeet><Brands>3</Brands><Internet>DSL</Internet><NumberEmployees>83</NumberEmployees></StoreSurvey>",,2014-09-12 11:15:07.497,True,2006-06-23,9999-12-31 00:00:00,71091059dda3011caf87f059a20c3fa15e59316f91afef49dffd1e73819745f2
677,1860,Sparkling Paint and Finishes,3,276,"<StoreSurvey xmlns=""http://schemas.microsoft.com/sqlserver/2004/07/adventure-works/StoreSurvey""><AnnualSales>3000000</AnnualSales><AnnualRevenue>300000</AnnualRevenue><BankName>Guardian Bank</BankName><BusinessType>OS</BusinessType><YearOpened>1981</YearOpened><Specialty>Mountain</Specialty><SquareFeet>76000</SquareFeet><Brands>2</Brands><Internet>DSL</Internet><NumberEmployees>84</NumberEmployees></StoreSurvey>",,2014-09-12 11:15:07.497,True,2006-06-23,9999-12-31 00:00:00,e2f75c7581e819c6cf1115f81abda66ac33913b41dec30d4b64ccc6c1737add7
678,1862,Racing Association,6,279,"<StoreSurvey xmlns=""http://schemas.microsoft.com/sqlserver/2004/07/adventure-works/StoreSurvey""><AnnualSales>3000000</AnnualSales><AnnualRevenue>300000</AnnualRevenue><BankName>International Security</BankName><BusinessType>OS</BusinessType><YearOpened>1986</YearOpened><Specialty>Road</Specialty><SquareFeet>76000</SquareFeet><Brands>3</Brands><Internet>T1</Internet><NumberEmployees>85</NumberEmployees></StoreSurvey>",,2014-09-12 11:15:07.497,True,2006-06-23,9999-12-31 00:00:00,1bbe71049bb0970d6ad7c3cfc21ff5ef17861a2eba31b11a45f1fa1773cd505e
679,1864,Plastic Parts Company,5,278,"<StoreSurvey xmlns=""http://schemas.microsoft.com/sqlserver/2004/07/adventure-works/StoreSurvey""><AnnualSales>3000000</AnnualSales><AnnualRevenue>300000</AnnualRevenue><BankName>Primary Bank &amp; Reserve</BankName><BusinessType>OS</BusinessType><YearOpened>1978</YearOpened><Specialty>Mountain</Specialty><SquareFeet>76000</SquareFeet><Brands>4+</Brands><Internet>DSL</Internet><NumberEmployees>86</NumberEmployees></StoreSurvey>",,2014-09-12 11:15:07.497,True,2006-06-23,9999-12-31 00:00:00,a7b02eba5f9cc08646d05e84586f922854058eba703e9f7066f1ea4c58c6b69b
680,1866,Gears and Parts Company,13,286,"<StoreSurvey xmlns=""http://schemas.microsoft.com/sqlserver/2004/07/adventure-works/StoreSurvey""><AnnualSales>3000000</AnnualSales><AnnualRevenue>300000</AnnualRevenue><BankName>International Bank</BankName><BusinessType>OS</BusinessType><YearOpened>1983</YearOpened><Specialty>Touring</Specialty><SquareFeet>74000</SquareFeet><Brands>2</Brands><Internet>T1</Internet><NumberEmployees>87</NumberEmployees></StoreSurvey>",,2014-09-12 11:15:07.497,True,2006-06-23,9999-12-31 00:00:00,59c082aab25dda9daf5ccee850ed4e2313a5c301a8c569b69baba418da7c161c
681,1868,Executive Gift Store,2,275,"<StoreSurvey xmlns=""http://schemas.microsoft.com/sqlserver/2004/07/adventure-works/StoreSurvey""><AnnualSales>3000000</AnnualSales><AnnualRevenue>300000</AnnualRevenue><BankName>United Security</BankName><BusinessType>OS</BusinessType><YearOpened>1975</YearOpened><Specialty>Mountain</Specialty><SquareFeet>76000</SquareFeet><Brands>3</Brands><Internet>DSL</Internet><NumberEmployees>88</NumberEmployees></StoreSurvey>",,2014-09-12 11:15:07.497,True,2006-06-23,9999-12-31 00:00:00,44f2a8e860ebc0f7ad86427316ff80d337a6544e6235e683a1aca4ab6ce1587d
682,1870,Big Cycle Mall,4,277,"<StoreSurvey xmlns=""http://schemas.microsoft.com/sqlserver/2004/07/adventure-works/StoreSurvey""><AnnualSales>3000000</AnnualSales><AnnualRevenue>300000</AnnualRevenue><BankName>Reserve Security</BankName><BusinessType>OS</BusinessType><YearOpened>1980</YearOpened><Specialty>Touring</Specialty><SquareFeet>77000</SquareFeet><Brands>4+</Brands><Internet>DSL</Internet><NumberEmployees>89</NumberEmployees></StoreSurvey>",,2014-09-12 11:15:07.497,True,2006-06-23,9999-12-31 00:00:00,6966c5436125bc8c7ab9d9b564674f99b34a7b3702d5c661c333511250063930
683,1872,Budget Bike Company,6,279,"<StoreSurvey xmlns=""http://schemas.microsoft.com/sqlserver/2004/07/adventure-works/StoreSurvey""><AnnualSales>800000</AnnualSales><AnnualRevenue>80000</AnnualRevenue><BankName>International Bank</BankName><BusinessType>BM</BusinessType><YearOpened>1997</YearOpened><Specialty>Road</Specialty><SquareFeet>22000</SquareFeet><Brands>AW</Brands><Internet>ISDN</Internet><NumberEmployees>18</NumberEmployees></StoreSurvey>",,2014-09-12 11:15:07.497,True,2006-06-23,9999-12-31 00:00:00,2af45870d8436b85b5da146c685f898e2b5a766612820e991173a89eeb0782a9
684,1874,Eighth Bike Store,8,281,"<StoreSurvey xmlns=""http://schemas.microsoft.com/sqlserver/2004/07/adventure-works/StoreSurvey""><AnnualSales>800000</AnnualSales><AnnualRevenue>80000</AnnualRevenue><BankName>Primary Bank &amp; Reserve</BankName><BusinessType>BM</BusinessType><YearOpened>1975</YearOpened><Specialty>Touring</Specialty><SquareFeet>21000</SquareFeet><Brands>3</Brands><Internet>T2</Internet><NumberEmployees>19</NumberEmployees></StoreSurvey>",,2014-09-12 11:15:07.497,True,2006-06-23,9999-12-31 00:00:00,0b363abd0025c176dd54584cf5e0abf991d059bb58082f0ac6cffc17773290ed
685,1876,Demand Distributors,10,283,"<StoreSurvey xmlns=""http://schemas.microsoft.com/sqlserver/2004/07/adventure-works/StoreSurvey""><AnnualSales>1000000</AnnualSales><AnnualRevenue>100000</AnnualRevenue><BankName>International Security</BankName><BusinessType>BM</BusinessType><YearOpened>2000</YearOpened><Specialty>Road</Specialty><SquareFeet>24000</SquareFeet><Brands>4+</Brands><Internet>T1</Internet><NumberEmployees>20</NumberEmployees></StoreSurvey>",,2014-09-12 11:15:07.497,True,2006-06-23,9999-12-31 00:00:00,c84568e5e0371be62f90ebe5b6e33bb7a243f66842142d6d0905f4acc08697f5
686,1878,Immediate Repair Shop,2,275,"<StoreSurvey xmlns=""http://schemas.microsoft.com/sqlserver/2004/07/adventure-works/StoreSurvey""><AnnualSales>800000</AnnualSales><AnnualRevenue>80000</AnnualRevenue><BankName>Guardian Bank</BankName><BusinessType>BM</BusinessType><YearOpened>2000</YearOpened><Specialty>Mountain</Specialty><SquareFeet>22000</SquareFeet><Brands>4+</Brands><Internet>T2</Internet><NumberEmployees>17</NumberEmployees></StoreSurvey>",,2014-09-12 11:15:07.497,True,2006-06-23,9999-12-31 00:00:00,4b69f6e39a6c74f72405bf6152c0af4994363e3a9e31cd748f944e5375245160
687,1880,Off-Price Bike Center,15,288,"<StoreSurvey xmlns=""http://schemas.microsoft.com/sqlserver/2004/07/adventure-works/StoreSurvey""><AnnualSales>800000</AnnualSales><AnnualRevenue>80000</AnnualRevenue><BankName>Primary International</BankName><BusinessType>BM</BusinessType><YearOpened>1994</YearOpened><Specialty>Touring</Specialty><SquareFeet>22000</SquareFeet><Brands>4+</Brands><Internet>T1</Internet><NumberEmployees>14</NumberEmployees></StoreSurvey>",,2014-09-12 11:15:07.497,True,2006-06-23,9999-12-31 00:00:00,437e557782788acbd640fd857f912dc83fa80afb0bb3e0ee439083990cb5d974
688,1882,Red Bicycle Company,9,282,"<StoreSurvey xmlns=""http://schemas.microsoft.com/sqlserver/2004/07/adventure-works/StoreSurvey""><AnnualSales>800000</AnnualSales><AnnualRevenue>80000</AnnualRevenue><BankName>Reserve Security</BankName><BusinessType>BM</BusinessType><YearOpened>1988</YearOpened><Specialty>Mountain</Specialty><SquareFeet>18000</SquareFeet><Brands>3</Brands><Internet>DSL</Internet><NumberEmployees>11</NumberEmployees></StoreSurvey>",,2014-09-12 11:15:07.497,True,2006-06-23,9999-12-31 00:00:00,7090d2e5b667bc9632ed5227c326a34ac68138956c5b8119f9f3ef4c36210ed8
689,1884,Retirement Activities Association,6,279,"<StoreSurvey xmlns=""http://schemas.microsoft.com/sqlserver/2004/07/adventure-works/StoreSurvey""><AnnualSales>300000</AnnualSales><AnnualRevenue>30000</AnnualRevenue><BankName>United Security</BankName><BusinessType>BM</BusinessType><YearOpened>1982</YearOpened><Specialty>Road</Specialty><SquareFeet>11000</SquareFeet><Brands>4+</Brands><Internet>T1</Internet><NumberEmployees>8</NumberEmployees></StoreSurvey>",,2014-09-12 11:15:07.497,True,2006-06-23,9999-12-31 00:00:00,4a0da5d769cc7255f13c1c6e5cddfb37d21fbdef9863c29489e04b632e7c0bf9
690,1886,Trendy Department Stores,8,281,"<StoreSurvey xmlns=""http://schemas.microsoft.com/sqlserver/2004/07/adventure-works/StoreSurvey""><AnnualSales>300000</AnnualSales><AnnualRevenue>30000</AnnualRevenue><BankName>International Bank</BankName><BusinessType>BM</BusinessType><YearOpened>1976</YearOpened><Specialty>Touring</Specialty><SquareFeet>9000</SquareFeet><Brands>AW</Brands><Internet>DSL</Internet><NumberEmployees>5</NumberEmployees></StoreSurvey>",,2014-09-12 11:15:07.497,True,2006-06-23,9999-12-31 00:00:00,16ab4ad6336011269781ce5976028583432d5337d7f5fc4d8fa9f0804e564434
691,1888,Vintage Sport Boutique,10,283,"<StoreSurvey xmlns=""http://schemas.microsoft.com/sqlserver/2004/07/adventure-works/StoreSurvey""><AnnualSales>300000</AnnualSales><AnnualRevenue>30000</AnnualRevenue><BankName>Primary Bank &amp; Reserve</BankName><BusinessType>BM</BusinessType><YearOpened>1970</YearOpened><Specialty>Touring</Specialty><SquareFeet>9000</SquareFeet><Brands>AW</Brands><Internet>DSL</Internet><NumberEmployees>2</NumberEmployees></StoreSurvey>",,2014-09-12 11:15:07.497,True,2006-06-23,9999-12-31 00:00:00,32f2eb87935ee42a81553837fd43b88812109a6c61ef25bdfd5f433bf435cbbc
692,1890,Travel Sports,7,280,"<StoreSurvey xmlns=""http://schemas.microsoft.com/sqlserver/2004/07/adventure-works/StoreSurvey""><AnnualSales>800000</AnnualSales><AnnualRevenue>80000</AnnualRevenue><BankName>United Security</BankName><BusinessType>BM</BusinessType><YearOpened>1997</YearOpened><Specialty>Mountain</Specialty><SquareFeet>18000</SquareFeet><Brands>4+</Brands><Internet>DSL</Internet><NumberEmployees>17</NumberEmployees></StoreSurvey>",,2014-09-12 11:15:07.497,True,2006-06-23,9999-12-31 00:00:00,93b84e50092880e5c83417fbeb7d29389c8042acd6847e85d72ac7b0794f1692
693,1892,West Side Mart,16,289,"<StoreSurvey xmlns=""http://schemas.microsoft.com/sqlserver/2004/07/adventure-works/StoreSurvey""><AnnualSales>800000</AnnualSales><AnnualRevenue>80000</AnnualRevenue><BankName>International Bank</BankName><BusinessType>BM</BusinessType><YearOpened>1975</YearOpened><Specialty>Touring</Specialty><SquareFeet>19000</SquareFeet><Brands>3</Brands><Internet>DSL</Internet><NumberEmployees>18</NumberEmployees></StoreSurvey>",,2014-09-12 11:15:07.497,True,2006-06-23,9999-12-31 00:00:00,ab6329f4dcea5222b7501871f66c6b33cb67e12ba4be91b7704e9453b211ce43
694,1894,The Bike Outlet,17,290,"<StoreSurvey xmlns=""http://schemas.microsoft.com/sqlserver/2004/07/adventure-works/StoreSurvey""><AnnualSales>800000</AnnualSales><AnnualRevenue>80000</AnnualRevenue><BankName>Primary Bank &amp; Reserve</BankName><BusinessType>BM</BusinessType><YearOpened>2000</YearOpened><Specialty>Touring</Specialty><SquareFeet>21000</SquareFeet><Brands>2</Brands><Internet>T1</Internet><NumberEmployees>19</NumberEmployees></StoreSurvey>",,2014-09-12 11:15:07.497,True,2006-06-23,9999-12-31 00:00:00,036d7a19d884a9103a25e1b738e7164beffe53702d78ec3142baa306ed553f53
695,1896,Tenth Bike Store,9,282,"<StoreSurvey xmlns=""http://schemas.microsoft.com/sqlserver/2004/07/adventure-works/StoreSurvey""><AnnualSales>800000</AnnualSales><AnnualRevenue>80000</AnnualRevenue><BankName>International Bank</BankName><BusinessType>BM</BusinessType><YearOpened>1994</YearOpened><Specialty>Road</Specialty><SquareFeet>23000</SquareFeet><Brands>4+</Brands><Internet>DSL</Internet><NumberEmployees>18</NumberEmployees></StoreSurvey>",,2014-09-12 11:15:07.497,True,2006-06-23,9999-12-31 00:00:00,725d30a6aca9632d7462d2edeea368e5d41b8ba80715282b01688fa172f87ca8
696,1898,Valuable Bike Parts Company,6,279,"<StoreSurvey xmlns=""http://schemas.microsoft.com/sqlserver/2004/07/adventure-works/StoreSurvey""><AnnualSales>800000</AnnualSales><AnnualRevenue>80000</AnnualRevenue><BankName>Primary Bank &amp; Reserve</BankName><BusinessType>BM</BusinessType><YearOpened>1988</YearOpened><Specialty>Mountain</Specialty><SquareFeet>20000</SquareFeet><Brands>2</Brands><Internet>DSL</Internet><NumberEmployees>16</NumberEmployees></StoreSurvey>",,2014-09-12 11:15:07.497,True,2006-06-23,9999-12-31 00:00:00,dcb39963cd22b2df16b5d2e64728145305993f50546c8f0b1736b492b5dadc7a
697,1900,Fun Times Club,8,281,"<StoreSurvey xmlns=""http://schemas.microsoft.com/sqlserver/2004/07/adventure-works/StoreSurvey""><AnnualSales>800000</AnnualSales><AnnualRevenue>80000</AnnualRevenue><BankName>International Security</BankName><BusinessType>BM</BusinessType><YearOpened>1982</YearOpened><Specialty>Road</Specialty><SquareFeet>22000</SquareFeet><Brands>3</Brands><Internet>DSL</Internet><NumberEmployees>14</NumberEmployees></StoreSurvey>",,2014-09-12 11:15:07.497,True,2006-06-23,9999-12-31 00:00:00,55f6c093deb6663c084fc0ddd6fdad1e83a85e5b2a891506cf8fe86f4d5a429a
698,1902,Chain and Chain Tool Distributions,6,279,"<StoreSurvey xmlns=""http://schemas.microsoft.com/sqlserver/2004/07/adventure-works/StoreSurvey""><AnnualSales>800000</AnnualSales><AnnualRevenue>80000</AnnualRevenue><BankName>Guardian Bank</BankName><BusinessType>BM</BusinessType><YearOpened>1976</YearOpened><Specialty>Road</Specialty><SquareFeet>20000</SquareFeet><Brands>3</Brands><Internet>DSL</Internet><NumberEmployees>12</NumberEmployees></StoreSurvey>",,2014-09-12 11:15:07.497,True,2006-06-23,9999-12-31 00:00:00,c31560447e0a44fb36c6236ac84314f773a8f261a8d4b01f179a3b9e29025f64
699,1904,Mobile Outlet,2,275,"<StoreSurvey xmlns=""http://schemas.microsoft.com/sqlserver/2004/07/adventure-works/StoreSurvey""><AnnualSales>800000</AnnualSales><AnnualRevenue>80000</AnnualRevenue><BankName>Primary International</BankName><BusinessType>BM</BusinessType><YearOpened>1970</YearOpened><Specialty>Road</Specialty><SquareFeet>17000</SquareFeet><Brands>2</Brands><Internet>T1</Internet><NumberEmployees>10</NumberEmployees></StoreSurvey>",,2014-09-12 11:15:07.497,True,2006-06-23,9999-12-31 00:00:00,b808a579eeac111ae0ebe378a85f6aaab4fe7eeb0108157a34e4bd2266a3a2f7
700,1906,Regional Cycle Shop,15,288,"<StoreSurvey xmlns=""http://schemas.microsoft.com/sqlserver/2004/07/adventure-works/StoreSurvey""><AnnualSales>300000</AnnualSales><AnnualRevenue>30000</AnnualRevenue><BankName>Reserve Security</BankName><BusinessType>BM</BusinessType><YearOpened>1975</YearOpened><Specialty>Road</Specialty><SquareFeet>10000</SquareFeet><Brands>2</Brands><Internet>DSL</Internet><NumberEmployees>8</NumberEmployees></StoreSurvey>",,2014-09-12 11:15:07.497,True,2006-06-23,9999-12-31 00:00:00,10432e72079da7ec95a0bf6b0043cff7172e173997c7ac7e8b8d6c259429f2ec
701,1908,Rural Bicycle Supply,9,282,"<StoreSurvey xmlns=""http://schemas.microsoft.com/sqlserver/2004/07/adventure-works/StoreSurvey""><AnnualSales>300000</AnnualSales><AnnualRevenue>30000</AnnualRevenue><BankName>United Security</BankName><BusinessType>BM</BusinessType><YearOpened>1970</YearOpened><Specialty>Mountain</Specialty><SquareFeet>10000</SquareFeet><Brands>4+</Brands><Internet>DSL</Internet><NumberEmployees>6</NumberEmployees></StoreSurvey>",,2014-09-12 11:15:07.497,True,2006-06-23,9999-12-31 00:00:00,d30156e640e9c5aaef276b9079e077218473d4e5fca022fcc1f18f3e64fa2e4f
702,1910,Wingtip Toys,10,283,"<StoreSurvey xmlns=""http://schemas.microsoft.com/sqlserver/2004/07/adventure-works/StoreSurvey""><AnnualSales>800000</AnnualSales><AnnualRevenue>80000</AnnualRevenue><BankName>International Bank</BankName><BusinessType>BM</BusinessType><YearOpened>1999</YearOpened><Specialty>Mountain</Specialty><SquareFeet>20000</SquareFeet><Brands>3</Brands><Internet>T1</Internet><NumberEmployees>15</NumberEmployees></StoreSurvey>",,2014-09-12 11:15:07.497,True,2006-06-23,9999-12-31 00:00:00,6e36f5f6e105d96f0df18a1969a0fdf5b794970174fd3210a2fd1991450c960d
703,1912,The Cycle Store,2,275,"<StoreSurvey xmlns=""http://schemas.microsoft.com/sqlserver/2004/07/adventure-works/StoreSurvey""><AnnualSales>800000</AnnualSales><AnnualRevenue>80000</AnnualRevenue><BankName>Primary Bank &amp; Reserve</BankName><BusinessType>BM</BusinessType><YearOpened>1994</YearOpened><Specialty>Mountain</Specialty><SquareFeet>22000</SquareFeet><Brands>3</Brands><Internet>T1</Internet><NumberEmployees>16</NumberEmployees></StoreSurvey>",,2014-09-12 11:15:07.497,True,2006-06-23,9999-12-31 00:00:00,44b15688496f47fdcc79fc260bd37ce1f8d2d1f65297fc79d06fb7fa6503b7e7
704,1914,Educational Services,15,288,"<StoreSurvey xmlns=""http://schemas.microsoft.com/sqlserver/2004/07/adventure-works/StoreSurvey""><AnnualSales>800000</AnnualSales><AnnualRevenue>80000</AnnualRevenue><BankName>International Security</BankName><BusinessType>BM</BusinessType><YearOpened>1987</YearOpened><Specialty>Touring</Specialty><SquareFeet>19000</SquareFeet><Brands>2</Brands><Internet>DSL</Internet><NumberEmployees>17</NumberEmployees></StoreSurvey>",,2014-09-12 11:15:07.497,True,2006-06-23,9999-12-31 00:00:00,8062ca241848782a5a3fd58d9039a78ce09f04499c2aec70ce68e1ebad22cba4
705,1916,Active Life Toys,9,282,"<StoreSurvey xmlns=""http://schemas.microsoft.com/sqlserver/2004/07/adventure-works/StoreSurvey""><AnnualSales>800000</AnnualSales><AnnualRevenue>80000</AnnualRevenue><BankName>Guardian Bank</BankName><BusinessType>BM</BusinessType><YearOpened>1997</YearOpened><Specialty>Road</Specialty><SquareFeet>20000</SquareFeet><Brands>4+</Brands><Internet>T1</Internet><NumberEmployees>18</NumberEmployees></StoreSurvey>",,2014-09-12 11:15:07.497,True,2006-06-23,9999-12-31 00:00:00,94e5322bbeff17428308f2d76dcc80cf9fa1f1aead32da169b446936e058b19e
706,1918,Simple Bike Parts,6,279,"<StoreSurvey xmlns=""http://schemas.microsoft.com/sqlserver/2004/07/adventure-works/StoreSurvey""><AnnualSales>800000</AnnualSales><AnnualRevenue>80000</AnnualRevenue><BankName>Primary International</BankName><BusinessType>BM</BusinessType><YearOpened>1975</YearOpened><Specialty>Road</Specialty><SquareFeet>21000</SquareFeet><Brands>4+</Brands><Internet>DSL</Internet><NumberEmployees>19</NumberEmployees></StoreSurvey>",,2014-09-12 11:15:07.497,True,2006-06-23,9999-12-31 00:00:00,55a397cef4b7c2d75a7f4e59d0bedbd69f1b3490067328313301e110305d5132
707,1920,Timely Shipping Service,8,281,"<StoreSurvey xmlns=""http://schemas.microsoft.com/sqlserver/2004/07/adventure-works/StoreSurvey""><AnnualSales>1000000</AnnualSales><AnnualRevenue>100000</AnnualRevenue><BankName>Reserve Security</BankName><BusinessType>BM</BusinessType><YearOpened>2000</YearOpened><Specialty>Mountain</Specialty><SquareFeet>24000</SquareFeet><Brands>2</Brands><Internet>T1</Internet><NumberEmployees>20</NumberEmployees></StoreSurvey>",,2014-09-12 11:15:07.497,True,2006-06-23,9999-12-31 00:00:00,574b7b5bcaf898eabe0afa4d23500a99d3592cbc05dd46da24a83f1ec00ec3f3
708,1922,A Cycle Shop,10,283,"<StoreSurvey xmlns=""http://schemas.microsoft.com/sqlserver/2004/07/adventure-works/StoreSurvey""><AnnualSales>800000</AnnualSales><AnnualRevenue>80000</AnnualRevenue><BankName>United Security</BankName><BusinessType>BM</BusinessType><YearOpened>2000</YearOpened><Specialty>Touring</Specialty><SquareFeet>22000</SquareFeet><Brands>3</Brands><Internet>T2</Internet><NumberEmployees>17</NumberEmployees></StoreSurvey>",,2014-09-12 11:15:07.497,True,2006-06-23,9999-12-31 00:00:00,733e83754eebfa09a42bc830377f21646314c2578804f6e392d6624399c7dde4
709,1924,Bike Products and Accessories,2,275,"<StoreSurvey xmlns=""http://schemas.microsoft.com/sqlserver/2004/07/adventure-works/StoreSurvey""><AnnualSales>800000</AnnualSales><AnnualRevenue>80000</AnnualRevenue><BankName>International Bank</BankName><BusinessType>BM</BusinessType><YearOpened>1994</YearOpened><Specialty>Mountain</Specialty><SquareFeet>19000</SquareFeet><Brands>AW</Brands><Internet>T2</Internet><NumberEmployees>14</NumberEmployees></StoreSurvey>",,2014-09-12 11:15:07.497,True,2006-06-23,9999-12-31 00:00:00,2dabdf3094918ea63463707edc2f26fb444f8ec5899630ffca4a46f08441dd8c
710,1926,Fitness Toys,15,288,"<StoreSurvey xmlns=""http://schemas.microsoft.com/sqlserver/2004/07/adventure-works/StoreSurvey""><AnnualSales>800000</AnnualSales><AnnualRevenue>80000</AnnualRevenue><BankName>Primary Bank &amp; Reserve</BankName><BusinessType>BM</BusinessType><YearOpened>1988</YearOpened><Specialty>Touring</Specialty><SquareFeet>21000</SquareFeet><Brands>2</Brands><Internet>T1</Internet><NumberEmployees>11</NumberEmployees></StoreSurvey>",,2014-09-12 11:15:07.497,True,2006-06-23,9999-12-31 00:00:00,bb4eba45e3cbfd7ecd9186ad2ce585773b79933cca29207cb6dd8d3fc1e45eec
711,1928,Quick Parts and Service,5,278,"<StoreSurvey xmlns=""http://schemas.microsoft.com/sqlserver/2004/07/adventure-works/StoreSurvey""><AnnualSales>300000</AnnualSales><AnnualRevenue>30000</AnnualRevenue><BankName>International Security</BankName><BusinessType>BM</BusinessType><YearOpened>1984</YearOpened><Specialty>Touring</Specialty><SquareFeet>7000</SquareFeet><Brands>4+</Brands><Internet>DSL</Internet><NumberEmployees>5</NumberEmployees></StoreSurvey>",,2014-09-12 11:15:07.497,True,2006-06-23,9999-12-31 00:00:00,36459fa199fee6830f3308b127b13f977c32b50596f40687cb22e3aa68701844
712,1930,Reliable Brake Systems,6,279,"<StoreSurvey xmlns=""http://schemas.microsoft.com/sqlserver/2004/07/adventure-works/StoreSurvey""><AnnualSales>300000</AnnualSales><AnnualRevenue>30000</AnnualRevenue><BankName>Guardian Bank</BankName><BusinessType>BM</BusinessType><YearOpened>1979</YearOpened><Specialty>Mountain</Specialty><SquareFeet>7000</SquareFeet><Brands>3</Brands><Internet>DSL</Internet><NumberEmployees>6</NumberEmployees></StoreSurvey>",,2014-09-12 11:15:07.497,True,2006-06-23,9999-12-31 00:00:00,09af62a4ecf02f604e043d47927a8f938c9500653fd763a776acf62d5beb2f25
713,1932,Thrifty Parts and Sales,3,276,"<StoreSurvey xmlns=""http://schemas.microsoft.com/sqlserver/2004/07/adventure-works/StoreSurvey""><AnnualSales>300000</AnnualSales><AnnualRevenue>30000</AnnualRevenue><BankName>Primary International</BankName><BusinessType>BM</BusinessType><YearOpened>1987</YearOpened><Specialty>Road</Specialty><SquareFeet>8000</SquareFeet><Brands>2</Brands><Internet>DSL</Internet><NumberEmployees>7</NumberEmployees></StoreSurvey>",,2014-09-12 11:15:07.497,True,2006-06-23,9999-12-31 00:00:00,226ee1211f872cbba5de26a4d868de3520822a35fd7ddd0a48a019b04586d09c
714,1934,A Typical Bike Shop,4,277,"<StoreSurvey xmlns=""http://schemas.microsoft.com/sqlserver/2004/07/adventure-works/StoreSurvey""><AnnualSales>300000</AnnualSales><AnnualRevenue>30000</AnnualRevenue><BankName>Reserve Security</BankName><BusinessType>BM</BusinessType><YearOpened>1982</YearOpened><Specialty>Road</Specialty><SquareFeet>8000</SquareFeet><Brands>AW</Brands><Internet>T1</Internet><NumberEmployees>8</NumberEmployees></StoreSurvey>",,2014-09-12 11:15:07.497,True,2006-06-23,9999-12-31 00:00:00,a89075ec10b3986293601e315c720d79d0af9e43696644232fa6701bbdf4a2d3
715,1936,Active Transport Inc.,2,275,"<StoreSurvey xmlns=""http://schemas.microsoft.com/sqlserver/2004/07/adventure-works/StoreSurvey""><AnnualSales>300000</AnnualSales><AnnualRevenue>30000</AnnualRevenue><BankName>United Security</BankName><BusinessType>BM</BusinessType><YearOpened>1990</YearOpened><Specialty>Road</Specialty><SquareFeet>8000</SquareFeet><Brands>AW</Brands><Internet>T2</Internet><NumberEmployees>9</NumberEmployees></StoreSurvey>",,2014-09-12 11:15:07.497,True,2006-06-23,9999-12-31 00:00:00,1502900a13cfc1112bbef0bf768f7b4c38e9273e799848b5f681618bf5c46437
716,1938,Cycle Parts and Accessories,13,286,"<StoreSurvey xmlns=""http://schemas.microsoft.com/sqlserver/2004/07/adventure-works/StoreSurvey""><AnnualSales>800000</AnnualSales><AnnualRevenue>80000</AnnualRevenue><BankName>International Bank</BankName><BusinessType>BM</BusinessType><YearOpened>1985</YearOpened><Specialty>Touring</Specialty><SquareFeet>20000</SquareFeet><Brands>3</Brands><Internet>T2</Internet><NumberEmployees>10</NumberEmployees></StoreSurvey>",,2014-09-12 11:15:07.497,True,2006-06-23,9999-12-31 00:00:00,8fe6e4f3dcea44b4994f3ac3fd15dc881b2dd62a6796fe7d41f1086423fc9c6f
717,1940,Fasteners & Bolts Outlet,5,278,"<StoreSurvey xmlns=""http://schemas.microsoft.com/sqlserver/2004/07/adventure-works/StoreSurvey""><AnnualSales>800000</AnnualSales><AnnualRevenue>80000</AnnualRevenue><BankName>Primary Bank &amp; Reserve</BankName><BusinessType>BM</BusinessType><YearOpened>1993</YearOpened><Specialty>Touring</Specialty><SquareFeet>18000</SquareFeet><Brands>4+</Brands><Internet>DSL</Internet><NumberEmployees>11</NumberEmployees></StoreSurvey>",,2014-09-12 11:15:07.497,True,2006-06-23,9999-12-31 00:00:00,beca2f1d399b7455114af333e5cc0cdd201312cc52d86645a704fba037a3f97d
718,1942,Functional Store North,6,279,"<StoreSurvey xmlns=""http://schemas.microsoft.com/sqlserver/2004/07/adventure-works/StoreSurvey""><AnnualSales>800000</AnnualSales><AnnualRevenue>80000</AnnualRevenue><BankName>International Security</BankName><BusinessType>BM</BusinessType><YearOpened>1988</YearOpened><Specialty>Mountain</Specialty><SquareFeet>19000</SquareFeet><Brands>3</Brands><Internet>DSL</Internet><NumberEmployees>12</NumberEmployees></StoreSurvey>",,2014-09-12 11:15:07.497,True,2006-06-23,9999-12-31 00:00:00,9476b26dc6d3af665bdd63c0639c3fe632724285ffd96d004d0b94c547d6214e
719,1944,Quantity Discounts,3,276,"<StoreSurvey xmlns=""http://schemas.microsoft.com/sqlserver/2004/07/adventure-works/StoreSurvey""><AnnualSales>800000</AnnualSales><AnnualRevenue>80000</AnnualRevenue><BankName>Guardian Bank</BankName><BusinessType>BM</BusinessType><YearOpened>1996</YearOpened><Specialty>Road</Specialty><SquareFeet>19000</SquareFeet><Brands>3</Brands><Internet>DSL</Internet><NumberEmployees>13</NumberEmployees></StoreSurvey>",,2014-09-12 11:15:07.497,True,2006-06-23,9999-12-31 00:00:00,01353b7f92883c772b42198e0eb7391485c3286c7c382fbf227b1aed2114c65b
720,1946,Swift Cycles,4,277,"<StoreSurvey xmlns=""http://schemas.microsoft.com/sqlserver/2004/07/adventure-works/StoreSurvey""><AnnualSales>800000</AnnualSales><AnnualRevenue>80000</AnnualRevenue><BankName>Primary International</BankName><BusinessType>BM</BusinessType><YearOpened>1991</YearOpened><Specialty>Road</Specialty><SquareFeet>22000</SquareFeet><Brands>3</Brands><Internet>ISDN</Internet><NumberEmployees>14</NumberEmployees></StoreSurvey>",,2014-09-12 11:15:07.497,True,2006-06-23,9999-12-31 00:00:00,121a3b960be38722e3ebfd5959faabf8cdd9c90469569728701dd36078418321
721,1948,Classic Cycle Store,2,275,"<StoreSurvey xmlns=""http://schemas.microsoft.com/sqlserver/2004/07/adventure-works/StoreSurvey""><AnnualSales>800000</AnnualSales><AnnualRevenue>80000</AnnualRevenue><BankName>Reserve Security</BankName><BusinessType>BM</BusinessType><YearOpened>1999</YearOpened><Specialty>Mountain</Specialty><SquareFeet>22000</SquareFeet><Brands>2</Brands><Internet>DSL</Internet><NumberEmployees>15</NumberEmployees></StoreSurvey>",,2014-09-12 11:15:07.497,True,2006-06-23,9999-12-31 00:00:00,f0fe9027c6d8b671ae98d9656b5f21d6a4ee872e18dfa885eee89ad83023b426
722,1950,Helpful Sales and Repair Service ,13,286,"<StoreSurvey xmlns=""http://schemas.microsoft.com/sqlserver/2004/07/adventure-works/StoreSurvey""><AnnualSales>800000</AnnualSales><AnnualRevenue>80000</AnnualRevenue><BankName>United Security</BankName><BusinessType>BM</BusinessType><YearOpened>1994</YearOpened><Specialty>Touring</Specialty><SquareFeet>19000</SquareFeet><Brands>4+</Brands><Internet>DSL</Internet><NumberEmployees>16</NumberEmployees></StoreSurvey>",,2014-09-12 11:15:07.497,True,2006-06-23,9999-12-31 00:00:00,42bf0b1a9b5ccf04f585457209dc794a3db489bd3d8f063b77a055669c25af91
723,1952,Large Bike Shop,5,278,"<StoreSurvey xmlns=""http://schemas.microsoft.com/sqlserver/2004/07/adventure-works/StoreSurvey""><AnnualSales>800000</AnnualSales><AnnualRevenue>80000</AnnualRevenue><BankName>International Bank</BankName><BusinessType>BM</BusinessType><YearOpened>1987</YearOpened><Specialty>Mountain</Specialty><SquareFeet>19000</SquareFeet><Brands>4+</Brands><Internet>T1</Internet><NumberEmployees>17</NumberEmployees></StoreSurvey>",,2014-09-12 11:15:07.497,True,2006-06-23,9999-12-31 00:00:00,1fa2e2083a5b75a8c68c38ab5600ecdebefbc779a4ebec24ba2c6bbcaeeee806
724,1954,Recreation Supplies,6,279,"<StoreSurvey xmlns=""http://schemas.microsoft.com/sqlserver/2004/07/adventure-works/StoreSurvey""><AnnualSales>800000</AnnualSales><AnnualRevenue>80000</AnnualRevenue><BankName>Primary Bank &amp; Reserve</BankName><BusinessType>BM</BusinessType><YearOpened>1997</YearOpened><Specialty>Mountain</Specialty><SquareFeet>22000</SquareFeet><Brands>3</Brands><Internet>DSL</Internet><NumberEmployees>18</NumberEmployees></StoreSurvey>",,2014-09-12 11:15:07.497,True,2006-06-23,9999-12-31 00:00:00,3a3651dbc18f8fb0072cdf4f02f172fb30d6deb31485a92f9a61d9c7bc5eb2ad
725,1956,Wire Baskets and Parts,3,276,"<StoreSurvey xmlns=""http://schemas.microsoft.com/sqlserver/2004/07/adventure-works/StoreSurvey""><AnnualSales>800000</AnnualSales><AnnualRevenue>80000</AnnualRevenue><BankName>International Security</BankName><BusinessType>BM</BusinessType><YearOpened>1975</YearOpened><Specialty>Road</Specialty><SquareFeet>19000</SquareFeet><Brands>4+</Brands><Internet>DSL</Internet><NumberEmployees>19</NumberEmployees></StoreSurvey>",,2014-09-12 11:15:07.497,True,2006-06-23,9999-12-31 00:00:00,674e3feebc9b2190a45e3a9e8de06b131d7ccd2c815ad9a679962874b614d768
726,1958,Ultimate Bicycle Company,17,290,"<StoreSurvey xmlns=""http://schemas.microsoft.com/sqlserver/2004/07/adventure-works/StoreSurvey""><AnnualSales>3000000</AnnualSales><AnnualRevenue>300000</AnnualRevenue><BankName>International Security</BankName><BusinessType>OS</BusinessType><YearOpened>1974</YearOpened><Specialty>Mountain</Specialty><SquareFeet>78000</SquareFeet><Brands>2</Brands><Internet>T1</Internet><NumberEmployees>94</NumberEmployees></StoreSurvey>",,2014-09-12 11:15:07.497,True,2006-06-23,9999-12-31 00:00:00,70387af57afdea0c02256b2b9618423a8ed1b3166b78e1c6efaa3bd9d199324b
727,1960,Sports Store,16,289,"<StoreSurvey xmlns=""http://schemas.microsoft.com/sqlserver/2004/07/adventure-works/StoreSurvey""><AnnualSales>3000000</AnnualSales><AnnualRevenue>300000</AnnualRevenue><BankName>Primary Bank &amp; Reserve</BankName><BusinessType>OS</BusinessType><YearOpened>1980</YearOpened><Specialty>Mountain</Specialty><SquareFeet>76000</SquareFeet><Brands>3</Brands><Internet>DSL</Internet><NumberEmployees>95</NumberEmployees></StoreSurvey>",,2014-09-12 11:15:07.497,True,2006-06-23,9999-12-31 00:00:00,275ed2efeb7e5ece45ad636a4022a200d6840813c8896fe7b4630be1f10b6c84
728,1962,Metropolitan Equipment,17,290,"<StoreSurvey xmlns=""http://schemas.microsoft.com/sqlserver/2004/07/adventure-works/StoreSurvey""><AnnualSales>3000000</AnnualSales><AnnualRevenue>300000</AnnualRevenue><BankName>International Bank</BankName><BusinessType>OS</BusinessType><YearOpened>1986</YearOpened><Specialty>Road</Specialty><SquareFeet>78000</SquareFeet><Brands>2</Brands><Internet>DSL</Internet><NumberEmployees>96</NumberEmployees></StoreSurvey>",,2014-09-12 11:15:07.497,True,2006-06-23,9999-12-31 00:00:00,e1ffe795cabb45146c705d4e2e5e57e43b9c4e28cbd4531d2bf67bacd85a9785
729,1964,Extended Tours,16,289,"<StoreSurvey xmlns=""http://schemas.microsoft.com/sqlserver/2004/07/adventure-works/StoreSurvey""><AnnualSales>3000000</AnnualSales><AnnualRevenue>300000</AnnualRevenue><BankName>United Security</BankName><BusinessType>OS</BusinessType><YearOpened>1992</YearOpened><Specialty>Road</Specialty><SquareFeet>78000</SquareFeet><Brands>4+</Brands><Internet>T1</Internet><NumberEmployees>97</NumberEmployees></StoreSurvey>",,2014-09-12 11:15:07.497,True,2006-06-23,9999-12-31 00:00:00,9d12d3f0b4450de887bc7f1b77af49fb18646984120ff7d392f977e88b2121a6
730,1966,Convenient Sales and Service,7,280,"<StoreSurvey xmlns=""http://schemas.microsoft.com/sqlserver/2004/07/adventure-works/StoreSurvey""><AnnualSales>3000000</AnnualSales><AnnualRevenue>300000</AnnualRevenue><BankName>Reserve Security</BankName><BusinessType>OS</BusinessType><YearOpened>1998</YearOpened><Specialty>Road</Specialty><SquareFeet>77000</SquareFeet><Brands>4+</Brands><Internet>T1</Internet><NumberEmployees>98</NumberEmployees></StoreSurvey>",,2014-09-12 11:15:07.497,True,2006-06-23,9999-12-31 00:00:00,425ab198c590bb7779d5e5680c784583f7cc6d1166b718366d99a7603faa772e
731,1968,Solid Bike Parts,4,277,"<StoreSurvey xmlns=""http://schemas.microsoft.com/sqlserver/2004/07/adventure-works/StoreSurvey""><AnnualSales>3000000</AnnualSales><AnnualRevenue>300000</AnnualRevenue><BankName>Primary International</BankName><BusinessType>OS</BusinessType><YearOpened>1999</YearOpened><Specialty>Road</Specialty><SquareFeet>77000</SquareFeet><Brands>4+</Brands><Internet>DSL</Internet><NumberEmployees>99</NumberEmployees></StoreSurvey>",,2014-09-12 11:15:07.497,True,2006-06-23,9999-12-31 00:00:00,92aa40cbc806731ef197562bdd6fe1bbd06886ab4c68d2160057e439e563c2b2
732,1970,Permanent Finish Products,8,281,"<StoreSurvey xmlns=""http://schemas.microsoft.com/sqlserver/2004/07/adventure-works/StoreSurvey""><AnnualSales>3000000</AnnualSales><AnnualRevenue>300000</AnnualRevenue><BankName>Guardian Bank</BankName><BusinessType>OS</BusinessType><YearOpened>1999</YearOpened><Specialty>Mountain</Specialty><SquareFeet>79000</SquareFeet><Brands>4+</Brands><Internet>DSL</Internet><NumberEmployees>100</NumberEmployees></StoreSurvey>",,2014-09-12 11:15:07.497,True,2006-06-23,9999-12-31 00:00:00,afe213c4f9cea848c6be4ee55e35319223ebcb97ff3eb6dd4f78bae11a7b0191
733,1972,Mercantile Outlet,9,282,"<StoreSurvey xmlns=""http://schemas.microsoft.com/sqlserver/2004/07/adventure-works/StoreSurvey""><AnnualSales>3000000</AnnualSales><AnnualRevenue>300000</AnnualRevenue><BankName>International Security</BankName><BusinessType>OS</BusinessType><YearOpened>1979</YearOpened><Specialty>Mountain</Specialty><SquareFeet>71000</SquareFeet><Brands>4+</Brands><Internet>T1</Internet><NumberEmployees>66</NumberEmployees></StoreSurvey>",,2014-09-12 11:15:07.497,True,2006-06-23,9999-12-31 00:00:00,3e021131c08995af1f593e0bfb6a01bf3edc6d1b17fbc4919f959129991bf819
734,1974,Links Works,15,288,"<StoreSurvey xmlns=""http://schemas.microsoft.com/sqlserver/2004/07/adventure-works/StoreSurvey""><AnnualSales>1500000</AnnualSales><AnnualRevenue>150000</AnnualRevenue><BankName>Guardian Bank</BankName><BusinessType>OS</BusinessType><YearOpened>1974</YearOpened><Specialty>Mountain</Specialty><SquareFeet>39000</SquareFeet><Brands>2</Brands><Internet>DSL</Internet><NumberEmployees>40</NumberEmployees></StoreSurvey>",,2014-09-12 11:15:07.497,True,2006-06-23,9999-12-31 00:00:00,3f226d229070a788c2a01c24389defca5c3f7c139763f1247ce635f224e4e451
735,1976,Exhilarating Cycles,2,275,"<StoreSurvey xmlns=""http://schemas.microsoft.com/sqlserver/2004/07/adventure-works/StoreSurvey""><AnnualSales>1500000</AnnualSales><AnnualRevenue>150000</AnnualRevenue><BankName>International Security</BankName><BusinessType>OS</BusinessType><YearOpened>1980</YearOpened><Specialty>Road</Specialty><SquareFeet>40000</SquareFeet><Brands>3</Brands><Internet>T2</Internet><NumberEmployees>43</NumberEmployees></StoreSurvey>",,2014-09-12 11:15:07.497,True,2006-06-23,9999-12-31 00:00:00,f5aa3c768ca6b9d471c020fa55bcfc260a4fcf9b7d0d8ed3413cd9576e862995
736,1978,Exercise Center,8,281,"<StoreSurvey xmlns=""http://schemas.microsoft.com/sqlserver/2004/07/adventure-works/StoreSurvey""><AnnualSales>800000</AnnualSales><AnnualRevenue>80000</AnnualRevenue><BankName>Guardian Bank</BankName><BusinessType>BM</BusinessType><YearOpened>1975</YearOpened><Specialty>Mountain</Specialty><SquareFeet>23000</SquareFeet><Brands>2</Brands><Internet>T1</Internet><NumberEmployees>19</NumberEmployees></StoreSurvey>",,2014-09-12 11:15:07.497,True,2006-06-23,9999-12-31 00:00:00,fa5058806122a90aefacbfb9637efdb01dfd2f7388017518f7436956c361a935
737,1980,Great Bicycle Supply,4,277,"<StoreSurvey xmlns=""http://schemas.microsoft.com/sqlserver/2004/07/adventure-works/StoreSurvey""><AnnualSales>1000000</AnnualSales><AnnualRevenue>100000</AnnualRevenue><BankName>Primary International</BankName><BusinessType>BM</BusinessType><YearOpened>2000</YearOpened><Specialty>Mountain</Specialty><SquareFeet>27000</SquareFeet><Brands>4+</Brands><Internet>T1</Internet><NumberEmployees>20</NumberEmployees></StoreSurvey>",,2014-09-12 11:15:07.497,True,2006-06-23,9999-12-31 00:00:00,68db861c0c9f79b80bee63050d283c1408cde52ec644f0fec869f057de0c9e16
738,1982,Mail-Order Outlet,7,280,"<StoreSurvey xmlns=""http://schemas.microsoft.com/sqlserver/2004/07/adventure-works/StoreSurvey""><AnnualSales>800000</AnnualSales><AnnualRevenue>80000</AnnualRevenue><BankName>Reserve Security</BankName><BusinessType>BM</BusinessType><YearOpened>2000</YearOpened><Specialty>Road</Specialty><SquareFeet>18000</SquareFeet><Brands>4+</Brands><Internet>T1</Internet><NumberEmployees>17</NumberEmployees></StoreSurvey>",,2014-09-12 11:15:07.497,True,2006-06-23,9999-12-31 00:00:00,e594802ad862b8087e238627463af2619b550187220c39d55b134e11e35c5006
739,1984,Nearby Cycle Shop,16,289,"<StoreSurvey xmlns=""http://schemas.microsoft.com/sqlserver/2004/07/adventure-works/StoreSurvey""><AnnualSales>800000</AnnualSales><AnnualRevenue>80000</AnnualRevenue><BankName>United Security</BankName><BusinessType>BM</BusinessType><YearOpened>1994</YearOpened><Specialty>Mountain</Specialty><SquareFeet>20000</SquareFeet><Brands>2</Brands><Internet>T1</Internet><NumberEmployees>14</NumberEmployees></StoreSurvey>",,2014-09-12 11:15:07.497,True,2006-06-23,9999-12-31 00:00:00,6e12de072cf96bf7d1ad117a6331f0bd0db4898ef4ca677822b05c8ceffc7fb9
740,1986,Recreation Toy Store,17,290,"<StoreSurvey xmlns=""http://schemas.microsoft.com/sqlserver/2004/07/adventure-works/StoreSurvey""><AnnualSales>800000</AnnualSales><AnnualRevenue>80000</AnnualRevenue><BankName>International Bank</BankName><BusinessType>BM</BusinessType><YearOpened>1988</YearOpened><Specialty>Mountain</Specialty><SquareFeet>17000</SquareFeet><Brands>3</Brands><Internet>T1</Internet><NumberEmployees>11</NumberEmployees></StoreSurvey>",,2014-09-12 11:15:07.497,True,2006-06-23,9999-12-31 00:00:00,1854882b69cbb4cf89c78cec9f58db75140d85b882685fbdff7ae0cfb3a6d3c1
741,1988,Retreat Inn,9,282,"<StoreSurvey xmlns=""http://schemas.microsoft.com/sqlserver/2004/07/adventure-works/StoreSurvey""><AnnualSales>300000</AnnualSales><AnnualRevenue>30000</AnnualRevenue><BankName>Primary Bank &amp; Reserve</BankName><BusinessType>BM</BusinessType><YearOpened>1982</YearOpened><Specialty>Road</Specialty><SquareFeet>7000</SquareFeet><Brands>4+</Brands><Internet>T2</Internet><NumberEmployees>8</NumberEmployees></StoreSurvey>",,2014-09-12 11:15:07.497,True,2006-06-23,9999-12-31 00:00:00,4a49b67e15747a33a94361e6d469c732eef8cb45f274f57e89ec70ded308b4c6
742,1990,Technical Parts Manufacturing,8,281,"<StoreSurvey xmlns=""http://schemas.microsoft.com/sqlserver/2004/07/adventure-works/StoreSurvey""><AnnualSales>300000</AnnualSales><AnnualRevenue>30000</AnnualRevenue><BankName>International Security</BankName><BusinessType>BM</BusinessType><YearOpened>1976</YearOpened><Specialty>Touring</Specialty><SquareFeet>7000</SquareFeet><Brands>4+</Brands><Internet>T1</Internet><NumberEmployees>5</NumberEmployees></StoreSurvey>",,2014-09-12 11:15:07.497,True,2006-06-23,9999-12-31 00:00:00,d5eda5922ece5ced9df0a0f43ae0aa5c6beec1a32f32acb444fcceff7ee57377
743,1992,Totes & Baskets Company,4,277,"<StoreSurvey xmlns=""http://schemas.microsoft.com/sqlserver/2004/07/adventure-works/StoreSurvey""><AnnualSales>300000</AnnualSales><AnnualRevenue>30000</AnnualRevenue><BankName>Guardian Bank</BankName><BusinessType>BM</BusinessType><YearOpened>1970</YearOpened><Specialty>Road</Specialty><SquareFeet>6000</SquareFeet><Brands>4+</Brands><Internet>DSL</Internet><NumberEmployees>2</NumberEmployees></StoreSurvey>",,2014-09-12 11:15:07.497,True,2006-06-23,9999-12-31 00:00:00,69949bc2f962892d346c3dcf37912b0b2212d6db81d3396385bff7e59101dea1
744,1994,World of Bikes,4,277,"<StoreSurvey xmlns=""http://schemas.microsoft.com/sqlserver/2004/07/adventure-works/StoreSurvey""><AnnualSales>800000</AnnualSales><AnnualRevenue>80000</AnnualRevenue><BankName>Primary Bank &amp; Reserve</BankName><BusinessType>BM</BusinessType><YearOpened>1997</YearOpened><Specialty>Mountain</Specialty><SquareFeet>19000</SquareFeet><Brands>4+</Brands><Internet>T1</Internet><NumberEmployees>17</NumberEmployees></StoreSurvey>",,2014-09-12 11:15:07.497,True,2006-06-23,9999-12-31 00:00:00,c1c7f02e35859dbd674b6b70d331ec54b13bc5111f7205b2f666af9a0d8f443e
745,2051,A Bicycle Association,2,275,"<StoreSurvey xmlns=""http://schemas.microsoft.com/sqlserver/2004/07/adventure-works/StoreSurvey""><AnnualSales>800000</AnnualSales><AnnualRevenue>80000</AnnualRevenue><BankName>International Security</BankName><BusinessType>BM</BusinessType><YearOpened>1975</YearOpened><Specialty>Touring</Specialty><SquareFeet>19000</SquareFeet><Brands>2</Brands><Internet>T1</Internet><NumberEmployees>18</NumberEmployees></StoreSurvey>",,2014-09-12 11:15:07.497,True,2006-06-23,9999-12-31 00:00:00,f95272cdb8edadd0dbd89b6731251d773a81fcbce8c6c29fde8ce76349b85b4c
