PRODUCTKEY,PRODUCTID,PRODUCTNAME,FINISHEDGOODSFLAG,COLOR,SAFETYSTOCKLEVEL,REORDERPOINT,STANDARDCOST,LISTPRICE,SIZE,WEIGHT,DAYSTOMANUFACTURE,PRODUCTLINE,CLASS,STYLE,PRODUCTMODIFIEDDATE,SUBCATEPROMODIFIEDDATE,CATEPROMODIFIEDDATE,PRODUCTSUBCATEGORYID,PRODUCTCATEGORYID,CATEGORYNAME,SELLSTARTDATE,SELLENDDATE,DISCONTINUEDDATE,PRICERANKINSUBCATEGORY,PROFITMARGINPCT,TOTALPROINCATE,AVGPRICEBYSUBCATEGORY,ISCURRENT,STARTDATE,ENDDATE,HASHDIFF
1,804,HL Fork,True,,500,375,102,229,,,1,,H ,,2014-02-08 10:01:36.827,2008-04-30,2008-04-30,10.0,2.0,Components,2012-05-30,2013-05-29,,1,125.0,134,184,True,2006-06-23,9999-12-31 00:00:00,b7e2e79b9fcaacb1310c9072b62a1352053ff158b20f584245e26c3c7bf85fd0
2,803,ML Fork,True,,500,375,78,175,,,1,,M ,,2014-02-08 10:01:36.827,2008-04-30,2008-04-30,10.0,2.0,Components,2012-05-30,2013-05-29,,2,125.0,134,184,True,2006-06-23,9999-12-31 00:00:00,750b756beea84ecf40abca56d32d6a94f606ddabf11f6239eb59c8fc7e511b52
3,802,LL Fork,True,,500,375,66,148,,,1,,L ,,2014-02-08 10:01:36.827,2008-04-30,2008-04-30,10.0,2.0,Components,2012-05-30,2013-05-29,,3,125.0,134,184,True,2006-06-23,9999-12-31 00:00:00,1cf69834b5a90aedc13e412b67af3ad1593581f9d68e443164de23885eab7522
4,937,HL Mountain Pedal,True,Silver/Black,500,375,36,81,,185.0,1,M ,H ,,2014-02-08 10:01:36.827,2008-04-30,2008-04-30,13.0,2.0,Components,2013-05-30,,,1,125.0,134,64,True,2006-06-23,9999-12-31 00:00:00,5227b4d1ad1390096dce0930e0b3a3525fdb3e32ae589b6cda758a1ea319ea3a
5,940,HL Road Pedal,True,Silver/Black,500,375,36,81,,149.0,1,R ,H ,,2014-02-08 10:03:55.510,2008-04-30,2008-04-30,13.0,2.0,Components,2013-05-30,,,1,125.0,134,64,True,2006-06-23,9999-12-31 00:00:00,e17867f7d25fc1712adad8edc688c5a49ddaf8eba30240ebcd6fe87a28da9d54
6,941,Touring Pedal,True,Silver/Black,500,375,36,81,,,1,T ,,,2014-02-08 10:01:36.827,2008-04-30,2008-04-30,13.0,2.0,Components,2013-05-30,,,1,125.0,134,64,True,2006-06-23,9999-12-31 00:00:00,8fbefbcbd74140c1442b9cddbcc007030c16394376e3cc044f314bac6af1b78d
7,936,ML Mountain Pedal,True,Silver/Black,500,375,28,62,,215.0,1,M ,M ,,2014-02-08 10:01:36.827,2008-04-30,2008-04-30,13.0,2.0,Components,2013-05-30,,,2,125.0,134,64,True,2006-06-23,9999-12-31 00:00:00,c5df17d0c70376b8afa4511bd5bb7583d95015944738298251124f240d4fa5e8
8,939,ML Road Pedal,True,Silver/Black,500,375,28,62,,168.0,1,R ,M ,,2014-02-08 10:01:36.827,2008-04-30,2008-04-30,13.0,2.0,Components,2013-05-30,,,2,125.0,134,64,True,2006-06-23,9999-12-31 00:00:00,87f17cddb7f2456ae5e03da3af26769a026f295d545f733a4a44a4d681265b71
9,935,LL Mountain Pedal,True,Silver/Black,500,375,18,40,,218.0,1,M ,L ,,2014-02-08 10:01:36.827,2008-04-30,2008-04-30,13.0,2.0,Components,2013-05-30,,,3,125.0,134,64,True,2006-06-23,9999-12-31 00:00:00,8cb300d9e63f5a7d735988bbe07e6b99a0beadbdf02ed823fa857a2070eb70ec
10,938,LL Road Pedal,True,Silver/Black,500,375,18,40,,189.0,1,R ,L ,,2014-02-08 10:01:36.827,2008-04-30,2008-04-30,13.0,2.0,Components,2013-05-30,,,3,125.0,134,64,True,2006-06-23,9999-12-31 00:00:00,910d06e1fa0dcb247b9d20c2a55a0a95c5e37c2dedab7be1031aef9b07c31b39
11,772,"Mountain-100 Silver, 42",True,Silver,100,75,1912,3400,42,21.0,4,M ,H ,U ,2014-02-08 10:01:36.827,2008-04-30,2008-04-30,1.0,1.0,Bikes,2011-05-31,2012-05-29,,1,78.0,97,1683,True,2006-06-23,9999-12-31 00:00:00,b06d0db980df83dee6ecf5a0d1e8f7c6178015149b7a422299375ab6ccf843bc
12,773,"Mountain-100 Silver, 44",True,Silver,100,75,1912,3400,44,21.0,4,M ,H ,U ,2014-02-08 10:01:36.827,2008-04-30,2008-04-30,1.0,1.0,Bikes,2011-05-31,2012-05-29,,1,78.0,97,1683,True,2006-06-23,9999-12-31 00:00:00,0f1c6ca1e6a4c5504d3b93054e6fbc0f94c03fdca43426308d794d12ffbe5865
13,774,"Mountain-100 Silver, 48",True,Silver,100,75,1912,3400,48,21.0,4,M ,H ,U ,2014-02-08 10:01:36.827,2008-04-30,2008-04-30,1.0,1.0,Bikes,2011-05-31,2012-05-29,,1,78.0,97,1683,True,2006-06-23,9999-12-31 00:00:00,b5df7d8d18cef8d9ebbe480d300e2eed524fbc913ab3f6dd823032681450206d
14,771,"Mountain-100 Silver, 38",True,Silver,100,75,1912,3400,38,20.0,4,M ,H ,U ,2014-02-08 10:01:36.827,2008-04-30,2008-04-30,1.0,1.0,Bikes,2011-05-31,2012-05-29,,1,78.0,97,1683,True,2006-06-23,9999-12-31 00:00:00,f3340ff75fbb249ad38e587290c8b54fc9612f0bb0ab27ac678a4f1f69d1594b
15,775,"Mountain-100 Black, 38",True,Black,100,75,1898,3375,38,20.0,4,M ,H ,U ,2014-02-08 10:01:36.827,2008-04-30,2008-04-30,1.0,1.0,Bikes,2011-05-31,2012-05-29,,2,78.0,97,1683,True,2006-06-23,9999-12-31 00:00:00,a1e158aba20a02dc2ba57b06f0354dc48652666b83a336725593c09b6708379c
16,776,"Mountain-100 Black, 42",True,Black,100,75,1898,3375,42,21.0,4,M ,H ,U ,2014-02-08 10:01:36.827,2008-04-30,2008-04-30,1.0,1.0,Bikes,2011-05-31,2012-05-29,,2,78.0,97,1683,True,2006-06-23,9999-12-31 00:00:00,92a40be5f2aa821cc67317e70e5960003947337fc4469dd2f8daecbc0683f4f2
17,777,"Mountain-100 Black, 44",True,Black,100,75,1898,3375,44,21.0,4,M ,H ,U ,2014-02-08 10:01:36.827,2008-04-30,2008-04-30,1.0,1.0,Bikes,2011-05-31,2012-05-29,,2,78.0,97,1683,True,2006-06-23,9999-12-31 00:00:00,3147414f01dd9d5343d31d10a1d46d7fb71e14ab622a9b0fcc31698e8622af8a
18,778,"Mountain-100 Black, 48",True,Black,100,75,1898,3375,48,21.0,4,M ,H ,U ,2014-02-08 10:01:36.827,2008-04-30,2008-04-30,1.0,1.0,Bikes,2011-05-31,2012-05-29,,2,78.0,97,1683,True,2006-06-23,9999-12-31 00:00:00,99cbe0977452f3780eec3b1b723d98659131799c977d158f44bc7b6868451c32
19,779,"Mountain-200 Silver, 38",True,Silver,100,75,1266,2320,38,23.0,4,M ,H ,U ,2014-02-08 10:01:36.827,2008-04-30,2008-04-30,1.0,1.0,Bikes,2012-05-30,,,3,83.0,97,1683,True,2006-06-23,9999-12-31 00:00:00,13f1631c5417f171ec252c8d9ef3102cb346b774a2f1221bd77d630d60bcc14a
20,780,"Mountain-200 Silver, 42",True,Silver,100,75,1266,2320,42,24.0,4,M ,H ,U ,2014-02-08 10:01:36.827,2008-04-30,2008-04-30,1.0,1.0,Bikes,2012-05-30,,,3,83.0,97,1683,True,2006-06-23,9999-12-31 00:00:00,1ff2caf6593576050f29b9b03aee813e12bafceada17990d776c06bab0886ce9
21,781,"Mountain-200 Silver, 46",True,Silver,100,75,1266,2320,46,24.0,4,M ,H ,U ,2014-02-08 10:01:36.827,2008-04-30,2008-04-30,1.0,1.0,Bikes,2012-05-30,,,3,83.0,97,1683,True,2006-06-23,9999-12-31 00:00:00,6bfdcd68d05ffbc4385ad2f487e823585f604345e08fbf49e6878235eaf784ca
22,782,"Mountain-200 Black, 38",True,Black,100,75,1252,2295,38,23.0,4,M ,H ,U ,2014-02-08 10:01:36.827,2008-04-30,2008-04-30,1.0,1.0,Bikes,2012-05-30,,,4,83.0,97,1683,True,2006-06-23,9999-12-31 00:00:00,0bc011bcb168cf3b9f68ccfd73c5fa73bae9c1636493bcc5a9596d4f124e3907
23,783,"Mountain-200 Black, 42",True,Black,100,75,1252,2295,42,24.0,4,M ,H ,U ,2014-02-08 10:01:36.827,2008-04-30,2008-04-30,1.0,1.0,Bikes,2012-05-30,,,4,83.0,97,1683,True,2006-06-23,9999-12-31 00:00:00,e7121f878463ed36e95edc95babd89aa7382e6298c0e46f21b2a5795cc983358
24,784,"Mountain-200 Black, 46",True,Black,100,75,1252,2295,46,24.0,4,M ,H ,U ,2014-02-08 10:01:36.827,2008-04-30,2008-04-30,1.0,1.0,Bikes,2012-05-30,,,4,83.0,97,1683,True,2006-06-23,9999-12-31 00:00:00,2d39a4885f61718af7b732db1980e55d2684c96cf1aabb5c4c0b7b0ac1f438a4
25,787,"Mountain-300 Black, 44",True,Black,100,75,598,1080,44,26.0,4,M ,M ,U ,2014-02-08 10:01:36.827,2008-04-30,2008-04-30,1.0,1.0,Bikes,2012-05-30,2013-05-29,,5,80.0,97,1683,True,2006-06-23,9999-12-31 00:00:00,601f12c001542c9470431c5c8d0d797bda3c3b50142fa40ede1887b039c3b5ca
26,788,"Mountain-300 Black, 48",True,Black,100,75,598,1080,48,26.0,4,M ,M ,U ,2014-02-08 10:01:36.827,2008-04-30,2008-04-30,1.0,1.0,Bikes,2012-05-30,2013-05-29,,5,80.0,97,1683,True,2006-06-23,9999-12-31 00:00:00,ccd82ada81362709de87ce5f882f15ef464e1aaeb5ca19fc09c0101943e44446
27,786,"Mountain-300 Black, 40",True,Black,100,75,598,1080,40,26.0,4,M ,M ,U ,2014-02-08 10:01:36.827,2008-04-30,2008-04-30,1.0,1.0,Bikes,2012-05-30,2013-05-29,,5,80.0,97,1683,True,2006-06-23,9999-12-31 00:00:00,e3b7c6c459cfe1213f84672fe42d8d6b92f0b4cb1891f84cc7b5fbf323692162
28,785,"Mountain-300 Black, 38",True,Black,100,75,598,1080,38,25.0,4,M ,M ,U ,2014-02-08 10:01:36.827,2008-04-30,2008-04-30,1.0,1.0,Bikes,2012-05-30,2013-05-29,,5,80.0,97,1683,True,2006-06-23,9999-12-31 00:00:00,15285e484612cbdfa8a0811c57d1ad622bb2aad42cd018894133ace996f9e78c
29,980,"Mountain-400-W Silver, 38",True,Silver,100,75,420,769,38,26.0,4,M ,M ,W ,2014-02-08 10:01:36.827,2008-04-30,2008-04-30,1.0,1.0,Bikes,2013-05-30,,,6,83.0,97,1683,True,2006-06-23,9999-12-31 00:00:00,8a9638a514cd3207b68df9b0b9206e231d225819a33df2f50a06cdfe1160da21
30,981,"Mountain-400-W Silver, 40",True,Silver,100,75,420,769,40,27.0,4,M ,M ,W ,2014-02-08 10:01:36.827,2008-04-30,2008-04-30,1.0,1.0,Bikes,2013-05-30,,,6,83.0,97,1683,True,2006-06-23,9999-12-31 00:00:00,6257ebf045bc992ed8147da26be190410333ddefe6fbc17efc04818088d51763
31,982,"Mountain-400-W Silver, 42",True,Silver,100,75,420,769,42,27.0,4,M ,M ,W ,2014-02-08 10:01:36.827,2008-04-30,2008-04-30,1.0,1.0,Bikes,2013-05-30,,,6,83.0,97,1683,True,2006-06-23,9999-12-31 00:00:00,3dc1030559cec1676cef02a04a555528d759df0ff53f913d8c562c05b3afc4ba
32,983,"Mountain-400-W Silver, 46",True,Silver,100,75,420,769,46,27.0,4,M ,M ,W ,2014-02-08 10:01:36.827,2008-04-30,2008-04-30,1.0,1.0,Bikes,2013-05-30,,,6,83.0,97,1683,True,2006-06-23,9999-12-31 00:00:00,a1c1ee80fe9a995034e35f8650390dc55427255e2693e3630d7f695da6956ef7
33,984,"Mountain-500 Silver, 40",True,Silver,100,75,308,565,40,27.0,4,M ,L ,U ,2014-02-08 10:01:36.827,2008-04-30,2008-04-30,1.0,1.0,Bikes,2013-05-30,,,7,83.0,97,1683,True,2006-06-23,9999-12-31 00:00:00,3c85409c27eae23887b36fd214bd63d6a739fc1ef8dcdcb5514ab330d42197c9
34,985,"Mountain-500 Silver, 42",True,Silver,100,75,308,565,42,28.0,4,M ,L ,U ,2014-02-08 10:01:36.827,2008-04-30,2008-04-30,1.0,1.0,Bikes,2013-05-30,,,7,83.0,97,1683,True,2006-06-23,9999-12-31 00:00:00,d70271a285d08f8ee5c7501b58bb71b86d986484d5338725f7fc08f2790e794f
35,986,"Mountain-500 Silver, 44",True,Silver,100,75,308,565,44,28.0,4,M ,L ,U ,2014-02-08 10:01:36.827,2008-04-30,2008-04-30,1.0,1.0,Bikes,2013-05-30,,,7,83.0,97,1683,True,2006-06-23,9999-12-31 00:00:00,30c4f97f483e696d696b2fb9687f0c12a6c07485a017ee0b789e8dea4f6e4890
36,987,"Mountain-500 Silver, 48",True,Silver,100,75,308,565,48,28.0,4,M ,L ,U ,2014-02-08 10:01:36.827,2008-04-30,2008-04-30,1.0,1.0,Bikes,2013-05-30,,,7,83.0,97,1683,True,2006-06-23,9999-12-31 00:00:00,a9b85beee13ced981dd05f8257c2eb2b31076fb4a4f4f326858cdb2f698ec62f
37,988,"Mountain-500 Silver, 52",True,Silver,100,75,308,565,52,29.0,4,M ,L ,U ,2014-02-08 10:01:36.827,2008-04-30,2008-04-30,1.0,1.0,Bikes,2013-05-30,,,7,83.0,97,1683,True,2006-06-23,9999-12-31 00:00:00,001b46f636d6a0360c61a7e36cdd121d585e29ed572c2e48c88989c5a8adb86e
38,989,"Mountain-500 Black, 40",True,Black,100,75,295,540,40,27.0,4,M ,L ,U ,2014-02-08 10:01:36.827,2008-04-30,2008-04-30,1.0,1.0,Bikes,2013-05-30,,,8,83.0,97,1683,True,2006-06-23,9999-12-31 00:00:00,e1190ab57f8e72ca41aeaeb6ab869bb6b1dbeda01be31eca5a9b7956b07e372d
39,990,"Mountain-500 Black, 42",True,Black,100,75,295,540,42,28.0,4,M ,L ,U ,2014-02-08 10:01:36.827,2008-04-30,2008-04-30,1.0,1.0,Bikes,2013-05-30,,,8,83.0,97,1683,True,2006-06-23,9999-12-31 00:00:00,07349dbaa679e207d53060572f8a331fbd01c8d13ae99eb690e471c2f5a5e5cf
40,991,"Mountain-500 Black, 44",True,Black,100,75,295,540,44,28.0,4,M ,L ,U ,2014-02-08 10:01:36.827,2008-04-30,2008-04-30,1.0,1.0,Bikes,2013-05-30,,,8,83.0,97,1683,True,2006-06-23,9999-12-31 00:00:00,8e1e80e4cdf7fd87ed9f6e9192bbd83d066f6569ccff907daeba25086c7d2d40
41,992,"Mountain-500 Black, 48",True,Black,100,75,295,540,48,28.0,4,M ,L ,U ,2014-02-08 10:01:36.827,2008-04-30,2008-04-30,1.0,1.0,Bikes,2013-05-30,,,8,83.0,97,1683,True,2006-06-23,9999-12-31 00:00:00,32711e5f33b5c27f81c2ac46cb15d4fc4cd414330ff57bdd51e07f2debaccc2f
42,993,"Mountain-500 Black, 52",True,Black,100,75,295,540,52,29.0,4,M ,L ,U ,2014-02-08 10:01:36.827,2008-04-30,2008-04-30,1.0,1.0,Bikes,2013-05-30,,,8,83.0,97,1683,True,2006-06-23,9999-12-31 00:00:00,1efa82439f28401b568aca69114dbb33d4808a84c7e8792b9a9aa0a031359543
43,712,AWC Logo Cap,True,Multi,4,3,7,9,,,0,S ,,U ,2014-02-08 10:01:36.827,2008-04-30,2008-04-30,19.0,3.0,Clothing,2011-05-31,,,1,30.0,35,9,True,2006-06-23,9999-12-31 00:00:00,def5a585a7431b42a631f0dbdb54aad76a2a2a6787db7f3b6c6c43577c405a31
44,848,Headlights - Weatherproof,True,,4,3,19,45,,,0,R ,,,2014-02-08 10:01:36.827,2008-04-30,2008-04-30,33.0,4.0,Accessories,2012-05-30,2013-05-29,,1,142.0,29,31,True,2006-06-23,9999-12-31 00:00:00,2437543cd1bdcf82cc0bc34031c822559d69e35d17f0edf2292f458e51f63999
45,847,Headlights - Dual-Beam,True,,4,3,14,35,,,0,R ,,,2014-02-08 10:01:36.827,2008-04-30,2008-04-30,33.0,4.0,Accessories,2012-05-30,2013-05-29,,2,142.0,29,31,True,2006-06-23,9999-12-31 00:00:00,1e20209be5fc921e438ff979ad21c4ebe70e074e6cee969a802084555ab559a8
46,846,Taillights - Battery-Powered,True,,4,3,6,14,,,0,R ,,,2014-02-08 10:01:36.827,2008-04-30,2008-04-30,33.0,4.0,Accessories,2012-05-30,2013-05-29,,3,142.0,29,31,True,2006-06-23,9999-12-31 00:00:00,52ecfbf62710ca46eb41b06e38e7aa20ffb0bdd2bdf6107fe16f03bee698e739
47,894,Rear Derailleur,True,Silver,500,375,54,121,,215.0,1,,,,2014-02-08 10:01:36.827,2008-04-30,2008-04-30,9.0,2.0,Components,2013-05-30,,,1,125.0,134,106,True,2006-06-23,9999-12-31 00:00:00,2cb5e1271f4a6230b9f70b224fec6fc4d44139c37add0d18aaf4bbb7eb6d4e78
48,945,Front Derailleur,True,Silver,500,375,41,91,,88.0,1,,,,2014-02-08 10:01:36.827,2008-04-30,2008-04-30,9.0,2.0,Components,2013-05-30,,,2,125.0,134,106,True,2006-06-23,9999-12-31 00:00:00,c57e670e3955f0e1044acd80b2468ef13c73908e1512b093c670558882a7fd15
49,864,"Classic Vest, S",True,Blue,4,3,24,64,S,,0,S ,,U ,2014-02-08 10:01:36.827,2008-04-30,2008-04-30,25.0,3.0,Clothing,2013-05-30,,,1,167.0,35,64,True,2006-06-23,9999-12-31 00:00:00,832405cf6ecdd863fa5e537f9b878106c0c3a3bf25dbbd3ccb18f59191e64d15
50,865,"Classic Vest, M",True,Blue,4,3,24,64,M,,0,S ,,U ,2014-02-08 10:01:36.827,2008-04-30,2008-04-30,25.0,3.0,Clothing,2013-05-30,,,1,167.0,35,64,True,2006-06-23,9999-12-31 00:00:00,16e06fb2eb558447f7a62406ebbabae56ac3202b96f6d9b428272400c97dffc2
51,866,"Classic Vest, L",True,Blue,4,3,24,64,L,,0,S ,,U ,2014-02-08 10:01:36.827,2008-04-30,2008-04-30,25.0,3.0,Clothing,2013-05-30,,,1,167.0,35,64,True,2006-06-23,9999-12-31 00:00:00,a7d431c3606919b3a2de750d48aac439da6281930e733bf03911d0a4b2a8fd6a
52,519,HL Road Seat Assembly,False,,500,375,146,197,,,1,,,,2014-02-08 10:01:36.827,,,,,,2008-04-30,,,1,35.0,209,7,True,2006-06-23,9999-12-31 00:00:00,460ffbd87c123904d428b5d5cab1e0e30b82a4169a472cf94ea2be0157031731
53,522,HL Touring Seat Assembly,False,,500,375,146,197,,,1,,,,2014-02-08 10:01:36.827,,,,,,2008-04-30,,,1,35.0,209,7,True,2006-06-23,9999-12-31 00:00:00,bbd5119c5b36feeb4ad4ba29e44e83764fc36e7d315ab7ae8400acd45b70e052
54,516,HL Mountain Seat Assembly,False,,500,375,146,197,,,1,,,,2014-02-08 10:01:36.827,,,,,,2008-04-30,,,1,35.0,209,7,True,2006-06-23,9999-12-31 00:00:00,837fb090952de2c9ef36e7ada461c6f735532ca8e181641963df5cbc2c5c26f0
55,521,ML Touring Seat Assembly,False,,500,375,109,147,,,1,,M ,,2014-02-08 10:01:36.827,,,,,,2008-04-30,,,2,35.0,209,7,True,2006-06-23,9999-12-31 00:00:00,2e26faff86c1a8ad86348b6050ac908ac53302210b4ca71bb9804aa3c1a15d4a
56,518,ML Road Seat Assembly,False,,500,375,109,147,,,1,,M ,,2014-02-08 10:01:36.827,,,,,,2008-04-30,,,2,35.0,209,7,True,2006-06-23,9999-12-31 00:00:00,552da309b961dfd7ad2a8b43ced63077551c869b33466263bff5b7d2666d4648
57,515,ML Mountain Seat Assembly,False,,500,375,109,147,,,1,,M ,,2014-02-08 10:01:36.827,,,,,,2008-04-30,,,2,35.0,209,7,True,2006-06-23,9999-12-31 00:00:00,c0f7e3ab46a1902df3250d2e855b7554fd35acafa1038fce3412f254d2f3e5cf
58,520,LL Touring Seat Assembly,False,,500,375,99,133,,,1,,L ,,2014-02-08 10:01:36.827,,,,,,2008-04-30,,,3,35.0,209,7,True,2006-06-23,9999-12-31 00:00:00,203327e5944f56f0efc24c9005d65de102c21b6cf26700d0a89da93c9855e834
59,517,LL Road Seat Assembly,False,,500,375,99,133,,,1,,L ,,2014-02-08 10:01:36.827,,,,,,2008-04-30,,,3,35.0,209,7,True,2006-06-23,9999-12-31 00:00:00,e6a633c6d232bbdf02fab31379edb4aa7e07419b24ad6a5364dc8657260939e4
60,514,LL Mountain Seat Assembly,False,,500,375,99,133,,,1,,L ,,2014-02-08 10:01:36.827,,,,,,2008-04-30,,,3,35.0,209,7,True,2006-06-23,9999-12-31 00:00:00,4551dce1ebd5b01198c7bd28047324816f6b5fea521decc3dd3556106150a759
61,459,Lock Nut 19,False,,1000,750,0,0,,,0,,,,2014-02-08 10:01:36.827,,,,,,2008-04-30,,,4,,209,7,True,2006-06-23,9999-12-31 00:00:00,b564bbea18262f9669cf821080b372d3ff42e408d8fe99952296dd0d7a37a14a
62,451,Lock Nut 11,False,,1000,750,0,0,,,0,,,,2014-02-08 10:01:36.827,,,,,,2008-04-30,,,4,,209,7,True,2006-06-23,9999-12-31 00:00:00,deee8d4a5381957a093187c1a3e46fd7537a68e342b4ae19d0ac98538e67c136
63,458,Lock Nut 4,False,,1000,750,0,0,,,0,,,,2014-02-08 10:01:36.827,,,,,,2008-04-30,,,4,,209,7,True,2006-06-23,9999-12-31 00:00:00,6c5595048a49d10cb0dfae1466f2a82f56f311434a785b8f2064e82b28197001
64,457,Lock Nut 15,False,,1000,750,0,0,,,0,,,,2014-02-08 10:01:36.827,,,,,,2008-04-30,,,4,,209,7,True,2006-06-23,9999-12-31 00:00:00,19685441a386df71bc45d83f8a4ffe5cca8df05226d589c6f1c40ec5c7b8516e
65,456,Lock Nut 14,False,,1000,750,0,0,,,0,,,,2014-02-08 10:01:36.827,,,,,,2008-04-30,,,4,,209,7,True,2006-06-23,9999-12-31 00:00:00,841dc3f798c87d5373a2162886f524e4a319c60f9b0f730173977876a3638d60
66,455,Lock Nut 3,False,,1000,750,0,0,,,0,,,,2014-02-08 10:01:36.827,,,,,,2008-04-30,,,4,,209,7,True,2006-06-23,9999-12-31 00:00:00,29ff2668c8289f64efb7450f1232aec9f09440c004f432a0aaedf334fc36cf20
67,454,Lock Nut 21,False,,1000,750,0,0,,,0,,,,2014-02-08 10:01:36.827,,,,,,2008-04-30,,,4,,209,7,True,2006-06-23,9999-12-31 00:00:00,4218132dab14ab5d2f0e0268e93bd403c9888f27fb6701233258f8a385159612
68,453,Lock Nut 20,False,,1000,750,0,0,,,0,,,,2014-02-08 10:01:36.827,,,,,,2008-04-30,,,4,,209,7,True,2006-06-23,9999-12-31 00:00:00,5805a20847174bce8709639428b32e56d4446679db591286cf9905a30ee9325d
69,452,Lock Nut 2,False,,1000,750,0,0,,,0,,,,2014-02-08 10:01:36.827,,,,,,2008-04-30,,,4,,209,7,True,2006-06-23,9999-12-31 00:00:00,59a39a6653391d3f49545cb270ccefb10639c8abbdfefe23051b36ebfc9e3a59
70,445,Lock Nut 22,False,,1000,750,0,0,,,0,,,,2014-02-08 10:01:36.827,,,,,,2008-04-30,,,4,,209,7,True,2006-06-23,9999-12-31 00:00:00,89824a61502f2f57c942d6c180659f39d49735e14786ec0ea0616782659a6480
71,460,Lock Nut 18,False,,1000,750,0,0,,,0,,,,2014-02-08 10:01:36.827,,,,,,2008-04-30,,,4,,209,7,True,2006-06-23,9999-12-31 00:00:00,21ac16f3adfa0455913e9900dcf9b92649b563561f6c0635b86710a6e460dde0
72,461,Lock Ring,False,Silver,1000,750,0,0,,,0,,,,2014-02-08 10:01:36.827,,,,,,2008-04-30,,,4,,209,7,True,2006-06-23,9999-12-31 00:00:00,21c289468162f561828ea2389008b279af47cd66d761daff9326cc0625477bc4
73,462,Lower Head Race,False,,1000,750,0,0,,,0,,,,2014-02-08 10:01:36.827,,,,,,2008-04-30,,,4,,209,7,True,2006-06-23,9999-12-31 00:00:00,b5c9b6edb588cd1c16b74c7e0678d1f8cff0538b959ff7d34c94390cfb48d465
74,463,Lock Washer 4,False,,1000,750,0,0,,,0,,,,2014-02-08 10:01:36.827,,,,,,2008-04-30,,,4,,209,7,True,2006-06-23,9999-12-31 00:00:00,e5359ce1d63f4896f3d3ba5bd1ddf19e381e4eafe66ccb295b4818d527083a67
75,464,Lock Washer 5,False,,1000,750,0,0,,,0,,,,2014-02-08 10:01:36.827,,,,,,2008-04-30,,,4,,209,7,True,2006-06-23,9999-12-31 00:00:00,55c9592608823ef590e336400df10d8cf110c23232ac0e7ea7d0f0e603e87dd4
76,465,Lock Washer 10,False,,1000,750,0,0,,,0,,,,2014-02-08 10:01:36.827,,,,,,2008-04-30,,,4,,209,7,True,2006-06-23,9999-12-31 00:00:00,f7a371a4fdcc2bb3cd4bcee66a149779c0b8037cadc560656f525fc51f788fee
77,466,Lock Washer 6,False,,1000,750,0,0,,,0,,,,2014-02-08 10:01:36.827,,,,,,2008-04-30,,,4,,209,7,True,2006-06-23,9999-12-31 00:00:00,34a4c809669ee990924d2a7468bf1a1d7398dbf248fe267c73af7d3dfc8920ef
78,467,Lock Washer 13,False,,1000,750,0,0,,,0,,,,2014-02-08 10:01:36.827,,,,,,2008-04-30,,,4,,209,7,True,2006-06-23,9999-12-31 00:00:00,dd0614f78a73907129e366ccb03e38b5101fbe33c76f636b0a561099afaf2e10
79,468,Lock Washer 8,False,,1000,750,0,0,,,0,,,,2014-02-08 10:01:36.827,,,,,,2008-04-30,,,4,,209,7,True,2006-06-23,9999-12-31 00:00:00,fec4c8ca156a838db0ea55be820e6a6118acf08c66d0ccb07e0c554865f4e7f9
80,469,Lock Washer 1,False,,1000,750,0,0,,,0,,,,2014-02-08 10:01:36.827,,,,,,2008-04-30,,,4,,209,7,True,2006-06-23,9999-12-31 00:00:00,3542871f17f470e1bdb3c3222a5a09fd3a425cbb5536f8b5d1cb005370e58fd1
81,470,Lock Washer 7,False,,1000,750,0,0,,,0,,,,2014-02-08 10:01:36.827,,,,,,2008-04-30,,,4,,209,7,True,2006-06-23,9999-12-31 00:00:00,2f57f60408558e50e0043a7e93c0e29810eeafb2c922a692f45c2cf488216681
82,471,Lock Washer 12,False,,1000,750,0,0,,,0,,,,2014-02-08 10:01:36.827,,,,,,2008-04-30,,,4,,209,7,True,2006-06-23,9999-12-31 00:00:00,50c50b036112f5b02c4f2c2af265348b6c96b22868e553e88c135a2bfb569b42
83,472,Lock Washer 2,False,,1000,750,0,0,,,0,,,,2014-02-08 10:01:36.827,,,,,,2008-04-30,,,4,,209,7,True,2006-06-23,9999-12-31 00:00:00,da3256e0cb3a742b6de045d9044fb5bbeff4a6d213a615961d593526eab8f49e
84,473,Lock Washer 9,False,,1000,750,0,0,,,0,,,,2014-02-08 10:01:36.827,,,,,,2008-04-30,,,4,,209,7,True,2006-06-23,9999-12-31 00:00:00,7316589a7b3312a0f92cc9bb2469d583470cfa3cf7770ab24974b0ebd369e0f0
85,438,Lock Nut 5,False,,1000,750,0,0,,,0,,,,2014-02-08 10:01:36.827,,,,,,2008-04-30,,,4,,209,7,True,2006-06-23,9999-12-31 00:00:00,0f22e1c5c01e54a36f3efd1d42415d53facd3a38de91d68c3984778e48f4b62a
86,427,Thin-Jam Lock Nut 16,False,,1000,750,0,0,,,0,,,,2014-02-08 10:01:36.827,,,,,,2008-04-30,,,4,,209,7,True,2006-06-23,9999-12-31 00:00:00,06636be2bc02adb515c77a05b7d05a0f12d8caf4e692e5b4a871c52a705f1476
87,428,Thin-Jam Lock Nut 5,False,,1000,750,0,0,,,0,,,,2014-02-08 10:01:36.827,,,,,,2008-04-30,,,4,,209,7,True,2006-06-23,9999-12-31 00:00:00,d2ddd38b6330039499d13a053ab9da16eafaca762d5ff6a7d414ee2f55d39ddd
88,429,Thin-Jam Lock Nut 6,False,,1000,750,0,0,,,0,,,,2014-02-08 10:01:36.827,,,,,,2008-04-30,,,4,,209,7,True,2006-06-23,9999-12-31 00:00:00,a0ae9cf0038a9dacbba03ee3a2f4d0414600b90e11eaf4f30d635b434655f4b9
89,430,Thin-Jam Lock Nut 3,False,,1000,750,0,0,,,0,,,,2014-02-08 10:01:36.827,,,,,,2008-04-30,,,4,,209,7,True,2006-06-23,9999-12-31 00:00:00,d0641e6f6cac8fac0fb64a9acb8ddff54777b0a4b7987c1b58ac5ae973d784dc
90,431,Thin-Jam Lock Nut 4,False,,1000,750,0,0,,,0,,,,2014-02-08 10:01:36.827,,,,,,2008-04-30,,,4,,209,7,True,2006-06-23,9999-12-31 00:00:00,8777e628d63307a0652d7350ab846b9d3c94f682cc7516897c17738414924662
91,432,Thin-Jam Lock Nut 13,False,,1000,750,0,0,,,0,,,,2014-02-08 10:01:36.827,,,,,,2008-04-30,,,4,,209,7,True,2006-06-23,9999-12-31 00:00:00,8279aee754023e373c2850d5cf24baae92413d75d8efa72284530c39daddf3d5
92,433,Thin-Jam Lock Nut 14,False,,1000,750,0,0,,,0,,,,2014-02-08 10:01:36.827,,,,,,2008-04-30,,,4,,209,7,True,2006-06-23,9999-12-31 00:00:00,c30e9a35bc529b61a3c6bce4418ca0508562fe6a306d684e95d5ca50de2d7ebe
93,434,Thin-Jam Lock Nut 7,False,,1000,750,0,0,,,0,,,,2014-02-08 10:01:36.827,,,,,,2008-04-30,,,4,,209,7,True,2006-06-23,9999-12-31 00:00:00,652f886c8c78b3772e42bd02ba4f8d7cd7cb4025d02480dc09c614565002f4d9
94,435,Thin-Jam Lock Nut 8,False,,1000,750,0,0,,,0,,,,2014-02-08 10:01:36.827,,,,,,2008-04-30,,,4,,209,7,True,2006-06-23,9999-12-31 00:00:00,ad22c921d8ec26f45826e5d2002fca5d6829f31140760205314f3cb5ae72495b
95,436,Thin-Jam Lock Nut 12,False,,1000,750,0,0,,,0,,,,2014-02-08 10:01:36.827,,,,,,2008-04-30,,,4,,209,7,True,2006-06-23,9999-12-31 00:00:00,c6fa3a11317019ff120fe59b1c1509db05d49a8d72c2eb7fa21e447bdaf1c9ec
96,437,Thin-Jam Lock Nut 11,False,,1000,750,0,0,,,0,,,,2014-02-08 10:01:36.827,,,,,,2008-04-30,,,4,,209,7,True,2006-06-23,9999-12-31 00:00:00,1e7fa52b9511476bc188b577d490817e252fbf780e36ccd63ed84e0039de7419
97,450,Lock Nut 10,False,,1000,750,0,0,,,0,,,,2014-02-08 10:01:36.827,,,,,,2008-04-30,,,4,,209,7,True,2006-06-23,9999-12-31 00:00:00,404ffe036ece6d75358bde83fcb0c32b9ce3c2ca82c1c8f01cda793438d9c579
98,439,Lock Nut 6,False,,1000,750,0,0,,,0,,,,2014-02-08 10:01:36.827,,,,,,2008-04-30,,,4,,209,7,True,2006-06-23,9999-12-31 00:00:00,7ecbbdd4bb01e85059952e2a93a0fcb2b4aa6a70e3ff3a7d477f03700637d8fc
99,440,Lock Nut 16,False,,1000,750,0,0,,,0,,,,2014-02-08 10:01:36.827,,,,,,2008-04-30,,,4,,209,7,True,2006-06-23,9999-12-31 00:00:00,9bd548783eccdf260909368ccea54428d555d88240ab439ae17acb127ea1f5b5
100,441,Lock Nut 17,False,,1000,750,0,0,,,0,,,,2014-02-08 10:01:36.827,,,,,,2008-04-30,,,4,,209,7,True,2006-06-23,9999-12-31 00:00:00,0f9763d6c87646a1b4ca637df9ed297a698ab97df7b29284c253e2a2f2041481
101,442,Lock Nut 7,False,,1000,750,0,0,,,0,,,,2014-02-08 10:01:36.827,,,,,,2008-04-30,,,4,,209,7,True,2006-06-23,9999-12-31 00:00:00,1b2b88852ee1621521b3b39c105a94f4cef6bb2c064d236babf1f86c2de4f1da
102,443,Lock Nut 8,False,,1000,750,0,0,,,0,,,,2014-02-08 10:01:36.827,,,,,,2008-04-30,,,4,,209,7,True,2006-06-23,9999-12-31 00:00:00,03b165ab1e597024985f817f50d3dde07a8501cec174da09441af36aa92a12b1
103,444,Lock Nut 9,False,,1000,750,0,0,,,0,,,,2014-02-08 10:01:36.827,,,,,,2008-04-30,,,4,,209,7,True,2006-06-23,9999-12-31 00:00:00,3c4ca4c39666432523266544e6331c3833388541a0a07810bf126421aedeb411
104,479,Metal Plate 2,False,,1000,750,0,0,,,0,,,,2014-02-08 10:01:36.827,,,,,,2008-04-30,,,4,,209,7,True,2006-06-23,9999-12-31 00:00:00,3ca37c41beabb190b58d81931c45167db4f0ab2c9da4fb421abe255d110d30fc
105,446,Lock Nut 23,False,,1000,750,0,0,,,0,,,,2014-02-08 10:01:36.827,,,,,,2008-04-30,,,4,,209,7,True,2006-06-23,9999-12-31 00:00:00,fb091ad751a4a43754ecc0e422668d9c5602ec4121de6d06fada424e85b99ca6
106,447,Lock Nut 12,False,,1000,750,0,0,,,0,,,,2014-02-08 10:01:36.827,,,,,,2008-04-30,,,4,,209,7,True,2006-06-23,9999-12-31 00:00:00,5edadf64324505d7262b7a1fefde85f2c02734e29b8f388c221e40c730134880
107,448,Lock Nut 13,False,,1000,750,0,0,,,0,,,,2014-02-08 10:01:36.827,,,,,,2008-04-30,,,4,,209,7,True,2006-06-23,9999-12-31 00:00:00,10b37a146ff48598fa56961851eb1c21110ee9f2afc115ef730e18c4ae7aa721
108,449,Lock Nut 1,False,,1000,750,0,0,,,0,,,,2014-02-08 10:01:36.827,,,,,,2008-04-30,,,4,,209,7,True,2006-06-23,9999-12-31 00:00:00,208e26d1db71aeb7fe673028cfc8591428f9295cf89cf5c1ea8485f612afd711
109,525,LL Shell,False,,800,600,0,0,,,0,,L ,,2014-02-08 10:01:36.827,,,,,,2008-04-30,,,4,,209,7,True,2006-06-23,9999-12-31 00:00:00,bfc42ed0538d109ec20354155e49e81cb35684e26b04aaf6d80326b7b553e4f3
110,505,Cone-Shaped Race,False,,1000,750,0,0,,,0,,,,2014-02-08 10:01:36.827,,,,,,2008-04-30,,,4,,209,7,True,2006-06-23,9999-12-31 00:00:00,b417f86e1d2219459a1dd51e45dbcd4aa7ac1fe3922cf9bcd4330b1d95329ec1
111,506,Reflector,False,,1000,750,0,0,,,0,,,,2014-02-08 10:01:36.827,,,,,,2008-04-30,,,4,,209,7,True,2006-06-23,9999-12-31 00:00:00,04cfc71c373af11263f0d5531b121a570e5c4902a934f3d1dc10aa212d392f27
112,507,LL Mountain Rim,False,,800,600,0,0,,435.0,0,,L ,,2014-02-08 10:01:36.827,,,,,,2008-04-30,,,4,,209,7,True,2006-06-23,9999-12-31 00:00:00,61819ad57bcf034c7d83f6b6d608fcbeef75928e41b4d9f273283b5afb79c237
113,508,ML Mountain Rim,False,,800,600,0,0,,450.0,0,,M ,,2014-02-08 10:01:36.827,,,,,,2008-04-30,,,4,,209,7,True,2006-06-23,9999-12-31 00:00:00,32519552d5fecbaab9c11ea8c13bcd7bc1bc8ef2fb403701fd816e4887a5f6c7
114,509,HL Mountain Rim,False,,800,600,0,0,,400.0,0,,,,2014-02-08 10:01:36.827,,,,,,2008-04-30,,,4,,209,7,True,2006-06-23,9999-12-31 00:00:00,ecd90447937b5f26a6a8fd10285d5d1c613430a272af70411cd2cc2bae9350db
115,510,LL Road Rim,False,,800,600,0,0,,445.0,0,,L ,,2014-02-08 10:01:36.827,,,,,,2008-04-30,,,4,,209,7,True,2006-06-23,9999-12-31 00:00:00,062f7534de12876c856a0d97129599e801841abdbe10b2f56ac89433265ec1ca
116,511,ML Road Rim,False,,800,600,0,0,,450.0,0,,M ,,2014-02-08 10:01:36.827,,,,,,2008-04-30,,,4,,209,7,True,2006-06-23,9999-12-31 00:00:00,8bd26f8e096c38a3a31f4acfa33e961babe51ab69d872aab3898d2c6db3e205a
117,512,HL Road Rim,False,,800,600,0,0,,400.0,0,,,,2014-02-08 10:01:36.827,,,,,,2008-04-30,,,4,,209,7,True,2006-06-23,9999-12-31 00:00:00,49c8f46fcdfbe55cdf84f307e21e1b8c64591ad0e2be2b50067803527172700f
118,513,Touring Rim,False,,800,600,0,0,,460.0,0,,,,2014-02-08 10:01:36.827,,,,,,2008-04-30,,,4,,209,7,True,2006-06-23,9999-12-31 00:00:00,a07c2f85a6771cfe5e17af40dc5e8042a7812f01ae60cb3888ec91ccc844615e
119,523,LL Spindle/Axle,False,,500,375,0,0,,,0,,L ,,2014-02-08 10:01:36.827,,,,,,2008-04-30,,,4,,209,7,True,2006-06-23,9999-12-31 00:00:00,686d1a563d6a8c67593e8b7516a3e898041451e6cd52bcd6c6166d1259edaa21
120,524,HL Spindle/Axle,False,,500,375,0,0,,,0,,,,2014-02-08 10:01:36.827,,,,,,2008-04-30,,,4,,209,7,True,2006-06-23,9999-12-31 00:00:00,aad84dc4a9512c8fc9a154281c87784c6322de3eaac4038ded608ad0ff401349
121,504,Cup-Shaped Race,False,,1000,750,0,0,,,0,,,,2014-02-08 10:01:36.827,,,,,,2008-04-30,,,4,,209,7,True,2006-06-23,9999-12-31 00:00:00,555c20ff39460140d080d38ad9819ac8dd3049de407f2c1db3dd302b60185d33
122,526,HL Shell,False,,800,600,0,0,,,0,,,,2014-02-08 10:01:36.827,,,,,,2008-04-30,,,4,,209,7,True,2006-06-23,9999-12-31 00:00:00,394c95760c33f866ee6c440a5bbd4733b6a41384ad27b76ab1218511fd0c9bc9
123,527,Spokes,False,,1000,750,0,0,,,0,,,,2014-02-08 10:01:36.827,,,,,,2008-04-30,,,4,,209,7,True,2006-06-23,9999-12-31 00:00:00,0ef96da4c55dc2b2fdbe7ed9e777c8f8f96348ebd56ca8184a322bd7f3789157
124,528,Seat Lug,False,,1000,750,0,0,,,0,,,,2014-02-08 10:01:36.827,,,,,,2008-04-30,,,4,,209,7,True,2006-06-23,9999-12-31 00:00:00,29fb3368a4e167d70ad36f4ae117b5d1d2e439b64c7da6316549dba957969ee0
125,529,Stem,False,,500,375,0,0,,,1,,,,2014-02-08 10:01:36.827,,,,,,2008-04-30,,,4,,209,7,True,2006-06-23,9999-12-31 00:00:00,f20d96df49344a35522eb7d6cbca58bda8f178daef8d112dd3a5c176cb31cb14
126,530,Seat Post,False,,500,375,0,0,,,0,,,,2014-02-08 10:01:36.827,,,,,,2008-04-30,,,4,,209,7,True,2006-06-23,9999-12-31 00:00:00,b183c1aad8a894c31507e4ba63bd332085de1437b053a120013f58811addc0d6
127,531,Steerer,False,,500,375,0,0,,,1,,,,2014-02-08 10:01:36.827,,,,,,2008-04-30,,,4,,209,7,True,2006-06-23,9999-12-31 00:00:00,47851edeb5e90cf274239b583e49a5bfe9c78d23efd93182c705045303363919
128,532,Seat Stays,False,,800,600,0,0,,,1,,,,2014-02-08 10:01:36.827,,,,,,2008-04-30,,,4,,209,7,True,2006-06-23,9999-12-31 00:00:00,ca0113beeb56f213b24052c82c5b5a32ec3711acaf86c480da08254a65eecc4c
129,533,Seat Tube,False,,500,375,0,0,,,1,,,,2014-02-08 10:01:36.827,,,,,,2008-04-30,,,4,,209,7,True,2006-06-23,9999-12-31 00:00:00,456513eb71a686e577b85142bdaf8d671ae97c54dfe00b90ae216bfee823897d
130,534,Top Tube,False,,500,375,0,0,,,1,,,,2014-02-08 10:01:36.827,,,,,,2008-04-30,,,4,,209,7,True,2006-06-23,9999-12-31 00:00:00,e053b82fdad9ccc9d0db7aa04ef75103eda301606117b9ed4b1a9a3811c1568c
131,535,Tension Pulley,False,,800,600,0,0,,,0,,,,2014-02-08 10:01:36.827,,,,,,2008-04-30,,,4,,209,7,True,2006-06-23,9999-12-31 00:00:00,1375de563a66e17620b0bca8f0108fa468794c68dc0b61f79ad7a26ba38ca4d8
132,679,Rear Derailleur Cage,False,Silver,500,375,0,0,,,0,,,,2014-02-08 10:01:36.827,,,,,,2008-04-30,,,4,,209,7,True,2006-06-23,9999-12-31 00:00:00,733772a000acdb5d18d08f0c24696a537abedcdbde8014f73c84dbf3048b377a
133,486,Metal Sheet 5,False,,1000,750,0,0,,,0,,,,2014-02-08 10:01:36.827,,,,,,2008-04-30,,,4,,209,7,True,2006-06-23,9999-12-31 00:00:00,f830b81a99dfdf62a6ccbab3847b89b0ff23c40b57f352a7e9dcfe127e4c2328
134,475,Lock Washer 11,False,,1000,750,0,0,,,0,,,,2014-02-08 10:01:36.827,,,,,,2008-04-30,,,4,,209,7,True,2006-06-23,9999-12-31 00:00:00,64082398d234733e7f1c679ea25044e4dcd438a562bfe74cceb2baf3553db401
135,476,Metal Angle,False,,1000,750,0,0,,,0,,,,2014-02-08 10:01:36.827,,,,,,2008-04-30,,,4,,209,7,True,2006-06-23,9999-12-31 00:00:00,81b5c4a7bd357dc929f3ff0f57ba641bc9569b169d0121beeedb65272757298f
136,477,Metal Bar 1,False,,1000,750,0,0,,,0,,,,2014-02-08 10:01:36.827,,,,,,2008-04-30,,,4,,209,7,True,2006-06-23,9999-12-31 00:00:00,32d0b5aee6a554ae2115274493edc89cef1cff2379a0cf7b13cbfd554f435fd9
137,478,Metal Bar 2,False,,1000,750,0,0,,,0,,,,2014-02-08 10:01:36.827,,,,,,2008-04-30,,,4,,209,7,True,2006-06-23,9999-12-31 00:00:00,aa6fd60c11b8fbb4a824bdf9183214b7f17b45b23d9b4e107cc4565f9e07f332
138,426,Thin-Jam Lock Nut 15,False,,1000,750,0,0,,,0,,,,2014-02-08 10:01:36.827,,,,,,2008-04-30,,,4,,209,7,True,2006-06-23,9999-12-31 00:00:00,398f36eb8fe5b2d71e0046ee1a33977dc539fd8b21bf9020a5e50767e5cab3c5
139,480,Metal Plate 1,False,,1000,750,0,0,,,0,,,,2014-02-08 10:01:36.827,,,,,,2008-04-30,,,4,,209,7,True,2006-06-23,9999-12-31 00:00:00,3ed1272e4eeacd3841d859127c81a9b45fd61bb6777ce741b3346247b8cbb5cd
140,481,Metal Plate 3,False,,1000,750,0,0,,,0,,,,2014-02-08 10:01:36.827,,,,,,2008-04-30,,,4,,209,7,True,2006-06-23,9999-12-31 00:00:00,40a91457a8c13703eb783791923b4c6e5b452bbbfa148da13d0d4c76fe46ada2
141,482,Metal Sheet 2,False,,1000,750,0,0,,,0,,,,2014-02-08 10:01:36.827,,,,,,2008-04-30,,,4,,209,7,True,2006-06-23,9999-12-31 00:00:00,1dcd8ea45e1d02c18567f27739f06287159007fce20e810bf495b92ea4af3bb6
142,483,Metal Sheet 3,False,,1000,750,0,0,,,0,,,,2014-02-08 10:01:36.827,,,,,,2008-04-30,,,4,,209,7,True,2006-06-23,9999-12-31 00:00:00,4aefe42d393d6272fe57d0a878b564af15c55a298373daab2e64b281c3c96237
143,484,Metal Sheet 7,False,,1000,750,0,0,,,0,,,,2014-02-08 10:01:36.827,,,,,,2008-04-30,,,4,,209,7,True,2006-06-23,9999-12-31 00:00:00,72bc5c573c36ba79043c0d1f7f050d1577099a6fc38d2b11bda39f85b2ad0585
144,485,Metal Sheet 4,False,,1000,750,0,0,,,0,,,,2014-02-08 10:01:36.827,,,,,,2008-04-30,,,4,,209,7,True,2006-06-23,9999-12-31 00:00:00,b6299473d05de905e8c9265b5696d3375e187bb00d78f3077cb12d0b6e54dda5
145,474,Lock Washer 3,False,,1000,750,0,0,,,0,,,,2014-02-08 10:01:36.827,,,,,,2008-04-30,,,4,,209,7,True,2006-06-23,9999-12-31 00:00:00,81515ad7ec83b090f294d50a4fe579fe2723d75c5ffa490343a38274d3ea7ccf
146,487,Metal Sheet 6,False,,1000,750,0,0,,,0,,,,2014-02-08 10:01:36.827,,,,,,2008-04-30,,,4,,209,7,True,2006-06-23,9999-12-31 00:00:00,c6b3b15ea53303d910a62d97553c8486ba630f463b8db7b57e5548559ab27388
147,488,Metal Sheet 1,False,,1000,750,0,0,,,0,,,,2014-02-08 10:01:36.827,,,,,,2008-04-30,,,4,,209,7,True,2006-06-23,9999-12-31 00:00:00,1983e4d41b6e5fc4a1a927e93894d6e735786dc16f1bb54be3ab8706f27efee6
148,489,Metal Tread Plate,False,,1000,750,0,0,,,0,,,,2014-02-08 10:01:36.827,,,,,,2008-04-30,,,4,,209,7,True,2006-06-23,9999-12-31 00:00:00,1ab81bf95f87bead88171f34e7078a58c9d0bb34d18fb6407d18b6b115b0e77f
149,490,LL Nipple,False,,1000,750,0,0,,,0,,L ,,2014-02-08 10:01:36.827,,,,,,2008-04-30,,,4,,209,7,True,2006-06-23,9999-12-31 00:00:00,3c95678a02ba8217b52a88a921a3eaff416f4c7c7ff2e610c70be7659fd94ddf
150,491,HL Nipple,False,,1000,750,0,0,,,0,,,,2014-02-08 10:01:36.827,,,,,,2008-04-30,,,4,,209,7,True,2006-06-23,9999-12-31 00:00:00,41a2b1851a088d5bb2435b34c009e1ea78de12442eda14dd2ba5c2e97ce9403b
151,492,Paint - Black,False,,60,45,0,0,,,0,,,,2014-02-08 10:01:36.827,,,,,,2008-04-30,,,4,,209,7,True,2006-06-23,9999-12-31 00:00:00,17d9380e07ced375dad241b7ae5e12f3f1f901e3b856a74b9ede576f346a0358
152,493,Paint - Red,False,,60,45,0,0,,,0,,,,2014-02-08 10:01:36.827,,,,,,2008-04-30,,,4,,209,7,True,2006-06-23,9999-12-31 00:00:00,47bf8d42630446261afbed5f47de9194c1015d43203e79281f8935de4f6df87b
153,494,Paint - Silver,False,,60,45,0,0,,,0,,,,2014-02-08 10:01:36.827,,,,,,2008-04-30,,,4,,209,7,True,2006-06-23,9999-12-31 00:00:00,411930295db73dd4f2bb4737ff8911b22a29e5e78e7ac31c89d81397fd308df9
154,495,Paint - Blue,False,,60,45,0,0,,,0,,,,2014-02-08 10:01:36.827,,,,,,2008-04-30,,,4,,209,7,True,2006-06-23,9999-12-31 00:00:00,d736f060ad4b174d3f8e0ea1be253bcc4b76e914a44ba5f000d1c16ae3162cdf
155,496,Paint - Yellow,False,,60,45,0,0,,,0,,,,2014-02-08 10:01:36.827,,,,,,2008-04-30,,,4,,209,7,True,2006-06-23,9999-12-31 00:00:00,ee86484be2ebe94e4f7984ce31ed7b43261641e7a7266f64948e2fd0dd0f8425
156,497,Pinch Bolt,False,,1000,750,0,0,,,0,,,,2014-02-08 10:01:36.827,,,,,,2008-04-30,,,4,,209,7,True,2006-06-23,9999-12-31 00:00:00,a01c97d9ee508d074f96f6421320a8b342629066dca46d050cd724384af90937
157,361,Thin-Jam Hex Nut 1,False,,1000,750,0,0,,,0,,,,2014-02-08 10:01:36.827,,,,,,2008-04-30,,,4,,209,7,True,2006-06-23,9999-12-31 00:00:00,a58120cad2995429a349718755c6465ef77cc637cb0a483cd4c3df73aac19f7a
158,347,Flat Washer 8,False,,1000,750,0,0,,,0,,,,2014-02-08 10:01:36.827,,,,,,2008-04-30,,,4,,209,7,True,2006-06-23,9999-12-31 00:00:00,e5118b08a37cee1b2b03c58d68e0d2bc0b27f27e83659dbc1e5c10e6078c6b7e
159,348,Flat Washer 5,False,,1000,750,0,0,,,0,,,,2014-02-08 10:01:36.827,,,,,,2008-04-30,,,4,,209,7,True,2006-06-23,9999-12-31 00:00:00,34abc1bbc75d1f95334b606d1cdca91c85f35a5fe3dcc9a9c09c44f1d48e5a1c
160,349,Flat Washer 7,False,,1000,750,0,0,,,0,,,,2014-02-08 10:01:36.827,,,,,,2008-04-30,,,4,,209,7,True,2006-06-23,9999-12-31 00:00:00,9dfaaac740fd014151d91a08c88ab0ab323e024f8d9d854b5c53b8d59f8b6ed0
161,350,Fork Crown,False,,800,600,0,0,,,1,,,,2014-02-08 10:01:36.827,,,,,,2008-04-30,,,4,,209,7,True,2006-06-23,9999-12-31 00:00:00,5b4083c78f13eb1537ab3f5acc2bd7f3e70cf8ea6bdd92d126668a5bcf4e29de
162,351,Front Derailleur Cage,False,Silver,800,600,0,0,,,0,,,,2014-02-08 10:01:36.827,,,,,,2008-04-30,,,4,,209,7,True,2006-06-23,9999-12-31 00:00:00,774c26cd8809594727d549fdce4ef8ef779639f6e2a02b35791ebbc56083232a
163,352,Front Derailleur Linkage,False,Silver,800,600,0,0,,,0,,,,2014-02-08 10:01:36.827,,,,,,2008-04-30,,,4,,209,7,True,2006-06-23,9999-12-31 00:00:00,80c15f7e7013f5c6c45839ef07d8d5d2d21d267ea1635238c25dbc475a943ad0
164,355,Guide Pulley,False,,800,600,0,0,,,0,,,,2014-02-08 10:01:36.827,,,,,,2008-04-30,,,4,,209,7,True,2006-06-23,9999-12-31 00:00:00,086fc62f449329ccc08b7bae7874c87c8809a6931185df7ddc28bef505b57bfa
165,356,LL Grip Tape,False,,800,600,0,0,,,0,,L ,,2014-02-08 10:01:36.827,,,,,,2008-04-30,,,4,,209,7,True,2006-06-23,9999-12-31 00:00:00,39c867a8be92cdc458e8697afc54a2e6ea4b1540bfa9f25462194181b92b9a5c
166,357,ML Grip Tape,False,,800,600,0,0,,,0,,M ,,2014-02-08 10:01:36.827,,,,,,2008-04-30,,,4,,209,7,True,2006-06-23,9999-12-31 00:00:00,438cd5b225e864f8654883cb75d334134ef60e9070858bb5eca474193eb002ef
167,358,HL Grip Tape,False,,800,600,0,0,,,0,,,,2014-02-08 10:01:36.827,,,,,,2008-04-30,,,4,,209,7,True,2006-06-23,9999-12-31 00:00:00,44de2a311af05c15dce253fbe7611ce0e270cbbd5d31aa398e8f532816ce45cf
168,359,Thin-Jam Hex Nut 9,False,,1000,750,0,0,,,0,,,,2014-02-08 10:01:36.827,,,,,,2008-04-30,,,4,,209,7,True,2006-06-23,9999-12-31 00:00:00,0fc11d3915b82e72df4798b0ec166e05ce47c5f3e427d024494945254d330150
169,360,Thin-Jam Hex Nut 10,False,,1000,750,0,0,,,0,,,,2014-02-08 10:01:36.827,,,,,,2008-04-30,,,4,,209,7,True,2006-06-23,9999-12-31 00:00:00,f877e967fca7263e971ed839153fda5b927e4d4c7ecbdf344885d0d03237e1f3
170,346,Flat Washer 3,False,,1000,750,0,0,,,0,,,,2014-02-08 10:01:36.827,,,,,,2008-04-30,,,4,,209,7,True,2006-06-23,9999-12-31 00:00:00,6b6f8d46601b84d3f1bb809d5dbe174d4e5cf762346129ef901efa7a5759aa15
171,362,Thin-Jam Hex Nut 2,False,,1000,750,0,0,,,0,,,,2014-02-08 10:01:36.827,,,,,,2008-04-30,,,4,,209,7,True,2006-06-23,9999-12-31 00:00:00,3df692fa8bafe67b5870523fbc12ae3791735dc8f69fb9c19bdc236693a8fd28
172,363,Thin-Jam Hex Nut 15,False,,1000,750,0,0,,,0,,,,2014-02-08 10:01:36.827,,,,,,2008-04-30,,,4,,209,7,True,2006-06-23,9999-12-31 00:00:00,3db58f0994e82d912dbc0404f48328db7118670740869a841439c1dceb724fdd
173,364,Thin-Jam Hex Nut 16,False,,1000,750,0,0,,,0,,,,2014-02-08 10:01:36.827,,,,,,2008-04-30,,,4,,209,7,True,2006-06-23,9999-12-31 00:00:00,1be3489ff0664a51556c063338ab80cd4f2549aeb33d1ff29466fa2c09e0e845
174,365,Thin-Jam Hex Nut 5,False,,1000,750,0,0,,,0,,,,2014-02-08 10:01:36.827,,,,,,2008-04-30,,,4,,209,7,True,2006-06-23,9999-12-31 00:00:00,a36f2241107e3a0a5605caa5eb47fe0efc74373b00a253f9ab199c72f904ee0e
175,366,Thin-Jam Hex Nut 6,False,,1000,750,0,0,,,0,,,,2014-02-08 10:01:36.827,,,,,,2008-04-30,,,4,,209,7,True,2006-06-23,9999-12-31 00:00:00,d7ec33cd683cad858ad14ce74ed7d7dc345f49fad48b3a7d1524571bc6972434
176,367,Thin-Jam Hex Nut 3,False,,1000,750,0,0,,,0,,,,2014-02-08 10:01:36.827,,,,,,2008-04-30,,,4,,209,7,True,2006-06-23,9999-12-31 00:00:00,40f40591d2d42d76ee4e98fbc7c7525e5d8a3c5097f8f3bdce32761f2b6d3078
177,368,Thin-Jam Hex Nut 4,False,,1000,750,0,0,,,0,,,,2014-02-08 10:01:36.827,,,,,,2008-04-30,,,4,,209,7,True,2006-06-23,9999-12-31 00:00:00,ee0b520371c39f505989d5080be19c057476589ca78aa2dd50e86edbb10bf703
178,369,Thin-Jam Hex Nut 13,False,,1000,750,0,0,,,0,,,,2014-02-08 10:01:36.827,,,,,,2008-04-30,,,4,,209,7,True,2006-06-23,9999-12-31 00:00:00,528af5036650ecc31185d389bfed129be5693c003084821adf103ff1c5dc9d14
179,370,Thin-Jam Hex Nut 14,False,,1000,750,0,0,,,0,,,,2014-02-08 10:01:36.827,,,,,,2008-04-30,,,4,,209,7,True,2006-06-23,9999-12-31 00:00:00,f4b013678ffec2eece1162b3c84909134bde197cc837e9bbf2f49e81000bb4b4
180,371,Thin-Jam Hex Nut 7,False,,1000,750,0,0,,,0,,,,2014-02-08 10:01:36.827,,,,,,2008-04-30,,,4,,209,7,True,2006-06-23,9999-12-31 00:00:00,f424fa332cf9e514361b777045ec4a0cd4ac65228451471d6d285d13437a687d
181,372,Thin-Jam Hex Nut 8,False,,1000,750,0,0,,,0,,,,2014-02-08 10:01:36.827,,,,,,2008-04-30,,,4,,209,7,True,2006-06-23,9999-12-31 00:00:00,c85d94d78505f77181adf2283fa31a46d36b988dc1f09433ccb3240925db7b2a
182,373,Thin-Jam Hex Nut 12,False,,1000,750,0,0,,,0,,,,2014-02-08 10:01:36.827,,,,,,2008-04-30,,,4,,209,7,True,2006-06-23,9999-12-31 00:00:00,35596b06f4f9871881ad9762ba57629ee1c97cfcee8f130df1a8955255e356e1
183,325,Decal 1,False,,1000,750,0,0,,,0,,,,2014-02-08 10:01:36.827,,,,,,2008-04-30,,,4,,209,7,True,2006-06-23,9999-12-31 00:00:00,00b0db65e86c268a713ee4e2e4850565d465754ed05fdf19282b4ccaa38055c0
184,2,Bearing Ball,False,,1000,750,0,0,,,0,,,,2014-02-08 10:01:36.827,,,,,,2008-04-30,,,4,,209,7,True,2006-06-23,9999-12-31 00:00:00,d3533409e198b39f8b14d7c2a72d577aa57985d77aee22fe20b15aba2504d298
185,3,BB Ball Bearing,False,,800,600,0,0,,,1,,,,2014-02-08 10:01:36.827,,,,,,2008-04-30,,,4,,209,7,True,2006-06-23,9999-12-31 00:00:00,31b652dc2b0f109d916041f357f1faf9297fb50c1eb0f48e551a5b1ac0456dee
186,4,Headset Ball Bearings,False,,800,600,0,0,,,0,,,,2014-02-08 10:01:36.827,,,,,,2008-04-30,,,4,,209,7,True,2006-06-23,9999-12-31 00:00:00,cb04c3145abda8fc8e441c781af12ed8074ac46c7052cd8117a0c15e157f1b93
187,316,Blade,False,,800,600,0,0,,,1,,,,2014-02-08 10:01:36.827,,,,,,2008-04-30,,,4,,209,7,True,2006-06-23,9999-12-31 00:00:00,0fab763ec7b91925488d3f63ac7f3aa365b71c32261afb023d5b50dd90867889
188,317,LL Crankarm,False,Black,500,375,0,0,,,0,,L ,,2014-02-08 10:01:36.827,,,,,,2008-04-30,,,4,,209,7,True,2006-06-23,9999-12-31 00:00:00,f55bfa6fd61c23022e8ef769f150f1fc4700ec36cf90f2f227aed61695c62894
189,318,ML Crankarm,False,Black,500,375,0,0,,,0,,M ,,2014-02-08 10:01:36.827,,,,,,2008-04-30,,,4,,209,7,True,2006-06-23,9999-12-31 00:00:00,64ada5a02f0f4fe682d041d83b58cf2ed393bb39b776733daac769a86fb74350
190,319,HL Crankarm,False,Black,500,375,0,0,,,0,,,,2014-02-08 10:01:36.827,,,,,,2008-04-30,,,4,,209,7,True,2006-06-23,9999-12-31 00:00:00,9f22eda4584222086b191ec5119ace710d723c51fec0ad4e4630ef456810a43a
191,320,Chainring Bolts,False,Silver,1000,750,0,0,,,0,,,,2014-02-08 10:01:36.827,,,,,,2008-04-30,,,4,,209,7,True,2006-06-23,9999-12-31 00:00:00,7aa1aef6427990d97261f2f56ac953c96bfbeeb0fbf976ec2eccf7609d4479d8
192,321,Chainring Nut,False,Silver,1000,750,0,0,,,0,,,,2014-02-08 10:01:36.827,,,,,,2008-04-30,,,4,,209,7,True,2006-06-23,9999-12-31 00:00:00,2ac3c7413fdab7b51e811c6b37d70a46bc2923d63fd49bf4d3139ba35cec6e89
193,322,Chainring,False,Black,1000,750,0,0,,,0,,,,2014-02-08 10:01:36.827,,,,,,2008-04-30,,,4,,209,7,True,2006-06-23,9999-12-31 00:00:00,36c4144145865177a8c921a868d7f4f562c6906288e613fe6d19638781855bf6
194,323,Crown Race,False,,1000,750,0,0,,,0,,,,2014-02-08 10:01:36.827,,,,,,2008-04-30,,,4,,209,7,True,2006-06-23,9999-12-31 00:00:00,413c59cfd01fae0d69aeb3c8a556ab3cac3ce0f062f771b805e7b94406564cb0
195,324,Chain Stays,False,,1000,750,0,0,,,1,,,,2014-02-08 10:01:36.827,,,,,,2008-04-30,,,4,,209,7,True,2006-06-23,9999-12-31 00:00:00,da41d87baf1c980e6ea06f33f49fa430eef12b93986f7aeb86ec7737c395f06e
196,374,Thin-Jam Hex Nut 11,False,,1000,750,0,0,,,0,,,,2014-02-08 10:01:36.827,,,,,,2008-04-30,,,4,,209,7,True,2006-06-23,9999-12-31 00:00:00,4346a62c92ae8b53254847b5b8eebc39c7738ddcd269c88a60d70c5397fdc705
197,326,Decal 2,False,,1000,750,0,0,,,0,,,,2014-02-08 10:01:36.827,,,,,,2008-04-30,,,4,,209,7,True,2006-06-23,9999-12-31 00:00:00,19ec1c3b7cfaa2d56b340e6b7a4faf381353a89f164572645ef1cbc6018f2127
198,327,Down Tube,False,,800,600,0,0,,,1,,,,2014-02-08 10:01:36.827,,,,,,2008-04-30,,,4,,209,7,True,2006-06-23,9999-12-31 00:00:00,440096fe4841fb706039d1e384bc23cd31f0cf55039233281b4227553902e24f
199,328,Mountain End Caps,False,,1000,750,0,0,,,1,,,,2014-02-08 10:01:36.827,,,,,,2008-04-30,,,4,,209,7,True,2006-06-23,9999-12-31 00:00:00,d3d3764a51f450ac994f1d8fa8f33f2938b5d84c3e5148f60aaf7f6ab68aa1e1
200,329,Road End Caps,False,,1000,750,0,0,,,1,,,,2014-02-08 10:01:36.827,,,,,,2008-04-30,,,4,,209,7,True,2006-06-23,9999-12-31 00:00:00,67c1f878bb039ede0f9edb6edef1462bc7ed24d474dd0a410ad337eff8713466
201,330,Touring End Caps,False,,1000,750,0,0,,,1,,,,2014-02-08 10:01:36.827,,,,,,2008-04-30,,,4,,209,7,True,2006-06-23,9999-12-31 00:00:00,b1101885c07bb5867657faa4ffe0116ff4ea4cb136776087c2a97a6695db6b08
202,331,Fork End,False,,800,600,0,0,,,1,,,,2014-02-08 10:01:36.827,,,,,,2008-04-30,,,4,,209,7,True,2006-06-23,9999-12-31 00:00:00,b3ad2fc0a3f0a52543a0e5993667eb3f124bb1a7d86c6ba9ee7b5c04d7f159d9
203,332,Freewheel,False,Silver,500,375,0,0,,,0,,,,2014-02-08 10:01:36.827,,,,,,2008-04-30,,,4,,209,7,True,2006-06-23,9999-12-31 00:00:00,e9b49280485dae06cfc5bf236ae03b7484d472dbdcb214bbaa167ca92b9316f9
204,341,Flat Washer 1,False,,1000,750,0,0,,,0,,,,2014-02-08 10:01:36.827,,,,,,2008-04-30,,,4,,209,7,True,2006-06-23,9999-12-31 00:00:00,9c88ec46560ccbdc874dbcc9b52222f34c4e6ccd5c59273ecea9fb3a093989ab
205,342,Flat Washer 6,False,,1000,750,0,0,,,0,,,,2014-02-08 10:01:36.827,,,,,,2008-04-30,,,4,,209,7,True,2006-06-23,9999-12-31 00:00:00,a29b2f25e4309088115a113bce44abf51d21e37634ed15888861c9d8d01fe89c
206,343,Flat Washer 2,False,,1000,750,0,0,,,0,,,,2014-02-08 10:01:36.827,,,,,,2008-04-30,,,4,,209,7,True,2006-06-23,9999-12-31 00:00:00,318085e523064068870d8d14616de6b24a232ad5ec890fcd84a21fcf01f13ce6
207,344,Flat Washer 9,False,,1000,750,0,0,,,0,,,,2014-02-08 10:01:36.827,,,,,,2008-04-30,,,4,,209,7,True,2006-06-23,9999-12-31 00:00:00,9fdf6898c038b337006a11548f8db932365f738f99ae5272e7e303d029b2b8ab
208,345,Flat Washer 4,False,,1000,750,0,0,,,0,,,,2014-02-08 10:01:36.827,,,,,,2008-04-30,,,4,,209,7,True,2006-06-23,9999-12-31 00:00:00,2aff115372ae17e15bb023436d5d17152b25f07ce6381de20e7d8e313224993c
209,413,Internal Lock Washer 4,False,,1000,750,0,0,,,0,,,,2014-02-08 10:01:36.827,,,,,,2008-04-30,,,4,,209,7,True,2006-06-23,9999-12-31 00:00:00,b1f26028e4002b53ea785558034771d2e9af41753a12500878049fd12716ba1c
210,401,HL Hub,False,,500,375,0,0,,,1,,,,2014-02-08 10:01:36.827,,,,,,2008-04-30,,,4,,209,7,True,2006-06-23,9999-12-31 00:00:00,52f6808f5c5f477c68bf388d4587bf88432de17b1287374f945562c99285bebf
211,402,Keyed Washer,False,,1000,750,0,0,,,0,,,,2014-02-08 10:01:36.827,,,,,,2008-04-30,,,4,,209,7,True,2006-06-23,9999-12-31 00:00:00,8dedece96c8acb5f0ac7a0dc4eed434e62268beb242c105f09858ea31eab7c55
212,403,External Lock Washer 3,False,,1000,750,0,0,,,0,,,,2014-02-08 10:01:36.827,,,,,,2008-04-30,,,4,,209,7,True,2006-06-23,9999-12-31 00:00:00,d2bae12b265d3d8ee7851f10ac04665d3abe5d853ba54805d26cc6984edb951d
213,404,External Lock Washer 4,False,,1000,750,0,0,,,0,,,,2014-02-08 10:01:36.827,,,,,,2008-04-30,,,4,,209,7,True,2006-06-23,9999-12-31 00:00:00,76cae73584c873cf6a41040e9a73f92c76b307e305590c557f42229e00603e8b
214,405,External Lock Washer 9,False,,1000,750,0,0,,,0,,,,2014-02-08 10:01:36.827,,,,,,2008-04-30,,,4,,209,7,True,2006-06-23,9999-12-31 00:00:00,5daedccd7f20413f4fca1588dc26659347f62ad4500b960ac00cddce43b6822a
215,406,External Lock Washer 5,False,,1000,750,0,0,,,0,,,,2014-02-08 10:01:36.827,,,,,,2008-04-30,,,4,,209,7,True,2006-06-23,9999-12-31 00:00:00,478c9fa97ad24e716abfac345838050cc16db3c66fa9efde0297f3d18ed70db5
216,407,External Lock Washer 7,False,,1000,750,0,0,,,0,,,,2014-02-08 10:01:36.827,,,,,,2008-04-30,,,4,,209,7,True,2006-06-23,9999-12-31 00:00:00,cb589acc6d2c8464eb239595a958fd29e975b5a45f91b583df81d425f38dae1e
217,408,External Lock Washer 6,False,,1000,750,0,0,,,0,,,,2014-02-08 10:01:36.827,,,,,,2008-04-30,,,4,,209,7,True,2006-06-23,9999-12-31 00:00:00,a888596d4639d29ac5e5eae75fb4103b2b3ba4bdee43552cc82d1536aad3a960
218,409,External Lock Washer 1,False,,1000,750,0,0,,,0,,,,2014-02-08 10:01:36.827,,,,,,2008-04-30,,,4,,209,7,True,2006-06-23,9999-12-31 00:00:00,32c87d641b12679ce3462fb85f63528541992fc75d328dbbe4947718c1a97cc2
219,410,External Lock Washer 8,False,,1000,750,0,0,,,0,,,,2014-02-08 10:01:36.827,,,,,,2008-04-30,,,4,,209,7,True,2006-06-23,9999-12-31 00:00:00,c2a51e91fee1579acc5da0ee4beec36145d72c110f2e61386f40b99464d3e730
220,411,External Lock Washer 2,False,,1000,750,0,0,,,0,,,,2014-02-08 10:01:36.827,,,,,,2008-04-30,,,4,,209,7,True,2006-06-23,9999-12-31 00:00:00,d63a45142fdf91bd58570252bd47ad565f40755f6f85e20ade58390d02aecbe2
221,412,Internal Lock Washer 3,False,,1000,750,0,0,,,0,,,,2014-02-08 10:01:36.827,,,,,,2008-04-30,,,4,,209,7,True,2006-06-23,9999-12-31 00:00:00,1189edd427f53fd8c16004f30b5403dda799fb6dbf9f9b7c3adbf3f09bbfc276
222,400,LL Hub,False,,500,375,0,0,,,1,,L ,,2014-02-08 10:01:36.827,,,,,,2008-04-30,,,4,,209,7,True,2006-06-23,9999-12-31 00:00:00,9c8c8d5ae6b471ae6f9e2aa212245dc18bfdabbeee01baab6f8ff51461588619
223,414,Internal Lock Washer 9,False,,1000,750,0,0,,,0,,,,2014-02-08 10:01:36.827,,,,,,2008-04-30,,,4,,209,7,True,2006-06-23,9999-12-31 00:00:00,f670db939a89789501dad8178bf2a68120e5a7fc4beb931de5324de6b6270b6c
224,415,Internal Lock Washer 5,False,,1000,750,0,0,,,0,,,,2014-02-08 10:01:36.827,,,,,,2008-04-30,,,4,,209,7,True,2006-06-23,9999-12-31 00:00:00,0bc6fa1c2b9e08808a61d6cca410d27a5a8c705b25ebc24af5127b9b8fc0cf5d
225,416,Internal Lock Washer 7,False,,1000,750,0,0,,,0,,,,2014-02-08 10:01:36.827,,,,,,2008-04-30,,,4,,209,7,True,2006-06-23,9999-12-31 00:00:00,4c681b8a8b47a282d070ae86af646440f514e5ae50d007b1e3ce67a72db356f4
226,417,Internal Lock Washer 6,False,,1000,750,0,0,,,0,,,,2014-02-08 10:01:36.827,,,,,,2008-04-30,,,4,,209,7,True,2006-06-23,9999-12-31 00:00:00,bfe6fbb014d4cf8a43369b06915ca93c5afc1c60cd7d39d8784def1e18e1645e
227,418,Internal Lock Washer 10,False,,1000,750,0,0,,,0,,,,2014-02-08 10:01:36.827,,,,,,2008-04-30,,,4,,209,7,True,2006-06-23,9999-12-31 00:00:00,867a45b40d4831c905743975bea6beba84762567013f9da0a8efdbe5d7e95599
228,419,Internal Lock Washer 1,False,,1000,750,0,0,,,0,,,,2014-02-08 10:01:36.827,,,,,,2008-04-30,,,4,,209,7,True,2006-06-23,9999-12-31 00:00:00,340926fa96401a8defe6bb8d79f82f39a86874b18c50a3c9438d571837619dc1
229,420,Internal Lock Washer 8,False,,1000,750,0,0,,,0,,,,2014-02-08 10:01:36.827,,,,,,2008-04-30,,,4,,209,7,True,2006-06-23,9999-12-31 00:00:00,d2b63f6571b8be490264ae731c1e793c779fa99ea19799b860205923a1107647
230,421,Internal Lock Washer 2,False,,1000,750,0,0,,,0,,,,2014-02-08 10:01:36.827,,,,,,2008-04-30,,,4,,209,7,True,2006-06-23,9999-12-31 00:00:00,d43e3fc77258e163cbd73da939854bfc7f998e674b20c86fa68cf64f2e49fd92
231,422,Thin-Jam Lock Nut 9,False,,1000,750,0,0,,,0,,,,2014-02-08 10:01:36.827,,,,,,2008-04-30,,,4,,209,7,True,2006-06-23,9999-12-31 00:00:00,27a4c4790c48b99f5466bb8fad327a470da5d846b27695819acff9125de567ed
232,423,Thin-Jam Lock Nut 10,False,,1000,750,0,0,,,0,,,,2014-02-08 10:01:36.827,,,,,,2008-04-30,,,4,,209,7,True,2006-06-23,9999-12-31 00:00:00,07672562db8d1d3c7e95a4de5757fd784522b26b60c97804f6acfca5587d757d
233,424,Thin-Jam Lock Nut 1,False,,1000,750,0,0,,,0,,,,2014-02-08 10:01:36.827,,,,,,2008-04-30,,,4,,209,7,True,2006-06-23,9999-12-31 00:00:00,d07885df396774425d972e9e4e021c0c2bb1841bb4f57a895c1d00a2e6d7b02e
234,425,Thin-Jam Lock Nut 2,False,,1000,750,0,0,,,0,,,,2014-02-08 10:01:36.827,,,,,,2008-04-30,,,4,,209,7,True,2006-06-23,9999-12-31 00:00:00,3f626d7e849e1aa1bdc25b8ada4e12916eb6ac20519750c7c4cc673bdd669297
235,387,Hex Nut 10,False,,1000,750,0,0,,,0,,,,2014-02-08 10:01:36.827,,,,,,2008-04-30,,,4,,209,7,True,2006-06-23,9999-12-31 00:00:00,60a63cd9609cd1de98d48ea20195f20b3d9735812da46ef17c91875f573a6197
236,375,Hex Nut 5,False,,1000,750,0,0,,,0,,,,2014-02-08 10:01:36.827,,,,,,2008-04-30,,,4,,209,7,True,2006-06-23,9999-12-31 00:00:00,b5774114859aa42865b19d7e42e540efb299aae9be9f11e1558c988baf879858
237,376,Hex Nut 6,False,,1000,750,0,0,,,0,,,,2014-02-08 10:01:36.827,,,,,,2008-04-30,,,4,,209,7,True,2006-06-23,9999-12-31 00:00:00,4ca2f5ff2e4f7f35dedc22fd6eabad448420dcd78fb9d639a2f9a69b2598e6c7
238,377,Hex Nut 16,False,,1000,750,0,0,,,0,,,,2014-02-08 10:01:36.827,,,,,,2008-04-30,,,4,,209,7,True,2006-06-23,9999-12-31 00:00:00,0bfe312fe985284b835eb5281231445c914a0f6aa0477cf4bbdb62316687e6a9
239,378,Hex Nut 17,False,,1000,750,0,0,,,0,,,,2014-02-08 10:01:36.827,,,,,,2008-04-30,,,4,,209,7,True,2006-06-23,9999-12-31 00:00:00,01e7f16e08a051a3ed2d9b71407c85ed63a139bdaa0c3bc95f17f15fe069aec2
240,379,Hex Nut 7,False,,1000,750,0,0,,,0,,,,2014-02-08 10:01:36.827,,,,,,2008-04-30,,,4,,209,7,True,2006-06-23,9999-12-31 00:00:00,9782ccf8d69bba8ed6dc2cef8dcc44bce4f4900701537cccdd9a46f8848dc21d
241,380,Hex Nut 8,False,,1000,750,0,0,,,0,,,,2014-02-08 10:01:36.827,,,,,,2008-04-30,,,4,,209,7,True,2006-06-23,9999-12-31 00:00:00,8b5ccb41b5986b848b9804a456c2ce3ea656d6c2bb94768eef50b1ee6551603d
242,381,Hex Nut 9,False,,1000,750,0,0,,,0,,,,2014-02-08 10:01:36.827,,,,,,2008-04-30,,,4,,209,7,True,2006-06-23,9999-12-31 00:00:00,3f1e9b588da0a5905bd11e610aa282cb95a0aaa94463006f08c94e90e4bff27f
243,382,Hex Nut 22,False,,1000,750,0,0,,,0,,,,2014-02-08 10:01:36.827,,,,,,2008-04-30,,,4,,209,7,True,2006-06-23,9999-12-31 00:00:00,c48089ddf1d8b84b8da7fdf12daec9f455fc32082322bc6ba200f489f9075c80
244,383,Hex Nut 23,False,,1000,750,0,0,,,0,,,,2014-02-08 10:01:36.827,,,,,,2008-04-30,,,4,,209,7,True,2006-06-23,9999-12-31 00:00:00,158f30b7caa22415be497982780da39754bca42437bca12f601e6f2f035bef80
245,384,Hex Nut 12,False,,1000,750,0,0,,,0,,,,2014-02-08 10:01:36.827,,,,,,2008-04-30,,,4,,209,7,True,2006-06-23,9999-12-31 00:00:00,2171b67cd1f0a36e63e7e13a2799fc486335f7f3fda50a9195f4fa883f9bd621
246,385,Hex Nut 13,False,,1000,750,0,0,,,0,,,,2014-02-08 10:01:36.827,,,,,,2008-04-30,,,4,,209,7,True,2006-06-23,9999-12-31 00:00:00,8e8023cc289d499b67749c9ab0bee8f426ea00df379d569e7fd186d8a8bb1a0f
247,386,Hex Nut 1,False,,1000,750,0,0,,,0,,,,2014-02-08 10:01:36.827,,,,,,2008-04-30,,,4,,209,7,True,2006-06-23,9999-12-31 00:00:00,3626d4557f1d36b84fa4a97cf93ee9b374f5419aad9aeb10fd0e01ecd03c4354
248,1,Adjustable Race,False,,1000,750,0,0,,,0,,,,2014-02-08 10:01:36.827,,,,,,2008-04-30,,,4,,209,7,True,2006-06-23,9999-12-31 00:00:00,0dcc96e58e9005a29cf97c6f5263065ffdfee1c1969a005b9d900da36b2f5584
249,388,Hex Nut 11,False,,1000,750,0,0,,,0,,,,2014-02-08 10:01:36.827,,,,,,2008-04-30,,,4,,209,7,True,2006-06-23,9999-12-31 00:00:00,cd1b08ad86f5a21c352cc78b544e7fd118354b6777d1bb1ae7535da2ab8f8e81
250,389,Hex Nut 2,False,,1000,750,0,0,,,0,,,,2014-02-08 10:01:36.827,,,,,,2008-04-30,,,4,,209,7,True,2006-06-23,9999-12-31 00:00:00,ee4c4a9e62cebe5bb456266a30d08996d3a9156537eea0715240c3b445537570
251,390,Hex Nut 20,False,,1000,750,0,0,,,0,,,,2014-02-08 10:01:36.827,,,,,,2008-04-30,,,4,,209,7,True,2006-06-23,9999-12-31 00:00:00,2c4d4cb225202dfcbfb3d547f2f0a7c5be2443265dff651cebb6adb129ecba69
252,391,Hex Nut 21,False,,1000,750,0,0,,,0,,,,2014-02-08 10:01:36.827,,,,,,2008-04-30,,,4,,209,7,True,2006-06-23,9999-12-31 00:00:00,3f2f5b9b95d361d2ab8b6556dff212e0fe64daa1416049f31391324c74d3f0d8
253,392,Hex Nut 3,False,,1000,750,0,0,,,0,,,,2014-02-08 10:01:36.827,,,,,,2008-04-30,,,4,,209,7,True,2006-06-23,9999-12-31 00:00:00,3d457327a0c565de2e5569e745748c8b3b4145c41577d276cc2a242d26bc2b7c
254,393,Hex Nut 14,False,,1000,750,0,0,,,0,,,,2014-02-08 10:01:36.827,,,,,,2008-04-30,,,4,,209,7,True,2006-06-23,9999-12-31 00:00:00,68406be1f9135dc05a98d402672fdd3478fead400e5e3824e1afb19ee4856eb4
255,394,Hex Nut 15,False,,1000,750,0,0,,,0,,,,2014-02-08 10:01:36.827,,,,,,2008-04-30,,,4,,209,7,True,2006-06-23,9999-12-31 00:00:00,162920e31928f338eb6a9d42476dbd3bce3da3b90fc37cfdc18347d137621d86
256,395,Hex Nut 4,False,,1000,750,0,0,,,0,,,,2014-02-08 10:01:36.827,,,,,,2008-04-30,,,4,,209,7,True,2006-06-23,9999-12-31 00:00:00,5da4d86775d008591ee67f425130e5fa39eb1bdb289ffeb684c1a55fc41e472a
301,396,Hex Nut 18,False,,1000,750,0,0,,,0,,,,2014-02-08 10:01:36.827,,,,,,2008-04-30,,,4,,209,7,True,2006-06-23,9999-12-31 00:00:00,2e117d6c44586302717a762f7c07fccce4c523dfcd92b8e79cb529ae0ae91310
302,397,Hex Nut 19,False,,1000,750,0,0,,,0,,,,2014-02-08 10:01:36.827,,,,,,2008-04-30,,,4,,209,7,True,2006-06-23,9999-12-31 00:00:00,ad7d1de0dee3a143bbc772926a876274fe956ddb1a854235012c5aa98a51f4da
303,398,Handlebar Tube,False,,800,600,0,0,,,1,,,,2014-02-08 10:01:36.827,,,,,,2008-04-30,,,4,,209,7,True,2006-06-23,9999-12-31 00:00:00,67831364e9faf7fc6e2103964bae882c775c55acabc9e75b3d3f768d59daf007
304,399,Head Tube,False,,800,600,0,0,,,1,,,,2014-02-08 10:01:36.827,,,,,,2008-04-30,,,4,,209,7,True,2006-06-23,9999-12-31 00:00:00,b8125886349230622afa9a61739c25969bc07ced38417b5be0ebed65b184d2a3
305,951,HL Crankset,True,Black,500,375,180,405,,575.0,1,,H ,,2014-02-08 10:01:36.827,2008-04-30,2008-04-30,8.0,2.0,Components,2013-05-30,,,1,125.0,134,279,True,2006-06-23,9999-12-31 00:00:00,5a948ae82eb5b5cf503027b9443389b446f3729874d9de852d816feef587ac47
306,950,ML Crankset,True,Black,500,375,114,256,,635.0,1,,M ,,2014-02-08 10:01:36.827,2008-04-30,2008-04-30,8.0,2.0,Components,2013-05-30,,,2,125.0,134,279,True,2006-06-23,9999-12-31 00:00:00,c2d6beb685b135aa795683842040afc01fada2db2640fe231ffe4180683ff0dd
307,949,LL Crankset,True,Black,500,375,78,175,,600.0,1,,L ,,2014-02-08 10:01:36.827,2008-04-30,2008-04-30,8.0,2.0,Components,2013-05-30,,,3,125.0,134,279,True,2006-06-23,9999-12-31 00:00:00,9cd51d20856bd672366937ebf08bac79714ac7aa461c9bc8bcbfd3b3b545d5cb
308,876,Hitch Rack - 4-Bike,True,,4,3,45,120,,,0,S ,,,2014-02-08 10:01:36.827,2008-04-30,2008-04-30,26.0,4.0,Accessories,2013-05-30,,,1,167.0,29,120,True,2006-06-23,9999-12-31 00:00:00,fbe623fc568f026077c0d672d28f3ffd78a3950d7108d334cf8a748779c62fc5
309,707,"Sport-100 Helmet, Red",True,Red,4,3,13,35,,,0,S ,,,2014-02-08 10:01:36.827,2008-04-30,2008-04-30,31.0,4.0,Accessories,2011-05-31,,,1,167.0,29,35,True,2006-06-23,9999-12-31 00:00:00,a3f5690952dfc819f5ea26be13824abe49479480cf9e8e5ea716a08e85a248f1
310,708,"Sport-100 Helmet, Black",True,Black,4,3,13,35,,,0,S ,,,2014-02-08 10:01:36.827,2008-04-30,2008-04-30,31.0,4.0,Accessories,2011-05-31,,,1,167.0,29,35,True,2006-06-23,9999-12-31 00:00:00,463b4a2d15c1847cd0aadb700cfed08a2644dbe00c8f0c0f9a15733b8e63281e
311,711,"Sport-100 Helmet, Blue",True,Blue,4,3,13,35,,,0,S ,,,2014-02-08 10:01:36.827,2008-04-30,2008-04-30,31.0,4.0,Accessories,2011-05-31,,,1,167.0,29,35,True,2006-06-23,9999-12-31 00:00:00,9cb1fb78542d397be2da0fd9bb4497fbbab9cb56402ac9509c64cfebf55877ed
312,878,Fender Set - Mountain,True,,4,3,8,22,,,0,M ,,,2014-02-08 10:01:36.827,2008-04-30,2008-04-30,30.0,4.0,Accessories,2013-05-30,,,1,167.0,29,22,True,2006-06-23,9999-12-31 00:00:00,6c473d2dfe20d21b53eeb652e00d7a9781526b7f4c0ae208edd549baf313e9c0
313,750,"Road-150 Red, 44",True,Red,100,75,2171,3578,44,14.0,4,R ,H ,U ,2014-02-08 10:01:36.827,2008-04-30,2008-04-30,2.0,1.0,Bikes,2011-05-31,2012-05-29,,1,65.0,97,1597,True,2006-06-23,9999-12-31 00:00:00,454ee34a5b596b6db0beb5e54d69056268894ecba7e9b428e3027b8f3fb0b9b0
314,751,"Road-150 Red, 48",True,Red,100,75,2171,3578,48,14.0,4,R ,H ,U ,2014-02-08 10:01:36.827,2008-04-30,2008-04-30,2.0,1.0,Bikes,2011-05-31,2012-05-29,,1,65.0,97,1597,True,2006-06-23,9999-12-31 00:00:00,89df029fecdf3fbdcea6b46143841ee592b8d2db7fafe7ef8432fc5ec36e7298
315,752,"Road-150 Red, 52",True,Red,100,75,2171,3578,52,14.0,4,R ,H ,U ,2014-02-08 10:01:36.827,2008-04-30,2008-04-30,2.0,1.0,Bikes,2011-05-31,2012-05-29,,1,65.0,97,1597,True,2006-06-23,9999-12-31 00:00:00,60cd1e0d588f87a9035f0943bf1a080fe1c815af759f16507345589f92f751b3
316,753,"Road-150 Red, 56",True,Red,100,75,2171,3578,56,15.0,4,R ,H ,U ,2014-02-08 10:01:36.827,2008-04-30,2008-04-30,2.0,1.0,Bikes,2011-05-31,2012-05-29,,1,65.0,97,1597,True,2006-06-23,9999-12-31 00:00:00,61b4117a837e1938ec96d2262e5f145392747bbb1e5c328b94af7123c8f21384
317,749,"Road-150 Red, 62",True,Red,100,75,2171,3578,62,15.0,4,R ,H ,U ,2014-02-08 10:01:36.827,2008-04-30,2008-04-30,2.0,1.0,Bikes,2011-05-31,2012-05-29,,1,65.0,97,1597,True,2006-06-23,9999-12-31 00:00:00,51570ad438c26638831db6a97163f82d8d001ebc141fda3e43bcacefe9020045
318,794,"Road-250 Black, 48",True,Black,100,75,1555,2443,48,15.0,4,R ,H ,U ,2014-02-08 10:01:36.827,2008-04-30,2008-04-30,2.0,1.0,Bikes,2012-05-30,,,2,57.0,97,1597,True,2006-06-23,9999-12-31 00:00:00,83ecbc142a129e647d08dfcac215f4577ede67db591b52d8bf61a40bea95fe06
319,793,"Road-250 Black, 44",True,Black,100,75,1555,2443,44,15.0,4,R ,H ,U ,2014-02-08 10:01:36.827,2008-04-30,2008-04-30,2.0,1.0,Bikes,2012-05-30,,,2,57.0,97,1597,True,2006-06-23,9999-12-31 00:00:00,0cf2a30eabeb2be4addcdff0e338588f809b3fac7ce914ec33ac55138d6cfb1e
320,792,"Road-250 Red, 58",True,Red,100,75,1555,2443,58,16.0,4,R ,H ,U ,2014-02-08 10:01:36.827,2008-04-30,2008-04-30,2.0,1.0,Bikes,2012-05-30,,,2,57.0,97,1597,True,2006-06-23,9999-12-31 00:00:00,5f9dc2147eafbca7803eb66a23569091d218eb4faa499252aece716a7efadf68
321,791,"Road-250 Red, 52",True,Red,100,75,1519,2443,52,15.0,4,R ,H ,U ,2014-02-08 10:01:36.827,2008-04-30,2008-04-30,2.0,1.0,Bikes,2012-05-30,2013-05-29,,2,61.0,97,1597,True,2006-06-23,9999-12-31 00:00:00,da0e3f832a7493269914d50855538c9cef83704d9fc1f866668ad03aa7fd1463
322,790,"Road-250 Red, 48",True,Red,100,75,1519,2443,48,15.0,4,R ,H ,U ,2014-02-08 10:01:36.827,2008-04-30,2008-04-30,2.0,1.0,Bikes,2012-05-30,2013-05-29,,2,61.0,97,1597,True,2006-06-23,9999-12-31 00:00:00,9f5d23d39f8eae7adc2da5127ae9cfc4c968a188c92a1ed7810bfb59720ece41
323,789,"Road-250 Red, 44",True,Red,100,75,1519,2443,44,15.0,4,R ,H ,U ,2014-02-08 10:01:36.827,2008-04-30,2008-04-30,2.0,1.0,Bikes,2012-05-30,2013-05-29,,2,61.0,97,1597,True,2006-06-23,9999-12-31 00:00:00,53aed81f40c0f86ec2d4fdfab096a6cc5fc8a66d97f6230bbbd7858f475563df
324,795,"Road-250 Black, 52",True,Black,100,75,1555,2443,52,15.0,4,R ,H ,U ,2014-02-08 10:01:36.827,2008-04-30,2008-04-30,2.0,1.0,Bikes,2012-05-30,,,2,57.0,97,1597,True,2006-06-23,9999-12-31 00:00:00,f0a699da4ea9740dba5db516c73d5e886d1892d9f31d79e2c2dde3478c845cc6
325,796,"Road-250 Black, 58",True,Black,100,75,1555,2443,58,16.0,4,R ,H ,U ,2014-02-08 10:01:36.827,2008-04-30,2008-04-30,2.0,1.0,Bikes,2012-05-30,,,2,57.0,97,1597,True,2006-06-23,9999-12-31 00:00:00,4909607c624ec45cd373a6374297aca8c38e111a5151ed439a1096398838904a
326,973,"Road-350-W Yellow, 40",True,Yellow,100,75,1083,1701,40,15.0,4,R ,M ,W ,2014-02-08 10:01:36.827,2008-04-30,2008-04-30,2.0,1.0,Bikes,2013-05-30,,,3,57.0,97,1597,True,2006-06-23,9999-12-31 00:00:00,9a8fb054e062d4a11f1f3f1b92b45a9ca7d6e1805ea58551a10fb8e1507c0702
327,974,"Road-350-W Yellow, 42",True,Yellow,100,75,1083,1701,42,16.0,4,R ,M ,W ,2014-02-08 10:01:36.827,2008-04-30,2008-04-30,2.0,1.0,Bikes,2013-05-30,,,3,57.0,97,1597,True,2006-06-23,9999-12-31 00:00:00,1723e36950b8d0ed472d3de852577ef3ccfa89da59c980967472108ae339b630
328,975,"Road-350-W Yellow, 44",True,Yellow,100,75,1083,1701,44,16.0,4,R ,M ,W ,2014-02-08 10:01:36.827,2008-04-30,2008-04-30,2.0,1.0,Bikes,2013-05-30,,,3,57.0,97,1597,True,2006-06-23,9999-12-31 00:00:00,fa7b66305dd70e125bac625ecd25985f291347e1e4c265f2c97a400ebbc74cd7
329,976,"Road-350-W Yellow, 48",True,Yellow,100,75,1083,1701,48,16.0,4,R ,M ,W ,2014-02-08 10:01:36.827,2008-04-30,2008-04-30,2.0,1.0,Bikes,2013-05-30,,,3,57.0,97,1597,True,2006-06-23,9999-12-31 00:00:00,310f1092d6c8ff443d7ced2798281f16e4b1cc8d04e410a8f58b5600e5131883
330,758,"Road-450 Red, 52",True,Red,100,75,885,1458,52,17.0,4,R ,M ,U ,2014-02-08 10:01:36.827,2008-04-30,2008-04-30,2.0,1.0,Bikes,2011-05-31,2012-05-29,,4,65.0,97,1597,True,2006-06-23,9999-12-31 00:00:00,48378412c2ecee1c69abc9d10770a2665f6394000755d6ff14a050386a994a94
331,757,"Road-450 Red, 48",True,Red,100,75,885,1458,48,17.0,4,R ,M ,U ,2014-02-08 10:01:36.827,2008-04-30,2008-04-30,2.0,1.0,Bikes,2011-05-31,2012-05-29,,4,65.0,97,1597,True,2006-06-23,9999-12-31 00:00:00,843496a4c4208c81f1ea74631ba2f267c9af7bd48ebcce8b809a33627f0261bc
332,756,"Road-450 Red, 44",True,Red,100,75,885,1458,44,17.0,4,R ,M ,U ,2014-02-08 10:01:36.827,2008-04-30,2008-04-30,2.0,1.0,Bikes,2011-05-31,2012-05-29,,4,65.0,97,1597,True,2006-06-23,9999-12-31 00:00:00,e286371aac845376af792000eb29359a6ee40090b8e5eb717a31fadb0826eac4
333,755,"Road-450 Red, 60",True,Red,100,75,885,1458,60,18.0,4,R ,M ,U ,2014-02-08 10:01:36.827,2008-04-30,2008-04-30,2.0,1.0,Bikes,2011-05-31,2012-05-29,,4,65.0,97,1597,True,2006-06-23,9999-12-31 00:00:00,ce71679b65e3879e9287e8a7ba5e6f4c7362d047885c05295ebf8ac12e17a156
334,754,"Road-450 Red, 58",True,Red,100,75,885,1458,58,18.0,4,R ,M ,U ,2014-02-08 10:01:36.827,2008-04-30,2008-04-30,2.0,1.0,Bikes,2011-05-31,2012-05-29,,4,65.0,97,1597,True,2006-06-23,9999-12-31 00:00:00,f471a6e57091cf1e31fbe0ca8fd7e5a6f656e9e49ff66b6e3101bcce5e5c3f21
335,801,"Road-550-W Yellow, 48",True,Yellow,100,75,713,1120,48,19.0,4,R ,M ,W ,2014-02-08 10:01:36.827,2008-04-30,2008-04-30,2.0,1.0,Bikes,2012-05-30,,,5,57.0,97,1597,True,2006-06-23,9999-12-31 00:00:00,2666f74fa05d9caa4b94aef78a5c2ea648ee9979f58ff28b02ccddf234829e37
336,800,"Road-550-W Yellow, 44",True,Yellow,100,75,713,1120,44,18.0,4,R ,M ,W ,2014-02-08 10:01:36.827,2008-04-30,2008-04-30,2.0,1.0,Bikes,2012-05-30,,,5,57.0,97,1597,True,2006-06-23,9999-12-31 00:00:00,ea601e0eaebb746868d0052d31775d6d05ac22e68d3b4a9ab236693be255ff4e
337,799,"Road-550-W Yellow, 42",True,Yellow,100,75,713,1120,42,18.0,4,R ,M ,W ,2014-02-08 10:01:36.827,2008-04-30,2008-04-30,2.0,1.0,Bikes,2012-05-30,,,5,57.0,97,1597,True,2006-06-23,9999-12-31 00:00:00,aa16fe3dc41c8e35e84fe36f689d2dd2cb89b0f6c71e2504be3922690bd66c57
338,798,"Road-550-W Yellow, 40",True,Yellow,100,75,713,1120,40,18.0,4,R ,M ,W ,2014-02-08 10:01:36.827,2008-04-30,2008-04-30,2.0,1.0,Bikes,2012-05-30,,,5,57.0,97,1597,True,2006-06-23,9999-12-31 00:00:00,2067e5e7a745c526d9eb9158dd3b4f0567794dcfe9dead1a847079166e3b94fa
339,797,"Road-550-W Yellow, 38",True,Yellow,100,75,713,1120,38,17.0,4,R ,M ,W ,2014-02-08 10:01:36.827,2008-04-30,2008-04-30,2.0,1.0,Bikes,2012-05-30,,,5,57.0,97,1597,True,2006-06-23,9999-12-31 00:00:00,dcc9990383d1701a9c21403f112b275fcf5bbece1daf7788be5990f1ba11ba33
340,770,"Road-650 Black, 52",True,Black,100,75,487,783,52,19.0,4,R ,L ,U ,2014-02-08 10:01:36.827,2008-04-30,2008-04-30,2.0,1.0,Bikes,2011-05-31,2013-05-29,,6,61.0,97,1597,True,2006-06-23,9999-12-31 00:00:00,65ce73cee129768682afe17b8c82c5b15c79a5d1c24c70752163e2550ba646d7
341,769,"Road-650 Black, 48",True,Black,100,75,487,783,48,19.0,4,R ,L ,U ,2014-02-08 10:01:36.827,2008-04-30,2008-04-30,2.0,1.0,Bikes,2011-05-31,2013-05-29,,6,61.0,97,1597,True,2006-06-23,9999-12-31 00:00:00,a5b9cc04b35ce7e625a01fca4415b2d867176b316dc4799d800304dcccc0f9c2
342,768,"Road-650 Black, 44",True,Black,100,75,487,783,44,19.0,4,R ,L ,U ,2014-02-08 10:01:36.827,2008-04-30,2008-04-30,2.0,1.0,Bikes,2011-05-31,2013-05-29,,6,61.0,97,1597,True,2006-06-23,9999-12-31 00:00:00,7b744bf76856fcd81b43e486431d8433825a0457df41eed38586a6fb3953f7ae
343,767,"Road-650 Black, 62",True,Black,100,75,487,783,62,20.0,4,R ,L ,U ,2014-02-08 10:01:36.827,2008-04-30,2008-04-30,2.0,1.0,Bikes,2011-05-31,2013-05-29,,6,61.0,97,1597,True,2006-06-23,9999-12-31 00:00:00,26bb592abd1a9a11024fec3f22d72b54ca4332bafaf9ebeedd5b1ca4d5e3c89f
344,766,"Road-650 Black, 60",True,Black,100,75,487,783,60,20.0,4,R ,L ,U ,2014-02-08 10:01:36.827,2008-04-30,2008-04-30,2.0,1.0,Bikes,2011-05-31,2013-05-29,,6,61.0,97,1597,True,2006-06-23,9999-12-31 00:00:00,15d4164d26a3625cef40a25acbff0c2cf76820613851f6a5fa41142455d5111d
345,765,"Road-650 Black, 58",True,Black,100,75,487,783,58,20.0,4,R ,L ,U ,2014-02-08 10:01:36.827,2008-04-30,2008-04-30,2.0,1.0,Bikes,2011-05-31,2013-05-29,,6,61.0,97,1597,True,2006-06-23,9999-12-31 00:00:00,36a26c6f25acc99bf01e5e4b86a70888ae3cd21836dbf0c43b10832c075350a6
346,764,"Road-650 Red, 52",True,Red,100,75,487,783,52,19.0,4,R ,L ,U ,2014-02-08 10:01:36.827,2008-04-30,2008-04-30,2.0,1.0,Bikes,2011-05-31,2013-05-29,,6,61.0,97,1597,True,2006-06-23,9999-12-31 00:00:00,d8b98e4a07183bd2a894d6857ff1a28bc475af8e4e56d6e1286034887896ee7f
347,763,"Road-650 Red, 48",True,Red,100,75,487,783,48,19.0,4,R ,L ,U ,2014-02-08 10:01:36.827,2008-04-30,2008-04-30,2.0,1.0,Bikes,2011-05-31,2013-05-29,,6,61.0,97,1597,True,2006-06-23,9999-12-31 00:00:00,224d051efd6390e58273736ef87ab2dbdc73a40ff479e560949edbf8adfacc0c
348,762,"Road-650 Red, 44",True,Red,100,75,487,783,44,19.0,4,R ,L ,U ,2014-02-08 10:01:36.827,2008-04-30,2008-04-30,2.0,1.0,Bikes,2011-05-31,2013-05-29,,6,61.0,97,1597,True,2006-06-23,9999-12-31 00:00:00,f9effb70472542bf9fc2845fa34c2d2259a1998ab748768e2f5ca238071fccc0
349,761,"Road-650 Red, 62",True,Red,100,75,487,783,62,20.0,4,R ,L ,U ,2014-02-08 10:01:36.827,2008-04-30,2008-04-30,2.0,1.0,Bikes,2011-05-31,2013-05-29,,6,61.0,97,1597,True,2006-06-23,9999-12-31 00:00:00,f080a3f6dbdf5805bd99d91ac1535dfd225cb7fe917fe47d2b6eb4ae548d527c
350,760,"Road-650 Red, 60",True,Red,100,75,487,783,60,20.0,4,R ,L ,U ,2014-02-08 10:01:36.827,2008-04-30,2008-04-30,2.0,1.0,Bikes,2011-05-31,2013-05-29,,6,61.0,97,1597,True,2006-06-23,9999-12-31 00:00:00,b2594b888e3221ee4251c0658a1efe06d86ef747d7e6c947d2501d8afb9e7890
351,759,"Road-650 Red, 58",True,Red,100,75,487,783,58,20.0,4,R ,L ,U ,2014-02-08 10:01:36.827,2008-04-30,2008-04-30,2.0,1.0,Bikes,2011-05-31,2013-05-29,,6,61.0,97,1597,True,2006-06-23,9999-12-31 00:00:00,04fc001d0cbd8e02f836d9ccac0c397efe48f9e88729005c056175909a0e2647
352,977,"Road-750 Black, 58",True,Black,100,75,344,540,58,21.0,4,R ,L ,U ,2014-02-08 10:01:36.827,2008-04-30,2008-04-30,2.0,1.0,Bikes,2013-05-30,,,7,57.0,97,1597,True,2006-06-23,9999-12-31 00:00:00,566e4fd382f441793e3a41970e3ebcd1bd8e1f07ef55d7fc5fa7351fddd4ee8a
353,997,"Road-750 Black, 44",True,Black,100,75,344,540,44,20.0,4,R ,L ,U ,2014-02-08 10:01:36.827,2008-04-30,2008-04-30,2.0,1.0,Bikes,2013-05-30,,,7,57.0,97,1597,True,2006-06-23,9999-12-31 00:00:00,a50b706358405feaaf07dae4299dde8978aa14ef4d7ef1aadff5da1532b0d692
354,998,"Road-750 Black, 48",True,Black,100,75,344,540,48,20.0,4,R ,L ,U ,2014-02-08 10:01:36.827,2008-04-30,2008-04-30,2.0,1.0,Bikes,2013-05-30,,,7,57.0,97,1597,True,2006-06-23,9999-12-31 00:00:00,39147735f91bff9a789807b3f1a4e3fdd88e7fa10267a19120d7e6bcccb6ad93
355,999,"Road-750 Black, 52",True,Black,100,75,344,540,52,20.0,4,R ,L ,U ,2014-02-08 10:01:36.827,2008-04-30,2008-04-30,2.0,1.0,Bikes,2013-05-30,,,7,57.0,97,1597,True,2006-06-23,9999-12-31 00:00:00,7864788396a67417768f78657eef18035b8b1906e3441312f8913ed283c6f391
356,706,"HL Road Frame - Red, 58",True,Red,500,375,1059,1432,58,2.0,1,R ,H ,U ,2014-02-08 10:01:36.827,2008-04-30,2008-04-30,14.0,2.0,Components,2008-04-30,,,1,35.0,134,780,True,2006-06-23,9999-12-31 00:00:00,2c2c030deefa2588eeb35238fcc435d2305b871efc83049fc5f54e67664564ef
357,840,"HL Road Frame - Black, 52",True,Black,500,375,869,1432,52,2.0,1,R ,H ,U ,2014-02-08 10:01:36.827,2008-04-30,2008-04-30,14.0,2.0,Components,2012-05-30,,,1,65.0,134,780,True,2006-06-23,9999-12-31 00:00:00,308601795b9639be152e23e5d4d968edaa2a360a4eef131b3af0cd09958f68a9
358,839,"HL Road Frame - Black, 48",True,Black,500,375,869,1432,48,2.0,1,R ,H ,U ,2014-02-08 10:01:36.827,2008-04-30,2008-04-30,14.0,2.0,Components,2012-05-30,,,1,65.0,134,780,True,2006-06-23,9999-12-31 00:00:00,fbe0d4effac225e3b9b7dbdd41e0c1489f622b5d16903231ea75c673ecff9d02
359,838,"HL Road Frame - Black, 44",True,Black,500,375,869,1432,44,2.0,1,R ,H ,U ,2014-02-08 10:01:36.827,2008-04-30,2008-04-30,14.0,2.0,Components,2012-05-30,,,1,65.0,134,780,True,2006-06-23,9999-12-31 00:00:00,24059c827ddad788e558fba34d1ab6188f7a4f4f6c6e96dc5eb6636d67ac89d2
360,837,"HL Road Frame - Black, 62",True,Black,500,375,869,1432,62,2.0,1,R ,H ,U ,2014-02-08 10:01:36.827,2008-04-30,2008-04-30,14.0,2.0,Components,2012-05-30,,,1,65.0,134,780,True,2006-06-23,9999-12-31 00:00:00,0f5b80dad7411e25c862bac1b034d82edeec5ddfaffd3872584ef29e1aba0e0e
361,721,"HL Road Frame - Red, 56",True,Red,500,375,869,1432,56,2.0,1,R ,H ,U ,2014-02-08 10:01:36.827,2008-04-30,2008-04-30,14.0,2.0,Components,2011-05-31,,,1,65.0,134,780,True,2006-06-23,9999-12-31 00:00:00,6b0b3cd31d826d1ed3b0b707f30f9aed5f5de76c1644de636c19f22e4ba3c681
362,680,"HL Road Frame - Black, 58",True,Black,500,375,1059,1432,58,2.0,1,R ,H ,U ,2014-02-08 10:01:36.827,2008-04-30,2008-04-30,14.0,2.0,Components,2008-04-30,,,1,35.0,134,780,True,2006-06-23,9999-12-31 00:00:00,48013c4cb1c6c5f472b4eadaf25283c88d4ac9964b48fdf34078cdb78189c78e
363,717,"HL Road Frame - Red, 62",True,Red,500,375,869,1432,62,2.0,1,R ,H ,U ,2014-02-08 10:01:36.827,2008-04-30,2008-04-30,14.0,2.0,Components,2011-05-31,,,1,65.0,134,780,True,2006-06-23,9999-12-31 00:00:00,61889f459ee8789d64dde74756169f629e4ec415e3a3b4920a02ce5ba3ab383a
364,718,"HL Road Frame - Red, 44",True,Red,500,375,869,1432,44,2.0,1,R ,H ,U ,2014-02-08 10:01:36.827,2008-04-30,2008-04-30,14.0,2.0,Components,2011-05-31,,,1,65.0,134,780,True,2006-06-23,9999-12-31 00:00:00,3db802ada65b7d1cee93abad87441d61d277677507b42097c58b2dff2ecc0d94
365,719,"HL Road Frame - Red, 48",True,Red,500,375,869,1432,48,2.0,1,R ,H ,U ,2014-02-08 10:01:36.827,2008-04-30,2008-04-30,14.0,2.0,Components,2011-05-31,,,1,65.0,134,780,True,2006-06-23,9999-12-31 00:00:00,958c442a04f19a584859da40976e58af7160d23f90021aec2b41a2b1d0471ec5
366,720,"HL Road Frame - Red, 52",True,Red,500,375,869,1432,52,2.0,1,R ,H ,U ,2014-02-08 10:01:36.827,2008-04-30,2008-04-30,14.0,2.0,Components,2011-05-31,,,1,65.0,134,780,True,2006-06-23,9999-12-31 00:00:00,aeddc5feef3fb670ebfa1599c8110515c0904d2c44aa3bf78e15f0e38b4f31f2
367,734,"ML Road Frame - Red, 58",True,Red,500,375,352,595,58,2.0,1,R ,M ,U ,2014-02-08 10:01:36.827,2008-04-30,2008-04-30,14.0,2.0,Components,2011-05-31,2012-05-29,,2,69.0,134,780,True,2006-06-23,9999-12-31 00:00:00,1c162be529fa21a8907a095544a9641ea76e5fc1e830385ba9971b8fb7e70ce1
368,836,"ML Road Frame-W - Yellow, 48",True,Yellow,500,375,361,595,48,2.0,1,R ,M ,W ,2014-02-08 10:01:36.827,2008-04-30,2008-04-30,14.0,2.0,Components,2012-05-30,,,2,65.0,134,780,True,2006-06-23,9999-12-31 00:00:00,73aaba854102c1b06870f8a2058a16a29d055d04f4dd071634019f499194962e
369,835,"ML Road Frame-W - Yellow, 44",True,Yellow,500,375,361,595,44,2.0,1,R ,M ,W ,2014-02-08 10:01:36.827,2008-04-30,2008-04-30,14.0,2.0,Components,2012-05-30,,,2,65.0,134,780,True,2006-06-23,9999-12-31 00:00:00,cb86058728a58050d0047b9a0a94f806511513624e307a7d23a1e91d8a908d90
370,834,"ML Road Frame-W - Yellow, 42",True,Yellow,500,375,361,595,42,2.0,1,R ,M ,W ,2014-02-08 10:01:36.827,2008-04-30,2008-04-30,14.0,2.0,Components,2012-05-30,,,2,65.0,134,780,True,2006-06-23,9999-12-31 00:00:00,7470804c19fcecfbd5f4969e8d07c6a84f768349aeaabae9b5cb1d77d9cffdcc
371,833,"ML Road Frame-W - Yellow, 40",True,Yellow,500,375,361,595,40,2.0,1,R ,M ,W ,2014-02-08 10:01:36.827,2008-04-30,2008-04-30,14.0,2.0,Components,2012-05-30,,,2,65.0,134,780,True,2006-06-23,9999-12-31 00:00:00,e392f28e76d241b4cc4525b17ce03f97522fee0c3763094e441c41e7277e07cf
372,822,"ML Road Frame-W - Yellow, 38",True,Yellow,500,375,361,595,38,2.0,2,R ,M ,W ,2014-02-08 10:01:36.827,2008-04-30,2008-04-30,14.0,2.0,Components,2012-05-30,,,2,65.0,134,780,True,2006-06-23,9999-12-31 00:00:00,4969040ed150f84e69f57764759c34afad48cba9ad1f9079d602c1e1d42d25ec
373,735,"ML Road Frame - Red, 60",True,Red,500,375,352,595,60,2.0,1,R ,M ,U ,2014-02-08 10:01:36.827,2008-04-30,2008-04-30,14.0,2.0,Components,2011-05-31,2012-05-29,,2,69.0,134,780,True,2006-06-23,9999-12-31 00:00:00,3043c0741dc22381643b6cb2b75261ebd0c55cd8f07511155a30bf0349162b7b
374,733,"ML Road Frame - Red, 52",True,Red,500,375,352,595,52,2.0,1,R ,M ,U ,2014-02-08 10:01:36.827,2008-04-30,2008-04-30,14.0,2.0,Components,2011-05-31,2012-05-29,,2,69.0,134,780,True,2006-06-23,9999-12-31 00:00:00,423bbc36498284588600c8b74c4252dc6b5c582df9ad4eaa1f428ad9471d5a62
375,732,"ML Road Frame - Red, 48",True,Red,500,375,352,595,48,2.0,1,R ,M ,U ,2014-02-08 10:01:36.827,2008-04-30,2008-04-30,14.0,2.0,Components,2011-05-31,2012-05-29,,2,69.0,134,780,True,2006-06-23,9999-12-31 00:00:00,ff3993909a854c13f2f0b58239b04bc78f6539ddce3da021fee073e9f5c573c4
376,731,"ML Road Frame - Red, 44",True,Red,500,375,352,595,44,2.0,1,R ,M ,U ,2014-02-08 10:01:36.827,2008-04-30,2008-04-30,14.0,2.0,Components,2011-05-31,2012-05-29,,2,69.0,134,780,True,2006-06-23,9999-12-31 00:00:00,bdde95d483b2f90b3f17030fe79518143a6632a21cfd189a1bc0b77d5707b4e7
377,736,"LL Road Frame - Black, 44",True,Black,500,375,205,337,44,2.0,1,R ,L ,U ,2014-02-08 10:01:36.827,2008-04-30,2008-04-30,14.0,2.0,Components,2011-05-31,,,3,65.0,134,780,True,2006-06-23,9999-12-31 00:00:00,0687b67f5e5107275952f6edd3b32276af7187090c540a17e41c2a0e8f85c7c4
378,737,"LL Road Frame - Black, 48",True,Black,500,375,205,337,48,2.0,1,R ,L ,U ,2014-02-08 10:01:36.827,2008-04-30,2008-04-30,14.0,2.0,Components,2011-05-31,,,3,65.0,134,780,True,2006-06-23,9999-12-31 00:00:00,7c962a4f75a7fada2cca37450b9ebeff45ea69c4c10ec8039718b44841fe4903
379,738,"LL Road Frame - Black, 52",True,Black,500,375,205,337,52,2.0,1,R ,L ,U ,2014-02-08 10:01:36.827,2008-04-30,2008-04-30,14.0,2.0,Components,2011-05-31,,,3,65.0,134,780,True,2006-06-23,9999-12-31 00:00:00,8a814cdcbf48752e444e41f1b790e44d08517bfa7b0906acfd550d43806cdc5c
380,730,"LL Road Frame - Red, 62",True,Red,500,375,187,337,62,3.0,1,R ,L ,U ,2014-02-08 10:01:36.827,2008-04-30,2008-04-30,14.0,2.0,Components,2011-05-31,2013-05-29,,3,80.0,134,780,True,2006-06-23,9999-12-31 00:00:00,2ceaaf261e43f35e9f065a8a7e9e90fe305dfc3a6eea14ec088d022360cf69ed
381,729,"LL Road Frame - Red, 60",True,Red,500,375,187,337,60,2.0,1,R ,L ,U ,2014-02-08 10:01:36.827,2008-04-30,2008-04-30,14.0,2.0,Components,2011-05-31,2013-05-29,,3,80.0,134,780,True,2006-06-23,9999-12-31 00:00:00,53fafed787f9fa2619029d7b288721e9bc1b850823cfa4d7e1995f1d17dab0bc
382,728,"LL Road Frame - Red, 58",True,Red,500,375,187,337,58,2.0,1,R ,L ,U ,2014-02-08 10:01:36.827,2008-04-30,2008-04-30,14.0,2.0,Components,2011-05-31,2013-05-29,,3,80.0,134,780,True,2006-06-23,9999-12-31 00:00:00,6d24a0d57c9549f9f6ade88a8a049ccc8377c04963076af6f37f0beaae0e0c9e
383,727,"LL Road Frame - Red, 52",True,Red,500,375,187,337,52,2.0,1,R ,L ,U ,2014-02-08 10:01:36.827,2008-04-30,2008-04-30,14.0,2.0,Components,2011-05-31,2013-05-29,,3,80.0,134,780,True,2006-06-23,9999-12-31 00:00:00,6b48e03283133122dba099125e26c0bcbaba40d1bcd75d056af5fb2d65352056
384,726,"LL Road Frame - Red, 48",True,Red,500,375,187,337,48,2.0,1,R ,L ,U ,2014-02-08 10:01:36.827,2008-04-30,2008-04-30,14.0,2.0,Components,2011-05-31,2013-05-29,,3,80.0,134,780,True,2006-06-23,9999-12-31 00:00:00,c991670fd3a5a4f8a9cd2d391141bca84a24dfb8d45cfaea448093087c8c81bf
385,725,"LL Road Frame - Red, 44",True,Red,500,375,187,337,44,2.0,1,R ,L ,U ,2014-02-08 10:01:36.827,2008-04-30,2008-04-30,14.0,2.0,Components,2011-05-31,2013-05-29,,3,80.0,134,780,True,2006-06-23,9999-12-31 00:00:00,1a2908251691d1e2cad19bb1327bd0dc41ef7f81f036906980350b83bb6fe7f8
386,724,"LL Road Frame - Black, 62",True,Black,500,375,205,337,62,3.0,1,R ,L ,U ,2014-02-08 10:01:36.827,2008-04-30,2008-04-30,14.0,2.0,Components,2011-05-31,,,3,65.0,134,780,True,2006-06-23,9999-12-31 00:00:00,faa042723ff520b362bd7adc709e805110ee0c6d0518fe47b2056b3f274f0cb6
387,723,"LL Road Frame - Black, 60",True,Black,500,375,205,337,60,2.0,1,R ,L ,U ,2014-02-08 10:01:36.827,2008-04-30,2008-04-30,14.0,2.0,Components,2011-05-31,,,3,65.0,134,780,True,2006-06-23,9999-12-31 00:00:00,22f7f65b2a041c1cacced5db00fff3ca9df256089e0a2ad57811c2c9c4ee9c5a
388,722,"LL Road Frame - Black, 58",True,Black,500,375,205,337,58,2.0,1,R ,L ,U ,2014-02-08 10:01:36.827,2008-04-30,2008-04-30,14.0,2.0,Components,2011-05-31,,,3,65.0,134,780,True,2006-06-23,9999-12-31 00:00:00,dd6afd27c6285f087ec1175d8c1c5dd8b5352e8509b764c8eb4be3b086e30d40
389,881,"Short-Sleeve Classic Jersey, S",True,Yellow,4,3,42,54,S,,0,S ,,U ,2014-02-08 10:01:36.827,2008-04-30,2008-04-30,21.0,3.0,Clothing,2013-05-30,,,1,30.0,35,52,True,2006-06-23,9999-12-31 00:00:00,aeb8097236b5c93493fda71cd30979a803fc979f8b4c01bf2f7a34bf870c5cea
390,882,"Short-Sleeve Classic Jersey, M",True,Yellow,4,3,42,54,M,,0,S ,,U ,2014-02-08 10:01:36.827,2008-04-30,2008-04-30,21.0,3.0,Clothing,2013-05-30,,,1,30.0,35,52,True,2006-06-23,9999-12-31 00:00:00,411ad2c25d49155cb71494187cf9815c7f674be973662e37b4f7853e38120cf7
391,883,"Short-Sleeve Classic Jersey, L",True,Yellow,4,3,42,54,L,,0,S ,,U ,2014-02-08 10:01:36.827,2008-04-30,2008-04-30,21.0,3.0,Clothing,2013-05-30,,,1,30.0,35,52,True,2006-06-23,9999-12-31 00:00:00,d685199af0666534169b782d2c809bd7ccb01cd168d647f134dffc9b8ca5c03c
392,884,"Short-Sleeve Classic Jersey, XL",True,Yellow,4,3,42,54,XL,,0,S ,,U ,2014-02-08 10:01:36.827,2008-04-30,2008-04-30,21.0,3.0,Clothing,2013-05-30,,,1,30.0,35,52,True,2006-06-23,9999-12-31 00:00:00,8880158cab4994df4148561a1dcdf628cb2a2f1c4ba28e5967c6c2d2790fcf2b
393,713,"Long-Sleeve Logo Jersey, S",True,Multi,4,3,38,50,S,,0,S ,,U ,2014-02-08 10:01:36.827,2008-04-30,2008-04-30,21.0,3.0,Clothing,2011-05-31,,,2,30.0,35,52,True,2006-06-23,9999-12-31 00:00:00,2d80b31bf13ad3b7956be8affd1efaef562cb166e35448b7a56334e02e6dddea
394,714,"Long-Sleeve Logo Jersey, M",True,Multi,4,3,38,50,M,,0,S ,,U ,2014-02-08 10:01:36.827,2008-04-30,2008-04-30,21.0,3.0,Clothing,2011-05-31,,,2,30.0,35,52,True,2006-06-23,9999-12-31 00:00:00,07025468637afbf58ed9907f547a326a0962b908b54ab28c3d81b38725aee804
395,715,"Long-Sleeve Logo Jersey, L",True,Multi,4,3,38,50,L,,0,S ,,U ,2014-02-08 10:01:36.827,2008-04-30,2008-04-30,21.0,3.0,Clothing,2011-05-31,,,2,30.0,35,52,True,2006-06-23,9999-12-31 00:00:00,333b0c7f18237d776425abd98cb96344acc03082a9bbf6eea94fa1f353d3fa20
396,716,"Long-Sleeve Logo Jersey, XL",True,Multi,4,3,38,50,XL,,0,S ,,U ,2014-02-08 10:01:36.827,2008-04-30,2008-04-30,21.0,3.0,Clothing,2011-05-31,,,2,30.0,35,52,True,2006-06-23,9999-12-31 00:00:00,43e10efe42d5fc3c44acb08ea87bb0583878b8f210451d4d0e7649c7d2803356
397,740,"HL Mountain Frame - Silver, 44",True,Silver,500,375,707,1365,44,3.0,1,M ,H ,U ,2014-02-08 10:01:36.827,2008-04-30,2008-04-30,12.0,2.0,Components,2011-05-31,2012-05-29,,1,93.0,134,678,True,2006-06-23,9999-12-31 00:00:00,1ea913a00f40867c1440e55793de03365b21bb0bcba901012c9d19f50c613550
398,741,"HL Mountain Frame - Silver, 48",True,Silver,500,375,707,1365,48,3.0,1,M ,H ,U ,2014-02-08 10:01:36.827,2008-04-30,2008-04-30,12.0,2.0,Components,2011-05-31,2012-05-29,,1,93.0,134,678,True,2006-06-23,9999-12-31 00:00:00,ae59746b97b67fa29c7f95f1abbc451cf13ddcd0197a48b0fc3299bca3a18e70
399,742,"HL Mountain Frame - Silver, 46",True,Silver,500,375,747,1365,46,3.0,1,M ,H ,U ,2014-02-08 10:01:36.827,2008-04-30,2008-04-30,12.0,2.0,Components,2011-05-31,,,1,83.0,134,678,True,2006-06-23,9999-12-31 00:00:00,be5eb72ca8e356152c4bf8bd217e5763a05b824eeaa184e21535d623512deb3b
400,748,"HL Mountain Frame - Silver, 38",True,Silver,500,375,747,1365,38,3.0,2,M ,H ,U ,2014-02-08 10:01:36.827,2008-04-30,2008-04-30,12.0,2.0,Components,2011-05-31,,,1,83.0,134,678,True,2006-06-23,9999-12-31 00:00:00,63617b213716203d7b86368f7c9cc9afcd8d6a4cdd5110443c6163b67be8f2c7
401,739,"HL Mountain Frame - Silver, 42",True,Silver,500,375,747,1365,42,3.0,1,M ,H ,U ,2014-02-08 10:01:36.827,2008-04-30,2008-04-30,12.0,2.0,Components,2011-05-31,,,1,83.0,134,678,True,2006-06-23,9999-12-31 00:00:00,2e5441c20facd1ffd5c06ddddfe47bea1639e382191d0d08ef020ce841812f2b
402,743,"HL Mountain Frame - Black, 42",True,Black,500,375,739,1350,42,3.0,1,M ,H ,U ,2014-02-08 10:01:36.827,2008-04-30,2008-04-30,12.0,2.0,Components,2011-05-31,,,2,83.0,134,678,True,2006-06-23,9999-12-31 00:00:00,e5226675a6133c69f5dc62e5d58f72d4aceb86e54370cd8ae7239a7e02e243a8
403,744,"HL Mountain Frame - Black, 44",True,Black,500,375,699,1350,44,3.0,1,M ,H ,U ,2014-02-08 10:01:36.827,2008-04-30,2008-04-30,12.0,2.0,Components,2011-05-31,2012-05-29,,2,93.0,134,678,True,2006-06-23,9999-12-31 00:00:00,0658526a078d9b156ac5f42d6043c85163a526cad0faa9906a829cd5109bc446
404,745,"HL Mountain Frame - Black, 48",True,Black,500,375,699,1350,48,3.0,1,M ,H ,U ,2014-02-08 10:01:36.827,2008-04-30,2008-04-30,12.0,2.0,Components,2011-05-31,2012-05-29,,2,93.0,134,678,True,2006-06-23,9999-12-31 00:00:00,9eb090950adb82699dac0a727aa15d977ffa7fb687aece1089567f94c7c98dbc
405,746,"HL Mountain Frame - Black, 46",True,Black,500,375,739,1350,46,3.0,1,M ,H ,U ,2014-02-08 10:01:36.827,2008-04-30,2008-04-30,12.0,2.0,Components,2011-05-31,,,2,83.0,134,678,True,2006-06-23,9999-12-31 00:00:00,786902e585ffa1fe8280cd8792fd2e58c1fb3e6fa34cdb5c882a07cecf83e2f3
406,747,"HL Mountain Frame - Black, 38",True,Black,500,375,739,1350,38,3.0,2,M ,H ,U ,2014-02-08 10:01:36.827,2008-04-30,2008-04-30,12.0,2.0,Components,2011-05-31,,,2,83.0,134,678,True,2006-06-23,9999-12-31 00:00:00,1ff96dcca497d3dc86923bc08b68cb96dc34dae2750fc9bfbdb6af03f786f660
407,904,"ML Mountain Frame-W - Silver, 40",True,Silver,500,375,199,364,40,3.0,1,M ,M ,W ,2014-02-08 10:01:36.827,2008-04-30,2008-04-30,12.0,2.0,Components,2013-05-30,,,3,83.0,134,678,True,2006-06-23,9999-12-31 00:00:00,c7df086d95beb9d04af346e8b5f76a01ad3ab91fc808d459c2e60defff7fd17f
408,942,"ML Mountain Frame-W - Silver, 38",True,Silver,500,375,199,364,38,3.0,2,M ,M ,W ,2014-02-08 10:01:36.827,2008-04-30,2008-04-30,12.0,2.0,Components,2013-05-30,,,3,83.0,134,678,True,2006-06-23,9999-12-31 00:00:00,c13227be03f39c817a206887747ab63dffeb8cf5d5af598ae65427267bcf2ebf
409,906,"ML Mountain Frame-W - Silver, 46",True,Silver,500,375,199,364,46,3.0,1,M ,M ,W ,2014-02-08 10:01:36.827,2008-04-30,2008-04-30,12.0,2.0,Components,2013-05-30,,,3,83.0,134,678,True,2006-06-23,9999-12-31 00:00:00,100a5ccda91d35dd475e50d20e13978f838d510c0f13dbf834398ee887a2cfe6
410,905,"ML Mountain Frame-W - Silver, 42",True,Silver,500,375,199,364,42,3.0,1,M ,M ,W ,2014-02-08 10:01:36.827,2008-04-30,2008-04-30,12.0,2.0,Components,2013-05-30,,,3,83.0,134,678,True,2006-06-23,9999-12-31 00:00:00,887877d877895776d1192e6e8c747a3f683b218d99bfe023d9f1ca6c224adb10
411,832,"ML Mountain Frame - Black, 48",True,Black,500,375,186,349,48,3.0,1,M ,M ,U ,2014-02-08 10:01:36.827,2008-04-30,2008-04-30,12.0,2.0,Components,2012-05-30,2013-05-29,,4,88.0,134,678,True,2006-06-23,9999-12-31 00:00:00,5db41a39faebd44a09195991d51640a47388595f0423022c18ddeced7f3821a8
412,831,"ML Mountain Frame - Black, 44",True,Black,500,375,186,349,44,3.0,1,M ,M ,U ,2014-02-08 10:01:36.827,2008-04-30,2008-04-30,12.0,2.0,Components,2012-05-30,2013-05-29,,4,88.0,134,678,True,2006-06-23,9999-12-31 00:00:00,7eefe491b745e849f91e75b5c01957d11c5f7594a75cb718a220b2dcdb700331
413,830,"ML Mountain Frame - Black, 40",True,Black,500,375,186,349,40,3.0,1,M ,M ,U ,2014-02-08 10:01:36.827,2008-04-30,2008-04-30,12.0,2.0,Components,2012-05-30,2013-05-29,,4,88.0,134,678,True,2006-06-23,9999-12-31 00:00:00,a4418e8e6f2b22e5162d9a5dfcfc2cafa4c34f0e37d13f73949b9e3ca9269fb3
414,814,"ML Mountain Frame - Black, 38",True,Black,500,375,186,349,38,3.0,2,M ,M ,U ,2014-02-08 10:01:36.827,2008-04-30,2008-04-30,12.0,2.0,Components,2012-05-30,2013-05-29,,4,88.0,134,678,True,2006-06-23,9999-12-31 00:00:00,97fca8fe3bc8bacf74cc6a4a256defaa5c3e0c9e7e78fb85203ab8f6f501c53d
415,917,"LL Mountain Frame - Silver, 42",True,Silver,500,375,145,264,42,3.0,1,M ,L ,U ,2014-02-08 10:01:36.827,2008-04-30,2008-04-30,12.0,2.0,Components,2013-05-30,,,5,83.0,134,678,True,2006-06-23,9999-12-31 00:00:00,5f33b4cc3f69233784e9d002b9779afb065b1a0d9c7c768354f094688328c3d7
416,918,"LL Mountain Frame - Silver, 44",True,Silver,500,375,145,264,44,3.0,1,M ,L ,U ,2014-02-08 10:01:36.827,2008-04-30,2008-04-30,12.0,2.0,Components,2013-05-30,,,5,83.0,134,678,True,2006-06-23,9999-12-31 00:00:00,1c403a74785d5c2182351d95b99d3633bc7299eb3c4a6e612036eedef71e7ee1
417,919,"LL Mountain Frame - Silver, 48",True,Silver,500,375,145,264,48,3.0,1,M ,L ,U ,2014-02-08 10:01:36.827,2008-04-30,2008-04-30,12.0,2.0,Components,2013-05-30,,,5,83.0,134,678,True,2006-06-23,9999-12-31 00:00:00,d98a8e4503f7fb07c18a8e5259b4def7ac9c66fe77386307b2e28e4cbbfe528d
418,920,"LL Mountain Frame - Silver, 52",True,Silver,500,375,145,264,52,3.0,1,M ,L ,U ,2014-02-08 10:01:36.827,2008-04-30,2008-04-30,12.0,2.0,Components,2013-05-30,,,5,83.0,134,678,True,2006-06-23,9999-12-31 00:00:00,d8437b6aad4a235cf540c76664f50b2c95ab073081c966a1eaf4f50fdc31e4c1
419,944,"LL Mountain Frame - Silver, 40",True,Silver,500,375,145,264,40,3.0,2,M ,L ,U ,2014-02-08 10:01:36.827,2008-04-30,2008-04-30,12.0,2.0,Components,2013-05-30,,,5,83.0,134,678,True,2006-06-23,9999-12-31 00:00:00,acdd47ef7ca183014ea8aed5ca188d4fbb52366ab5e02518302a9cfe314c0987
420,924,"LL Mountain Frame - Black, 42",True,Black,500,375,137,250,42,3.0,1,M ,L ,U ,2014-02-08 10:01:36.827,2008-04-30,2008-04-30,12.0,2.0,Components,2013-05-30,,,6,83.0,134,678,True,2006-06-23,9999-12-31 00:00:00,216f08efc622dc83e72a2ae7ce11dfc3b4a171febb93bf4f33da15cbc634bcbb
421,925,"LL Mountain Frame - Black, 44",True,Black,500,375,137,250,44,3.0,1,M ,L ,U ,2014-02-08 10:01:36.827,2008-04-30,2008-04-30,12.0,2.0,Components,2013-05-30,,,6,83.0,134,678,True,2006-06-23,9999-12-31 00:00:00,d0987a3edd2d24206e75031e37a7381f20844a982a5cbc28a289eb6c1b0cf478
422,926,"LL Mountain Frame - Black, 48",True,Black,500,375,137,250,48,3.0,1,M ,L ,U ,2014-02-08 10:01:36.827,2008-04-30,2008-04-30,12.0,2.0,Components,2013-05-30,,,6,83.0,134,678,True,2006-06-23,9999-12-31 00:00:00,823c0d60968e8661bd1137faa249a4eac0a0fcc9b09fdf1fc887d50f993bfcad
423,927,"LL Mountain Frame - Black, 52",True,Black,500,375,137,250,52,3.0,1,M ,L ,U ,2014-02-08 10:01:36.827,2008-04-30,2008-04-30,12.0,2.0,Components,2013-05-30,,,6,83.0,134,678,True,2006-06-23,9999-12-31 00:00:00,3a6b68aab4a69690af7cb27d4285918f5a65ff9a466f438b805d5db6d4d88d52
424,943,"LL Mountain Frame - Black, 40",True,Black,500,375,137,250,40,3.0,2,M ,L ,U ,2014-02-08 10:01:36.827,2008-04-30,2008-04-30,12.0,2.0,Components,2013-05-30,,,6,83.0,134,678,True,2006-06-23,9999-12-31 00:00:00,61c49889162b8246088d6c64eaf7e3cf020dae4900d4124a900612a2f677be03
425,996,HL Bottom Bracket,True,,500,375,54,121,,170.0,1,,H ,,2014-02-08 10:01:36.827,2008-04-30,2008-04-30,5.0,2.0,Components,2013-05-30,,,1,125.0,134,92,True,2006-06-23,9999-12-31 00:00:00,517fb2c8cba714cb66aeb5f42884a4e638f2250a36e9c822f00348344fcb2652
426,995,ML Bottom Bracket,True,,500,375,45,101,,168.0,1,,M ,,2014-02-08 10:01:36.827,2008-04-30,2008-04-30,5.0,2.0,Components,2013-05-30,,,2,125.0,134,92,True,2006-06-23,9999-12-31 00:00:00,1b72b6ca66a12a87612b610c29c3f7bb5b13db964997d3882373569554e8aded
427,994,LL Bottom Bracket,True,,500,375,24,54,,223.0,1,,L ,,2014-02-08 10:01:36.827,2008-04-30,2008-04-30,5.0,2.0,Components,2013-05-30,,,3,125.0,134,92,True,2006-06-23,9999-12-31 00:00:00,aecfc36229785afc724ef6900e5af30890cdcd92c341b126fae92fc7e3412826
428,861,"Full-Finger Gloves, S",True,Black,4,3,16,38,S,,0,M ,,U ,2014-02-08 10:01:36.827,2008-04-30,2008-04-30,20.0,3.0,Clothing,2012-05-30,2013-05-29,,1,142.0,35,31,True,2006-06-23,9999-12-31 00:00:00,16792b4375bbac3777fa9d46bdd1ccc67675e048a552b887adf08d5e2fe71e45
429,862,"Full-Finger Gloves, M",True,Black,4,3,16,38,M,,0,M ,,U ,2014-02-08 10:01:36.827,2008-04-30,2008-04-30,20.0,3.0,Clothing,2012-05-30,2013-05-29,,1,142.0,35,31,True,2006-06-23,9999-12-31 00:00:00,e5113d48668a1e555712edf82460809f5d03418a574beb23355e0e3e7870917e
430,863,"Full-Finger Gloves, L",True,Black,4,3,16,38,L,,0,M ,,U ,2014-02-08 10:01:36.827,2008-04-30,2008-04-30,20.0,3.0,Clothing,2012-05-30,2013-05-29,,1,142.0,35,31,True,2006-06-23,9999-12-31 00:00:00,fd3708dae95d8250ca306e4905f38431ff550765a28157da2e0a91eb495517e1
431,858,"Half-Finger Gloves, S",True,Black,4,3,9,24,S,,0,S ,,U ,2014-02-08 10:01:36.827,2008-04-30,2008-04-30,20.0,3.0,Clothing,2012-05-30,,,2,167.0,35,31,True,2006-06-23,9999-12-31 00:00:00,2bb299d5f66c8d2ba4f187eb7ee2dec60464c3d30b4bd10da2bb6ab443518f67
432,859,"Half-Finger Gloves, M",True,Black,4,3,9,24,M,,0,S ,,U ,2014-02-08 10:01:36.827,2008-04-30,2008-04-30,20.0,3.0,Clothing,2012-05-30,,,2,167.0,35,31,True,2006-06-23,9999-12-31 00:00:00,9adc7021b5db7f23ef6f4e9fb4b511d81c14b0cc8424a1e138bcd88346e66a8a
433,860,"Half-Finger Gloves, L",True,Black,4,3,9,24,L,,0,S ,,U ,2014-02-08 10:01:36.827,2008-04-30,2008-04-30,20.0,3.0,Clothing,2012-05-30,,,2,167.0,35,31,True,2006-06-23,9999-12-31 00:00:00,b6f4efecfbb74dc2a6bfa18b189471906ef6ab4307ad43c11f1f1f627a17ddcd
434,910,HL Mountain Seat/Saddle,True,,500,375,23,53,,,1,M ,H ,,2014-02-08 10:01:36.827,2008-04-30,2008-04-30,15.0,2.0,Components,2013-05-30,,,1,125.0,134,40,True,2006-06-23,9999-12-31 00:00:00,7b9a13de5da91abe84e84ea8ddcb6683adcd7e5ebb65e2ef22e1651f74298daa
435,913,HL Road Seat/Saddle,True,,500,375,23,53,,,1,R ,H ,,2014-02-08 10:01:36.827,2008-04-30,2008-04-30,15.0,2.0,Components,2013-05-30,,,1,125.0,134,40,True,2006-06-23,9999-12-31 00:00:00,d97b0a47da4078b9e70a35394616bca33286b3d67000a2df52ace72a620c3163
436,916,HL Touring Seat/Saddle,True,,500,375,23,53,,,1,T ,H ,,2014-02-08 10:01:36.827,2008-04-30,2008-04-30,15.0,2.0,Components,2013-05-30,,,1,125.0,134,40,True,2006-06-23,9999-12-31 00:00:00,707d17ccda0f7f9af9dd1a2c0a1280b6dcd69e2b7498187a2c9af2bc988b959b
437,909,ML Mountain Seat/Saddle,True,,500,375,17,39,,,1,M ,M ,,2014-02-08 10:01:36.827,2008-04-30,2008-04-30,15.0,2.0,Components,2013-05-30,,,2,125.0,134,40,True,2006-06-23,9999-12-31 00:00:00,704f1c89a0beb34cb733f39c760841ee3db58c84b484740376a4d48a81d3df9c
438,912,ML Road Seat/Saddle,True,,500,375,17,39,,,1,T ,M ,,2014-02-08 10:01:36.827,2008-04-30,2008-04-30,15.0,2.0,Components,2013-05-30,,,2,125.0,134,40,True,2006-06-23,9999-12-31 00:00:00,380d2876263effe80d5344f5ebd7260ddde72c9afaa6be6f59995abda4956919
439,915,ML Touring Seat/Saddle,True,,500,375,17,39,,,1,T ,M ,,2014-02-08 10:01:36.827,2008-04-30,2008-04-30,15.0,2.0,Components,2013-05-30,,,2,125.0,134,40,True,2006-06-23,9999-12-31 00:00:00,2c9b1d708626abb846acd9bdad1af5d5cabaacc64c6c2003929140c0eda623a8
440,908,LL Mountain Seat/Saddle,True,,500,375,12,27,,,1,M ,L ,,2014-02-08 10:01:36.827,2008-04-30,2008-04-30,15.0,2.0,Components,2013-05-30,,,3,125.0,134,40,True,2006-06-23,9999-12-31 00:00:00,28ac95e135d3ca821dfb7c06b904e099b520c0164ef7aad17abb7be760ccd404
441,911,LL Road Seat/Saddle,True,,500,375,12,27,,,1,R ,L ,,2014-02-08 10:01:36.827,2008-04-30,2008-04-30,15.0,2.0,Components,2013-05-30,,,3,125.0,134,40,True,2006-06-23,9999-12-31 00:00:00,9437c90260d046d66190ddafe65f2c3df743dc56f6d1d9ef12bd2f079f4f34cf
442,914,LL Touring Seat/Saddle,True,,500,375,12,27,,,1,T ,L ,,2014-02-08 10:01:36.827,2008-04-30,2008-04-30,15.0,2.0,Components,2013-05-30,,,3,125.0,134,40,True,2006-06-23,9999-12-31 00:00:00,41f8b0525d70b50b93927c9dd42d1dcdff20788fdb890f9d9ee48d873288c608
443,871,Mountain Bottle Cage,True,,4,3,4,10,,,0,M ,,,2014-02-08 10:01:36.827,2008-04-30,2008-04-30,28.0,4.0,Accessories,2013-05-30,,,1,167.0,29,8,True,2006-06-23,9999-12-31 00:00:00,b8375db18c0696a313d18ad40cc8c76ee53da00b924f69a2b6b8e1b434e39662
444,872,Road Bottle Cage,True,,4,3,3,9,,,0,R ,,,2014-02-08 10:01:36.827,2008-04-30,2008-04-30,28.0,4.0,Accessories,2013-05-30,,,2,168.0,29,8,True,2006-06-23,9999-12-31 00:00:00,83855a24219600b1ccaea8e948d0202a821d5336b46236994ac1f3b4b0677662
445,870,Water Bottle - 30 oz.,True,,4,3,2,5,,,0,S ,,,2014-02-08 10:01:36.827,2008-04-30,2008-04-30,28.0,4.0,Accessories,2013-05-30,,,3,167.0,29,8,True,2006-06-23,9999-12-31 00:00:00,794eb31142a5cefb179af5bc0f554c735950dbb9d352c1520234c589bcbedd9b
446,907,Rear Brakes,True,Silver,500,375,47,107,,317.0,1,,,,2014-02-08 10:01:36.827,2008-04-30,2008-04-30,6.0,2.0,Components,2013-05-30,,,1,125.0,134,107,True,2006-06-23,9999-12-31 00:00:00,ddaa350ec4602868698972bfaed68ad81ff0554e46c1ea5afd9d76ae87f83e26
447,948,Front Brakes,True,Silver,500,375,47,107,,317.0,1,,,,2014-02-08 10:01:36.827,2008-04-30,2008-04-30,6.0,2.0,Components,2013-05-30,,,1,125.0,134,107,True,2006-06-23,9999-12-31 00:00:00,eb080318c5fe19b29462511fa33f078b3737cd9070ca2bdb33157a9f41cc5752
448,810,HL Mountain Handlebars,True,,500,375,53,120,,,1,M ,H ,,2014-02-08 10:01:36.827,2008-04-30,2008-04-30,4.0,2.0,Components,2012-05-30,,,1,125.0,134,74,True,2006-06-23,9999-12-31 00:00:00,8c1be6af0b2eb27ac5eb73c0461d133d743906d6bbbb395abd4016bb98ac644f
449,813,HL Road Handlebars,True,,500,375,53,120,,,1,R ,H ,,2014-02-08 10:01:36.827,2008-04-30,2008-04-30,4.0,2.0,Components,2012-05-30,,,1,125.0,134,74,True,2006-06-23,9999-12-31 00:00:00,6c3052e2bba97ad8cd0ae253e1efa2313cb8bff02a866fdd66ede5207c936416
450,947,HL Touring Handlebars,True,,500,375,41,92,,,1,T ,H ,,2014-02-08 10:01:36.827,2008-04-30,2008-04-30,4.0,2.0,Components,2013-05-30,,,2,125.0,134,74,True,2006-06-23,9999-12-31 00:00:00,7f4d2ad1eeb45ca2e030b7435529d7ec3b21d1ee0f8e699c2dfbc59f356c9090
451,809,ML Mountain Handlebars,True,,500,375,27,62,,,1,M ,M ,,2014-02-08 10:01:36.827,2008-04-30,2008-04-30,4.0,2.0,Components,2012-05-30,,,3,125.0,134,74,True,2006-06-23,9999-12-31 00:00:00,40b8558e6264f53c4c4a40960fdabdd671e899ad4fe4515ad16fdb2366bf2c06
452,812,ML Road Handlebars,True,,500,375,27,62,,,1,R ,M ,,2014-02-08 10:01:36.827,2008-04-30,2008-04-30,4.0,2.0,Components,2012-05-30,,,3,125.0,134,74,True,2006-06-23,9999-12-31 00:00:00,7216ca0481c2740f033354ee5aeac7a58e9b84495c625700efd3288c3335ae51
453,946,LL Touring Handlebars,True,,500,375,20,46,,,1,T ,L ,,2014-02-08 10:01:36.827,2008-04-30,2008-04-30,4.0,2.0,Components,2013-05-30,,,4,125.0,134,74,True,2006-06-23,9999-12-31 00:00:00,44a37334977d5902b3958aa0c078d1682447f127b03e01b580f738a31ec2ff38
454,808,LL Mountain Handlebars,True,,500,375,20,45,,,1,M ,L ,,2014-02-08 10:01:36.827,2008-04-30,2008-04-30,4.0,2.0,Components,2012-05-30,,,5,125.0,134,74,True,2006-06-23,9999-12-31 00:00:00,0c070e544f22b7a130e5e41793931bc10eb940fb4e3f1b92858b6f594b713acc
455,811,LL Road Handlebars,True,,500,375,20,45,,,1,R ,L ,,2014-02-08 10:01:36.827,2008-04-30,2008-04-30,4.0,2.0,Components,2012-05-30,,,5,125.0,134,74,True,2006-06-23,9999-12-31 00:00:00,2e7fe888062bb4daed0b86d885819f21794011e0a0ee760366fdc2017eb96cfe
456,867,"Women's Mountain Shorts, S",True,Black,4,3,26,70,S,,0,M ,,W ,2014-02-08 10:01:36.827,2008-04-30,2008-04-30,22.0,3.0,Clothing,2013-05-30,,,1,167.0,35,64,True,2006-06-23,9999-12-31 00:00:00,d1cf98a29080e64c47bd17399219a6f72b66624df17632cdde8a1e678e5078a7
457,868,"Women's Mountain Shorts, M",True,Black,4,3,26,70,M,,0,M ,,W ,2014-02-08 10:01:36.827,2008-04-30,2008-04-30,22.0,3.0,Clothing,2013-05-30,,,1,167.0,35,64,True,2006-06-23,9999-12-31 00:00:00,5eec43ea8a8df96bd0baef35719643e4c1ec458578026276ea71de924d12cfc6
458,869,"Women's Mountain Shorts, L",True,Black,4,3,26,70,L,,0,M ,,W ,2014-02-08 10:01:36.827,2008-04-30,2008-04-30,22.0,3.0,Clothing,2013-05-30,,,1,167.0,35,64,True,2006-06-23,9999-12-31 00:00:00,38df028576dcff806681da288a859302808e1bcb24ad6041769530ca8c4a86f4
459,841,"Men's Sports Shorts, S",True,Black,4,3,25,60,S,,0,S ,,M ,2014-02-08 10:01:36.827,2008-04-30,2008-04-30,22.0,3.0,Clothing,2012-05-30,2013-05-29,,2,142.0,35,64,True,2006-06-23,9999-12-31 00:00:00,18c995c3053d9b5dda9218d9ec0875ddf479fb0f5faac46c47aa6a467d281063
460,849,"Men's Sports Shorts, M",True,Black,4,3,25,60,M,,0,S ,,M ,2014-02-08 10:01:36.827,2008-04-30,2008-04-30,22.0,3.0,Clothing,2012-05-30,2013-05-29,,2,142.0,35,64,True,2006-06-23,9999-12-31 00:00:00,090cbfdc1540b245d8925f194e08aef6938cab8ff8a51fcdafe1d521067bcb3b
461,850,"Men's Sports Shorts, L",True,Black,4,3,25,60,L,,0,S ,,M ,2014-02-08 10:01:36.827,2008-04-30,2008-04-30,22.0,3.0,Clothing,2012-05-30,2013-05-29,,2,142.0,35,64,True,2006-06-23,9999-12-31 00:00:00,ca13cb6db29161b0f500a968eaa4d0b288889600708b205530abcf476bc02e91
462,851,"Men's Sports Shorts, XL",True,Black,4,3,25,60,XL,,0,S ,,M ,2014-02-08 10:01:36.827,2008-04-30,2008-04-30,22.0,3.0,Clothing,2012-05-30,2013-05-29,,2,142.0,35,64,True,2006-06-23,9999-12-31 00:00:00,8862e12032cd16e59a9a95a73f941855df2b0d8cf1eaa99576927ef30eec466c
463,879,All-Purpose Bike Stand,True,,4,3,59,159,,,0,M ,,,2014-02-08 10:01:36.827,2008-04-30,2008-04-30,27.0,4.0,Accessories,2013-05-30,,,1,167.0,29,159,True,2006-06-23,9999-12-31 00:00:00,3e71bba3cf155f87c74ff42b3a49d2566a2b032c255a8b3e13c816719bfc0aef
464,842,"Touring-Panniers, Large",True,Grey,4,3,52,125,,,0,T ,,,2014-02-08 10:01:36.827,2008-04-30,2008-04-30,35.0,4.0,Accessories,2012-05-30,2013-05-29,,1,142.0,29,125,True,2006-06-23,9999-12-31 00:00:00,1b4495c2967a5d0aa8069e32aca4bf7358c49ebdd95ef7ef74df2322b287258f
465,880,Hydration Pack - 70 oz.,True,Silver,4,3,21,55,70,,0,S ,,,2014-02-08 10:01:36.827,2008-04-30,2008-04-30,32.0,4.0,Accessories,2013-05-30,,,1,167.0,29,55,True,2006-06-23,9999-12-31 00:00:00,cb71b980a907ee11bd0f360ca1a905abe549bf68c2bd90bc2b98542c09586e35
466,807,HL Headset,True,,500,375,55,125,,,1,,H ,,2014-02-08 10:01:36.827,2008-04-30,2008-04-30,11.0,2.0,Components,2012-05-30,2013-05-29,,1,125.0,134,87,True,2006-06-23,9999-12-31 00:00:00,cb5d55fa8ad66587b1ea42c8351f604d3cbaf808ace2fbd173e7d66e0aa2f4fc
467,806,ML Headset,True,,500,375,45,102,,,1,,M ,,2014-02-08 10:01:36.827,2008-04-30,2008-04-30,11.0,2.0,Components,2012-05-30,2013-05-29,,2,125.0,134,87,True,2006-06-23,9999-12-31 00:00:00,c032c68fe73657fb3c6191c72141255067bdba6c2caed299edc2758a85ce4428
468,805,LL Headset,True,,500,375,15,34,,,1,,L ,,2014-02-08 10:01:36.827,2008-04-30,2008-04-30,11.0,2.0,Components,2012-05-30,2013-05-29,,3,125.0,134,87,True,2006-06-23,9999-12-31 00:00:00,0ec163aff868f523838c4945d0e96a32612dd92886b178ce4e57fd51a26663a1
469,852,"Women's Tights, S",True,Black,4,3,31,75,S,,0,S ,,W ,2014-02-08 10:01:36.827,2008-04-30,2008-04-30,24.0,3.0,Clothing,2012-05-30,2013-05-29,,1,142.0,35,75,True,2006-06-23,9999-12-31 00:00:00,9008cc6e6c59d5190877efb92ad8ea8c0cbbadc2964816c989650c2dcbde3ad8
470,853,"Women's Tights, M",True,Black,4,3,31,75,M,,0,S ,,W ,2014-02-08 10:01:36.827,2008-04-30,2008-04-30,24.0,3.0,Clothing,2012-05-30,2013-05-29,,1,142.0,35,75,True,2006-06-23,9999-12-31 00:00:00,447a4e9313cc382581bdb2dcb59d0cc52ed975b88ad15dc71e939e037029b05f
471,854,"Women's Tights, L",True,Black,4,3,31,75,L,,0,S ,,W ,2014-02-08 10:01:36.827,2008-04-30,2008-04-30,24.0,3.0,Clothing,2012-05-30,2013-05-29,,1,142.0,35,75,True,2006-06-23,9999-12-31 00:00:00,f2ba6b820fe2ac53876196ad07f6dd221655a6aaf3332e28b0af7ff762330ec2
472,828,HL Road Rear Wheel,True,Black,500,375,159,357,,890.0,1,R ,H ,,2014-02-08 10:01:36.827,2008-04-30,2008-04-30,17.0,2.0,Components,2012-05-30,2013-05-29,,1,125.0,134,221,True,2006-06-23,9999-12-31 00:00:00,e26284709a01640f2f2032cf4908d299fe26b5f2a236f176ff8c038b5f983956
473,820,HL Road Front Wheel,True,Black,500,375,147,330,,650.0,1,R ,H ,,2014-02-08 10:01:36.827,2008-04-30,2008-04-30,17.0,2.0,Components,2012-05-30,2013-05-29,,2,125.0,134,221,True,2006-06-23,9999-12-31 00:00:00,a0a1d05e40d6a92d6280e67635b5d564fda70693bc294c1107bd838b2660e02e
474,825,HL Mountain Rear Wheel,True,Black,500,375,145,327,,,1,M ,H ,,2014-02-08 10:01:36.827,2008-04-30,2008-04-30,17.0,2.0,Components,2012-05-30,2013-05-29,,3,125.0,134,221,True,2006-06-23,9999-12-31 00:00:00,79f10dacf2829d36f93ad94f640049db8934b9146bbd91f61075a208ec6347bf
475,817,HL Mountain Front Wheel,True,Black,500,375,133,300,,,1,M ,H ,,2014-02-08 10:01:36.827,2008-04-30,2008-04-30,17.0,2.0,Components,2012-05-30,2013-05-29,,4,125.0,134,221,True,2006-06-23,9999-12-31 00:00:00,a84cf26fca9e4ad7015aec670398103e643a5b7be8e2e18fb3b8a1253f113354
476,827,ML Road Rear Wheel,True,Black,500,375,122,275,,1000.0,1,R ,M ,,2014-02-08 10:01:36.827,2008-04-30,2008-04-30,17.0,2.0,Components,2012-05-30,2013-05-29,,5,125.0,134,221,True,2006-06-23,9999-12-31 00:00:00,96ff414b8f03494755ee24790aa770900970d86fa9ac1b506a58aa61abf176a4
477,819,ML Road Front Wheel,True,Black,500,375,110,248,,850.0,1,R ,M ,,2014-02-08 10:01:36.827,2008-04-30,2008-04-30,17.0,2.0,Components,2012-05-30,2013-05-29,,6,125.0,134,221,True,2006-06-23,9999-12-31 00:00:00,dc912878d84faa49e43d6ed259a770b3c541031e4466e3603a54988e5622e31b
478,829,Touring Rear Wheel,True,Black,500,375,109,245,,,1,T ,,,2014-02-08 10:01:36.827,2008-04-30,2008-04-30,17.0,2.0,Components,2012-05-30,2013-05-29,,7,125.0,134,221,True,2006-06-23,9999-12-31 00:00:00,c2a61f8986d8ba284e6304a242250ed4e8d8ace6cad7ba2f071fe9ff13c08d26
479,824,ML Mountain Rear Wheel,True,Black,500,375,105,236,,,1,M ,M ,,2014-02-08 10:01:36.827,2008-04-30,2008-04-30,17.0,2.0,Components,2012-05-30,2013-05-29,,8,125.0,134,221,True,2006-06-23,9999-12-31 00:00:00,2ee1b4c11dbc0dec2726f2db1294c7f007612efeb5aa3116766b210ff430f2d9
480,821,Touring Front Wheel,True,Black,500,375,97,218,,,1,T ,,,2014-02-08 10:01:36.827,2008-04-30,2008-04-30,17.0,2.0,Components,2012-05-30,2013-05-29,,9,125.0,134,221,True,2006-06-23,9999-12-31 00:00:00,e7c9b8c9a1dd5fc9d7853c5b3da42f506f1002a761e8aa97f57498567d927848
481,816,ML Mountain Front Wheel,True,Black,500,375,93,209,,,1,M ,M ,,2014-02-08 10:01:36.827,2008-04-30,2008-04-30,17.0,2.0,Components,2012-05-30,2013-05-29,,10,125.0,134,221,True,2006-06-23,9999-12-31 00:00:00,1148c3104cebc22c864b389ed8f34adb014d4b9607c02764a3a18dfa00fbffc1
482,826,LL Road Rear Wheel,True,Black,500,375,50,113,,1050.0,1,R ,L ,,2014-02-08 10:01:36.827,2008-04-30,2008-04-30,17.0,2.0,Components,2012-05-30,2013-05-29,,11,125.0,134,221,True,2006-06-23,9999-12-31 00:00:00,1a5c9c6432e031af7550897234af56a8bc89bc7c640de41fb327d5c4d2d7dc16
483,823,LL Mountain Rear Wheel,True,Black,500,375,39,88,,,1,M ,L ,,2014-02-08 10:01:36.827,2008-04-30,2008-04-30,17.0,2.0,Components,2012-05-30,2013-05-29,,12,125.0,134,221,True,2006-06-23,9999-12-31 00:00:00,72984556b53d1041f8270caadf4023fc5f2ba8da2656ec859e5612a71c4463b4
484,818,LL Road Front Wheel,True,Black,500,375,38,86,,900.0,1,R ,L ,,2014-02-08 10:01:36.827,2008-04-30,2008-04-30,17.0,2.0,Components,2012-05-30,2013-05-29,,13,125.0,134,221,True,2006-06-23,9999-12-31 00:00:00,ddffddfb44116e4655b95131e7dbb97cb43c7d5ef019a993e6de4443858d27a8
485,815,LL Mountain Front Wheel,True,Black,500,375,27,61,,,1,M ,L ,,2014-02-08 10:01:36.827,2008-04-30,2008-04-30,17.0,2.0,Components,2012-05-30,2013-05-29,,14,125.0,134,221,True,2006-06-23,9999-12-31 00:00:00,e706913f874cce1425036713de5450b56da7f9793cc956345b1aced8cf88d589
486,709,"Mountain Bike Socks, M",True,White,4,3,3,10,M,,0,M ,,U ,2014-02-08 10:01:36.827,2008-04-30,2008-04-30,23.0,3.0,Clothing,2011-05-31,2012-05-29,,1,179.0,35,9,True,2006-06-23,9999-12-31 00:00:00,04155ce4b00e1f8eeb1eeac684da285cca3a458d5e69845cb2a4c100b7ca2496
487,710,"Mountain Bike Socks, L",True,White,4,3,3,10,L,,0,M ,,U ,2014-02-08 10:01:36.827,2008-04-30,2008-04-30,23.0,3.0,Clothing,2011-05-31,2012-05-29,,1,179.0,35,9,True,2006-06-23,9999-12-31 00:00:00,968c75912ebfee587aadc2000daa847f1339df8396e281597ea26413c64ae749
488,874,"Racing Socks, M",True,White,4,3,3,9,M,,0,R ,,U ,2014-02-08 10:01:36.827,2008-04-30,2008-04-30,23.0,3.0,Clothing,2013-05-30,,,2,168.0,35,9,True,2006-06-23,9999-12-31 00:00:00,2f9d07d56fcaab0238f007fc2107db6b5ec6844ac24329723f400022a2f94809
489,875,"Racing Socks, L",True,White,4,3,3,9,L,,0,R ,,U ,2014-02-08 10:01:36.827,2008-04-30,2008-04-30,23.0,3.0,Clothing,2013-05-30,,,2,168.0,35,9,True,2006-06-23,9999-12-31 00:00:00,91f053b9eb686fb78de853b61995670268c1c644a5b7163d48f2a3799ab59e0a
490,855,"Men's Bib-Shorts, S",True,Multi,4,3,37,90,S,,0,S ,,M ,2014-02-08 10:01:36.827,2008-04-30,2008-04-30,18.0,3.0,Clothing,2012-05-30,2013-05-29,,1,142.0,35,90,True,2006-06-23,9999-12-31 00:00:00,64c08dd1bf7da50133c0577d657a8ac561e0aa3b2b3e2d15c8af8999b6cf8a62
491,856,"Men's Bib-Shorts, M",True,Multi,4,3,37,90,M,,0,S ,,M ,2014-02-08 10:01:36.827,2008-04-30,2008-04-30,18.0,3.0,Clothing,2012-05-30,2013-05-29,,1,142.0,35,90,True,2006-06-23,9999-12-31 00:00:00,1abc849002daf5e36a06e3fa2e36aee6cd02bcac41d3e53607e4a07992a15d60
492,857,"Men's Bib-Shorts, L",True,Multi,4,3,37,90,L,,0,S ,,M ,2014-02-08 10:01:36.827,2008-04-30,2008-04-30,18.0,3.0,Clothing,2012-05-30,2013-05-29,,1,142.0,35,90,True,2006-06-23,9999-12-31 00:00:00,de242aea7584dc28750f35ba1f612a104ba8806d5860dc49617cd7f728914229
493,952,Chain,True,Silver,500,375,9,20,,,1,,,,2014-02-08 10:01:36.827,2008-04-30,2008-04-30,7.0,2.0,Components,2013-05-30,,,1,125.0,134,20,True,2006-06-23,9999-12-31 00:00:00,298f98d9fab59c9691a6708e545f519f757ca4f6e8618dbd252656264b4fc64f
494,930,HL Mountain Tire,True,,500,375,13,35,,,0,M ,H ,,2014-02-08 10:01:36.827,2008-04-30,2008-04-30,37.0,4.0,Accessories,2013-05-30,,,1,167.0,29,19,True,2006-06-23,9999-12-31 00:00:00,83979ef90f71b97475aef006062c0723b5c71f7a392272f0a0bfa2f17568a924
495,933,HL Road Tire,True,,500,375,12,33,,,0,R ,H ,,2014-02-08 10:01:36.827,2008-04-30,2008-04-30,37.0,4.0,Accessories,2013-05-30,,,2,167.0,29,19,True,2006-06-23,9999-12-31 00:00:00,663a9845c5189bb43bdff39c237dd4a64f00cb88dbfa30b4cf380a0b93c7c11b
496,929,ML Mountain Tire,True,,500,375,11,30,,,0,M ,M ,,2014-02-08 10:01:36.827,2008-04-30,2008-04-30,37.0,4.0,Accessories,2013-05-30,,,3,167.0,29,19,True,2006-06-23,9999-12-31 00:00:00,58fbd46220327eb165146fd654985dfd96c63291db7498d810f08feee2ee63a1
497,934,Touring Tire,True,,500,375,11,29,,,0,T ,,,2014-02-08 10:01:36.827,2008-04-30,2008-04-30,37.0,4.0,Accessories,2013-05-30,,,4,167.0,29,19,True,2006-06-23,9999-12-31 00:00:00,44fae19a0d627e18b177259fe44d12a03256393e872ef4f84e6a986a11d6c784
498,928,LL Mountain Tire,True,,500,375,9,25,,,0,M ,L ,,2014-02-08 10:01:36.827,2008-04-30,2008-04-30,37.0,4.0,Accessories,2013-05-30,,,5,167.0,29,19,True,2006-06-23,9999-12-31 00:00:00,221b7fe1bdb20910ee6f9baaf27e181d30670606b4b063c30f00b02494990006
499,932,ML Road Tire,True,,500,375,9,25,,,0,R ,M ,,2014-02-08 10:01:36.827,2008-04-30,2008-04-30,37.0,4.0,Accessories,2013-05-30,,,5,167.0,29,19,True,2006-06-23,9999-12-31 00:00:00,05f1b7ab042a1e46deea1f6e62672421e2bba09d908da73b6ebd505853c62f28
500,931,LL Road Tire,True,,500,375,8,21,,,0,R ,L ,,2014-02-08 10:01:36.827,2008-04-30,2008-04-30,37.0,4.0,Accessories,2013-05-30,,,6,167.0,29,19,True,2006-06-23,9999-12-31 00:00:00,eb08093f26ef3c560be8910321c9202e68a04f62631d1b92fa9e72b650ec55f6
501,921,Mountain Tire Tube,True,,500,375,2,5,,,0,M ,,,2014-02-08 10:01:36.827,2008-04-30,2008-04-30,37.0,4.0,Accessories,2013-05-30,,,7,167.0,29,19,True,2006-06-23,9999-12-31 00:00:00,21cd7f083a5d58766760cd1869ad80439261be06a7cbc1b18bf41cbdc3660404
502,923,Touring Tire Tube,True,,500,375,2,5,,,0,T ,,,2014-02-08 10:01:36.827,2008-04-30,2008-04-30,37.0,4.0,Accessories,2013-05-30,,,7,167.0,29,19,True,2006-06-23,9999-12-31 00:00:00,56cade5673ff99bb9e1121da571c1ca467f6ddd26d13726739a3ddc7adbd574b
503,922,Road Tire Tube,True,,500,375,1,4,,,0,R ,,,2014-02-08 10:01:36.827,2008-04-30,2008-04-30,37.0,4.0,Accessories,2013-05-30,,,8,168.0,29,19,True,2006-06-23,9999-12-31 00:00:00,ea5c11ca74f34cfe80195ebd4d21b98e3d66cce60a14210307147485a31729d3
504,873,Patch Kit/8 Patches,True,,4,3,1,2,,,0,S ,,,2014-02-08 10:01:36.827,2008-04-30,2008-04-30,37.0,4.0,Accessories,2013-05-30,,,9,166.0,29,19,True,2006-06-23,9999-12-31 00:00:00,0510626d9c0975c20c3b65dbc916b83e59757e06ee5de7bcbbd37b9d2462c943
505,843,Cable Lock,True,,4,3,10,25,,,0,S ,,,2014-02-08 10:01:36.827,2008-04-30,2008-04-30,34.0,4.0,Accessories,2012-05-30,2013-05-29,,1,142.0,29,25,True,2006-06-23,9999-12-31 00:00:00,9e4890e7ca52d02b64650648b27c8d6ba11235c5a8c2dd386b90ff5e0c0fa354
506,954,"Touring-1000 Yellow, 46",True,Yellow,100,75,1482,2384,46,25.0,4,T ,H ,U ,2014-02-08 10:01:36.827,2008-04-30,2008-04-30,3.0,1.0,Bikes,2013-05-30,,,1,61.0,97,1425,True,2006-06-23,9999-12-31 00:00:00,d196acd4cfac4a6c978e4a99c058e717fdd3799b0b6d9c594d3dfba47b5772cb
507,955,"Touring-1000 Yellow, 50",True,Yellow,100,75,1482,2384,50,25.0,4,T ,H ,U ,2014-02-08 10:01:36.827,2008-04-30,2008-04-30,3.0,1.0,Bikes,2013-05-30,,,1,61.0,97,1425,True,2006-06-23,9999-12-31 00:00:00,95c5ef18151b20082312a67361c99c6283ac3fc84937759447c33a4a31494867
508,956,"Touring-1000 Yellow, 54",True,Yellow,100,75,1482,2384,54,26.0,4,T ,H ,U ,2014-02-08 10:01:36.827,2008-04-30,2008-04-30,3.0,1.0,Bikes,2013-05-30,,,1,61.0,97,1425,True,2006-06-23,9999-12-31 00:00:00,5ca9c93832b136c424b4dae8fae6cb72d007f457d1797fefc317e42507890fed
509,957,"Touring-1000 Yellow, 60",True,Yellow,100,75,1482,2384,60,26.0,4,T ,H ,U ,2014-02-08 10:01:36.827,2008-04-30,2008-04-30,3.0,1.0,Bikes,2013-05-30,,,1,61.0,97,1425,True,2006-06-23,9999-12-31 00:00:00,a9ff7e240fbaee6d6531c9507f58ce78632837f83719e39aa76e979b8719d3b7
510,969,"Touring-1000 Blue, 60",True,Blue,100,75,1482,2384,60,26.0,4,T ,H ,U ,2014-02-08 10:01:36.827,2008-04-30,2008-04-30,3.0,1.0,Bikes,2013-05-30,,,1,61.0,97,1425,True,2006-06-23,9999-12-31 00:00:00,952976e665b89c0f8fe59f9d4cb207883c843a55ee9ef1ce17dad7e3ab38681c
511,968,"Touring-1000 Blue, 54",True,Blue,100,75,1482,2384,54,26.0,4,T ,H ,U ,2014-02-08 10:01:36.827,2008-04-30,2008-04-30,3.0,1.0,Bikes,2013-05-30,,,1,61.0,97,1425,True,2006-06-23,9999-12-31 00:00:00,c6a38aac2e5e9ec184512592b8112ef16623b474f3b1ceacd28d856ff5c79459
512,967,"Touring-1000 Blue, 50",True,Blue,100,75,1482,2384,50,25.0,4,T ,H ,U ,2014-02-08 10:01:36.827,2008-04-30,2008-04-30,3.0,1.0,Bikes,2013-05-30,,,1,61.0,97,1425,True,2006-06-23,9999-12-31 00:00:00,14b178258d30179d44215215030ed5e19ac0c5e58028e7ba79764723b9ff2fa3
513,966,"Touring-1000 Blue, 46",True,Blue,100,75,1482,2384,46,25.0,4,T ,H ,U ,2014-02-08 10:01:36.827,2008-04-30,2008-04-30,3.0,1.0,Bikes,2013-05-30,,,1,61.0,97,1425,True,2006-06-23,9999-12-31 00:00:00,968b77c00ccc2be38b888063184ef8ce8e75935db69311b2ef90cee82eb37895
514,953,"Touring-2000 Blue, 60",True,Blue,100,75,755,1215,60,28.0,4,T ,M ,U ,2014-02-08 10:01:36.827,2008-04-30,2008-04-30,3.0,1.0,Bikes,2013-05-30,,,2,61.0,97,1425,True,2006-06-23,9999-12-31 00:00:00,a6901cdd1d0b79591dbaf728ea6110e040e6543a063aa7579b80070c5f04e16f
515,972,"Touring-2000 Blue, 54",True,Blue,100,75,755,1215,54,28.0,4,T ,M ,U ,2014-02-08 10:01:36.827,2008-04-30,2008-04-30,3.0,1.0,Bikes,2013-05-30,,,2,61.0,97,1425,True,2006-06-23,9999-12-31 00:00:00,f5de37f816afb959cf379983bc1912d339b15c2a7b578d77f99ec6c64c2004f4
516,971,"Touring-2000 Blue, 50",True,Blue,100,75,755,1215,50,27.0,4,T ,M ,U ,2014-02-08 10:01:36.827,2008-04-30,2008-04-30,3.0,1.0,Bikes,2013-05-30,,,2,61.0,97,1425,True,2006-06-23,9999-12-31 00:00:00,08f4260d28e0ae22436061b9cce79469207b662fc1aab88d03d2005bd8ee9c53
517,970,"Touring-2000 Blue, 46",True,Blue,100,75,755,1215,46,27.0,4,T ,M ,U ,2014-02-08 10:01:36.827,2008-04-30,2008-04-30,3.0,1.0,Bikes,2013-05-30,,,2,61.0,97,1425,True,2006-06-23,9999-12-31 00:00:00,272585a6a83a06308063183e14e659164dce3fc55ea4dabdc2a858f5d146a070
518,979,"Touring-3000 Blue, 50",True,Blue,100,75,461,742,50,29.0,4,T ,L ,U ,2014-02-08 10:01:36.827,2008-04-30,2008-04-30,3.0,1.0,Bikes,2013-05-30,,,3,61.0,97,1425,True,2006-06-23,9999-12-31 00:00:00,19610d8efacb541f13f9217329fd4239f0ef3632076d51d1e7ef0a5e6fb4d30d
519,978,"Touring-3000 Blue, 44",True,Blue,100,75,461,742,44,29.0,4,T ,L ,U ,2014-02-08 10:01:36.827,2008-04-30,2008-04-30,3.0,1.0,Bikes,2013-05-30,,,3,61.0,97,1425,True,2006-06-23,9999-12-31 00:00:00,6def15426477c5b02882dc9bcf072f044dc77db8044855c7a61f7358675a42c4
520,965,"Touring-3000 Yellow, 62",True,Yellow,100,75,461,742,62,30.0,4,T ,L ,U ,2014-02-08 10:01:36.827,2008-04-30,2008-04-30,3.0,1.0,Bikes,2013-05-30,,,3,61.0,97,1425,True,2006-06-23,9999-12-31 00:00:00,f37a0d9f20698ce496dcb90d38dd93e01ef6f3faa87fdb080dfc72a1a96c666e
521,964,"Touring-3000 Yellow, 58",True,Yellow,100,75,461,742,58,30.0,4,T ,L ,U ,2014-02-08 10:01:36.827,2008-04-30,2008-04-30,3.0,1.0,Bikes,2013-05-30,,,3,61.0,97,1425,True,2006-06-23,9999-12-31 00:00:00,ba2eb17c7ce64ab2766d86efee2e4c5b5b77d8fe5e35568d17fdae29883f4580
522,963,"Touring-3000 Yellow, 54",True,Yellow,100,75,461,742,54,29.0,4,T ,L ,U ,2014-02-08 10:01:36.827,2008-04-30,2008-04-30,3.0,1.0,Bikes,2013-05-30,,,3,61.0,97,1425,True,2006-06-23,9999-12-31 00:00:00,fc7d45b7c8f5e3bdd492d51aee562ec8be2690cf0adff3ca540a3e5b131ea972
523,962,"Touring-3000 Yellow, 50",True,Yellow,100,75,461,742,50,29.0,4,T ,L ,U ,2014-02-08 10:01:36.827,2008-04-30,2008-04-30,3.0,1.0,Bikes,2013-05-30,,,3,61.0,97,1425,True,2006-06-23,9999-12-31 00:00:00,0b6a647f1b3a5f296e82952accd6707fe790325b7958089265bd18c589527028
524,961,"Touring-3000 Yellow, 44",True,Yellow,100,75,461,742,44,29.0,4,T ,L ,U ,2014-02-08 10:01:36.827,2008-04-30,2008-04-30,3.0,1.0,Bikes,2013-05-30,,,3,61.0,97,1425,True,2006-06-23,9999-12-31 00:00:00,cd18ff12983cd9488dd4ceaa15d4fcf7e264d15e2f4acf4fd55ab11c7e2b9231
525,960,"Touring-3000 Blue, 62",True,Blue,100,75,461,742,62,30.0,4,T ,L ,U ,2014-02-08 10:01:36.827,2008-04-30,2008-04-30,3.0,1.0,Bikes,2013-05-30,,,3,61.0,97,1425,True,2006-06-23,9999-12-31 00:00:00,5c6cfd2f3086200f48205eb742e0b7d6ec401120bf76549a352c31bf6bd1f55d
526,959,"Touring-3000 Blue, 58",True,Blue,100,75,461,742,58,30.0,4,T ,L ,U ,2014-02-08 10:01:36.827,2008-04-30,2008-04-30,3.0,1.0,Bikes,2013-05-30,,,3,61.0,97,1425,True,2006-06-23,9999-12-31 00:00:00,29f26af8c3c64dd19abe7468c0ca239f0bbdb75b953283b96f54739340ecea54
527,958,"Touring-3000 Blue, 54",True,Blue,100,75,461,742,54,30.0,4,T ,L ,U ,2014-02-08 10:01:36.827,2008-04-30,2008-04-30,3.0,1.0,Bikes,2013-05-30,,,3,61.0,97,1425,True,2006-06-23,9999-12-31 00:00:00,0b13c74a8c72371c790d25c45890ccc2d0ba7c00d840fa5ad7b4af12c08922a1
528,845,Mountain Pump,True,,4,3,10,25,,,0,M ,,,2014-02-08 10:01:36.827,2008-04-30,2008-04-30,36.0,4.0,Accessories,2012-05-30,2013-05-29,,1,142.0,29,22,True,2006-06-23,9999-12-31 00:00:00,a56a667039c6da3c86d590e6d0f6cbecb4e038e4ecd94d118d5f65221e0e66af
529,844,Minipump,True,,4,3,8,20,,,0,S ,,,2014-02-08 10:01:36.827,2008-04-30,2008-04-30,36.0,4.0,Accessories,2012-05-30,2013-05-29,,2,142.0,29,22,True,2006-06-23,9999-12-31 00:00:00,40cc34125a1fc4f825ca8650be08020c230a48d38f3936f8f43381f34029489f
530,887,"HL Touring Frame - Yellow, 46",True,Yellow,500,375,602,1004,46,3.0,1,T ,H ,U ,2014-02-08 10:01:36.827,2008-04-30,2008-04-30,16.0,2.0,Components,2013-05-30,,,1,67.0,134,631,True,2006-06-23,9999-12-31 00:00:00,aba89f81bdc971b84d8d067dd040175cd2330c3272f2b24606884ed73ee417cf
531,888,"HL Touring Frame - Yellow, 50",True,Yellow,500,375,602,1004,50,3.0,1,T ,H ,U ,2014-02-08 10:01:36.827,2008-04-30,2008-04-30,16.0,2.0,Components,2013-05-30,,,1,67.0,134,631,True,2006-06-23,9999-12-31 00:00:00,2c00a39dc599e9726bacadaee7bf49f5b7d108d3ef86c51bcbcad337b51f8050
532,889,"HL Touring Frame - Yellow, 54",True,Yellow,500,375,602,1004,54,3.0,1,T ,H ,U ,2014-02-08 10:01:36.827,2008-04-30,2008-04-30,16.0,2.0,Components,2013-05-30,,,1,67.0,134,631,True,2006-06-23,9999-12-31 00:00:00,4a02b20ad50980c989b3aca0750342641095c2e97a8414aa0452f6fa92c47851
533,890,"HL Touring Frame - Blue, 46",True,Blue,500,375,602,1004,46,3.0,1,T ,H ,U ,2014-02-08 10:01:36.827,2008-04-30,2008-04-30,16.0,2.0,Components,2013-05-30,,,1,67.0,134,631,True,2006-06-23,9999-12-31 00:00:00,1e95b08b05fc20c360e4cf60a17a2a0812ca4bd16cd71cd0c47c8f6348688016
534,891,"HL Touring Frame - Blue, 50",True,Blue,500,375,602,1004,50,3.0,1,T ,H ,U ,2014-02-08 10:01:36.827,2008-04-30,2008-04-30,16.0,2.0,Components,2013-05-30,,,1,67.0,134,631,True,2006-06-23,9999-12-31 00:00:00,0774d902b6f3fb5ac36b61f14902a8ab5cad292f4d5bfa2b98cf68c11a2eb19d
535,892,"HL Touring Frame - Blue, 54",True,Blue,500,375,602,1004,54,3.0,1,T ,H ,U ,2014-02-08 10:01:36.827,2008-04-30,2008-04-30,16.0,2.0,Components,2013-05-30,,,1,67.0,134,631,True,2006-06-23,9999-12-31 00:00:00,70862600c33a27274ec65fe3f06339e9391c59d25693482c89481a81cf59ec60
536,893,"HL Touring Frame - Blue, 60",True,Blue,500,375,602,1004,60,3.0,1,T ,H ,U ,2014-02-08 10:01:36.827,2008-04-30,2008-04-30,16.0,2.0,Components,2013-05-30,,,1,67.0,134,631,True,2006-06-23,9999-12-31 00:00:00,d489033bfd8769c6c305a88ac8cf4292a86e78533f0bef0837cccf49cb5f01a8
537,885,"HL Touring Frame - Yellow, 60",True,Yellow,500,375,602,1004,60,3.0,1,T ,H ,U ,2014-02-08 10:01:36.827,2008-04-30,2008-04-30,16.0,2.0,Components,2013-05-30,,,1,67.0,134,631,True,2006-06-23,9999-12-31 00:00:00,459de516dc313954a36f55655da1849afa2dff89afe3b8905606d68d08daf12a
538,895,"LL Touring Frame - Blue, 50",True,Blue,500,375,200,333,50,3.0,1,T ,L ,U ,2014-02-08 10:01:36.827,2008-04-30,2008-04-30,16.0,2.0,Components,2013-05-30,,,2,67.0,134,631,True,2006-06-23,9999-12-31 00:00:00,7779e770e195840c7b59a5cee949a7d7b6a9d6300e21e607f0ce7a52f65ecea2
539,903,"LL Touring Frame - Blue, 44",True,Blue,500,375,200,333,44,3.0,1,T ,L ,U ,2014-02-08 10:01:36.827,2008-04-30,2008-04-30,16.0,2.0,Components,2013-05-30,,,2,67.0,134,631,True,2006-06-23,9999-12-31 00:00:00,a74ea10177b3f8360e9176da5364c716ae666cff0b6e663279bc5972eaa8c3f1
540,902,"LL Touring Frame - Yellow, 58",True,Yellow,500,375,200,333,58,3.0,1,T ,L ,U ,2014-02-08 10:01:36.827,2008-04-30,2008-04-30,16.0,2.0,Components,2013-05-30,,,2,67.0,134,631,True,2006-06-23,9999-12-31 00:00:00,62a8ca0e31ac268cf5610be22d28f5e936de1096caeffcd216790bd022f18c84
541,901,"LL Touring Frame - Yellow, 54",True,Yellow,500,375,200,333,54,3.0,1,T ,L ,U ,2014-02-08 10:01:36.827,2008-04-30,2008-04-30,16.0,2.0,Components,2013-05-30,,,2,67.0,134,631,True,2006-06-23,9999-12-31 00:00:00,5274fbd92b76dfbeb44b28529aaef920572f52fc8d1b10b389ce01abf98edf17
542,900,"LL Touring Frame - Yellow, 50",True,Yellow,500,375,200,333,50,3.0,1,T ,L ,U ,2014-02-08 10:01:36.827,2008-04-30,2008-04-30,16.0,2.0,Components,2013-05-30,,,2,67.0,134,631,True,2006-06-23,9999-12-31 00:00:00,21cbd06204de8b2d3e5f56d0b3ef4c2e3a15b353255456df72a0c9f17034ea74
543,899,"LL Touring Frame - Yellow, 44",True,Yellow,500,375,200,333,44,3.0,1,T ,L ,U ,2014-02-08 10:01:36.827,2008-04-30,2008-04-30,16.0,2.0,Components,2013-05-30,,,2,67.0,134,631,True,2006-06-23,9999-12-31 00:00:00,8928e90133f1d92febc32e26a088ae7f867ffe4b99d43d212ed8079c8d3c0bf4
544,898,"LL Touring Frame - Blue, 62",True,Blue,500,375,200,333,62,3.0,1,T ,L ,U ,2014-02-08 10:01:36.827,2008-04-30,2008-04-30,16.0,2.0,Components,2013-05-30,,,2,67.0,134,631,True,2006-06-23,9999-12-31 00:00:00,0d74e35360913e8ab9f4212a7aa2f62433c55435d8be04f925b58dbc5d4ec7af
545,897,"LL Touring Frame - Blue, 58",True,Blue,500,375,200,333,58,3.0,1,T ,L ,U ,2014-02-08 10:01:36.827,2008-04-30,2008-04-30,16.0,2.0,Components,2013-05-30,,,2,67.0,134,631,True,2006-06-23,9999-12-31 00:00:00,92a7b5a52a3f60235e7f9953efa4cb3f54835601fe8c5ccbf866858bc11ce13e
546,896,"LL Touring Frame - Blue, 54",True,Blue,500,375,200,333,54,3.0,1,T ,L ,U ,2014-02-08 10:01:36.827,2008-04-30,2008-04-30,16.0,2.0,Components,2013-05-30,,,2,67.0,134,631,True,2006-06-23,9999-12-31 00:00:00,203dea157454d5b2774f684370b28321463d00035eed81af03a9b7b5259ff3a7
547,886,"LL Touring Frame - Yellow, 62",True,Yellow,500,375,200,333,62,3.0,1,T ,L ,U ,2014-02-08 10:01:36.827,2008-04-30,2008-04-30,16.0,2.0,Components,2013-05-30,,,2,67.0,134,631,True,2006-06-23,9999-12-31 00:00:00,f0d812eae00d86a53f3053b2495a35a56fc9cc8558ae63b62b37acff5edfe389
548,877,Bike Wash - Dissolver,True,,4,3,3,8,,,0,S ,,,2014-02-08 10:01:36.827,2008-04-30,2008-04-30,29.0,4.0,Accessories,2013-05-30,,,1,168.0,29,8,True,2006-06-23,9999-12-31 00:00:00,342046c9d73062f95784462da1af81e3af02eca8d0d27f9131e4d9e2e3eb0c58
