PURCHASEORDERDETAILKEY,PURCHASEORDERID,PURCHASEORDERDETAILID,PURCHASEORDERHEADERKEY,PRODUCTKEY,DUEDATE,ORDERQTY,UNITPRICE,LINETOTAL,RECEIVEDQTY,REJECTEDQTY,STOCKEDQTY,ORDERDETAILMODIFIEDDATE,ISCURRENT
1,1,1,1,248,2011-04-30,4,50.26,201.04,3.0,0.0,3.0,2011-04-23,True
2,2,2,2,168,2011-04-30,3,45.12,135.36,3.0,0.0,3.0,2011-04-23,True
3,2,3,2,169,2011-04-30,3,45.58,136.74,3.0,0.0,3.0,2011-04-23,True
4,3,4,3,126,2011-04-30,550,16.09,8847.3,550.0,0.0,550.0,2011-04-23,True
5,4,5,4,186,2011-04-30,3,57.03,171.08,2.0,1.0,1.0,2011-04-23,True
6,5,6,5,117,2011-05-14,550,37.09,20397.3,550.0,0.0,550.0,2011-05-07,True
7,6,7,6,118,2011-05-14,550,26.6,14628.08,468.0,0.0,468.0,2011-05-07,True
8,7,8,7,188,2011-05-14,550,27.06,14882.18,550.0,0.0,550.0,2011-05-07,True
9,7,9,7,189,2011-05-14,550,33.58,18468.45,550.0,0.0,550.0,2011-05-07,True
10,7,10,7,190,2011-05-14,550,46.06,25334.93,550.0,0.0,550.0,2011-05-07,True
11,8,11,8,212,2011-05-14,3,47.47,142.41,3.0,0.0,3.0,2011-05-07,True
12,8,12,8,213,2011-05-14,3,45.37,136.11,3.0,0.0,3.0,2011-05-07,True
13,8,13,8,214,2011-05-14,3,49.64,148.93,3.0,0.0,3.0,2011-05-07,True
14,8,14,8,215,2011-05-14,3,45.37,136.11,3.0,0.0,3.0,2011-05-07,True
15,8,15,8,216,2011-05-14,3,43.27,129.81,3.0,0.0,3.0,2011-05-07,True
16,9,16,9,231,2011-12-28,3,47.52,142.57,3.0,0.0,3.0,2011-12-21,True
17,9,17,9,232,2011-12-28,3,45.42,136.27,3.0,0.0,3.0,2011-12-21,True
18,9,18,9,233,2011-12-28,3,49.7,149.09,3.0,0.0,3.0,2011-12-21,True
19,9,19,9,234,2011-12-28,3,45.42,136.27,3.0,0.0,3.0,2011-12-21,True
20,9,20,9,138,2011-12-28,3,43.32,129.97,3.0,0.0,3.0,2011-12-21,True
21,10,21,10,191,2011-12-28,3,47.47,142.41,3.0,0.0,3.0,2011-12-21,True
22,10,22,10,192,2011-12-28,3,42.8,128.39,3.0,0.0,3.0,2011-12-21,True
23,10,23,10,193,2011-12-28,60,25.42,1525.23,60.0,0.0,60.0,2011-12-21,True
24,11,24,11,85,2011-12-28,3,41.22,123.67,3.0,0.0,3.0,2011-12-21,True
25,11,25,11,98,2011-12-28,3,45.5,136.49,3.0,0.0,3.0,2011-12-21,True
26,11,26,11,99,2011-12-28,3,41.22,123.67,3.0,0.0,3.0,2011-12-21,True
27,11,27,11,100,2011-12-28,3,39.12,117.37,3.0,0.0,3.0,2011-12-21,True
28,12,28,12,6,2011-12-28,550,62.99,34644.23,550.0,82.0,468.0,2011-12-21,True
29,13,29,13,191,2011-12-28,3,45.37,136.11,3.0,0.0,3.0,2011-12-21,True
30,13,30,13,192,2011-12-28,3,40.49,121.46,3.0,0.0,3.0,2011-12-21,True
31,13,31,13,193,2011-12-28,60,26.37,1581.93,60.0,0.0,60.0,2011-12-21,True
32,14,32,14,121,2011-12-28,3,48.76,146.29,3.0,3.0,0.0,2011-12-21,True
33,15,33,15,156,2011-12-28,3,34.19,102.56,3.0,0.0,3.0,2011-12-21,True
34,16,34,16,194,2011-12-28,3,50.26,150.79,3.0,0.0,3.0,2011-12-21,True
35,17,35,17,119,2011-12-29,550,10.73,5902.05,550.0,0.0,550.0,2011-12-22,True
36,17,36,17,120,2011-12-29,550,14.12,7767.38,550.0,0.0,550.0,2011-12-22,True
37,18,37,18,151,2011-12-29,60,50.26,3015.81,60.0,0.0,60.0,2011-12-22,True
38,18,38,18,152,2011-12-29,60,57.15,3429.09,60.0,0.0,60.0,2011-12-22,True
39,18,39,18,153,2011-12-29,60,53.2,3192.21,60.0,0.0,60.0,2011-12-22,True
40,18,40,18,154,2011-12-29,60,63.69,3821.58,60.0,0.0,60.0,2011-12-22,True
41,18,41,18,155,2011-12-29,60,48.91,2934.54,60.0,0.0,60.0,2011-12-22,True
42,19,42,19,440,2011-12-29,550,21.09,11601.98,550.0,0.0,550.0,2011-12-22,True
43,19,43,19,437,2011-12-29,550,30.44,16741.73,550.0,0.0,550.0,2011-12-22,True
44,19,44,19,434,2011-12-29,550,40.94,22516.73,550.0,0.0,550.0,2011-12-22,True
45,19,45,19,441,2011-12-29,550,21.09,11601.98,550.0,0.0,550.0,2011-12-22,True
46,19,46,19,438,2011-12-29,550,30.44,16741.73,550.0,0.0,550.0,2011-12-22,True
47,20,47,20,111,2011-12-29,60,9.2,551.88,60.0,0.0,60.0,2011-12-22,True
48,21,48,21,162,2011-12-29,550,5.78,3176.25,550.0,0.0,550.0,2011-12-22,True
49,21,49,21,163,2011-12-29,550,1.16,635.25,550.0,0.0,550.0,2011-12-22,True
50,21,50,21,132,2011-12-29,550,5.78,3176.25,550.0,27.0,523.0,2011-12-22,True
51,22,51,22,112,2011-12-29,550,23.39,12866.7,550.0,82.0,468.0,2011-12-22,True
52,22,52,22,113,2011-12-29,550,27.65,15205.58,550.0,0.0,550.0,2011-12-22,True
53,23,53,23,164,2011-12-29,550,1.37,750.75,550.0,0.0,550.0,2011-12-22,True
54,23,54,23,5,2011-12-29,550,62.99,34644.23,550.0,0.0,550.0,2011-12-22,True
55,23,55,23,131,2011-12-29,550,3.49,1917.3,550.0,0.0,550.0,2011-12-22,True
56,24,56,24,162,2011-12-29,550,6.2,3407.25,550.0,550.0,0.0,2011-12-22,True
57,24,57,24,163,2011-12-29,550,1.47,808.5,550.0,550.0,0.0,2011-12-22,True
58,25,58,25,112,2011-12-29,550,22.17,12191.03,550.0,0.0,550.0,2011-12-22,True
59,25,59,25,113,2011-12-29,550,29.28,16106.48,523.0,0.0,523.0,2011-12-22,True
60,26,60,26,150,2011-12-29,3,19.98,59.94,3.0,0.0,3.0,2011-12-22,True
61,27,61,27,204,2011-12-29,3,41.17,123.51,3.0,0.0,3.0,2011-12-22,True
62,27,62,27,205,2011-12-29,3,39.07,117.21,3.0,0.0,3.0,2011-12-22,True
63,27,63,27,206,2011-12-29,3,43.34,130.03,3.0,0.0,3.0,2011-12-22,True
64,27,64,27,207,2011-12-29,3,39.07,117.21,3.0,0.0,3.0,2011-12-22,True
65,27,65,27,208,2011-12-29,3,36.97,110.91,3.0,0.0,3.0,2011-12-22,True
66,27,66,27,170,2011-12-29,3,41.24,123.73,3.0,0.0,3.0,2011-12-22,True
67,28,67,28,9,2011-12-29,550,31.49,17319.23,550.0,0.0,550.0,2011-12-22,True
68,28,68,28,7,2011-12-29,550,48.29,26559.23,550.0,0.0,550.0,2011-12-22,True
69,29,69,29,236,2012-01-22,3,43.34,130.03,3.0,0.0,3.0,2012-01-15,True
70,29,70,29,237,2012-01-22,3,39.07,117.21,3.0,0.0,3.0,2012-01-15,True
71,29,71,29,238,2012-01-22,3,36.97,110.91,3.0,0.0,3.0,2012-01-15,True
72,29,72,29,239,2012-01-22,3,41.24,123.73,3.0,0.0,3.0,2012-01-15,True
73,29,73,29,240,2012-01-22,3,36.97,110.91,3.0,0.0,3.0,2012-01-15,True
74,30,74,30,135,2012-01-22,550,15.89,8737.58,550.0,0.0,550.0,2012-01-15,True
75,30,75,30,136,2012-01-22,550,11.67,6416.03,550.0,55.0,495.0,2012-01-15,True
76,30,76,30,137,2012-01-22,550,11.09,6098.4,550.0,0.0,550.0,2012-01-15,True
77,31,77,31,211,2012-01-22,3,47.47,142.41,3.0,0.0,3.0,2012-01-15,True
78,32,78,32,115,2012-01-22,550,23.08,12693.45,550.0,82.0,468.0,2012-01-15,True
79,32,79,32,116,2012-01-22,550,29.27,16100.7,550.0,0.0,550.0,2012-01-15,True
80,33,80,33,212,2012-01-30,3,45.37,136.11,3.0,0.0,3.0,2012-01-23,True
81,33,81,33,213,2012-01-30,3,49.64,148.93,3.0,0.0,3.0,2012-01-23,True
82,33,82,33,214,2012-01-30,3,45.37,136.11,3.0,0.0,3.0,2012-01-23,True
83,34,83,34,109,2012-01-30,550,2.32,1276.28,550.0,550.0,0.0,2012-01-23,True
84,35,84,35,122,2012-01-30,550,3.64,2003.93,550.0,0.0,550.0,2012-01-23,True
85,36,85,36,440,2012-01-30,550,21.09,11601.98,468.0,0.0,468.0,2012-01-23,True
86,36,86,36,437,2012-01-30,550,30.44,16741.73,550.0,0.0,550.0,2012-01-23,True
87,36,87,36,435,2012-01-30,550,40.94,22516.73,550.0,0.0,550.0,2012-01-23,True
88,37,88,37,165,2012-01-30,60,3.6,216.09,60.0,0.0,60.0,2012-01-23,True
89,37,89,37,166,2012-01-30,60,3.98,238.77,60.0,0.0,60.0,2012-01-23,True
90,38,90,38,9,2012-01-30,550,31.49,17319.23,550.0,0.0,550.0,2012-01-23,True
91,38,91,38,7,2012-01-30,550,48.29,26559.23,550.0,0.0,550.0,2012-01-23,True
92,39,92,39,120,2012-01-30,550,12.97,7132.13,550.0,0.0,550.0,2012-01-23,True
93,40,93,40,441,2012-01-30,550,21.09,11601.98,550.0,0.0,550.0,2012-01-23,True
94,40,94,40,438,2012-01-30,550,30.44,16741.73,550.0,55.0,495.0,2012-01-23,True
95,41,95,41,434,2012-01-30,550,40.94,22516.73,550.0,0.0,550.0,2012-01-23,True
96,42,96,42,4,2012-01-30,550,62.99,34644.23,550.0,82.0,468.0,2012-01-23,True
97,43,97,43,74,2012-01-30,3,47.52,142.57,3.0,0.0,3.0,2012-01-23,True
98,43,98,43,75,2012-01-30,3,45.42,136.27,3.0,0.0,3.0,2012-01-23,True
99,43,99,43,76,2012-01-30,3,49.7,149.09,3.0,0.0,3.0,2012-01-23,True
100,44,100,44,73,2012-01-30,3,47.68,143.04,3.0,3.0,0.0,2012-01-23,True
101,45,101,45,115,2012-01-30,550,23.4,12872.48,550.0,0.0,550.0,2012-01-23,True
102,45,102,45,116,2012-01-30,550,27.87,15326.85,523.0,0.0,523.0,2012-01-23,True
103,46,103,46,123,2012-01-30,550,6.75,3713.33,468.0,0.0,468.0,2012-01-23,True
104,47,104,47,10,2012-01-30,550,31.49,17319.23,550.0,0.0,550.0,2012-01-23,True
105,47,105,47,8,2012-01-30,550,48.29,26559.23,550.0,0.0,550.0,2012-01-23,True
106,47,106,47,114,2012-01-30,550,36.28,19952.63,550.0,0.0,550.0,2012-01-23,True
107,48,107,48,151,2012-01-30,60,50.75,3044.79,60.0,0.0,60.0,2012-01-23,True
108,48,108,48,152,2012-01-30,60,58.26,3495.87,60.0,0.0,60.0,2012-01-23,True
109,48,109,48,153,2012-01-30,60,50.75,3044.79,60.0,0.0,60.0,2012-01-23,True
110,48,110,48,154,2012-01-30,60,62.93,3775.59,60.0,0.0,60.0,2012-01-23,True
111,48,111,48,155,2012-01-30,60,49.65,2979.27,60.0,0.0,60.0,2012-01-23,True
112,49,112,49,119,2012-02-03,550,10.38,5711.48,550.0,0.0,550.0,2012-01-27,True
113,50,113,50,231,2012-02-03,3,47.68,143.04,3.0,0.0,3.0,2012-01-27,True
114,50,114,50,232,2012-02-03,3,45.58,136.74,3.0,0.0,3.0,2012-01-27,True
115,50,115,50,233,2012-02-03,3,49.85,149.56,3.0,0.0,3.0,2012-01-27,True
116,51,116,51,149,2012-02-03,3,12.72,38.15,3.0,0.0,3.0,2012-01-27,True
117,51,117,51,150,2012-02-03,3,19.94,59.82,3.0,0.0,3.0,2012-01-27,True
118,52,118,52,124,2012-02-03,3,38.16,114.47,3.0,0.0,3.0,2012-01-27,True
119,53,119,53,110,2012-02-07,3,44.22,132.65,3.0,0.0,3.0,2012-01-31,True
120,54,120,54,10,2012-02-07,550,31.49,17319.23,550.0,550.0,0.0,2012-01-31,True
121,54,121,54,8,2012-02-07,550,48.29,26559.23,550.0,550.0,0.0,2012-01-31,True
122,55,122,55,167,2012-02-07,60,6.98,418.95,60.0,0.0,60.0,2012-01-31,True
123,56,123,56,236,2012-02-07,3,43.27,129.81,3.0,0.0,3.0,2012-01-31,True
124,56,124,56,237,2012-02-07,3,47.54,142.63,3.0,0.0,3.0,2012-01-31,True
125,56,125,56,238,2012-02-07,3,43.27,129.81,3.0,0.0,3.0,2012-01-31,True
126,56,126,56,239,2012-02-07,3,41.17,123.51,3.0,0.0,3.0,2012-01-31,True
127,57,127,57,165,2012-02-07,60,3.38,202.86,60.0,0.0,60.0,2012-01-31,True
128,57,128,57,166,2012-02-07,60,4.32,258.93,60.0,0.0,60.0,2012-01-31,True
129,58,129,58,236,2012-02-07,3,43.27,129.81,3.0,0.0,3.0,2012-01-31,True
130,58,130,58,237,2012-02-07,3,41.17,123.51,3.0,0.0,3.0,2012-01-31,True
131,58,131,58,238,2012-02-07,3,45.44,136.33,3.0,0.0,3.0,2012-01-31,True
132,58,132,58,239,2012-02-07,3,41.17,123.51,3.0,0.0,3.0,2012-01-31,True
133,58,133,58,240,2012-02-07,3,39.07,117.21,3.0,0.0,3.0,2012-01-31,True
134,59,134,59,149,2012-02-07,3,12.36,37.08,3.0,0.0,3.0,2012-01-31,True
135,60,135,60,118,2012-02-07,550,39.2,21558.08,550.0,0.0,550.0,2012-01-31,True
136,61,136,61,212,2012-02-07,3,45.44,136.33,3.0,0.0,3.0,2012-01-31,True
137,61,137,61,213,2012-02-07,3,41.17,123.51,3.0,0.0,3.0,2012-01-31,True
138,61,138,61,214,2012-02-07,3,39.07,117.21,3.0,0.0,3.0,2012-01-31,True
139,61,139,61,215,2012-02-07,3,43.34,130.03,3.0,0.0,3.0,2012-01-31,True
140,62,140,62,500,2012-02-07,550,34.87,19178.78,550.0,82.0,468.0,2012-01-31,True
141,62,141,62,499,2012-02-07,550,39.76,21869.93,550.0,0.0,550.0,2012-01-31,True
142,63,142,63,231,2012-02-07,3,47.68,143.04,3.0,0.0,3.0,2012-01-31,True
143,63,143,63,232,2012-02-07,3,45.58,136.74,3.0,0.0,3.0,2012-01-31,True
144,63,144,63,233,2012-02-07,3,49.85,149.56,3.0,0.0,3.0,2012-01-31,True
145,64,145,64,204,2012-02-07,3,47.58,142.73,3.0,3.0,0.0,2012-01-31,True
146,64,146,64,205,2012-02-07,3,45.48,136.43,3.0,3.0,0.0,2012-01-31,True
147,65,147,65,500,2012-02-07,550,34.35,18890.03,550.0,0.0,550.0,2012-01-31,True
148,65,148,65,499,2012-02-07,550,39.24,21581.18,523.0,0.0,523.0,2012-01-31,True
149,66,149,66,204,2012-02-07,3,47.47,142.41,3.0,0.0,3.0,2012-01-31,True
150,66,150,66,205,2012-02-07,3,45.37,136.11,3.0,0.0,3.0,2012-01-31,True
151,66,151,66,206,2012-02-07,3,49.64,148.93,3.0,0.0,3.0,2012-01-31,True
152,66,152,66,207,2012-02-07,3,45.37,136.11,3.0,0.0,3.0,2012-01-31,True
153,67,153,67,498,2012-02-07,550,32.77,18023.78,550.0,0.0,550.0,2012-01-31,True
154,67,154,67,496,2012-02-07,550,37.09,20397.3,550.0,0.0,550.0,2012-01-31,True
155,67,155,67,494,2012-02-07,550,43.04,23671.73,550.0,0.0,550.0,2012-01-31,True
156,68,156,68,203,2012-02-07,550,10.82,5948.25,550.0,0.0,550.0,2012-01-31,True
157,69,157,69,447,2012-02-08,550,82.83,45558.98,550.0,0.0,550.0,2012-02-01,True
158,69,158,69,446,2012-02-08,550,82.83,45558.98,550.0,0.0,550.0,2012-02-01,True
159,70,159,70,183,2012-02-08,1250,0.21,262.5,1250.0,0.0,1250.0,2012-02-01,True
160,70,160,70,197,2012-02-08,1250,0.21,262.5,1250.0,125.0,1125.0,2012-02-01,True
161,71,161,71,191,2012-02-08,3,49.64,148.93,3.0,0.0,3.0,2012-02-01,True
162,71,162,71,192,2012-02-08,3,44.32,132.96,3.0,0.0,3.0,2012-02-01,True
163,71,163,71,193,2012-02-08,60,28.7,1721.79,60.0,3.0,57.0,2012-02-01,True
164,72,164,72,494,2012-02-08,550,42.51,23382.98,550.0,82.0,468.0,2012-02-01,True
165,72,165,72,501,2012-02-08,550,5.59,3072.3,550.0,0.0,550.0,2012-02-01,True
166,73,166,73,493,2012-02-23,60,15.74,944.37,60.0,0.0,60.0,2012-02-16,True
167,74,167,74,495,2012-02-23,550,43.46,23902.73,550.0,550.0,0.0,2012-02-16,True
168,74,168,74,497,2012-02-23,550,37.62,20691.83,550.0,550.0,0.0,2012-02-16,True
169,75,169,75,188,2012-02-23,550,29.58,16268.18,550.0,0.0,550.0,2012-02-16,True
170,75,170,75,189,2012-02-23,550,36.1,19854.45,523.0,0.0,523.0,2012-02-16,True
171,75,171,75,190,2012-02-23,550,48.58,26720.93,550.0,0.0,550.0,2012-02-16,True
172,76,172,76,498,2012-02-23,550,32.25,17735.03,468.0,0.0,468.0,2012-02-16,True
173,76,173,76,496,2012-02-23,550,36.56,20108.55,550.0,0.0,550.0,2012-02-16,True
174,77,174,77,190,2012-02-23,550,46.42,25531.28,550.0,0.0,550.0,2012-02-16,True
175,78,175,78,168,2012-02-23,3,47.52,142.57,3.0,0.0,3.0,2012-02-16,True
176,78,176,78,169,2012-02-23,3,45.42,136.27,3.0,0.0,3.0,2012-02-16,True
177,78,177,78,157,2012-02-23,3,49.7,149.09,3.0,0.0,3.0,2012-02-16,True
178,78,178,78,171,2012-02-23,3,45.42,136.27,3.0,0.0,3.0,2012-02-16,True
179,78,179,78,172,2012-02-23,3,43.32,129.97,3.0,0.0,3.0,2012-02-16,True
180,79,180,79,184,2012-02-23,3,41.92,125.75,3.0,0.0,3.0,2012-02-16,True
181,80,181,80,248,2012-02-23,3,50.26,150.79,3.0,0.0,3.0,2012-02-16,True
182,81,182,81,157,2012-02-23,3,49.85,149.56,3.0,0.0,3.0,2012-02-16,True
183,81,183,81,171,2012-02-23,3,45.58,136.74,3.0,0.0,3.0,2012-02-16,True
184,81,184,81,172,2012-02-23,3,43.48,130.44,3.0,0.0,3.0,2012-02-16,True
185,81,185,81,173,2012-02-23,3,47.75,143.26,3.0,0.0,3.0,2012-02-16,True
186,82,186,82,126,2012-02-23,550,16.09,8847.3,550.0,82.0,468.0,2012-02-16,True
187,83,187,83,186,2012-02-23,3,57.03,171.08,3.0,0.0,3.0,2012-02-16,True
188,84,188,84,117,2012-02-23,550,37.09,20397.3,550.0,550.0,0.0,2012-02-16,True
189,85,189,85,118,2012-02-23,550,26.6,14628.08,550.0,0.0,550.0,2012-02-16,True
190,86,190,86,188,2012-02-23,550,27.06,14882.18,468.0,0.0,468.0,2012-02-16,True
191,86,191,86,189,2012-02-23,550,33.58,18468.45,550.0,0.0,550.0,2012-02-16,True
192,86,192,86,190,2012-02-23,550,46.06,25334.93,550.0,0.0,550.0,2012-02-16,True
193,87,193,87,217,2012-02-23,3,47.54,142.63,3.0,0.0,3.0,2012-02-16,True
194,87,194,87,218,2012-02-23,3,43.27,129.81,3.0,0.0,3.0,2012-02-16,True
195,87,195,87,219,2012-02-23,3,41.17,123.51,3.0,0.0,3.0,2012-02-16,True
196,87,196,87,220,2012-02-23,3,45.44,136.33,3.0,0.0,3.0,2012-02-16,True
197,87,197,87,221,2012-02-23,3,41.17,123.51,3.0,0.0,3.0,2012-02-16,True
198,87,198,87,209,2012-02-23,3,39.07,117.21,3.0,0.0,3.0,2012-02-16,True
199,88,199,88,86,2012-02-23,3,47.6,142.79,3.0,0.0,3.0,2012-02-16,True
200,88,200,88,87,2012-02-23,3,43.32,129.97,3.0,0.0,3.0,2012-02-16,True
201,88,201,88,88,2012-02-23,3,41.22,123.67,3.0,0.0,3.0,2012-02-16,True
202,88,202,88,89,2012-02-23,3,45.5,136.49,3.0,0.0,3.0,2012-02-16,True
203,88,203,88,90,2012-02-23,3,41.22,123.67,3.0,0.0,3.0,2012-02-16,True
204,89,204,89,191,2012-03-08,3,47.47,142.41,3.0,0.0,3.0,2012-03-01,True
205,89,205,89,192,2012-03-08,3,42.8,128.39,3.0,0.0,3.0,2012-03-01,True
206,89,206,89,193,2012-03-08,60,25.42,1525.23,60.0,0.0,60.0,2012-03-01,True
207,90,207,90,101,2012-03-08,3,43.4,130.19,3.0,0.0,3.0,2012-03-01,True
208,90,208,90,102,2012-03-08,3,39.12,117.37,3.0,0.0,3.0,2012-03-01,True
209,90,209,90,103,2012-03-08,3,37.02,111.07,3.0,0.0,3.0,2012-03-01,True
210,91,210,91,6,2012-03-08,550,62.99,34644.23,550.0,0.0,550.0,2012-03-01,True
211,92,211,92,191,2012-03-08,3,45.37,136.11,3.0,0.0,3.0,2012-03-01,True
212,92,212,92,192,2012-03-08,3,40.49,121.46,3.0,0.0,3.0,2012-03-01,True
213,93,213,93,121,2012-03-12,3,48.76,146.29,3.0,0.0,3.0,2012-03-05,True
214,94,214,94,156,2012-03-12,3,34.19,102.56,3.0,3.0,0.0,2012-03-05,True
215,95,215,95,194,2012-03-12,3,50.26,150.79,3.0,0.0,3.0,2012-03-05,True
216,96,216,96,119,2012-03-12,550,10.73,5902.05,468.0,0.0,468.0,2012-03-05,True
217,96,217,96,120,2012-03-12,550,14.12,7767.38,550.0,0.0,550.0,2012-03-05,True
218,97,218,97,151,2012-03-22,60,50.26,3015.81,60.0,0.0,60.0,2012-03-15,True
219,97,219,97,152,2012-03-22,60,57.15,3429.09,60.0,0.0,60.0,2012-03-15,True
220,97,220,97,153,2012-03-22,60,53.2,3192.21,60.0,0.0,60.0,2012-03-15,True
221,97,221,97,154,2012-03-22,60,63.69,3821.58,60.0,0.0,60.0,2012-03-15,True
222,97,222,97,155,2012-03-22,60,48.91,2934.54,60.0,0.0,60.0,2012-03-15,True
223,98,223,98,435,2012-03-22,550,40.94,22516.73,550.0,0.0,550.0,2012-03-15,True
224,98,224,98,442,2012-03-22,550,21.09,11601.98,550.0,0.0,550.0,2012-03-15,True
225,98,225,98,439,2012-03-22,550,30.44,16741.73,550.0,0.0,550.0,2012-03-15,True
226,98,226,98,436,2012-03-22,550,40.94,22516.73,550.0,0.0,550.0,2012-03-15,True
227,99,227,99,111,2012-03-22,60,9.2,551.88,60.0,0.0,60.0,2012-03-15,True
228,100,228,100,162,2012-03-22,550,5.78,3176.25,550.0,0.0,550.0,2012-03-15,True
229,100,229,100,163,2012-03-22,550,1.16,635.25,550.0,55.0,495.0,2012-03-15,True
230,100,230,100,132,2012-03-22,550,5.78,3176.25,550.0,0.0,550.0,2012-03-15,True
231,101,231,101,112,2012-03-22,550,23.39,12866.7,550.0,0.0,550.0,2012-03-15,True
232,101,232,101,113,2012-03-22,550,27.65,15205.58,550.0,0.0,550.0,2012-03-15,True
233,102,233,102,164,2012-03-22,550,1.37,750.75,550.0,82.0,468.0,2012-03-15,True
234,102,234,102,5,2012-03-22,550,62.99,34644.23,550.0,0.0,550.0,2012-03-15,True
235,103,235,103,132,2012-03-22,550,6.2,3407.25,550.0,0.0,550.0,2012-03-15,True
236,104,236,104,112,2012-03-22,550,22.17,12191.03,550.0,550.0,0.0,2012-03-15,True
237,104,237,104,113,2012-03-22,550,29.28,16106.48,550.0,550.0,0.0,2012-03-15,True
238,105,238,105,150,2012-03-22,3,19.98,59.94,3.0,0.0,3.0,2012-03-15,True
239,106,239,106,158,2012-03-22,3,36.97,110.91,3.0,0.0,3.0,2012-03-15,True
240,106,240,106,159,2012-03-22,3,34.87,104.61,3.0,0.0,3.0,2012-03-15,True
241,106,241,106,160,2012-03-22,3,39.14,117.43,3.0,0.0,3.0,2012-03-15,True
242,107,242,107,9,2012-03-22,550,31.49,17319.23,550.0,0.0,550.0,2012-03-15,True
243,107,243,107,7,2012-03-22,550,48.29,26559.23,550.0,0.0,550.0,2012-03-15,True
244,108,244,108,241,2012-03-22,3,43.22,129.65,3.0,0.0,3.0,2012-03-15,True
245,108,245,108,242,2012-03-22,3,47.49,142.47,3.0,0.0,3.0,2012-03-15,True
246,108,246,108,243,2012-03-22,3,43.27,129.81,3.0,0.0,3.0,2012-03-15,True
247,108,247,108,244,2012-03-22,3,47.54,142.63,3.0,0.0,3.0,2012-03-15,True
248,108,248,108,245,2012-03-22,3,43.27,129.81,3.0,0.0,3.0,2012-03-15,True
249,109,249,109,104,2012-03-22,550,15.89,8737.58,550.0,0.0,550.0,2012-03-15,True
250,109,250,109,139,2012-03-22,550,11.67,6416.03,550.0,0.0,550.0,2012-03-15,True
251,109,251,109,140,2012-03-22,550,11.09,6098.4,550.0,0.0,550.0,2012-03-15,True
252,109,252,109,141,2012-03-22,550,8.76,4816.35,550.0,0.0,550.0,2012-03-15,True
253,109,253,109,142,2012-03-22,550,9.69,5330.33,550.0,0.0,550.0,2012-03-15,True
254,110,254,110,211,2012-03-22,3,47.47,142.41,3.0,0.0,3.0,2012-03-15,True
255,111,255,111,117,2012-03-22,550,34.98,19236.53,550.0,0.0,550.0,2012-03-15,True
256,112,256,112,215,2012-03-22,3,43.27,129.81,3.0,0.0,3.0,2012-03-15,True
301,112,257,112,216,2012-03-22,3,47.54,142.63,3.0,0.0,3.0,2012-03-15,True
302,113,258,113,109,2012-03-23,550,2.32,1276.28,550.0,0.0,550.0,2012-03-16,True
303,114,259,114,122,2012-03-23,550,3.64,2003.93,550.0,550.0,0.0,2012-03-16,True
304,115,260,115,440,2012-03-23,550,21.09,11601.98,550.0,0.0,550.0,2012-03-16,True
305,115,261,115,437,2012-03-23,550,30.44,16741.73,523.0,0.0,523.0,2012-03-16,True
306,115,262,115,435,2012-03-23,550,40.94,22516.73,550.0,0.0,550.0,2012-03-16,True
307,116,263,116,165,2012-03-23,60,3.6,216.09,51.0,0.0,51.0,2012-03-16,True
308,116,264,116,166,2012-03-23,60,3.98,238.77,60.0,0.0,60.0,2012-03-16,True
309,117,265,117,9,2012-03-23,550,31.49,17319.23,550.0,0.0,550.0,2012-03-16,True
310,117,266,117,7,2012-03-23,550,48.29,26559.23,550.0,0.0,550.0,2012-03-16,True
311,118,267,118,120,2012-03-23,550,12.97,7132.13,550.0,0.0,550.0,2012-03-16,True
312,119,268,119,441,2012-03-23,550,21.09,11601.98,550.0,0.0,550.0,2012-03-16,True
313,119,269,119,438,2012-03-23,550,30.44,16741.73,550.0,0.0,550.0,2012-03-16,True
314,120,270,120,434,2012-03-23,550,40.94,22516.73,550.0,0.0,550.0,2012-03-16,True
315,121,271,121,4,2012-03-23,550,62.99,34644.23,550.0,0.0,550.0,2012-03-16,True
316,122,272,122,77,2012-03-23,3,45.42,136.27,3.0,0.0,3.0,2012-03-16,True
317,122,273,122,78,2012-03-23,3,43.32,129.97,3.0,0.0,3.0,2012-03-16,True
318,123,274,123,73,2012-03-23,3,47.68,143.04,3.0,0.0,3.0,2012-03-16,True
319,124,275,124,115,2012-03-23,550,23.4,12872.48,550.0,550.0,0.0,2012-03-16,True
320,124,276,124,116,2012-03-23,550,27.87,15326.85,550.0,550.0,0.0,2012-03-16,True
321,125,277,125,123,2012-03-23,550,6.75,3713.33,550.0,0.0,550.0,2012-03-16,True
322,126,278,126,10,2012-03-23,550,31.49,17319.23,468.0,0.0,468.0,2012-03-16,True
323,126,279,126,8,2012-03-23,550,48.29,26559.23,550.0,0.0,550.0,2012-03-16,True
324,126,280,126,114,2012-03-23,550,36.28,19952.63,550.0,0.0,550.0,2012-03-16,True
325,127,281,127,151,2012-03-23,60,50.75,3044.79,60.0,0.0,60.0,2012-03-16,True
326,127,282,127,152,2012-03-23,60,58.26,3495.87,60.0,0.0,60.0,2012-03-16,True
327,127,283,127,153,2012-03-23,60,50.75,3044.79,60.0,0.0,60.0,2012-03-16,True
328,127,284,127,154,2012-03-23,60,62.93,3775.59,60.0,0.0,60.0,2012-03-16,True
329,127,285,127,155,2012-03-23,60,49.65,2979.27,60.0,0.0,60.0,2012-03-16,True
330,128,286,128,119,2012-03-23,550,10.38,5711.48,550.0,0.0,550.0,2012-03-16,True
331,129,287,129,234,2012-03-28,3,45.58,136.74,3.0,0.0,3.0,2012-03-21,True
332,129,288,129,138,2012-03-28,3,43.48,130.44,3.0,0.0,3.0,2012-03-21,True
333,129,289,129,86,2012-03-28,3,47.75,143.26,3.0,0.0,3.0,2012-03-21,True
334,129,290,129,87,2012-03-28,3,43.48,130.44,3.0,0.0,3.0,2012-03-21,True
335,129,291,129,88,2012-03-28,3,41.38,124.14,3.0,0.0,3.0,2012-03-21,True
336,130,292,130,149,2012-03-28,3,12.72,38.15,3.0,0.0,3.0,2012-03-21,True
337,130,293,130,150,2012-03-28,3,19.94,59.82,3.0,0.0,3.0,2012-03-21,True
338,131,294,131,124,2012-03-28,3,38.16,114.47,3.0,0.0,3.0,2012-03-21,True
339,132,295,132,110,2012-03-28,3,44.22,132.65,3.0,0.0,3.0,2012-03-21,True
340,133,296,133,10,2012-04-11,550,31.49,17319.23,550.0,0.0,550.0,2012-04-04,True
341,133,297,133,8,2012-04-11,550,48.29,26559.23,550.0,0.0,550.0,2012-04-04,True
342,134,298,134,167,2012-04-11,60,6.98,418.95,60.0,60.0,0.0,2012-04-04,True
343,135,299,135,240,2012-04-11,3,45.44,136.33,3.0,0.0,3.0,2012-04-04,True
344,135,300,135,241,2012-04-11,3,41.17,123.51,3.0,0.0,3.0,2012-04-04,True
345,135,301,135,242,2012-04-11,3,39.07,117.21,3.0,0.0,3.0,2012-04-04,True
346,135,302,135,85,2012-04-11,3,47.68,143.04,3.0,0.0,3.0,2012-04-04,True
347,135,303,135,98,2012-04-11,3,45.58,136.74,3.0,0.0,3.0,2012-04-04,True
348,135,304,135,99,2012-04-11,3,49.85,149.56,3.0,0.0,3.0,2012-04-04,True
349,135,305,135,100,2012-04-11,3,45.58,136.74,3.0,0.0,3.0,2012-04-04,True
350,135,306,135,101,2012-04-11,3,43.48,130.44,3.0,0.0,3.0,2012-04-04,True
351,135,307,135,102,2012-04-11,3,47.75,143.26,3.0,0.0,3.0,2012-04-04,True
352,135,308,135,103,2012-04-11,3,43.48,130.44,3.0,0.0,3.0,2012-04-04,True
353,135,309,135,70,2012-04-11,3,41.38,124.14,3.0,0.0,3.0,2012-04-04,True
354,135,310,135,105,2012-04-11,3,45.65,136.96,3.0,0.0,3.0,2012-04-04,True
355,135,311,135,106,2012-04-11,3,41.38,124.14,3.0,0.0,3.0,2012-04-04,True
356,135,312,135,107,2012-04-11,3,39.28,117.84,3.0,0.0,3.0,2012-04-04,True
357,135,313,135,108,2012-04-11,3,43.55,130.66,3.0,0.0,3.0,2012-04-04,True
358,135,314,135,97,2012-04-11,3,39.28,117.84,3.0,0.0,3.0,2012-04-04,True
359,135,315,135,62,2012-04-11,3,37.18,111.54,3.0,0.0,3.0,2012-04-04,True
360,135,316,135,69,2012-04-11,3,41.45,124.36,3.0,0.0,3.0,2012-04-04,True
361,135,317,135,68,2012-04-11,3,37.18,111.54,3.0,0.0,3.0,2012-04-04,True
362,135,318,135,67,2012-04-11,3,47.52,142.57,3.0,0.0,3.0,2012-04-04,True
363,135,319,135,66,2012-04-11,3,45.42,136.27,3.0,0.0,3.0,2012-04-04,True
364,135,320,135,65,2012-04-11,3,49.7,149.09,3.0,0.0,3.0,2012-04-04,True
365,135,321,135,64,2012-04-11,3,45.42,136.27,3.0,0.0,3.0,2012-04-04,True
366,135,322,135,63,2012-04-11,3,43.32,129.97,3.0,0.0,3.0,2012-04-04,True
367,135,323,135,61,2012-04-11,3,47.6,142.79,3.0,0.0,3.0,2012-04-04,True
368,135,324,135,71,2012-04-11,3,43.32,129.97,3.0,0.0,3.0,2012-04-04,True
369,136,325,136,165,2012-04-11,60,3.38,202.86,51.0,0.0,51.0,2012-04-04,True
370,136,326,136,166,2012-04-11,60,4.32,258.93,60.0,0.0,60.0,2012-04-04,True
371,137,327,137,241,2012-04-25,3,43.34,130.03,3.0,0.0,3.0,2012-04-18,True
372,137,328,137,242,2012-04-25,3,39.07,117.21,3.0,0.0,3.0,2012-04-18,True
373,137,329,137,243,2012-04-25,3,36.97,110.91,3.0,0.0,3.0,2012-04-18,True
374,137,330,137,244,2012-04-25,3,41.24,123.73,3.0,0.0,3.0,2012-04-18,True
375,137,331,137,245,2012-04-25,3,36.97,110.91,3.0,0.0,3.0,2012-04-18,True
376,137,332,137,246,2012-04-25,3,43.22,129.65,3.0,0.0,3.0,2012-04-18,True
377,138,333,138,149,2012-04-25,3,12.36,37.08,3.0,0.0,3.0,2012-04-18,True
378,139,334,139,118,2012-04-25,550,39.2,21558.08,550.0,0.0,550.0,2012-04-18,True
379,140,335,140,216,2012-04-25,3,39.07,117.21,3.0,0.0,3.0,2012-04-18,True
380,140,336,140,217,2012-04-25,3,36.97,110.91,3.0,0.0,3.0,2012-04-18,True
381,140,337,140,218,2012-04-25,3,41.24,123.73,3.0,0.0,3.0,2012-04-18,True
382,141,338,141,495,2012-04-25,550,43.98,24191.48,550.0,0.0,550.0,2012-04-18,True
383,141,339,141,497,2012-04-25,550,38.15,20980.58,550.0,0.0,550.0,2012-04-18,True
384,142,340,142,234,2012-04-25,3,45.58,136.74,3.0,0.0,3.0,2012-04-18,True
385,142,341,142,138,2012-04-25,3,43.48,130.44,3.0,0.0,3.0,2012-04-18,True
386,143,342,143,206,2012-04-25,3,49.75,149.25,3.0,0.0,3.0,2012-04-18,True
387,143,343,143,207,2012-04-25,3,45.48,136.43,3.0,0.0,3.0,2012-04-18,True
388,143,344,143,208,2012-04-25,3,43.38,130.13,3.0,0.0,3.0,2012-04-18,True
389,144,345,144,500,2012-04-25,550,34.35,18890.03,550.0,550.0,0.0,2012-04-18,True
390,144,346,144,499,2012-04-25,550,39.24,21581.18,550.0,550.0,0.0,2012-04-18,True
391,145,347,145,208,2012-04-25,3,43.27,129.81,3.0,0.0,3.0,2012-04-18,True
392,145,348,145,170,2012-04-25,3,47.54,142.63,3.0,0.0,3.0,2012-04-18,True
393,145,349,145,158,2012-04-25,3,43.27,129.81,3.0,0.0,3.0,2012-04-18,True
394,145,350,145,159,2012-04-25,3,41.17,123.51,3.0,0.0,3.0,2012-04-18,True
395,145,351,145,160,2012-04-25,3,45.44,136.33,3.0,0.0,3.0,2012-04-18,True
396,146,352,146,498,2012-04-25,550,32.77,18023.78,468.0,0.0,468.0,2012-04-18,True
397,146,353,146,496,2012-04-25,550,37.09,20397.3,550.0,0.0,550.0,2012-04-18,True
398,146,354,146,494,2012-04-25,550,43.04,23671.73,550.0,0.0,550.0,2012-04-18,True
399,147,355,147,203,2012-04-25,550,10.82,5948.25,550.0,0.0,550.0,2012-04-18,True
400,148,356,148,447,2012-04-25,550,82.83,45558.98,550.0,0.0,550.0,2012-04-18,True
401,148,357,148,446,2012-04-25,550,82.83,45558.98,550.0,0.0,550.0,2012-04-18,True
402,149,358,149,183,2012-04-25,1250,0.21,262.5,1250.0,0.0,1250.0,2012-04-18,True
403,149,359,149,197,2012-04-25,1250,0.21,262.5,1250.0,0.0,1250.0,2012-04-18,True
404,150,360,150,191,2012-04-25,3,49.64,148.93,3.0,0.0,3.0,2012-04-18,True
405,150,361,150,192,2012-04-25,3,44.32,132.96,3.0,0.0,3.0,2012-04-18,True
406,150,362,150,193,2012-04-25,60,28.7,1721.79,60.0,0.0,60.0,2012-04-18,True
407,151,363,151,494,2012-04-25,550,42.51,23382.98,550.0,0.0,550.0,2012-04-18,True
408,151,364,151,501,2012-04-25,550,5.59,3072.3,550.0,0.0,550.0,2012-04-18,True
409,152,365,152,493,2012-04-25,60,15.74,944.37,60.0,9.0,51.0,2012-04-18,True
410,153,366,153,503,2012-05-16,550,6.53,3592.05,550.0,0.0,550.0,2012-05-09,True
411,153,367,153,502,2012-05-16,550,6.18,3401.48,550.0,0.0,550.0,2012-05-09,True
412,154,368,154,188,2012-05-16,550,29.58,16268.18,550.0,550.0,0.0,2012-05-09,True
413,154,369,154,189,2012-05-16,550,36.1,19854.45,550.0,550.0,0.0,2012-05-09,True
414,155,370,155,498,2012-05-16,550,32.25,17735.03,550.0,0.0,550.0,2012-05-09,True
415,155,371,155,496,2012-05-16,550,36.56,20108.55,523.0,0.0,523.0,2012-05-09,True
416,156,372,156,190,2012-05-16,550,46.42,25531.28,468.0,0.0,468.0,2012-05-09,True
417,157,373,157,173,2012-06-13,3,47.6,142.79,3.0,0.0,3.0,2012-06-06,True
418,157,374,157,174,2012-06-13,3,43.32,129.97,3.0,0.0,3.0,2012-06-06,True
419,157,375,157,175,2012-06-13,3,41.22,123.67,3.0,0.0,3.0,2012-06-06,True
420,157,376,157,176,2012-06-13,3,45.5,136.49,3.0,0.0,3.0,2012-06-06,True
421,157,377,157,177,2012-06-13,3,41.22,123.67,3.0,0.0,3.0,2012-06-06,True
422,157,378,157,178,2012-06-13,3,39.12,117.37,3.0,0.0,3.0,2012-06-06,True
423,158,379,158,184,2012-06-13,3,41.92,125.75,3.0,0.0,3.0,2012-06-06,True
424,159,380,159,248,2012-06-13,3,50.26,150.79,3.0,0.0,3.0,2012-06-06,True
425,160,381,160,174,2012-06-13,3,43.48,130.44,3.0,0.0,3.0,2012-06-06,True
426,160,382,160,175,2012-06-13,3,41.38,124.14,3.0,0.0,3.0,2012-06-06,True
427,160,383,160,176,2012-06-13,3,45.65,136.96,3.0,0.0,3.0,2012-06-06,True
428,161,384,161,126,2012-06-13,550,16.09,8847.3,550.0,0.0,550.0,2012-06-06,True
429,162,385,162,186,2012-06-13,3,57.03,171.08,3.0,0.0,3.0,2012-06-06,True
430,163,386,163,117,2012-06-13,550,37.09,20397.3,550.0,0.0,550.0,2012-06-06,True
431,164,387,164,118,2012-06-13,550,26.6,14628.08,550.0,550.0,0.0,2012-06-06,True
432,165,388,165,188,2012-06-13,550,27.06,14882.18,550.0,0.0,550.0,2012-06-06,True
433,165,389,165,189,2012-06-13,550,33.58,18468.45,523.0,0.0,523.0,2012-06-06,True
434,165,390,165,190,2012-06-13,550,46.06,25334.93,550.0,0.0,550.0,2012-06-06,True
435,166,391,166,223,2012-06-13,3,43.34,130.03,3.0,0.0,3.0,2012-06-06,True
436,166,392,166,224,2012-06-13,3,39.07,117.21,3.0,0.0,3.0,2012-06-06,True
437,166,393,166,225,2012-06-13,3,36.97,110.91,3.0,0.0,3.0,2012-06-06,True
438,166,394,166,226,2012-06-13,3,41.24,123.73,3.0,0.0,3.0,2012-06-06,True
439,167,395,167,91,2012-06-13,3,39.12,117.37,3.0,0.0,3.0,2012-06-06,True
440,167,396,167,92,2012-06-13,3,43.4,130.19,3.0,0.0,3.0,2012-06-06,True
441,167,397,167,93,2012-06-13,3,39.12,117.37,3.0,0.0,3.0,2012-06-06,True
442,167,398,167,94,2012-06-13,3,37.02,111.07,3.0,0.0,3.0,2012-06-06,True
443,167,399,167,95,2012-06-13,3,41.3,123.89,3.0,0.0,3.0,2012-06-06,True
444,167,400,167,96,2012-06-13,3,37.02,111.07,3.0,0.0,3.0,2012-06-06,True
445,168,401,168,191,2012-06-13,3,47.47,142.41,3.0,0.0,3.0,2012-06-06,True
446,168,402,168,192,2012-06-13,3,42.8,128.39,3.0,0.0,3.0,2012-06-06,True
447,168,403,168,193,2012-06-13,60,25.42,1525.23,60.0,0.0,60.0,2012-06-06,True
448,169,404,169,70,2012-06-13,3,41.3,123.89,3.0,0.0,3.0,2012-06-06,True
449,169,405,169,105,2012-06-13,3,37.02,111.07,3.0,0.0,3.0,2012-06-06,True
450,169,406,169,106,2012-06-13,3,47.68,143.04,3.0,0.0,3.0,2012-06-06,True
451,169,407,169,107,2012-06-13,3,45.58,136.74,3.0,0.0,3.0,2012-06-06,True
452,169,408,169,108,2012-06-13,3,49.85,149.56,3.0,0.0,3.0,2012-06-06,True
453,170,409,170,6,2012-06-13,550,62.99,34644.23,550.0,0.0,550.0,2012-06-06,True
454,171,410,171,193,2012-06-13,60,26.37,1581.93,60.0,0.0,60.0,2012-06-06,True
455,172,411,172,121,2012-06-13,3,48.76,146.29,3.0,0.0,3.0,2012-06-06,True
456,173,412,173,156,2012-06-25,3,34.19,102.56,3.0,0.0,3.0,2012-06-18,True
457,174,413,174,194,2012-06-25,3,50.26,150.79,3.0,3.0,0.0,2012-06-18,True
458,175,414,175,119,2012-06-25,550,10.73,5902.05,550.0,0.0,550.0,2012-06-18,True
459,175,415,175,120,2012-06-25,550,14.12,7767.38,523.0,0.0,523.0,2012-06-18,True
460,176,416,176,151,2012-06-25,60,50.26,3015.81,51.0,0.0,51.0,2012-06-18,True
461,176,417,176,152,2012-06-25,60,57.15,3429.09,60.0,0.0,60.0,2012-06-18,True
462,176,418,176,153,2012-06-25,60,53.2,3192.21,60.0,0.0,60.0,2012-06-18,True
463,176,419,176,154,2012-06-25,60,63.69,3821.58,60.0,0.0,60.0,2012-06-18,True
464,177,420,177,440,2012-07-06,550,21.09,11601.98,550.0,0.0,550.0,2012-06-29,True
465,177,421,177,437,2012-07-06,550,30.44,16741.73,550.0,0.0,550.0,2012-06-29,True
466,177,422,177,434,2012-07-06,550,40.94,22516.73,550.0,0.0,550.0,2012-06-29,True
467,177,423,177,441,2012-07-06,550,21.09,11601.98,550.0,0.0,550.0,2012-06-29,True
468,177,424,177,438,2012-07-06,550,30.44,16741.73,550.0,0.0,550.0,2012-06-29,True
469,177,425,177,435,2012-07-06,550,40.94,22516.73,550.0,0.0,550.0,2012-06-29,True
470,178,426,178,111,2012-07-06,60,9.2,551.88,60.0,0.0,60.0,2012-06-29,True
471,179,427,179,162,2012-07-06,550,5.78,3176.25,550.0,0.0,550.0,2012-06-29,True
472,179,428,179,163,2012-07-06,550,1.16,635.25,550.0,0.0,550.0,2012-06-29,True
473,179,429,179,132,2012-07-06,550,5.78,3176.25,550.0,0.0,550.0,2012-06-29,True
474,180,430,180,112,2012-07-06,550,23.39,12866.7,550.0,0.0,550.0,2012-06-29,True
475,180,431,180,113,2012-07-06,550,27.65,15205.58,550.0,55.0,495.0,2012-06-29,True
476,181,432,181,131,2012-07-06,550,3.49,1917.3,550.0,0.0,550.0,2012-06-29,True
477,182,433,182,162,2012-07-06,550,6.2,3407.25,550.0,82.0,468.0,2012-06-29,True
478,182,434,182,163,2012-07-06,550,1.47,808.5,550.0,0.0,550.0,2012-06-29,True
479,183,435,183,112,2012-07-06,550,22.17,12191.03,550.0,0.0,550.0,2012-06-29,True
480,183,436,183,113,2012-07-06,550,29.28,16106.48,550.0,0.0,550.0,2012-06-29,True
481,184,437,184,150,2012-07-06,3,19.98,59.94,3.0,3.0,0.0,2012-06-29,True
482,185,438,185,204,2012-07-06,3,41.17,123.51,3.0,0.0,3.0,2012-06-29,True
483,185,439,185,205,2012-07-06,3,39.07,117.21,3.0,0.0,3.0,2012-06-29,True
484,185,440,185,206,2012-07-06,3,43.34,130.03,3.0,0.0,3.0,2012-06-29,True
485,185,441,185,207,2012-07-06,3,39.07,117.21,3.0,0.0,3.0,2012-06-29,True
486,185,442,185,208,2012-07-06,3,36.97,110.91,3.0,0.0,3.0,2012-06-29,True
487,185,443,185,170,2012-07-06,3,41.24,123.73,3.0,0.0,3.0,2012-06-29,True
488,185,444,185,158,2012-07-06,3,36.97,110.91,3.0,0.0,3.0,2012-06-29,True
489,185,445,185,159,2012-07-06,3,34.87,104.61,3.0,0.0,3.0,2012-06-29,True
490,185,446,185,160,2012-07-06,3,39.14,117.43,3.0,0.0,3.0,2012-06-29,True
491,186,447,186,9,2012-07-06,550,31.49,17319.23,468.0,0.0,468.0,2012-06-29,True
492,186,448,186,7,2012-07-06,550,48.29,26559.23,550.0,0.0,550.0,2012-06-29,True
493,187,449,187,246,2012-07-06,3,41.17,123.51,3.0,0.0,3.0,2012-06-29,True
494,187,450,187,247,2012-07-06,3,45.44,136.33,3.0,0.0,3.0,2012-06-29,True
495,187,451,187,235,2012-07-06,3,41.17,123.51,3.0,0.0,3.0,2012-06-29,True
496,187,452,187,249,2012-07-06,3,39.07,117.21,3.0,0.0,3.0,2012-06-29,True
497,187,453,187,250,2012-07-06,3,43.34,130.03,3.0,0.0,3.0,2012-06-29,True
498,187,454,187,251,2012-07-06,3,39.07,117.21,3.0,0.0,3.0,2012-06-29,True
499,188,455,188,143,2012-07-06,550,6.88,3782.63,550.0,0.0,550.0,2012-06-29,True
500,188,456,188,144,2012-07-06,550,7.8,4290.83,550.0,0.0,550.0,2012-06-29,True
501,188,457,188,133,2012-07-06,550,8.76,4816.35,550.0,0.0,550.0,2012-06-29,True
502,188,458,188,146,2012-07-06,550,5.81,3193.58,550.0,0.0,550.0,2012-06-29,True
503,188,459,188,147,2012-07-06,550,8.86,4874.1,550.0,0.0,550.0,2012-06-29,True
504,189,460,189,211,2012-07-06,3,47.47,142.41,3.0,0.0,3.0,2012-06-29,True
505,190,461,190,115,2012-07-06,550,23.08,12693.45,550.0,0.0,550.0,2012-06-29,True
506,190,462,190,116,2012-07-06,550,29.27,16100.7,550.0,55.0,495.0,2012-06-29,True
507,190,463,190,117,2012-07-06,550,34.98,19236.53,550.0,0.0,550.0,2012-06-29,True
508,191,464,191,217,2012-07-06,3,43.27,129.81,3.0,0.0,3.0,2012-06-29,True
509,191,465,191,218,2012-07-06,3,41.17,123.51,3.0,0.0,3.0,2012-06-29,True
510,191,466,191,442,2012-07-06,550,21.09,11601.98,550.0,27.0,523.0,2012-06-29,True
511,191,467,191,439,2012-07-06,550,30.44,16741.73,550.0,0.0,550.0,2012-06-29,True
512,192,468,192,109,2012-07-06,550,2.32,1276.28,550.0,82.0,468.0,2012-06-29,True
513,193,469,193,122,2012-07-09,550,3.64,2003.93,550.0,0.0,550.0,2012-07-02,True
514,194,470,194,440,2012-07-09,550,21.09,11601.98,550.0,550.0,0.0,2012-07-02,True
515,194,471,194,437,2012-07-09,550,30.44,16741.73,550.0,550.0,0.0,2012-07-02,True
516,195,472,195,165,2012-07-09,60,3.6,216.09,60.0,0.0,60.0,2012-07-02,True
517,195,473,195,166,2012-07-09,60,3.98,238.77,57.0,0.0,57.0,2012-07-02,True
518,196,474,196,9,2012-07-09,550,31.49,17319.23,468.0,0.0,468.0,2012-07-02,True
519,196,475,196,7,2012-07-09,550,48.29,26559.23,550.0,0.0,550.0,2012-07-02,True
520,197,476,197,120,2012-07-09,550,12.97,7132.13,550.0,0.0,550.0,2012-07-02,True
521,198,477,198,441,2012-07-09,550,21.09,11601.98,550.0,0.0,550.0,2012-07-02,True
522,198,478,198,438,2012-07-09,550,30.44,16741.73,550.0,0.0,550.0,2012-07-02,True
523,199,479,199,434,2012-07-09,550,40.94,22516.73,550.0,0.0,550.0,2012-07-02,True
524,200,480,200,4,2012-07-09,550,62.99,34644.23,550.0,0.0,550.0,2012-07-02,True
525,201,481,201,79,2012-08-10,3,47.6,142.79,3.0,0.0,3.0,2012-08-03,True
526,201,482,201,80,2012-08-10,3,43.32,129.97,3.0,0.0,3.0,2012-08-03,True
527,201,483,201,81,2012-08-10,3,41.22,123.67,3.0,0.0,3.0,2012-08-03,True
528,201,484,201,82,2012-08-10,3,45.5,136.49,3.0,0.0,3.0,2012-08-03,True
529,202,485,202,73,2012-08-10,3,47.68,143.04,3.0,0.0,3.0,2012-08-03,True
530,203,486,203,115,2012-08-10,550,23.4,12872.48,550.0,0.0,550.0,2012-08-03,True
531,203,487,203,116,2012-08-10,550,27.87,15326.85,550.0,0.0,550.0,2012-08-03,True
532,204,488,204,123,2012-08-10,550,6.75,3713.33,550.0,550.0,0.0,2012-08-03,True
533,205,489,205,10,2012-08-10,550,31.49,17319.23,550.0,0.0,550.0,2012-08-03,True
534,205,490,205,8,2012-08-10,550,48.29,26559.23,523.0,0.0,523.0,2012-08-03,True
535,205,491,205,114,2012-08-10,550,36.28,19952.63,550.0,0.0,550.0,2012-08-03,True
536,206,492,206,151,2012-08-10,60,50.75,3044.79,51.0,0.0,51.0,2012-08-03,True
537,206,493,206,152,2012-08-10,60,58.26,3495.87,60.0,0.0,60.0,2012-08-03,True
538,206,494,206,153,2012-08-10,60,50.75,3044.79,60.0,0.0,60.0,2012-08-03,True
539,206,495,206,154,2012-08-10,60,62.93,3775.59,60.0,0.0,60.0,2012-08-03,True
540,207,496,207,119,2012-08-10,550,10.38,5711.48,550.0,0.0,550.0,2012-08-03,True
541,208,497,208,89,2012-08-10,3,45.65,136.96,3.0,0.0,3.0,2012-08-03,True
542,208,498,208,90,2012-08-10,3,41.38,124.14,3.0,0.0,3.0,2012-08-03,True
543,208,499,208,91,2012-08-10,3,39.28,117.84,3.0,0.0,3.0,2012-08-03,True
544,208,500,208,92,2012-08-10,3,43.55,130.66,3.0,0.0,3.0,2012-08-03,True
545,208,501,208,93,2012-08-10,3,39.28,117.84,3.0,0.0,3.0,2012-08-03,True
546,209,502,209,149,2012-08-14,3,12.72,38.15,3.0,0.0,3.0,2012-08-07,True
547,209,503,209,150,2012-08-14,3,19.94,59.82,3.0,0.0,3.0,2012-08-07,True
548,210,504,210,124,2012-08-14,3,38.16,114.47,3.0,0.0,3.0,2012-08-07,True
549,211,505,211,110,2012-08-14,3,44.22,132.65,3.0,0.0,3.0,2012-08-07,True
550,212,506,212,10,2012-08-14,550,31.49,17319.23,550.0,82.0,468.0,2012-08-07,True
551,212,507,212,8,2012-08-14,550,48.29,26559.23,550.0,0.0,550.0,2012-08-07,True
552,213,508,213,167,2012-08-29,60,6.98,418.95,60.0,0.0,60.0,2012-08-22,True
553,214,509,214,236,2012-08-29,3,43.27,129.81,3.0,3.0,0.0,2012-08-22,True
554,214,510,214,237,2012-08-29,3,47.54,142.63,3.0,3.0,0.0,2012-08-22,True
555,215,511,215,165,2012-08-29,60,3.38,202.86,60.0,0.0,60.0,2012-08-22,True
556,215,512,215,166,2012-08-29,60,4.32,258.93,57.0,0.0,57.0,2012-08-22,True
557,216,513,216,247,2012-08-29,3,47.49,142.47,3.0,0.0,3.0,2012-08-22,True
558,216,514,216,235,2012-08-29,3,43.27,129.81,3.0,0.0,3.0,2012-08-22,True
559,216,515,216,249,2012-08-29,3,47.54,142.63,3.0,0.0,3.0,2012-08-22,True
560,216,516,216,250,2012-08-29,3,43.27,129.81,3.0,0.0,3.0,2012-08-22,True
561,217,517,217,149,2012-08-29,3,12.36,37.08,3.0,0.0,3.0,2012-08-22,True
562,218,518,218,118,2012-08-29,550,39.2,21558.08,550.0,0.0,550.0,2012-08-22,True
563,219,519,219,219,2012-08-29,3,36.97,110.91,3.0,0.0,3.0,2012-08-22,True
564,219,520,219,220,2012-08-29,3,34.87,104.61,3.0,0.0,3.0,2012-08-22,True
565,219,521,219,221,2012-08-29,3,39.14,117.43,3.0,0.0,3.0,2012-08-22,True
566,219,522,219,209,2012-08-29,3,47.58,142.73,3.0,0.0,3.0,2012-08-22,True
567,219,523,219,223,2012-08-29,3,45.48,136.43,3.0,0.0,3.0,2012-08-22,True
568,220,524,220,500,2012-08-29,550,34.87,19178.78,550.0,0.0,550.0,2012-08-22,True
569,220,525,220,499,2012-08-29,550,39.76,21869.93,550.0,55.0,495.0,2012-08-22,True
570,220,526,220,495,2012-08-29,550,43.98,24191.48,550.0,0.0,550.0,2012-08-22,True
571,221,527,221,86,2012-08-30,3,47.75,143.26,3.0,0.0,3.0,2012-08-23,True
572,221,528,221,87,2012-08-30,3,43.48,130.44,3.0,0.0,3.0,2012-08-23,True
573,221,529,221,88,2012-08-30,3,41.38,124.14,3.0,0.0,3.0,2012-08-23,True
574,221,530,221,89,2012-08-30,3,45.65,136.96,3.0,0.0,3.0,2012-08-23,True
575,222,531,222,170,2012-08-30,3,47.65,142.95,3.0,0.0,3.0,2012-08-23,True
576,222,532,222,158,2012-08-30,3,43.38,130.13,3.0,0.0,3.0,2012-08-23,True
577,223,533,223,500,2012-08-30,550,34.35,18890.03,550.0,0.0,550.0,2012-08-23,True
578,223,534,223,499,2012-08-30,550,39.24,21581.18,550.0,0.0,550.0,2012-08-23,True
579,224,535,224,204,2012-08-30,3,47.47,142.41,3.0,3.0,0.0,2012-08-23,True
580,224,536,224,205,2012-08-30,3,45.37,136.11,3.0,3.0,0.0,2012-08-23,True
581,225,537,225,498,2012-09-07,550,32.77,18023.78,550.0,0.0,550.0,2012-08-31,True
582,225,538,225,496,2012-09-07,550,37.09,20397.3,523.0,0.0,523.0,2012-08-31,True
583,225,539,225,494,2012-09-07,550,43.04,23671.73,550.0,0.0,550.0,2012-08-31,True
584,226,540,226,203,2012-09-07,550,10.82,5948.25,468.0,0.0,468.0,2012-08-31,True
585,227,541,227,447,2012-09-07,550,82.83,45558.98,550.0,0.0,550.0,2012-08-31,True
586,227,542,227,446,2012-09-07,550,82.83,45558.98,550.0,0.0,550.0,2012-08-31,True
587,228,543,228,183,2012-09-07,1250,0.21,262.5,1250.0,0.0,1250.0,2012-08-31,True
588,228,544,228,197,2012-09-07,1250,0.21,262.5,1250.0,0.0,1250.0,2012-08-31,True
589,229,545,229,191,2012-09-07,3,49.64,148.93,3.0,0.0,3.0,2012-08-31,True
590,229,546,229,192,2012-09-07,3,44.32,132.96,3.0,0.0,3.0,2012-08-31,True
591,229,547,229,193,2012-09-07,60,28.7,1721.79,60.0,0.0,60.0,2012-08-31,True
592,230,548,230,494,2012-09-07,550,42.51,23382.98,550.0,0.0,550.0,2012-08-31,True
593,230,549,230,501,2012-09-07,550,5.59,3072.3,550.0,55.0,495.0,2012-08-31,True
594,231,550,231,493,2012-09-07,60,15.74,944.37,60.0,0.0,60.0,2012-08-31,True
595,232,551,232,495,2012-09-07,550,43.46,23902.73,550.0,82.0,468.0,2012-08-31,True
596,232,552,232,497,2012-09-07,550,37.62,20691.83,550.0,0.0,550.0,2012-08-31,True
597,233,553,233,190,2012-09-11,550,48.58,26720.93,550.0,0.0,550.0,2012-09-04,True
598,234,554,234,498,2012-09-11,550,32.25,17735.03,550.0,550.0,0.0,2012-09-04,True
599,234,555,234,496,2012-09-11,550,36.56,20108.55,550.0,550.0,0.0,2012-09-04,True
600,235,556,235,190,2012-09-11,550,46.42,25531.28,550.0,0.0,550.0,2012-09-04,True
601,236,557,236,179,2012-09-11,3,43.4,130.19,3.0,0.0,3.0,2012-09-04,True
602,236,558,236,180,2012-09-11,3,39.12,117.37,3.0,0.0,3.0,2012-09-04,True
603,236,559,236,181,2012-09-11,3,37.02,111.07,3.0,0.0,3.0,2012-09-04,True
604,236,560,236,182,2012-09-11,3,41.3,123.89,3.0,0.0,3.0,2012-09-04,True
605,237,561,237,184,2012-09-19,3,41.92,125.75,3.0,0.0,3.0,2012-09-12,True
606,238,562,238,248,2012-09-19,3,50.26,150.79,3.0,0.0,3.0,2012-09-12,True
607,239,563,239,177,2012-09-19,3,41.38,124.14,3.0,0.0,3.0,2012-09-12,True
608,239,564,239,178,2012-09-19,3,39.28,117.84,3.0,0.0,3.0,2012-09-12,True
609,239,565,239,179,2012-09-19,3,43.55,130.66,3.0,0.0,3.0,2012-09-12,True
610,239,566,239,180,2012-09-19,3,39.28,117.84,3.0,0.0,3.0,2012-09-12,True
611,239,567,239,181,2012-09-19,3,37.18,111.54,3.0,0.0,3.0,2012-09-12,True
612,240,568,240,126,2012-09-19,550,16.09,8847.3,550.0,0.0,550.0,2012-09-12,True
613,241,569,241,186,2012-10-05,3,57.03,171.08,3.0,0.0,3.0,2012-09-28,True
614,242,570,242,117,2012-10-05,550,37.09,20397.3,550.0,82.0,468.0,2012-09-28,True
615,243,571,243,118,2012-10-05,550,26.6,14628.08,550.0,0.0,550.0,2012-09-28,True
616,244,572,244,188,2012-10-05,550,27.06,14882.18,550.0,550.0,0.0,2012-09-28,True
617,244,573,244,189,2012-10-05,550,33.58,18468.45,550.0,550.0,0.0,2012-09-28,True
618,245,574,245,227,2012-10-05,3,36.97,110.91,3.0,0.0,3.0,2012-09-28,True
619,245,575,245,228,2012-10-05,3,34.87,104.61,3.0,0.0,3.0,2012-09-28,True
620,245,576,245,229,2012-10-05,3,39.14,117.43,3.0,0.0,3.0,2012-09-28,True
621,245,577,245,230,2012-10-05,3,47.58,142.73,3.0,0.0,3.0,2012-09-28,True
622,246,578,246,231,2012-10-05,3,47.52,142.57,3.0,0.0,3.0,2012-09-28,True
623,246,579,246,232,2012-10-05,3,45.42,136.27,3.0,0.0,3.0,2012-09-28,True
624,246,580,246,233,2012-10-05,3,49.7,149.09,3.0,0.0,3.0,2012-09-28,True
625,246,581,246,234,2012-10-05,3,45.42,136.27,3.0,0.0,3.0,2012-09-28,True
626,247,582,247,191,2012-10-05,3,47.47,142.41,3.0,0.0,3.0,2012-09-28,True
627,247,583,247,192,2012-10-05,3,42.8,128.39,3.0,0.0,3.0,2012-09-28,True
628,247,584,247,193,2012-10-05,60,25.42,1525.23,60.0,0.0,60.0,2012-09-28,True
629,248,585,248,97,2012-10-05,3,45.58,136.74,3.0,0.0,3.0,2012-09-28,True
630,248,586,248,62,2012-10-05,3,43.48,130.44,3.0,0.0,3.0,2012-09-28,True
631,248,587,248,69,2012-10-05,3,47.75,143.26,3.0,0.0,3.0,2012-09-28,True
632,248,588,248,68,2012-10-05,3,43.48,130.44,3.0,0.0,3.0,2012-09-28,True
633,248,589,248,67,2012-10-05,3,41.38,124.14,3.0,0.0,3.0,2012-09-28,True
634,249,590,249,6,2012-10-05,550,62.99,34644.23,550.0,0.0,550.0,2012-09-28,True
635,250,591,250,191,2012-10-05,3,45.37,136.11,3.0,0.0,3.0,2012-09-28,True
636,250,592,250,192,2012-10-05,3,40.49,121.46,3.0,0.0,3.0,2012-09-28,True
637,250,593,250,193,2012-10-05,60,26.37,1581.93,60.0,0.0,60.0,2012-09-28,True
638,251,594,251,121,2012-10-05,3,48.76,146.29,3.0,0.0,3.0,2012-09-28,True
639,252,595,252,156,2012-10-05,3,34.19,102.56,3.0,0.0,3.0,2012-09-28,True
640,253,596,253,194,2012-10-05,3,50.26,150.79,3.0,0.0,3.0,2012-09-28,True
641,254,597,254,119,2012-10-05,550,10.73,5902.05,550.0,550.0,0.0,2012-09-28,True
642,254,598,254,120,2012-10-05,550,14.12,7767.38,550.0,550.0,0.0,2012-09-28,True
643,255,599,255,155,2012-10-05,60,48.91,2934.54,60.0,0.0,60.0,2012-09-28,True
644,256,600,256,442,2012-10-05,550,21.09,11601.98,468.0,0.0,468.0,2012-09-28,True
645,256,601,256,439,2012-10-05,550,30.44,16741.73,550.0,0.0,550.0,2012-09-28,True
646,256,602,256,436,2012-10-05,550,40.94,22516.73,550.0,0.0,550.0,2012-09-28,True
647,257,603,301,111,2012-10-16,60,9.2,551.88,60.0,0.0,60.0,2012-10-09,True
648,258,604,302,162,2012-10-16,550,5.78,3176.25,550.0,0.0,550.0,2012-10-09,True
649,258,605,302,163,2012-10-16,550,1.16,635.25,550.0,0.0,550.0,2012-10-09,True
650,258,606,302,132,2012-10-16,550,5.78,3176.25,550.0,0.0,550.0,2012-10-09,True
651,259,607,303,112,2012-10-16,550,23.39,12866.7,550.0,0.0,550.0,2012-10-09,True
652,259,608,303,113,2012-10-16,550,27.65,15205.58,550.0,0.0,550.0,2012-10-09,True
653,260,609,304,164,2012-10-16,550,1.37,750.75,550.0,0.0,550.0,2012-10-09,True
654,260,610,304,5,2012-10-16,550,62.99,34644.23,550.0,55.0,495.0,2012-10-09,True
655,260,611,304,131,2012-10-16,550,3.49,1917.3,550.0,0.0,550.0,2012-10-09,True
656,261,612,305,132,2012-10-25,550,6.2,3407.25,550.0,0.0,550.0,2012-10-18,True
657,262,613,306,112,2012-10-25,550,22.17,12191.03,550.0,82.0,468.0,2012-10-18,True
658,262,614,306,113,2012-10-25,550,29.28,16106.48,550.0,0.0,550.0,2012-10-18,True
659,263,615,307,150,2012-10-25,3,19.98,59.94,3.0,0.0,3.0,2012-10-18,True
660,264,616,308,204,2012-10-25,3,41.17,123.51,3.0,3.0,0.0,2012-10-18,True
661,264,617,308,205,2012-10-25,3,39.07,117.21,3.0,3.0,0.0,2012-10-18,True
662,265,618,309,9,2012-10-31,550,31.49,17319.23,550.0,0.0,550.0,2012-10-24,True
663,265,619,309,7,2012-10-31,550,48.29,26559.23,523.0,0.0,523.0,2012-10-24,True
664,266,620,310,252,2012-10-31,3,36.97,110.91,3.0,0.0,3.0,2012-10-24,True
665,266,621,310,253,2012-10-31,3,41.24,123.73,3.0,0.0,3.0,2012-10-24,True
666,266,622,310,254,2012-10-31,3,36.97,110.91,3.0,0.0,3.0,2012-10-24,True
667,266,623,310,255,2012-10-31,3,43.22,129.65,3.0,0.0,3.0,2012-10-24,True
668,267,624,311,148,2012-10-31,550,10.47,5757.68,550.0,0.0,550.0,2012-10-24,True
669,268,625,312,211,2012-10-31,3,47.47,142.41,3.0,0.0,3.0,2012-10-24,True
670,269,626,313,115,2012-10-31,550,23.08,12693.45,550.0,0.0,550.0,2012-10-24,True
671,269,627,313,116,2012-10-31,550,29.27,16100.7,550.0,0.0,550.0,2012-10-24,True
672,269,628,313,117,2012-10-31,550,34.98,19236.53,550.0,0.0,550.0,2012-10-24,True
673,270,629,314,436,2012-10-31,550,40.94,22516.73,550.0,0.0,550.0,2012-10-24,True
674,271,630,315,109,2012-10-31,550,2.32,1276.28,550.0,0.0,550.0,2012-10-24,True
675,272,631,316,122,2012-10-31,550,3.64,2003.93,550.0,82.0,468.0,2012-10-24,True
676,273,632,317,435,2012-10-31,550,40.94,22516.73,550.0,0.0,550.0,2012-10-24,True
677,274,633,318,165,2012-10-31,60,3.6,216.09,60.0,60.0,0.0,2012-10-24,True
678,274,634,318,166,2012-10-31,60,3.98,238.77,60.0,60.0,0.0,2012-10-24,True
679,275,635,319,9,2012-10-31,550,31.49,17319.23,550.0,0.0,550.0,2012-10-24,True
680,275,636,319,7,2012-10-31,550,48.29,26559.23,523.0,0.0,523.0,2012-10-24,True
681,276,637,320,120,2012-10-31,550,12.97,7132.13,468.0,0.0,468.0,2012-10-24,True
682,277,638,321,441,2012-10-31,550,21.09,11601.98,550.0,0.0,550.0,2012-10-24,True
683,277,639,321,438,2012-10-31,550,30.44,16741.73,550.0,0.0,550.0,2012-10-24,True
684,278,640,322,434,2012-10-31,550,40.94,22516.73,550.0,0.0,550.0,2012-10-24,True
685,279,641,323,4,2012-10-31,550,62.99,34644.23,550.0,0.0,550.0,2012-10-24,True
686,280,642,324,83,2012-10-31,3,41.22,123.67,3.0,0.0,3.0,2012-10-24,True
687,280,643,324,84,2012-10-31,3,39.12,117.37,3.0,0.0,3.0,2012-10-24,True
688,280,644,324,145,2012-10-31,3,43.4,130.19,3.0,0.0,3.0,2012-10-24,True
689,281,645,325,73,2013-02-22,3,47.68,143.04,3.0,0.0,3.0,2013-02-15,True
690,282,646,326,115,2013-02-22,550,23.4,12872.48,550.0,82.0,468.0,2013-02-15,True
691,282,647,326,116,2013-02-22,550,27.87,15326.85,550.0,0.0,550.0,2013-02-15,True
692,283,648,327,123,2013-02-22,550,6.75,3713.33,550.0,0.0,550.0,2013-02-15,True
693,284,649,328,10,2013-02-22,550,31.49,17319.23,550.0,550.0,0.0,2013-02-15,True
694,284,650,328,8,2013-02-22,550,48.29,26559.23,550.0,550.0,0.0,2013-02-15,True
695,285,651,329,155,2013-02-22,60,49.65,2979.27,60.0,0.0,60.0,2013-02-15,True
696,286,652,330,119,2013-02-22,550,10.38,5711.48,468.0,0.0,468.0,2013-02-15,True
697,287,653,331,94,2013-02-22,3,37.18,111.54,3.0,0.0,3.0,2013-02-15,True
698,287,654,331,95,2013-02-22,3,41.45,124.36,3.0,0.0,3.0,2013-02-15,True
699,287,655,331,96,2013-02-22,3,37.18,111.54,3.0,0.0,3.0,2013-02-15,True
700,288,656,332,149,2013-02-22,3,12.72,38.15,3.0,0.0,3.0,2013-02-15,True
701,288,657,332,150,2013-02-22,3,19.94,59.82,3.0,0.0,3.0,2013-02-15,True
702,289,658,333,124,2013-02-27,3,38.16,114.47,3.0,0.0,3.0,2013-02-20,True
703,290,659,334,110,2013-02-27,3,44.22,132.65,3.0,0.0,3.0,2013-02-20,True
704,291,660,335,10,2013-02-27,550,31.49,17319.23,550.0,0.0,550.0,2013-02-20,True
705,291,661,335,8,2013-02-27,550,48.29,26559.23,550.0,0.0,550.0,2013-02-20,True
706,292,662,336,167,2013-02-27,60,6.98,418.95,60.0,9.0,51.0,2013-02-20,True
707,293,663,337,238,2013-02-27,3,43.27,129.81,3.0,0.0,3.0,2013-02-20,True
708,293,664,337,239,2013-02-27,3,41.17,123.51,3.0,0.0,3.0,2013-02-20,True
709,293,665,337,240,2013-02-27,3,45.44,136.33,3.0,0.0,3.0,2013-02-20,True
710,294,666,338,165,2013-02-27,60,3.38,202.86,60.0,60.0,0.0,2013-02-20,True
711,294,667,338,166,2013-02-27,60,4.32,258.93,60.0,60.0,0.0,2013-02-20,True
712,295,668,339,251,2013-02-27,3,41.17,123.51,3.0,0.0,3.0,2013-02-20,True
713,295,669,339,252,2013-02-27,3,45.44,136.33,3.0,0.0,3.0,2013-02-20,True
714,295,670,339,253,2013-02-27,3,41.17,123.51,3.0,0.0,3.0,2013-02-20,True
715,295,671,339,254,2013-02-27,3,39.07,117.21,3.0,0.0,3.0,2013-02-20,True
716,295,672,339,255,2013-02-27,3,43.34,130.03,3.0,0.0,3.0,2013-02-20,True
717,295,673,339,256,2013-02-27,3,39.07,117.21,3.0,0.0,3.0,2013-02-20,True
718,295,674,339,301,2013-02-27,3,36.97,110.91,3.0,0.0,3.0,2013-02-20,True
719,295,675,339,302,2013-02-27,3,41.24,123.73,3.0,0.0,3.0,2013-02-20,True
720,296,676,340,149,2013-02-27,3,12.36,37.08,3.0,0.0,3.0,2013-02-20,True
721,297,677,341,118,2013-04-19,550,39.2,21558.08,550.0,0.0,550.0,2013-04-12,True
722,298,678,342,224,2013-04-19,3,49.75,149.25,3.0,0.0,3.0,2013-04-12,True
723,298,679,342,225,2013-04-19,3,45.48,136.43,3.0,0.0,3.0,2013-04-12,True
724,298,680,342,226,2013-04-19,3,43.38,130.13,3.0,0.0,3.0,2013-04-12,True
725,298,681,342,227,2013-04-19,3,47.65,142.95,3.0,0.0,3.0,2013-04-12,True
726,298,682,342,228,2013-04-19,3,43.38,130.13,3.0,0.0,3.0,2013-04-12,True
727,299,683,343,497,2013-04-19,550,38.15,20980.58,550.0,0.0,550.0,2013-04-12,True
728,300,684,344,90,2013-04-19,3,41.38,124.14,3.0,0.0,3.0,2013-04-12,True
729,300,685,344,91,2013-04-19,3,39.28,117.84,3.0,0.0,3.0,2013-04-12,True
730,300,686,344,92,2013-04-19,3,43.55,130.66,3.0,0.0,3.0,2013-04-12,True
731,301,687,345,159,2013-04-26,3,41.28,123.83,3.0,0.0,3.0,2013-04-19,True
732,301,688,345,160,2013-04-26,3,45.55,136.65,3.0,0.0,3.0,2013-04-19,True
733,302,689,346,500,2013-04-26,550,34.35,18890.03,550.0,82.0,468.0,2013-04-19,True
734,302,690,346,499,2013-04-26,550,39.24,21581.18,550.0,0.0,550.0,2013-04-19,True
735,303,691,347,206,2013-04-26,3,49.64,148.93,3.0,0.0,3.0,2013-04-19,True
736,303,692,347,207,2013-04-26,3,45.37,136.11,3.0,0.0,3.0,2013-04-19,True
737,303,693,347,208,2013-04-26,3,43.27,129.81,3.0,0.0,3.0,2013-04-19,True
738,304,694,348,498,2013-04-26,550,32.77,18023.78,550.0,550.0,0.0,2013-04-19,True
739,304,695,348,496,2013-04-26,550,37.09,20397.3,550.0,550.0,0.0,2013-04-19,True
740,305,696,349,203,2013-05-08,550,10.82,5948.25,550.0,0.0,550.0,2013-05-01,True
741,306,697,350,447,2013-05-08,550,82.83,45558.98,468.0,0.0,468.0,2013-05-01,True
742,306,698,350,446,2013-05-08,550,82.83,45558.98,550.0,0.0,550.0,2013-05-01,True
743,307,699,351,183,2013-05-08,1250,0.21,262.5,1250.0,0.0,1250.0,2013-05-01,True
744,307,700,351,197,2013-05-08,1250,0.21,262.5,1250.0,0.0,1250.0,2013-05-01,True
745,308,701,352,191,2013-05-08,3,49.64,148.93,3.0,0.0,3.0,2013-05-01,True
746,308,702,352,192,2013-05-08,3,44.32,132.96,3.0,0.0,3.0,2013-05-01,True
747,308,703,352,193,2013-05-08,60,28.7,1721.79,60.0,0.0,60.0,2013-05-01,True
748,309,704,353,494,2013-05-08,550,42.51,23382.98,550.0,0.0,550.0,2013-05-01,True
749,309,705,353,501,2013-05-08,550,5.59,3072.3,550.0,0.0,550.0,2013-05-01,True
750,310,706,354,493,2013-05-08,60,15.74,944.37,60.0,0.0,60.0,2013-05-01,True
751,311,707,355,503,2013-05-08,550,6.53,3592.05,550.0,0.0,550.0,2013-05-01,True
752,311,708,355,502,2013-05-08,550,6.18,3401.48,550.0,0.0,550.0,2013-05-01,True
753,312,709,356,188,2013-05-08,550,29.58,16268.18,550.0,82.0,468.0,2013-05-01,True
754,312,710,356,189,2013-05-08,550,36.1,19854.45,550.0,0.0,550.0,2013-05-01,True
755,313,711,357,498,2013-05-08,550,32.25,17735.03,550.0,0.0,550.0,2013-05-01,True
756,313,712,357,496,2013-05-08,550,36.56,20108.55,550.0,0.0,550.0,2013-05-01,True
757,314,713,358,190,2013-05-08,550,46.42,25531.28,550.0,550.0,0.0,2013-05-01,True
758,315,714,359,196,2013-05-08,3,37.02,111.07,3.0,0.0,3.0,2013-05-01,True
759,316,715,360,184,2013-05-08,3,41.92,125.75,3.0,0.0,3.0,2013-05-01,True
760,317,716,361,248,2013-05-08,3,50.26,150.79,3.0,0.0,3.0,2013-05-01,True
761,318,717,362,182,2013-05-08,3,41.45,124.36,3.0,0.0,3.0,2013-05-01,True
762,318,718,362,196,2013-05-08,3,37.18,111.54,3.0,0.0,3.0,2013-05-01,True
763,319,719,363,126,2013-05-08,550,16.09,8847.3,550.0,0.0,550.0,2013-05-01,True
764,320,720,364,186,2013-05-08,3,57.03,171.08,3.0,0.0,3.0,2013-05-01,True
765,321,721,365,117,2013-05-09,550,37.09,20397.3,550.0,0.0,550.0,2013-05-02,True
766,322,722,366,118,2013-05-09,550,26.6,14628.08,550.0,82.0,468.0,2013-05-02,True
767,323,723,367,190,2013-05-09,550,46.06,25334.93,550.0,0.0,550.0,2013-05-02,True
768,324,724,368,212,2013-05-09,3,47.47,142.41,3.0,3.0,0.0,2013-05-02,True
769,324,725,368,213,2013-05-09,3,45.37,136.11,3.0,3.0,0.0,2013-05-02,True
770,325,726,369,138,2013-05-09,3,43.32,129.97,3.0,0.0,3.0,2013-05-02,True
771,325,727,369,86,2013-05-09,3,47.6,142.79,3.0,0.0,3.0,2013-05-02,True
772,325,728,369,87,2013-05-09,3,43.32,129.97,3.0,0.0,3.0,2013-05-02,True
773,325,729,369,88,2013-05-09,3,41.22,123.67,3.0,0.0,3.0,2013-05-02,True
774,325,730,369,89,2013-05-09,3,45.5,136.49,3.0,0.0,3.0,2013-05-02,True
775,325,731,369,90,2013-05-09,3,41.22,123.67,3.0,0.0,3.0,2013-05-02,True
776,325,732,369,91,2013-05-09,3,39.12,117.37,3.0,0.0,3.0,2013-05-02,True
777,325,733,369,92,2013-05-09,3,43.4,130.19,3.0,0.0,3.0,2013-05-02,True
778,325,734,369,93,2013-05-09,3,39.12,117.37,3.0,0.0,3.0,2013-05-02,True
779,325,735,369,94,2013-05-09,3,37.02,111.07,3.0,0.0,3.0,2013-05-02,True
780,325,736,369,95,2013-05-09,3,41.3,123.89,3.0,0.0,3.0,2013-05-02,True
781,325,737,369,96,2013-05-09,3,37.02,111.07,3.0,0.0,3.0,2013-05-02,True
782,326,738,370,191,2013-05-09,3,47.47,142.41,3.0,0.0,3.0,2013-05-02,True
783,326,739,370,192,2013-05-09,3,42.8,128.39,3.0,0.0,3.0,2013-05-02,True
784,326,740,370,193,2013-05-09,60,25.42,1525.23,60.0,0.0,60.0,2013-05-02,True
785,327,741,371,66,2013-05-09,3,45.65,136.96,3.0,0.0,3.0,2013-05-02,True
786,327,742,371,65,2013-05-09,3,41.38,124.14,3.0,0.0,3.0,2013-05-02,True
787,327,743,371,64,2013-05-09,3,39.28,117.84,3.0,0.0,3.0,2013-05-02,True
788,327,744,371,63,2013-05-09,3,43.55,130.66,3.0,0.0,3.0,2013-05-02,True
789,327,745,371,61,2013-05-09,3,39.28,117.84,3.0,0.0,3.0,2013-05-02,True
790,327,746,371,71,2013-05-09,3,37.18,111.54,3.0,0.0,3.0,2013-05-02,True
791,328,747,372,6,2013-05-09,550,62.99,34644.23,550.0,0.0,550.0,2013-05-02,True
792,329,748,373,191,2013-05-09,3,45.37,136.11,3.0,0.0,3.0,2013-05-02,True
793,329,749,373,192,2013-05-09,3,40.49,121.46,3.0,0.0,3.0,2013-05-02,True
794,329,750,373,193,2013-05-09,60,26.37,1581.93,60.0,0.0,60.0,2013-05-02,True
795,330,751,374,121,2013-05-09,3,48.76,146.29,3.0,0.0,3.0,2013-05-02,True
796,331,752,375,156,2013-05-09,3,34.19,102.56,3.0,0.0,3.0,2013-05-02,True
797,332,753,376,194,2013-05-09,3,50.26,150.79,3.0,0.0,3.0,2013-05-02,True
798,333,754,377,119,2013-05-09,550,10.73,5902.05,550.0,0.0,550.0,2013-05-02,True
799,333,755,377,120,2013-05-09,550,14.12,7767.38,550.0,0.0,550.0,2013-05-02,True
800,334,756,378,151,2013-05-09,60,50.26,3015.81,60.0,60.0,0.0,2013-05-02,True
801,334,757,378,152,2013-05-09,60,57.15,3429.09,60.0,60.0,0.0,2013-05-02,True
802,335,758,379,440,2013-05-09,550,21.09,11601.98,550.0,0.0,550.0,2013-05-02,True
803,335,759,379,437,2013-05-09,550,30.44,16741.73,523.0,0.0,523.0,2013-05-02,True
804,335,760,379,434,2013-05-09,550,40.94,22516.73,550.0,0.0,550.0,2013-05-02,True
805,335,761,379,441,2013-05-09,550,21.09,11601.98,550.0,0.0,550.0,2013-05-02,True
806,335,762,379,438,2013-05-09,550,30.44,16741.73,550.0,0.0,550.0,2013-05-02,True
807,335,763,379,435,2013-05-09,550,40.94,22516.73,550.0,0.0,550.0,2013-05-02,True
808,335,764,379,442,2013-05-09,550,21.09,11601.98,550.0,0.0,550.0,2013-05-02,True
809,335,765,379,439,2013-05-09,550,30.44,16741.73,550.0,0.0,550.0,2013-05-02,True
810,335,766,379,436,2013-05-09,550,40.94,22516.73,550.0,0.0,550.0,2013-05-02,True
811,336,767,380,111,2013-05-09,60,9.2,551.88,51.0,0.0,51.0,2013-05-02,True
812,337,768,381,162,2013-05-23,550,5.78,3176.25,550.0,0.0,550.0,2013-05-16,True
1301,337,769,381,163,2013-05-23,550,1.16,635.25,550.0,0.0,550.0,2013-05-16,True
1302,337,770,381,132,2013-05-23,550,5.78,3176.25,550.0,0.0,550.0,2013-05-16,True
1303,338,771,382,112,2013-05-23,550,23.39,12866.7,550.0,0.0,550.0,2013-05-16,True
1304,338,772,382,113,2013-05-23,550,27.65,15205.58,550.0,0.0,550.0,2013-05-16,True
1305,339,773,383,164,2013-05-23,550,1.37,750.75,550.0,0.0,550.0,2013-05-16,True
1306,339,774,383,5,2013-05-23,550,62.99,34644.23,550.0,0.0,550.0,2013-05-16,True
1307,339,775,383,131,2013-05-23,550,3.49,1917.3,550.0,0.0,550.0,2013-05-16,True
1308,340,776,384,162,2013-05-23,550,6.2,3407.25,550.0,0.0,550.0,2013-05-16,True
1309,340,777,384,163,2013-05-23,550,1.47,808.5,550.0,55.0,495.0,2013-05-16,True
1310,340,778,384,132,2013-05-23,550,6.2,3407.25,550.0,0.0,550.0,2013-05-16,True
1311,341,779,385,112,2013-05-23,550,22.17,12191.03,550.0,0.0,550.0,2013-05-16,True
1312,341,780,385,113,2013-05-23,550,29.28,16106.48,550.0,0.0,550.0,2013-05-16,True
1313,342,781,386,150,2013-05-23,3,19.98,59.94,3.0,0.0,3.0,2013-05-16,True
1314,343,782,387,206,2013-05-23,3,43.34,130.03,3.0,0.0,3.0,2013-05-16,True
1315,343,783,387,207,2013-05-23,3,39.07,117.21,3.0,0.0,3.0,2013-05-16,True
1316,343,784,387,208,2013-05-23,3,36.97,110.91,3.0,0.0,3.0,2013-05-16,True
1317,344,785,388,9,2013-05-23,550,31.49,17319.23,550.0,550.0,0.0,2013-05-16,True
1318,344,786,388,7,2013-05-23,550,48.29,26559.23,550.0,550.0,0.0,2013-05-16,True
1319,345,787,389,256,2013-05-28,3,47.49,142.47,3.0,0.0,3.0,2013-05-21,True
1320,345,788,389,301,2013-05-28,3,43.27,129.81,3.0,0.0,3.0,2013-05-21,True
1321,345,789,389,302,2013-05-28,3,47.54,142.63,3.0,0.0,3.0,2013-05-21,True
1322,346,790,390,135,2013-05-28,550,15.89,8737.58,468.0,0.0,468.0,2013-05-21,True
1323,346,791,390,136,2013-05-28,550,11.67,6416.03,550.0,0.0,550.0,2013-05-21,True
1324,346,792,390,137,2013-05-28,550,11.09,6098.4,550.0,0.0,550.0,2013-05-21,True
1325,346,793,390,104,2013-05-28,550,15.89,8737.58,550.0,0.0,550.0,2013-05-21,True
1326,347,794,391,211,2013-05-28,3,47.47,142.41,3.0,0.0,3.0,2013-05-21,True
1327,348,795,392,115,2013-05-28,550,23.08,12693.45,550.0,0.0,550.0,2013-05-21,True
1328,348,796,392,116,2013-05-28,550,29.27,16100.7,550.0,0.0,550.0,2013-05-21,True
1329,348,797,392,117,2013-05-28,550,34.98,19236.53,550.0,0.0,550.0,2013-05-21,True
1330,349,798,393,212,2013-06-05,3,45.37,136.11,3.0,0.0,3.0,2013-05-29,True
1331,349,799,393,213,2013-06-05,3,49.64,148.93,3.0,0.0,3.0,2013-05-29,True
1332,349,800,393,214,2013-06-05,3,45.37,136.11,3.0,0.0,3.0,2013-05-29,True
1333,349,801,393,215,2013-06-05,3,43.27,129.81,3.0,0.0,3.0,2013-05-29,True
1334,349,802,393,216,2013-06-05,3,47.54,142.63,3.0,0.0,3.0,2013-05-29,True
1335,350,803,394,109,2013-06-05,550,2.32,1276.28,550.0,0.0,550.0,2013-05-29,True
1336,351,804,395,122,2013-06-05,550,3.64,2003.93,550.0,0.0,550.0,2013-05-29,True
1337,352,805,396,440,2013-06-05,550,21.09,11601.98,550.0,82.0,468.0,2013-05-29,True
1338,352,806,396,437,2013-06-05,550,30.44,16741.73,550.0,0.0,550.0,2013-05-29,True
1339,353,807,397,165,2013-06-05,60,3.6,216.09,60.0,0.0,60.0,2013-05-29,True
1340,353,808,397,166,2013-06-05,60,3.98,238.77,60.0,0.0,60.0,2013-05-29,True
1341,354,809,398,9,2013-06-05,550,31.49,17319.23,550.0,550.0,0.0,2013-05-29,True
1342,354,810,398,7,2013-06-05,550,48.29,26559.23,550.0,550.0,0.0,2013-05-29,True
1343,355,811,399,120,2013-06-05,550,12.97,7132.13,550.0,0.0,550.0,2013-05-29,True
1344,356,812,400,441,2013-06-05,550,21.09,11601.98,468.0,0.0,468.0,2013-05-29,True
1345,356,813,400,438,2013-06-05,550,30.44,16741.73,550.0,0.0,550.0,2013-05-29,True
1346,357,814,401,434,2013-06-05,550,40.94,22516.73,550.0,0.0,550.0,2013-05-29,True
1347,358,815,402,4,2013-06-05,550,62.99,34644.23,550.0,0.0,550.0,2013-05-29,True
1348,359,816,403,134,2013-06-05,3,39.12,117.37,3.0,0.0,3.0,2013-05-29,True
1349,360,817,404,73,2013-06-05,3,47.68,143.04,3.0,0.0,3.0,2013-05-29,True
1350,361,818,405,115,2013-06-05,550,23.4,12872.48,550.0,0.0,550.0,2013-05-29,True
1351,361,819,405,116,2013-06-05,550,27.87,15326.85,550.0,0.0,550.0,2013-05-29,True
1352,362,820,406,123,2013-06-05,550,6.75,3713.33,550.0,82.0,468.0,2013-05-29,True
1353,363,821,407,114,2013-06-05,550,36.28,19952.63,550.0,0.0,550.0,2013-05-29,True
1354,364,822,408,151,2013-06-05,60,50.75,3044.79,60.0,60.0,0.0,2013-05-29,True
1355,364,823,408,152,2013-06-05,60,58.26,3495.87,60.0,60.0,0.0,2013-05-29,True
1356,365,824,409,119,2013-06-06,550,10.38,5711.48,550.0,0.0,550.0,2013-05-30,True
1357,366,825,410,231,2013-06-06,3,47.68,143.04,3.0,0.0,3.0,2013-05-30,True
1358,366,826,410,232,2013-06-06,3,45.58,136.74,3.0,0.0,3.0,2013-05-30,True
1359,366,827,410,233,2013-06-06,3,49.85,149.56,3.0,0.0,3.0,2013-05-30,True
1360,366,828,410,234,2013-06-06,3,45.58,136.74,3.0,0.0,3.0,2013-05-30,True
1361,367,829,411,149,2013-06-06,3,12.72,38.15,3.0,0.0,3.0,2013-05-30,True
1362,367,830,411,150,2013-06-06,3,19.94,59.82,3.0,0.0,3.0,2013-05-30,True
1363,368,831,412,124,2013-06-06,3,38.16,114.47,3.0,0.0,3.0,2013-05-30,True
1364,369,832,413,110,2013-06-06,3,44.22,132.65,3.0,0.0,3.0,2013-05-30,True
1365,370,833,414,10,2013-06-06,550,31.49,17319.23,550.0,0.0,550.0,2013-05-30,True
1366,370,834,414,8,2013-06-06,550,48.29,26559.23,550.0,55.0,495.0,2013-05-30,True
1367,371,835,415,167,2013-06-06,60,6.98,418.95,60.0,0.0,60.0,2013-05-30,True
1368,372,836,416,241,2013-06-06,3,41.17,123.51,3.0,0.0,3.0,2013-05-30,True
1369,372,837,416,242,2013-06-06,3,39.07,117.21,3.0,0.0,3.0,2013-05-30,True
1370,373,838,417,165,2013-06-06,60,3.38,202.86,60.0,0.0,60.0,2013-05-30,True
1371,373,839,417,166,2013-06-06,60,4.32,258.93,60.0,0.0,60.0,2013-05-30,True
1372,374,840,418,236,2013-06-06,3,43.27,129.81,3.0,3.0,0.0,2013-05-30,True
1373,374,841,418,237,2013-06-06,3,41.17,123.51,3.0,3.0,0.0,2013-05-30,True
1374,375,842,419,149,2013-06-06,3,12.36,37.08,3.0,0.0,3.0,2013-05-30,True
1375,376,843,420,118,2013-06-06,550,39.2,21558.08,468.0,0.0,468.0,2013-05-30,True
1376,377,844,421,229,2013-06-06,3,41.28,123.83,3.0,0.0,3.0,2013-05-30,True
1377,377,845,421,230,2013-06-06,3,45.55,136.65,3.0,0.0,3.0,2013-05-30,True
1378,378,846,422,500,2013-06-06,550,34.87,19178.78,550.0,0.0,550.0,2013-05-30,True
1379,378,847,422,499,2013-06-06,550,39.76,21869.93,550.0,0.0,550.0,2013-05-30,True
1380,378,848,422,495,2013-06-06,550,43.98,24191.48,550.0,0.0,550.0,2013-05-30,True
1381,378,849,422,497,2013-06-06,550,38.15,20980.58,550.0,0.0,550.0,2013-05-30,True
1382,379,850,423,93,2013-06-06,3,39.28,117.84,3.0,0.0,3.0,2013-05-30,True
1383,379,851,423,94,2013-06-06,3,37.18,111.54,3.0,0.0,3.0,2013-05-30,True
1384,379,852,423,95,2013-06-06,3,41.45,124.36,3.0,0.0,3.0,2013-05-30,True
1385,379,853,423,96,2013-06-06,3,37.18,111.54,3.0,0.0,3.0,2013-05-30,True
1386,380,854,424,204,2013-06-06,3,47.58,142.73,3.0,0.0,3.0,2013-05-30,True
1387,380,855,424,205,2013-06-06,3,45.48,136.43,3.0,0.0,3.0,2013-05-30,True
1388,380,856,424,206,2013-06-06,3,49.75,149.25,3.0,0.0,3.0,2013-05-30,True
1389,381,857,425,500,2013-06-12,550,34.35,18890.03,550.0,0.0,550.0,2013-06-05,True
1390,381,858,425,499,2013-06-12,550,39.24,21581.18,550.0,0.0,550.0,2013-06-05,True
1391,382,859,426,170,2013-06-12,3,47.54,142.63,3.0,0.0,3.0,2013-06-05,True
1392,382,860,426,158,2013-06-12,3,43.27,129.81,3.0,0.0,3.0,2013-06-05,True
1393,383,861,427,494,2013-06-12,550,43.04,23671.73,550.0,0.0,550.0,2013-06-05,True
1394,384,862,428,203,2013-06-12,550,10.82,5948.25,550.0,550.0,0.0,2013-06-05,True
1395,385,863,429,447,2013-06-12,550,82.83,45558.98,550.0,0.0,550.0,2013-06-05,True
1396,385,864,429,446,2013-06-12,550,82.83,45558.98,523.0,0.0,523.0,2013-06-05,True
1397,386,865,430,183,2013-06-12,1250,0.21,262.5,1063.0,0.0,1063.0,2013-06-05,True
1398,386,866,430,197,2013-06-12,1250,0.21,262.5,1250.0,0.0,1250.0,2013-06-05,True
1399,387,867,431,191,2013-06-12,3,49.64,148.93,3.0,0.0,3.0,2013-06-05,True
1400,387,868,431,192,2013-06-12,3,44.32,132.96,3.0,0.0,3.0,2013-06-05,True
1401,387,869,431,193,2013-06-12,60,28.7,1721.79,60.0,0.0,60.0,2013-06-05,True
1402,388,870,432,494,2013-06-12,550,42.51,23382.98,550.0,0.0,550.0,2013-06-05,True
1403,388,871,432,501,2013-06-12,550,5.59,3072.3,550.0,0.0,550.0,2013-06-05,True
1404,389,872,433,493,2013-06-12,60,15.74,944.37,60.0,0.0,60.0,2013-06-05,True
1405,390,873,434,495,2013-06-12,550,43.46,23902.73,550.0,0.0,550.0,2013-06-05,True
1406,390,874,434,497,2013-06-12,550,37.62,20691.83,550.0,55.0,495.0,2013-06-05,True
1407,390,875,434,503,2013-06-12,550,6.53,3592.05,550.0,0.0,550.0,2013-06-05,True
1408,391,876,435,190,2013-06-12,550,48.58,26720.93,550.0,0.0,550.0,2013-06-05,True
1409,392,877,436,498,2013-06-12,550,32.25,17735.03,550.0,82.0,468.0,2013-06-05,True
1410,392,878,436,496,2013-06-12,550,36.56,20108.55,550.0,0.0,550.0,2013-06-05,True
1411,393,879,437,190,2013-06-25,550,46.42,25531.28,550.0,0.0,550.0,2013-06-18,True
1412,394,880,438,168,2013-06-25,3,47.52,142.57,3.0,3.0,0.0,2013-06-18,True
1413,394,881,438,169,2013-06-25,3,45.42,136.27,3.0,3.0,0.0,2013-06-18,True
1414,395,882,439,184,2013-06-25,3,41.92,125.75,3.0,0.0,3.0,2013-06-18,True
1415,396,883,440,248,2013-06-25,3,50.26,150.79,3.0,0.0,3.0,2013-06-18,True
1416,397,884,441,168,2013-07-09,3,47.68,143.04,3.0,0.0,3.0,2013-07-02,True
1417,397,885,441,169,2013-07-09,3,45.58,136.74,3.0,0.0,3.0,2013-07-02,True
1418,397,886,441,157,2013-07-09,3,49.85,149.56,3.0,0.0,3.0,2013-07-02,True
1419,397,887,441,171,2013-07-09,3,45.58,136.74,3.0,0.0,3.0,2013-07-02,True
1420,397,888,441,172,2013-07-09,3,43.48,130.44,3.0,0.0,3.0,2013-07-02,True
1421,397,889,441,173,2013-07-09,3,47.75,143.26,3.0,0.0,3.0,2013-07-02,True
1422,398,890,442,126,2013-07-09,550,16.09,8847.3,550.0,0.0,550.0,2013-07-02,True
1423,399,891,443,186,2013-07-09,3,57.03,171.08,3.0,0.0,3.0,2013-07-02,True
1424,400,892,444,117,2013-07-09,550,37.09,20397.3,550.0,0.0,550.0,2013-07-02,True
1425,401,893,445,118,2013-07-09,550,26.6,14628.08,550.0,0.0,550.0,2013-07-02,True
1426,402,894,446,188,2013-07-09,550,27.06,14882.18,550.0,82.0,468.0,2013-07-02,True
1427,402,895,446,189,2013-07-09,550,33.58,18468.45,550.0,0.0,550.0,2013-07-02,True
1428,403,896,447,214,2013-07-09,3,49.64,148.93,3.0,0.0,3.0,2013-07-02,True
1429,403,897,447,215,2013-07-09,3,45.37,136.11,3.0,0.0,3.0,2013-07-02,True
1430,403,898,447,216,2013-07-09,3,43.27,129.81,3.0,0.0,3.0,2013-07-02,True
1431,404,899,448,231,2013-07-09,3,47.52,142.57,3.0,3.0,0.0,2013-07-02,True
1432,404,900,448,232,2013-07-09,3,45.42,136.27,3.0,3.0,0.0,2013-07-02,True
1433,405,901,449,191,2013-07-26,3,47.47,142.41,3.0,0.0,3.0,2013-07-19,True
1434,405,902,449,192,2013-07-26,3,42.8,128.39,3.0,0.0,3.0,2013-07-19,True
1435,405,903,449,193,2013-07-26,60,25.42,1525.23,60.0,0.0,60.0,2013-07-19,True
1436,406,904,450,72,2013-07-26,3,41.45,124.36,3.0,0.0,3.0,2013-07-19,True
1437,407,905,451,6,2013-07-26,550,62.99,34644.23,550.0,0.0,550.0,2013-07-19,True
1438,408,906,452,191,2013-07-26,3,45.37,136.11,3.0,0.0,3.0,2013-07-19,True
1439,408,907,452,192,2013-07-26,3,40.49,121.46,3.0,0.0,3.0,2013-07-19,True
1440,408,908,452,193,2013-07-26,60,26.37,1581.93,60.0,0.0,60.0,2013-07-19,True
1441,409,909,453,121,2013-08-05,3,48.76,146.29,3.0,0.0,3.0,2013-07-29,True
1442,410,910,454,156,2013-08-05,3,34.19,102.56,3.0,0.0,3.0,2013-07-29,True
1443,411,911,455,194,2013-08-05,3,50.26,150.79,3.0,0.0,3.0,2013-07-29,True
1444,412,912,456,119,2013-08-05,550,10.73,5902.05,550.0,82.0,468.0,2013-07-29,True
1445,412,913,456,120,2013-08-05,550,14.12,7767.38,550.0,0.0,550.0,2013-07-29,True
1446,413,914,457,153,2013-08-13,60,53.2,3192.21,60.0,0.0,60.0,2013-08-06,True
1447,413,915,457,154,2013-08-13,60,63.69,3821.58,60.0,0.0,60.0,2013-08-06,True
1448,413,916,457,155,2013-08-13,60,48.91,2934.54,60.0,0.0,60.0,2013-08-06,True
1449,414,917,458,440,2013-08-13,550,21.09,11601.98,550.0,550.0,0.0,2013-08-06,True
1450,414,918,458,437,2013-08-13,550,30.44,16741.73,550.0,550.0,0.0,2013-08-06,True
1451,415,919,459,111,2013-08-13,60,9.2,551.88,60.0,0.0,60.0,2013-08-06,True
1452,416,920,460,162,2013-08-13,550,5.78,3176.25,468.0,0.0,468.0,2013-08-06,True
1453,416,921,460,163,2013-08-13,550,1.16,635.25,550.0,0.0,550.0,2013-08-06,True
1454,416,922,460,132,2013-08-13,550,5.78,3176.25,550.0,0.0,550.0,2013-08-06,True
1455,417,923,461,191,2013-08-18,3,49.64,148.93,3.0,0.0,3.0,2013-08-11,True
1456,417,924,461,192,2013-08-18,3,44.32,132.96,3.0,0.0,3.0,2013-08-11,True
1457,417,925,461,193,2013-08-18,60,28.7,1721.79,60.0,0.0,60.0,2013-08-11,True
1458,418,926,462,494,2013-08-18,550,42.51,23382.98,550.0,0.0,550.0,2013-08-11,True
1459,418,927,462,501,2013-08-18,550,5.59,3072.3,550.0,0.0,550.0,2013-08-11,True
1460,419,928,463,493,2013-08-18,60,15.74,944.37,60.0,0.0,60.0,2013-08-11,True
1461,420,929,464,502,2013-08-18,550,6.18,3401.48,550.0,0.0,550.0,2013-08-11,True
1462,421,930,465,188,2013-08-18,550,29.58,16268.18,550.0,0.0,550.0,2013-08-11,True
1463,421,931,465,189,2013-08-18,550,36.1,19854.45,550.0,0.0,550.0,2013-08-11,True
1464,421,932,465,190,2013-08-18,550,48.58,26720.93,550.0,27.0,523.0,2013-08-11,True
1465,422,933,466,498,2013-08-18,550,32.25,17735.03,550.0,82.0,468.0,2013-08-11,True
1466,422,934,466,496,2013-08-18,550,36.56,20108.55,550.0,0.0,550.0,2013-08-11,True
1467,423,935,467,190,2013-08-18,550,46.42,25531.28,550.0,0.0,550.0,2013-08-11,True
1468,424,936,468,157,2013-08-18,3,49.7,149.09,3.0,0.0,3.0,2013-08-11,True
1469,424,937,468,171,2013-08-18,3,45.42,136.27,3.0,0.0,3.0,2013-08-11,True
1470,425,938,469,184,2013-08-18,3,41.92,125.75,3.0,0.0,3.0,2013-08-11,True
1471,426,939,470,248,2013-08-18,3,50.26,150.79,3.0,0.0,3.0,2013-08-11,True
1472,427,940,471,174,2013-08-18,3,43.48,130.44,3.0,0.0,3.0,2013-08-11,True
1473,427,941,471,175,2013-08-18,3,41.38,124.14,3.0,0.0,3.0,2013-08-11,True
1474,427,942,471,176,2013-08-18,3,45.65,136.96,3.0,0.0,3.0,2013-08-11,True
1475,427,943,471,177,2013-08-18,3,41.38,124.14,3.0,0.0,3.0,2013-08-11,True
1476,427,944,471,178,2013-08-18,3,39.28,117.84,3.0,0.0,3.0,2013-08-11,True
1477,427,945,471,179,2013-08-18,3,43.55,130.66,3.0,0.0,3.0,2013-08-11,True
1478,428,946,472,126,2013-08-18,550,16.09,8847.3,550.0,0.0,550.0,2013-08-11,True
1479,429,947,473,186,2013-08-18,3,57.03,171.08,3.0,0.0,3.0,2013-08-11,True
1480,430,948,474,117,2013-08-18,550,37.09,20397.3,550.0,0.0,550.0,2013-08-11,True
1481,431,949,475,118,2013-08-18,550,26.6,14628.08,550.0,0.0,550.0,2013-08-11,True
1482,432,950,476,190,2013-08-18,550,46.06,25334.93,550.0,82.0,468.0,2013-08-11,True
1483,433,951,477,217,2013-08-19,3,47.54,142.63,3.0,0.0,3.0,2013-08-12,True
1484,433,952,477,218,2013-08-19,3,43.27,129.81,3.0,0.0,3.0,2013-08-12,True
1485,433,953,477,219,2013-08-19,3,41.17,123.51,3.0,0.0,3.0,2013-08-12,True
1486,434,954,478,233,2013-08-19,3,49.7,149.09,3.0,0.0,3.0,2013-08-12,True
1487,434,955,478,234,2013-08-19,3,45.42,136.27,3.0,0.0,3.0,2013-08-12,True
1488,435,956,479,191,2013-08-19,3,47.47,142.41,3.0,0.0,3.0,2013-08-12,True
1489,435,957,479,192,2013-08-19,3,42.8,128.39,3.0,0.0,3.0,2013-08-12,True
1490,435,958,479,193,2013-08-19,60,25.42,1525.23,60.0,0.0,60.0,2013-08-12,True
1491,436,959,480,85,2013-08-19,3,41.22,123.67,3.0,0.0,3.0,2013-08-12,True
1492,436,960,480,98,2013-08-19,3,45.5,136.49,3.0,0.0,3.0,2013-08-12,True
1493,436,961,480,99,2013-08-19,3,41.22,123.67,3.0,0.0,3.0,2013-08-12,True
1494,436,962,480,100,2013-08-19,3,39.12,117.37,3.0,0.0,3.0,2013-08-12,True
1495,437,963,481,6,2013-08-19,550,62.99,34644.23,550.0,0.0,550.0,2013-08-12,True
1496,438,964,482,191,2013-08-19,3,45.37,136.11,3.0,0.0,3.0,2013-08-12,True
1497,438,965,482,192,2013-08-19,3,40.49,121.46,3.0,0.0,3.0,2013-08-12,True
1498,438,966,482,193,2013-08-19,60,26.37,1581.93,60.0,0.0,60.0,2013-08-12,True
1499,439,967,483,121,2013-08-19,3,48.76,146.29,3.0,0.0,3.0,2013-08-12,True
1500,440,968,484,156,2013-08-19,3,34.19,102.56,3.0,0.0,3.0,2013-08-12,True
1501,441,969,485,194,2013-08-19,3,50.26,150.79,3.0,0.0,3.0,2013-08-12,True
1502,442,970,486,119,2013-08-19,550,10.73,5902.05,550.0,82.0,468.0,2013-08-12,True
1503,442,971,486,120,2013-08-19,550,14.12,7767.38,550.0,0.0,550.0,2013-08-12,True
1504,443,972,487,151,2013-08-19,60,50.26,3015.81,60.0,0.0,60.0,2013-08-12,True
1505,443,973,487,152,2013-08-19,60,57.15,3429.09,60.0,0.0,60.0,2013-08-12,True
1506,443,974,487,153,2013-08-19,60,53.2,3192.21,60.0,0.0,60.0,2013-08-12,True
1507,444,975,488,434,2013-08-19,550,40.94,22516.73,550.0,0.0,550.0,2013-08-12,True
1508,444,976,488,441,2013-08-19,550,21.09,11601.98,550.0,0.0,550.0,2013-08-12,True
1509,445,977,489,111,2013-08-19,60,9.2,551.88,60.0,0.0,60.0,2013-08-12,True
1510,446,978,490,162,2013-08-19,550,5.78,3176.25,468.0,0.0,468.0,2013-08-12,True
1511,446,979,490,163,2013-08-19,550,1.16,635.25,550.0,0.0,550.0,2013-08-12,True
1512,446,980,490,132,2013-08-19,550,5.78,3176.25,550.0,0.0,550.0,2013-08-12,True
1513,447,981,491,112,2013-08-19,550,23.39,12866.7,550.0,0.0,550.0,2013-08-12,True
1514,447,982,491,113,2013-08-19,550,27.65,15205.58,550.0,0.0,550.0,2013-08-12,True
1515,448,983,492,164,2013-08-19,550,1.37,750.75,550.0,0.0,550.0,2013-08-12,True
1516,448,984,492,5,2013-08-19,550,62.99,34644.23,550.0,0.0,550.0,2013-08-12,True
1517,448,985,492,131,2013-08-19,550,3.49,1917.3,550.0,0.0,550.0,2013-08-12,True
1518,449,986,493,162,2013-08-20,550,6.2,3407.25,550.0,0.0,550.0,2013-08-13,True
1519,449,987,493,163,2013-08-20,550,1.47,808.5,550.0,0.0,550.0,2013-08-13,True
1520,449,988,493,132,2013-08-20,550,6.2,3407.25,550.0,0.0,550.0,2013-08-13,True
1521,450,989,494,112,2013-08-20,550,22.17,12191.03,550.0,0.0,550.0,2013-08-13,True
1522,450,990,494,113,2013-08-20,550,29.28,16106.48,550.0,55.0,495.0,2013-08-13,True
1523,451,991,495,150,2013-08-20,3,19.98,59.94,3.0,0.0,3.0,2013-08-13,True
1524,452,992,496,170,2013-08-20,3,41.24,123.73,3.0,0.0,3.0,2013-08-13,True
1525,452,993,496,158,2013-08-20,3,36.97,110.91,3.0,0.0,3.0,2013-08-13,True
1526,453,994,497,9,2013-08-20,550,31.49,17319.23,550.0,0.0,550.0,2013-08-13,True
1527,453,995,497,7,2013-08-20,550,48.29,26559.23,550.0,0.0,550.0,2013-08-13,True
1528,454,996,498,236,2013-08-20,3,43.34,130.03,3.0,0.0,3.0,2013-08-13,True
1529,454,997,498,237,2013-08-20,3,39.07,117.21,3.0,0.0,3.0,2013-08-13,True
1530,455,998,499,139,2013-08-20,550,11.67,6416.03,550.0,0.0,550.0,2013-08-13,True
1531,455,999,499,140,2013-08-20,550,11.09,6098.4,523.0,0.0,523.0,2013-08-13,True
1532,455,1000,499,141,2013-08-20,550,8.76,4816.35,550.0,0.0,550.0,2013-08-13,True
1533,455,1001,499,142,2013-08-20,550,9.69,5330.33,550.0,0.0,550.0,2013-08-13,True
1534,455,1002,499,143,2013-08-20,550,6.88,3782.63,550.0,0.0,550.0,2013-08-13,True
1535,455,1003,499,144,2013-08-20,550,7.8,4290.83,550.0,0.0,550.0,2013-08-13,True
1536,455,1004,499,133,2013-08-20,550,8.76,4816.35,550.0,0.0,550.0,2013-08-13,True
1537,455,1005,499,146,2013-08-20,550,5.81,3193.58,550.0,0.0,550.0,2013-08-13,True
1538,455,1006,499,147,2013-08-20,550,8.86,4874.1,550.0,0.0,550.0,2013-08-13,True
1539,455,1007,499,148,2013-08-20,550,10.47,5757.68,550.0,0.0,550.0,2013-08-13,True
1540,456,1008,500,211,2013-08-20,3,47.47,142.41,3.0,0.0,3.0,2013-08-13,True
1541,457,1009,501,115,2013-08-20,550,23.08,12693.45,550.0,0.0,550.0,2013-08-13,True
1542,457,1010,501,116,2013-08-20,550,29.27,16100.7,550.0,0.0,550.0,2013-08-13,True
1543,457,1011,501,117,2013-08-20,550,34.98,19236.53,550.0,0.0,550.0,2013-08-13,True
1544,458,1012,502,217,2013-08-20,3,43.27,129.81,3.0,0.0,3.0,2013-08-13,True
1545,458,1013,502,218,2013-08-20,3,41.17,123.51,3.0,0.0,3.0,2013-08-13,True
1546,458,1014,502,442,2013-08-20,550,21.09,11601.98,550.0,0.0,550.0,2013-08-13,True
1547,458,1015,502,439,2013-08-20,550,30.44,16741.73,550.0,0.0,550.0,2013-08-13,True
1548,458,1016,502,436,2013-08-20,550,40.94,22516.73,550.0,0.0,550.0,2013-08-13,True
1549,459,1017,503,109,2013-08-20,550,2.32,1276.28,550.0,0.0,550.0,2013-08-13,True
1550,460,1018,504,122,2013-08-20,550,3.64,2003.93,550.0,0.0,550.0,2013-08-13,True
1551,461,1019,505,435,2013-08-20,550,40.94,22516.73,550.0,0.0,550.0,2013-08-13,True
1552,462,1020,506,165,2013-08-20,60,3.6,216.09,60.0,9.0,51.0,2013-08-13,True
1553,462,1021,506,166,2013-08-20,60,3.98,238.77,60.0,0.0,60.0,2013-08-13,True
1554,463,1022,507,9,2013-08-20,550,31.49,17319.23,550.0,0.0,550.0,2013-08-13,True
1555,463,1023,507,7,2013-08-20,550,48.29,26559.23,550.0,0.0,550.0,2013-08-13,True
1556,464,1024,508,120,2013-08-20,550,12.97,7132.13,550.0,0.0,550.0,2013-08-13,True
1557,465,1025,509,441,2013-08-21,550,21.09,11601.98,550.0,0.0,550.0,2013-08-14,True
1558,465,1026,509,438,2013-08-21,550,30.44,16741.73,523.0,0.0,523.0,2013-08-14,True
1559,466,1027,510,434,2013-08-21,550,40.94,22516.73,468.0,0.0,468.0,2013-08-14,True
1560,467,1028,511,4,2013-08-21,550,62.99,34644.23,550.0,0.0,550.0,2013-08-14,True
1561,468,1029,512,74,2013-08-21,3,47.52,142.57,3.0,0.0,3.0,2013-08-14,True
1562,468,1030,512,75,2013-08-21,3,45.42,136.27,3.0,0.0,3.0,2013-08-14,True
1563,468,1031,512,76,2013-08-21,3,49.7,149.09,3.0,0.0,3.0,2013-08-14,True
1564,468,1032,512,77,2013-08-21,3,45.42,136.27,3.0,0.0,3.0,2013-08-14,True
1565,468,1033,512,78,2013-08-21,3,43.32,129.97,3.0,0.0,3.0,2013-08-14,True
1566,469,1034,513,73,2013-08-21,3,47.68,143.04,3.0,0.0,3.0,2013-08-14,True
1567,470,1035,514,115,2013-08-21,550,23.4,12872.48,550.0,0.0,550.0,2013-08-14,True
1568,470,1036,514,116,2013-08-21,550,27.87,15326.85,550.0,55.0,495.0,2013-08-14,True
1569,471,1037,515,123,2013-08-21,550,6.75,3713.33,550.0,0.0,550.0,2013-08-14,True
1570,472,1038,516,10,2013-08-21,550,31.49,17319.23,550.0,82.0,468.0,2013-08-14,True
1571,472,1039,516,8,2013-08-21,550,48.29,26559.23,550.0,0.0,550.0,2013-08-14,True
1572,473,1040,517,153,2013-08-21,60,50.75,3044.79,60.0,0.0,60.0,2013-08-14,True
1573,473,1041,517,154,2013-08-21,60,62.93,3775.59,60.0,0.0,60.0,2013-08-14,True
1574,473,1042,517,155,2013-08-21,60,49.65,2979.27,60.0,0.0,60.0,2013-08-14,True
1575,474,1043,518,119,2013-08-21,550,10.38,5711.48,550.0,0.0,550.0,2013-08-14,True
1576,475,1044,519,138,2013-08-21,3,43.48,130.44,3.0,0.0,3.0,2013-08-14,True
1577,475,1045,519,86,2013-08-21,3,47.75,143.26,3.0,0.0,3.0,2013-08-14,True
1578,475,1046,519,87,2013-08-21,3,43.48,130.44,3.0,0.0,3.0,2013-08-14,True
1579,475,1047,519,88,2013-08-21,3,41.38,124.14,3.0,0.0,3.0,2013-08-14,True
1580,475,1048,519,89,2013-08-21,3,45.65,136.96,3.0,0.0,3.0,2013-08-14,True
1581,475,1049,519,90,2013-08-21,3,41.38,124.14,3.0,0.0,3.0,2013-08-14,True
1582,475,1050,519,91,2013-08-21,3,39.28,117.84,3.0,0.0,3.0,2013-08-14,True
1583,475,1051,519,92,2013-08-21,3,43.55,130.66,3.0,0.0,3.0,2013-08-14,True
1584,475,1052,519,93,2013-08-21,3,39.28,117.84,3.0,0.0,3.0,2013-08-14,True
1585,475,1053,519,94,2013-08-21,3,37.18,111.54,3.0,0.0,3.0,2013-08-14,True
1586,475,1054,519,95,2013-08-21,3,41.45,124.36,3.0,0.0,3.0,2013-08-14,True
1587,475,1055,519,96,2013-08-21,3,37.18,111.54,3.0,0.0,3.0,2013-08-14,True
1588,476,1056,520,149,2013-08-21,3,12.72,38.15,3.0,0.0,3.0,2013-08-14,True
1589,476,1057,520,150,2013-08-21,3,19.94,59.82,3.0,0.0,3.0,2013-08-14,True
1590,477,1058,521,124,2013-08-21,3,38.16,114.47,3.0,0.0,3.0,2013-08-14,True
1591,478,1059,522,110,2013-08-21,3,44.22,132.65,3.0,0.0,3.0,2013-08-14,True
1592,479,1060,523,10,2013-08-21,550,31.49,17319.23,550.0,0.0,550.0,2013-08-14,True
1593,479,1061,523,8,2013-08-21,550,48.29,26559.23,550.0,0.0,550.0,2013-08-14,True
1594,480,1062,524,167,2013-08-21,60,6.98,418.95,60.0,0.0,60.0,2013-08-14,True
1595,481,1063,525,85,2013-08-22,3,47.68,143.04,3.0,0.0,3.0,2013-08-15,True
1596,481,1064,525,98,2013-08-22,3,45.58,136.74,3.0,0.0,3.0,2013-08-15,True
1597,481,1065,525,99,2013-08-22,3,49.85,149.56,3.0,0.0,3.0,2013-08-15,True
1598,481,1066,525,100,2013-08-22,3,45.58,136.74,3.0,0.0,3.0,2013-08-15,True
1599,482,1067,526,165,2013-08-22,60,3.38,202.86,60.0,9.0,51.0,2013-08-15,True
1600,482,1068,526,166,2013-08-22,60,4.32,258.93,60.0,0.0,60.0,2013-08-15,True
1601,483,1069,527,238,2013-08-22,3,45.44,136.33,3.0,0.0,3.0,2013-08-15,True
1602,483,1070,527,239,2013-08-22,3,41.17,123.51,3.0,0.0,3.0,2013-08-15,True
1603,483,1071,527,240,2013-08-22,3,39.07,117.21,3.0,0.0,3.0,2013-08-15,True
1604,484,1072,528,149,2013-08-22,3,12.36,37.08,3.0,0.0,3.0,2013-08-15,True
1605,485,1073,529,118,2013-08-22,550,39.2,21558.08,550.0,0.0,550.0,2013-08-15,True
1606,486,1074,530,212,2013-08-22,3,45.44,136.33,3.0,0.0,3.0,2013-08-15,True
1607,486,1075,530,213,2013-08-22,3,41.17,123.51,3.0,0.0,3.0,2013-08-15,True
1608,486,1076,530,214,2013-08-22,3,39.07,117.21,3.0,0.0,3.0,2013-08-15,True
1609,486,1077,530,215,2013-08-22,3,43.34,130.03,3.0,0.0,3.0,2013-08-15,True
1610,487,1078,531,500,2013-08-22,550,34.87,19178.78,550.0,0.0,550.0,2013-08-15,True
1611,487,1079,531,499,2013-08-22,550,39.76,21869.93,550.0,0.0,550.0,2013-08-15,True
1612,487,1080,531,495,2013-08-22,550,43.98,24191.48,550.0,0.0,550.0,2013-08-15,True
1613,487,1081,531,497,2013-08-22,550,38.15,20980.58,550.0,0.0,550.0,2013-08-15,True
1614,488,1082,532,231,2013-08-22,3,47.68,143.04,3.0,0.0,3.0,2013-08-15,True
1615,488,1083,532,232,2013-08-22,3,45.58,136.74,3.0,0.0,3.0,2013-08-15,True
1616,488,1084,532,233,2013-08-22,3,49.85,149.56,3.0,0.0,3.0,2013-08-15,True
1617,488,1085,532,234,2013-08-22,3,45.58,136.74,3.0,0.0,3.0,2013-08-15,True
1618,488,1086,532,138,2013-08-22,3,43.48,130.44,3.0,0.0,3.0,2013-08-15,True
1619,489,1087,533,207,2013-08-22,3,45.48,136.43,3.0,0.0,3.0,2013-08-15,True
1620,489,1088,533,208,2013-08-22,3,43.38,130.13,3.0,0.0,3.0,2013-08-15,True
1621,489,1089,533,170,2013-08-22,3,47.65,142.95,3.0,0.0,3.0,2013-08-15,True
1622,489,1090,533,158,2013-08-22,3,43.38,130.13,3.0,0.0,3.0,2013-08-15,True
1623,489,1091,533,159,2013-08-22,3,41.28,123.83,3.0,0.0,3.0,2013-08-15,True
1624,490,1092,534,500,2013-08-22,550,34.35,18890.03,550.0,0.0,550.0,2013-08-15,True
1625,490,1093,534,499,2013-08-22,550,39.24,21581.18,550.0,55.0,495.0,2013-08-15,True
1626,491,1094,535,159,2013-08-22,3,41.17,123.51,3.0,0.0,3.0,2013-08-15,True
1627,491,1095,535,160,2013-08-22,3,45.44,136.33,3.0,0.0,3.0,2013-08-15,True
1628,492,1096,536,498,2013-08-22,550,32.77,18023.78,550.0,82.0,468.0,2013-08-15,True
1629,492,1097,536,496,2013-08-22,550,37.09,20397.3,550.0,0.0,550.0,2013-08-15,True
1630,493,1098,537,203,2013-08-22,550,10.82,5948.25,550.0,0.0,550.0,2013-08-15,True
1631,494,1099,538,447,2013-08-22,550,82.83,45558.98,550.0,0.0,550.0,2013-08-15,True
1632,494,1100,538,446,2013-08-22,550,82.83,45558.98,550.0,0.0,550.0,2013-08-15,True
1633,495,1101,539,183,2013-08-22,1250,0.21,262.5,1250.0,0.0,1250.0,2013-08-15,True
1634,495,1102,539,197,2013-08-22,1250,0.21,262.5,1188.0,0.0,1188.0,2013-08-15,True
1635,496,1103,540,191,2013-08-22,3,49.64,148.93,3.0,0.0,3.0,2013-08-15,True
1636,496,1104,540,192,2013-08-22,3,44.32,132.96,3.0,0.0,3.0,2013-08-15,True
1637,496,1105,540,193,2013-08-22,60,28.7,1721.79,60.0,0.0,60.0,2013-08-15,True
1638,497,1106,541,494,2013-08-24,550,42.51,23382.98,550.0,0.0,550.0,2013-08-17,True
1639,497,1107,541,501,2013-08-24,550,5.59,3072.3,550.0,0.0,550.0,2013-08-17,True
1640,498,1108,542,493,2013-08-24,60,15.74,944.37,60.0,0.0,60.0,2013-08-17,True
1641,499,1109,543,495,2013-08-24,550,43.46,23902.73,550.0,0.0,550.0,2013-08-17,True
1642,499,1110,543,497,2013-08-24,550,37.62,20691.83,550.0,0.0,550.0,2013-08-17,True
1643,499,1111,543,503,2013-08-24,550,6.53,3592.05,550.0,0.0,550.0,2013-08-17,True
1644,499,1112,543,502,2013-08-24,550,6.18,3401.48,550.0,0.0,550.0,2013-08-17,True
1645,500,1113,544,188,2013-08-24,550,29.58,16268.18,550.0,0.0,550.0,2013-08-17,True
1646,500,1114,544,189,2013-08-24,550,36.1,19854.45,550.0,55.0,495.0,2013-08-17,True
1647,500,1115,544,190,2013-08-24,550,48.58,26720.93,550.0,0.0,550.0,2013-08-17,True
1648,501,1116,545,498,2013-08-24,550,32.25,17735.03,550.0,0.0,550.0,2013-08-17,True
1649,501,1117,545,496,2013-08-24,550,36.56,20108.55,550.0,0.0,550.0,2013-08-17,True
1650,502,1118,546,190,2013-08-24,550,46.42,25531.28,550.0,82.0,468.0,2013-08-17,True
1651,503,1119,547,172,2013-08-24,3,43.32,129.97,3.0,0.0,3.0,2013-08-17,True
1652,503,1120,547,173,2013-08-24,3,47.6,142.79,3.0,0.0,3.0,2013-08-17,True
1653,503,1121,547,174,2013-08-24,3,43.32,129.97,3.0,0.0,3.0,2013-08-17,True
1654,504,1122,548,184,2013-08-24,3,41.92,125.75,3.0,0.0,3.0,2013-08-17,True
1655,505,1123,549,248,2013-08-25,3,50.26,150.79,3.0,0.0,3.0,2013-08-18,True
1656,506,1124,550,180,2013-08-25,3,39.28,117.84,3.0,0.0,3.0,2013-08-18,True
1657,506,1125,550,181,2013-08-25,3,37.18,111.54,3.0,0.0,3.0,2013-08-18,True
1658,506,1126,550,182,2013-08-25,3,41.45,124.36,3.0,0.0,3.0,2013-08-18,True
1659,506,1127,550,196,2013-08-25,3,37.18,111.54,3.0,0.0,3.0,2013-08-18,True
1660,507,1128,551,126,2013-08-25,550,16.09,8847.3,550.0,0.0,550.0,2013-08-18,True
1661,508,1129,552,186,2013-08-25,3,57.03,171.08,3.0,0.0,3.0,2013-08-18,True
1662,509,1130,553,117,2013-08-25,550,37.09,20397.3,550.0,0.0,550.0,2013-08-18,True
1663,510,1131,554,118,2013-08-25,550,26.6,14628.08,550.0,0.0,550.0,2013-08-18,True
1664,511,1132,555,188,2013-08-25,550,27.06,14882.18,550.0,0.0,550.0,2013-08-18,True
1665,511,1133,555,189,2013-08-25,550,33.58,18468.45,550.0,0.0,550.0,2013-08-18,True
1666,511,1134,555,190,2013-08-25,550,46.06,25334.93,550.0,27.0,523.0,2013-08-18,True
1667,512,1135,556,220,2013-08-25,3,45.44,136.33,3.0,0.0,3.0,2013-08-18,True
1668,512,1136,556,221,2013-08-25,3,41.17,123.51,3.0,0.0,3.0,2013-08-18,True
1669,513,1137,557,138,2013-08-25,3,43.32,129.97,3.0,0.0,3.0,2013-08-18,True
1670,513,1138,557,86,2013-08-25,3,47.6,142.79,3.0,0.0,3.0,2013-08-18,True
1671,513,1139,557,87,2013-08-25,3,43.32,129.97,3.0,0.0,3.0,2013-08-18,True
1672,514,1140,558,191,2013-08-25,3,47.47,142.41,3.0,0.0,3.0,2013-08-18,True
1673,514,1141,558,192,2013-08-25,3,42.8,128.39,3.0,0.0,3.0,2013-08-18,True
1674,515,1142,559,101,2013-08-25,3,43.4,130.19,3.0,0.0,3.0,2013-08-18,True
1675,515,1143,559,102,2013-08-25,3,39.12,117.37,3.0,0.0,3.0,2013-08-18,True
1676,515,1144,559,103,2013-08-25,3,37.02,111.07,3.0,0.0,3.0,2013-08-18,True
1677,515,1145,559,70,2013-08-25,3,41.3,123.89,3.0,0.0,3.0,2013-08-18,True
1678,515,1146,559,105,2013-08-25,3,37.02,111.07,3.0,0.0,3.0,2013-08-18,True
1679,515,1147,559,106,2013-08-25,3,47.68,143.04,3.0,0.0,3.0,2013-08-18,True
1680,515,1148,559,107,2013-08-25,3,45.58,136.74,3.0,0.0,3.0,2013-08-18,True
1681,515,1149,559,108,2013-08-25,3,49.85,149.56,3.0,0.0,3.0,2013-08-18,True
1682,515,1150,559,97,2013-08-25,3,45.58,136.74,3.0,0.0,3.0,2013-08-18,True
1683,515,1151,559,62,2013-08-25,3,43.48,130.44,3.0,0.0,3.0,2013-08-18,True
1684,515,1152,559,69,2013-08-25,3,47.75,143.26,3.0,0.0,3.0,2013-08-18,True
1685,515,1153,559,68,2013-08-25,3,43.48,130.44,3.0,0.0,3.0,2013-08-18,True
1686,515,1154,559,67,2013-08-25,3,41.38,124.14,3.0,0.0,3.0,2013-08-18,True
1687,515,1155,559,66,2013-08-25,3,45.65,136.96,3.0,0.0,3.0,2013-08-18,True
1688,515,1156,559,65,2013-08-25,3,41.38,124.14,3.0,0.0,3.0,2013-08-18,True
1689,515,1157,559,64,2013-08-25,3,39.28,117.84,3.0,0.0,3.0,2013-08-18,True
1690,515,1158,559,63,2013-08-25,3,43.55,130.66,3.0,0.0,3.0,2013-08-18,True
1691,515,1159,559,61,2013-08-25,3,39.28,117.84,3.0,0.0,3.0,2013-08-18,True
1692,515,1160,559,71,2013-08-25,3,37.18,111.54,3.0,0.0,3.0,2013-08-18,True
1693,515,1161,559,72,2013-08-25,3,41.45,124.36,3.0,0.0,3.0,2013-08-18,True
1694,516,1162,560,6,2013-08-25,550,62.99,34644.23,468.0,0.0,468.0,2013-08-18,True
1695,517,1163,561,191,2013-08-25,3,45.37,136.11,3.0,0.0,3.0,2013-08-18,True
1696,517,1164,561,192,2013-08-25,3,40.49,121.46,3.0,0.0,3.0,2013-08-18,True
1697,517,1165,561,193,2013-08-25,60,26.37,1581.93,60.0,0.0,60.0,2013-08-18,True
1698,518,1166,562,121,2013-08-25,3,48.76,146.29,3.0,0.0,3.0,2013-08-18,True
1699,519,1167,563,156,2013-08-25,3,34.19,102.56,3.0,0.0,3.0,2013-08-18,True
1700,520,1168,564,194,2013-08-25,3,50.26,150.79,3.0,0.0,3.0,2013-08-18,True
1701,521,1169,565,119,2013-08-26,550,10.73,5902.05,550.0,0.0,550.0,2013-08-19,True
1702,521,1170,565,120,2013-08-26,550,14.12,7767.38,550.0,0.0,550.0,2013-08-19,True
1703,522,1171,566,154,2013-08-26,60,63.69,3821.58,60.0,9.0,51.0,2013-08-19,True
1704,522,1172,566,155,2013-08-26,60,48.91,2934.54,60.0,0.0,60.0,2013-08-19,True
1705,523,1173,567,438,2013-08-26,550,30.44,16741.73,550.0,0.0,550.0,2013-08-19,True
1706,523,1174,567,435,2013-08-26,550,40.94,22516.73,550.0,0.0,550.0,2013-08-19,True
1707,523,1175,567,442,2013-08-26,550,21.09,11601.98,550.0,0.0,550.0,2013-08-19,True
1708,524,1176,568,111,2013-08-26,60,9.2,551.88,60.0,0.0,60.0,2013-08-19,True
1709,525,1177,569,162,2013-08-26,550,5.78,3176.25,550.0,0.0,550.0,2013-08-19,True
1710,525,1178,569,163,2013-08-26,550,1.16,635.25,523.0,0.0,523.0,2013-08-19,True
1711,525,1179,569,132,2013-08-26,550,5.78,3176.25,550.0,0.0,550.0,2013-08-19,True
1712,526,1180,570,112,2013-08-26,550,23.39,12866.7,468.0,0.0,468.0,2013-08-19,True
1713,526,1181,570,113,2013-08-26,550,27.65,15205.58,550.0,0.0,550.0,2013-08-19,True
1714,527,1182,571,164,2013-08-26,550,1.37,750.75,550.0,0.0,550.0,2013-08-19,True
1715,527,1183,571,5,2013-08-26,550,62.99,34644.23,550.0,0.0,550.0,2013-08-19,True
1716,527,1184,571,131,2013-08-26,550,3.49,1917.3,550.0,0.0,550.0,2013-08-19,True
1717,528,1185,572,162,2013-08-26,550,6.2,3407.25,550.0,0.0,550.0,2013-08-19,True
1718,528,1186,572,163,2013-08-26,550,1.47,808.5,550.0,0.0,550.0,2013-08-19,True
1719,528,1187,572,132,2013-08-26,550,6.2,3407.25,550.0,0.0,550.0,2013-08-19,True
1720,529,1188,573,112,2013-08-26,550,22.17,12191.03,550.0,0.0,550.0,2013-08-19,True
1721,529,1189,573,113,2013-08-26,550,29.28,16106.48,550.0,0.0,550.0,2013-08-19,True
1722,530,1190,574,150,2013-08-26,3,19.98,59.94,3.0,0.0,3.0,2013-08-19,True
1723,531,1191,575,159,2013-08-26,3,34.87,104.61,3.0,0.0,3.0,2013-08-19,True
1724,531,1192,575,160,2013-08-26,3,39.14,117.43,3.0,0.0,3.0,2013-08-19,True
1725,532,1193,576,9,2013-08-26,550,31.49,17319.23,550.0,82.0,468.0,2013-08-19,True
1726,532,1194,576,7,2013-08-26,550,48.29,26559.23,550.0,0.0,550.0,2013-08-19,True
1727,533,1195,577,238,2013-08-26,3,36.97,110.91,3.0,0.0,3.0,2013-08-19,True
1728,533,1196,577,239,2013-08-26,3,41.24,123.73,3.0,0.0,3.0,2013-08-19,True
1729,533,1197,577,240,2013-08-26,3,36.97,110.91,3.0,0.0,3.0,2013-08-19,True
1730,534,1198,578,135,2013-08-26,550,15.89,8737.58,550.0,0.0,550.0,2013-08-19,True
1731,534,1199,578,136,2013-08-26,550,11.67,6416.03,550.0,0.0,550.0,2013-08-19,True
1732,535,1200,579,211,2013-08-26,3,47.47,142.41,3.0,0.0,3.0,2013-08-19,True
1733,536,1201,580,115,2013-08-26,550,23.08,12693.45,468.0,0.0,468.0,2013-08-19,True
1734,536,1202,580,116,2013-08-26,550,29.27,16100.7,550.0,0.0,550.0,2013-08-19,True
1735,536,1203,580,117,2013-08-26,550,34.98,19236.53,550.0,0.0,550.0,2013-08-19,True
1736,537,1204,581,112,2013-08-27,550,23.39,12866.7,550.0,0.0,550.0,2013-08-20,True
1737,537,1205,581,113,2013-08-27,550,27.65,15205.58,550.0,0.0,550.0,2013-08-20,True
1738,538,1206,582,164,2013-08-27,550,1.37,750.75,550.0,0.0,550.0,2013-08-20,True
1739,538,1207,582,5,2013-08-27,550,62.99,34644.23,550.0,0.0,550.0,2013-08-20,True
1740,538,1208,582,131,2013-08-27,550,3.49,1917.3,550.0,0.0,550.0,2013-08-20,True
1741,539,1209,583,162,2013-08-27,550,6.2,3407.25,550.0,0.0,550.0,2013-08-20,True
1742,539,1210,583,163,2013-08-27,550,1.47,808.5,550.0,0.0,550.0,2013-08-20,True
1743,539,1211,583,132,2013-08-27,550,6.2,3407.25,550.0,0.0,550.0,2013-08-20,True
1744,540,1212,584,112,2013-08-27,550,22.17,12191.03,550.0,0.0,550.0,2013-08-20,True
1745,540,1213,584,113,2013-08-27,550,29.28,16106.48,550.0,55.0,495.0,2013-08-20,True
1746,541,1214,585,212,2013-08-27,3,45.37,136.11,3.0,0.0,3.0,2013-08-20,True
1747,541,1215,585,213,2013-08-27,3,49.64,148.93,3.0,0.0,3.0,2013-08-20,True
1748,541,1216,585,214,2013-08-27,3,45.37,136.11,3.0,0.0,3.0,2013-08-20,True
1749,541,1217,585,215,2013-08-27,3,43.27,129.81,3.0,0.0,3.0,2013-08-20,True
1750,542,1218,586,109,2013-08-27,550,2.32,1276.28,550.0,82.0,468.0,2013-08-20,True
1751,543,1219,587,122,2013-08-27,550,3.64,2003.93,550.0,0.0,550.0,2013-08-20,True
1752,544,1220,588,440,2013-08-27,550,21.09,11601.98,550.0,0.0,550.0,2013-08-20,True
1753,544,1221,588,437,2013-08-27,550,30.44,16741.73,550.0,0.0,550.0,2013-08-20,True
1754,545,1222,589,165,2013-08-27,60,3.6,216.09,60.0,0.0,60.0,2013-08-20,True
1755,545,1223,589,166,2013-08-27,60,3.98,238.77,57.0,0.0,57.0,2013-08-20,True
1756,546,1224,590,9,2013-08-27,550,31.49,17319.23,468.0,0.0,468.0,2013-08-20,True
1757,546,1225,590,7,2013-08-27,550,48.29,26559.23,550.0,0.0,550.0,2013-08-20,True
1758,547,1226,591,120,2013-08-27,550,12.97,7132.13,550.0,0.0,550.0,2013-08-20,True
1759,548,1227,592,441,2013-08-27,550,21.09,11601.98,550.0,0.0,550.0,2013-08-20,True
1760,548,1228,592,438,2013-08-27,550,30.44,16741.73,550.0,0.0,550.0,2013-08-20,True
1761,549,1229,593,434,2013-08-27,550,40.94,22516.73,550.0,0.0,550.0,2013-08-20,True
1762,550,1230,594,4,2013-08-27,550,62.99,34644.23,550.0,0.0,550.0,2013-08-20,True
1763,551,1231,595,79,2013-08-27,3,47.6,142.79,3.0,0.0,3.0,2013-08-20,True
1764,551,1232,595,80,2013-08-27,3,43.32,129.97,3.0,0.0,3.0,2013-08-20,True
1765,551,1233,595,81,2013-08-27,3,41.22,123.67,3.0,0.0,3.0,2013-08-20,True
1766,551,1234,595,82,2013-08-27,3,45.5,136.49,3.0,0.0,3.0,2013-08-20,True
1767,552,1235,596,73,2013-08-27,3,47.68,143.04,3.0,0.0,3.0,2013-08-20,True
1768,553,1236,597,115,2013-08-27,550,23.4,12872.48,550.0,0.0,550.0,2013-08-20,True
1769,553,1237,597,116,2013-08-27,550,27.87,15326.85,550.0,0.0,550.0,2013-08-20,True
1770,554,1238,598,123,2013-08-27,550,6.75,3713.33,550.0,0.0,550.0,2013-08-20,True
1771,555,1239,599,114,2013-08-27,550,36.28,19952.63,550.0,0.0,550.0,2013-08-20,True
1772,556,1240,600,151,2013-08-27,60,50.75,3044.79,51.0,0.0,51.0,2013-08-20,True
1773,556,1241,600,152,2013-08-27,60,58.26,3495.87,60.0,0.0,60.0,2013-08-20,True
1774,556,1242,600,153,2013-08-27,60,50.75,3044.79,60.0,0.0,60.0,2013-08-20,True
1775,556,1243,600,154,2013-08-27,60,62.93,3775.59,60.0,0.0,60.0,2013-08-20,True
1776,557,1244,601,119,2013-08-28,550,10.38,5711.48,550.0,0.0,550.0,2013-08-21,True
1777,558,1245,602,231,2013-08-28,3,47.68,143.04,3.0,0.0,3.0,2013-08-21,True
1778,558,1246,602,232,2013-08-28,3,45.58,136.74,3.0,0.0,3.0,2013-08-21,True
1779,558,1247,602,233,2013-08-28,3,49.85,149.56,3.0,0.0,3.0,2013-08-21,True
1780,558,1248,602,234,2013-08-28,3,45.58,136.74,3.0,0.0,3.0,2013-08-21,True
1781,558,1249,602,138,2013-08-28,3,43.48,130.44,3.0,0.0,3.0,2013-08-21,True
1782,559,1250,603,149,2013-08-28,3,12.72,38.15,3.0,0.0,3.0,2013-08-21,True
1783,559,1251,603,150,2013-08-28,3,19.94,59.82,3.0,0.0,3.0,2013-08-21,True
1784,560,1252,604,124,2013-08-28,3,38.16,114.47,3.0,0.0,3.0,2013-08-21,True
1785,561,1253,605,110,2013-08-28,3,44.22,132.65,3.0,0.0,3.0,2013-08-21,True
1786,562,1254,606,10,2013-08-28,550,31.49,17319.23,550.0,82.0,468.0,2013-08-21,True
1787,562,1255,606,8,2013-08-28,550,48.29,26559.23,550.0,0.0,550.0,2013-08-21,True
1788,563,1256,607,167,2013-08-28,60,6.98,418.95,60.0,0.0,60.0,2013-08-21,True
1789,564,1257,608,101,2013-08-28,3,43.48,130.44,3.0,0.0,3.0,2013-08-21,True
1790,564,1258,608,102,2013-08-28,3,47.75,143.26,3.0,0.0,3.0,2013-08-21,True
1791,565,1259,609,165,2013-08-28,60,3.38,202.86,60.0,0.0,60.0,2013-08-21,True
1792,565,1260,609,166,2013-08-28,60,4.32,258.93,57.0,0.0,57.0,2013-08-21,True
1793,566,1261,610,241,2013-08-28,3,43.34,130.03,3.0,0.0,3.0,2013-08-21,True
1794,566,1262,610,242,2013-08-28,3,39.07,117.21,3.0,0.0,3.0,2013-08-21,True
1795,566,1263,610,243,2013-08-28,3,36.97,110.91,3.0,0.0,3.0,2013-08-21,True
1796,566,1264,610,244,2013-08-28,3,41.24,123.73,3.0,0.0,3.0,2013-08-21,True
1797,567,1265,611,149,2013-08-28,3,12.36,37.08,3.0,0.0,3.0,2013-08-21,True
1798,568,1266,612,118,2013-08-28,550,39.2,21558.08,550.0,0.0,550.0,2013-08-21,True
1799,569,1267,613,216,2013-08-28,3,39.07,117.21,3.0,0.0,3.0,2013-08-21,True
1800,569,1268,613,217,2013-08-28,3,36.97,110.91,3.0,0.0,3.0,2013-08-21,True
1801,569,1269,613,218,2013-08-28,3,41.24,123.73,3.0,0.0,3.0,2013-08-21,True
1802,569,1270,613,219,2013-08-28,3,36.97,110.91,3.0,0.0,3.0,2013-08-21,True
1803,569,1271,613,220,2013-08-28,3,34.87,104.61,3.0,0.0,3.0,2013-08-21,True
1804,570,1272,614,500,2013-08-28,550,34.87,19178.78,550.0,0.0,550.0,2013-08-21,True
1805,570,1273,614,499,2013-08-28,550,39.76,21869.93,550.0,55.0,495.0,2013-08-21,True
1806,570,1274,614,495,2013-08-28,550,43.98,24191.48,550.0,0.0,550.0,2013-08-21,True
1807,571,1275,615,86,2013-08-28,3,47.75,143.26,3.0,0.0,3.0,2013-08-21,True
1808,571,1276,615,87,2013-08-28,3,43.48,130.44,3.0,0.0,3.0,2013-08-21,True
1809,571,1277,615,88,2013-08-28,3,41.38,124.14,3.0,0.0,3.0,2013-08-21,True
1810,571,1278,615,89,2013-08-28,3,45.65,136.96,3.0,0.0,3.0,2013-08-21,True
1811,572,1279,616,160,2013-08-28,3,45.55,136.65,3.0,0.0,3.0,2013-08-21,True
1812,573,1280,617,500,2013-08-29,550,34.35,18890.03,550.0,0.0,550.0,2013-08-22,True
1813,573,1281,617,499,2013-08-29,550,39.24,21581.18,550.0,0.0,550.0,2013-08-22,True
1814,574,1282,618,204,2013-08-29,3,47.47,142.41,3.0,0.0,3.0,2013-08-22,True
1815,574,1283,618,205,2013-08-29,3,45.37,136.11,3.0,0.0,3.0,2013-08-22,True
1816,575,1284,619,494,2013-08-29,550,43.04,23671.73,550.0,0.0,550.0,2013-08-22,True
1817,576,1285,620,203,2013-08-29,550,10.82,5948.25,468.0,0.0,468.0,2013-08-22,True
1818,577,1286,621,447,2013-08-29,550,82.83,45558.98,550.0,0.0,550.0,2013-08-22,True
1819,577,1287,621,446,2013-08-29,550,82.83,45558.98,550.0,0.0,550.0,2013-08-22,True
1820,578,1288,622,183,2013-08-29,1250,0.21,262.5,1250.0,0.0,1250.0,2013-08-22,True
1821,578,1289,622,197,2013-08-29,1250,0.21,262.5,1250.0,0.0,1250.0,2013-08-22,True
1822,579,1290,623,191,2013-08-29,3,49.64,148.93,3.0,0.0,3.0,2013-08-22,True
1823,579,1291,623,192,2013-08-29,3,44.32,132.96,3.0,0.0,3.0,2013-08-22,True
1824,579,1292,623,193,2013-08-29,60,28.7,1721.79,60.0,0.0,60.0,2013-08-22,True
1825,580,1293,624,494,2013-08-29,550,42.51,23382.98,550.0,0.0,550.0,2013-08-22,True
1826,580,1294,624,501,2013-08-29,550,5.59,3072.3,550.0,55.0,495.0,2013-08-22,True
1827,581,1295,625,493,2013-08-29,60,15.74,944.37,60.0,0.0,60.0,2013-08-22,True
1828,582,1296,626,495,2013-08-29,550,43.46,23902.73,550.0,82.0,468.0,2013-08-22,True
1829,582,1297,626,497,2013-08-29,550,37.62,20691.83,550.0,0.0,550.0,2013-08-22,True
1830,583,1298,627,188,2013-08-29,550,29.58,16268.18,550.0,0.0,550.0,2013-08-22,True
1831,583,1299,627,189,2013-08-29,550,36.1,19854.45,550.0,0.0,550.0,2013-08-22,True
1832,583,1300,627,190,2013-08-29,550,48.58,26720.93,550.0,0.0,550.0,2013-08-22,True
1833,584,1301,628,498,2013-08-29,550,32.25,17735.03,550.0,0.0,550.0,2013-08-22,True
1834,584,1302,628,496,2013-08-29,550,36.56,20108.55,550.0,0.0,550.0,2013-08-22,True
1835,585,1303,629,190,2013-08-29,550,46.42,25531.28,550.0,0.0,550.0,2013-08-22,True
1836,586,1304,630,175,2013-08-29,3,41.22,123.67,3.0,0.0,3.0,2013-08-22,True
1837,586,1305,630,176,2013-08-29,3,45.5,136.49,3.0,0.0,3.0,2013-08-22,True
1838,586,1306,630,177,2013-08-29,3,41.22,123.67,3.0,0.0,3.0,2013-08-22,True
1839,586,1307,630,178,2013-08-29,3,39.12,117.37,3.0,0.0,3.0,2013-08-22,True
1840,587,1308,631,184,2013-08-29,3,41.92,125.75,3.0,0.0,3.0,2013-08-22,True
1841,588,1309,632,248,2013-08-29,3,50.26,150.79,3.0,0.0,3.0,2013-08-22,True
1842,589,1310,633,168,2013-08-31,3,47.68,143.04,3.0,0.0,3.0,2013-08-24,True
1843,589,1311,633,169,2013-08-31,3,45.58,136.74,3.0,0.0,3.0,2013-08-24,True
1844,589,1312,633,157,2013-08-31,3,49.85,149.56,3.0,0.0,3.0,2013-08-24,True
1845,589,1313,633,171,2013-08-31,3,45.58,136.74,3.0,0.0,3.0,2013-08-24,True
1846,589,1314,633,172,2013-08-31,3,43.48,130.44,3.0,0.0,3.0,2013-08-24,True
1847,590,1315,634,126,2013-08-31,550,16.09,8847.3,550.0,0.0,550.0,2013-08-24,True
1848,591,1316,635,186,2013-08-31,3,57.03,171.08,3.0,0.0,3.0,2013-08-24,True
1849,592,1317,636,117,2013-08-31,550,37.09,20397.3,550.0,82.0,468.0,2013-08-24,True
1850,593,1318,637,118,2013-09-01,550,26.6,14628.08,550.0,0.0,550.0,2013-08-25,True
1851,594,1319,638,188,2013-09-01,550,27.06,14882.18,550.0,0.0,550.0,2013-08-25,True
1852,594,1320,638,189,2013-09-01,550,33.58,18468.45,550.0,0.0,550.0,2013-08-25,True
1853,595,1321,639,209,2013-09-01,3,39.07,117.21,3.0,0.0,3.0,2013-08-25,True
1854,595,1322,639,223,2013-09-01,3,43.34,130.03,3.0,0.0,3.0,2013-08-25,True
1855,595,1323,639,224,2013-09-01,3,39.07,117.21,3.0,0.0,3.0,2013-08-25,True
1856,595,1324,639,225,2013-09-01,3,36.97,110.91,3.0,0.0,3.0,2013-08-25,True
1857,595,1325,639,226,2013-09-01,3,41.24,123.73,3.0,0.0,3.0,2013-08-25,True
1858,595,1326,639,227,2013-09-01,3,36.97,110.91,3.0,0.0,3.0,2013-08-25,True
1859,595,1327,639,228,2013-09-01,3,34.87,104.61,3.0,0.0,3.0,2013-08-25,True
1860,595,1328,639,229,2013-09-01,3,39.14,117.43,3.0,0.0,3.0,2013-08-25,True
1861,595,1329,639,230,2013-09-01,3,47.58,142.73,3.0,0.0,3.0,2013-08-25,True
1862,596,1330,640,88,2013-09-01,3,41.22,123.67,3.0,0.0,3.0,2013-08-25,True
1863,596,1331,640,89,2013-09-01,3,45.5,136.49,3.0,0.0,3.0,2013-08-25,True
1864,596,1332,640,90,2013-09-01,3,41.22,123.67,3.0,0.0,3.0,2013-08-25,True
1865,596,1333,640,91,2013-09-01,3,39.12,117.37,3.0,0.0,3.0,2013-08-25,True
1866,597,1334,641,193,2013-09-01,60,25.42,1525.23,60.0,0.0,60.0,2013-08-25,True
1867,598,1335,642,85,2013-09-01,3,41.22,123.67,3.0,0.0,3.0,2013-08-25,True
1868,598,1336,642,98,2013-09-01,3,45.5,136.49,3.0,0.0,3.0,2013-08-25,True
1869,598,1337,642,99,2013-09-01,3,41.22,123.67,3.0,0.0,3.0,2013-08-25,True
1870,598,1338,642,100,2013-09-01,3,39.12,117.37,3.0,0.0,3.0,2013-08-25,True
1871,598,1339,642,101,2013-09-01,3,43.4,130.19,3.0,0.0,3.0,2013-08-25,True
1872,599,1340,643,6,2013-09-01,550,62.99,34644.23,550.0,0.0,550.0,2013-08-25,True
1873,600,1341,644,191,2013-09-01,3,45.37,136.11,3.0,0.0,3.0,2013-08-25,True
1874,600,1342,644,192,2013-09-01,3,40.49,121.46,3.0,0.0,3.0,2013-08-25,True
1875,600,1343,644,193,2013-09-01,60,26.37,1581.93,60.0,0.0,60.0,2013-08-25,True
1876,601,1344,645,121,2013-09-01,3,48.76,146.29,3.0,0.0,3.0,2013-08-25,True
1877,602,1345,646,156,2013-09-01,3,34.19,102.56,3.0,0.0,3.0,2013-08-25,True
1878,603,1346,647,194,2013-09-01,3,50.26,150.79,3.0,0.0,3.0,2013-08-25,True
1879,604,1347,648,119,2013-09-01,550,10.73,5902.05,550.0,0.0,550.0,2013-08-25,True
1880,604,1348,648,120,2013-09-01,550,14.12,7767.38,550.0,0.0,550.0,2013-08-25,True
1881,605,1349,649,151,2013-09-01,60,50.26,3015.81,60.0,0.0,60.0,2013-08-25,True
1882,605,1350,649,152,2013-09-01,60,57.15,3429.09,57.0,0.0,57.0,2013-08-25,True
1883,605,1351,649,153,2013-09-01,60,53.2,3192.21,60.0,0.0,60.0,2013-08-25,True
1884,605,1352,649,154,2013-09-01,60,63.69,3821.58,60.0,0.0,60.0,2013-08-25,True
1885,605,1353,649,155,2013-09-01,60,48.91,2934.54,60.0,0.0,60.0,2013-08-25,True
1886,606,1354,650,439,2013-09-01,550,30.44,16741.73,468.0,0.0,468.0,2013-08-25,True
1887,606,1355,650,436,2013-09-01,550,40.94,22516.73,550.0,0.0,550.0,2013-08-25,True
1888,607,1356,651,111,2013-09-01,60,9.2,551.88,60.0,0.0,60.0,2013-08-25,True
1889,608,1357,652,162,2013-09-01,550,5.78,3176.25,550.0,0.0,550.0,2013-08-25,True
1890,608,1358,652,163,2013-09-01,550,1.16,635.25,550.0,0.0,550.0,2013-08-25,True
1891,608,1359,652,132,2013-09-01,550,5.78,3176.25,550.0,0.0,550.0,2013-08-25,True
1892,609,1360,653,150,2013-09-02,3,19.98,59.94,3.0,0.0,3.0,2013-08-26,True
1893,610,1361,654,204,2013-09-02,3,41.17,123.51,3.0,0.0,3.0,2013-08-26,True
1894,610,1362,654,205,2013-09-02,3,39.07,117.21,3.0,0.0,3.0,2013-08-26,True
1895,610,1363,654,206,2013-09-02,3,43.34,130.03,3.0,0.0,3.0,2013-08-26,True
1896,611,1364,655,9,2013-09-02,550,31.49,17319.23,550.0,0.0,550.0,2013-08-26,True
1897,611,1365,655,7,2013-09-02,550,48.29,26559.23,550.0,0.0,550.0,2013-08-26,True
1898,612,1366,656,241,2013-09-02,3,43.22,129.65,3.0,0.0,3.0,2013-08-26,True
1899,612,1367,656,242,2013-09-02,3,47.49,142.47,3.0,0.0,3.0,2013-08-26,True
1900,613,1368,657,112,2013-09-02,550,23.39,12866.7,550.0,0.0,550.0,2013-08-26,True
1901,613,1369,657,113,2013-09-02,550,27.65,15205.58,550.0,0.0,550.0,2013-08-26,True
1902,614,1370,658,164,2013-09-02,550,1.37,750.75,550.0,0.0,550.0,2013-08-26,True
1903,614,1371,658,5,2013-09-02,550,62.99,34644.23,550.0,0.0,550.0,2013-08-26,True
1904,615,1372,659,162,2013-09-02,550,6.2,3407.25,550.0,0.0,550.0,2013-08-26,True
1905,615,1373,659,163,2013-09-02,550,1.47,808.5,523.0,0.0,523.0,2013-08-26,True
1906,615,1374,659,132,2013-09-02,550,6.2,3407.25,550.0,0.0,550.0,2013-08-26,True
1907,616,1375,660,112,2013-09-02,550,22.17,12191.03,468.0,0.0,468.0,2013-08-26,True
1908,616,1376,660,113,2013-09-02,550,29.28,16106.48,550.0,0.0,550.0,2013-08-26,True
1909,617,1377,661,150,2013-09-02,3,19.98,59.94,3.0,0.0,3.0,2013-08-26,True
1910,618,1378,662,207,2013-09-02,3,39.07,117.21,3.0,0.0,3.0,2013-08-26,True
1911,618,1379,662,208,2013-09-02,3,36.97,110.91,3.0,0.0,3.0,2013-08-26,True
1912,618,1380,662,170,2013-09-02,3,41.24,123.73,3.0,0.0,3.0,2013-08-26,True
1913,618,1381,662,158,2013-09-02,3,36.97,110.91,3.0,0.0,3.0,2013-08-26,True
1914,618,1382,662,159,2013-09-02,3,34.87,104.61,3.0,0.0,3.0,2013-08-26,True
1915,619,1383,663,9,2013-09-02,550,31.49,17319.23,550.0,0.0,550.0,2013-08-26,True
1916,619,1384,663,7,2013-09-02,550,48.29,26559.23,550.0,0.0,550.0,2013-08-26,True
1917,620,1385,664,243,2013-09-02,3,43.27,129.81,3.0,0.0,3.0,2013-08-26,True
1918,620,1386,664,244,2013-09-02,3,47.54,142.63,3.0,0.0,3.0,2013-08-26,True
1919,620,1387,664,245,2013-09-02,3,43.27,129.81,3.0,0.0,3.0,2013-08-26,True
1920,621,1388,665,137,2013-09-02,550,11.09,6098.4,550.0,0.0,550.0,2013-08-26,True
1921,621,1389,665,104,2013-09-02,550,15.89,8737.58,550.0,0.0,550.0,2013-08-26,True
1922,621,1390,665,139,2013-09-02,550,11.67,6416.03,550.0,27.0,523.0,2013-08-26,True
1923,621,1391,665,140,2013-09-02,550,11.09,6098.4,550.0,0.0,550.0,2013-08-26,True
1924,622,1392,666,211,2013-09-02,3,47.47,142.41,3.0,0.0,3.0,2013-08-26,True
1925,623,1393,667,115,2013-09-02,550,23.08,12693.45,550.0,0.0,550.0,2013-08-26,True
1926,623,1394,667,116,2013-09-02,550,29.27,16100.7,550.0,0.0,550.0,2013-08-26,True
1927,623,1395,667,117,2013-09-02,550,34.98,19236.53,550.0,0.0,550.0,2013-08-26,True
1928,624,1396,668,216,2013-09-02,3,47.54,142.63,3.0,3.0,0.0,2013-08-26,True
1929,624,1397,668,217,2013-09-02,3,43.27,129.81,3.0,3.0,0.0,2013-08-26,True
1930,625,1398,669,109,2013-09-02,550,2.32,1276.28,550.0,0.0,550.0,2013-08-26,True
1931,626,1399,670,122,2013-09-02,550,3.64,2003.93,468.0,0.0,468.0,2013-08-26,True
1932,627,1400,671,435,2013-09-02,550,40.94,22516.73,550.0,0.0,550.0,2013-08-26,True
1933,628,1401,672,165,2013-09-02,60,3.6,216.09,60.0,0.0,60.0,2013-08-26,True
1934,628,1402,672,166,2013-09-02,60,3.98,238.77,60.0,0.0,60.0,2013-08-26,True
1935,629,1403,673,9,2013-09-03,550,31.49,17319.23,550.0,0.0,550.0,2013-08-27,True
1936,629,1404,673,7,2013-09-03,550,48.29,26559.23,550.0,0.0,550.0,2013-08-27,True
1937,630,1405,674,120,2013-09-03,550,12.97,7132.13,550.0,0.0,550.0,2013-08-27,True
1938,631,1406,675,441,2013-09-03,550,21.09,11601.98,550.0,0.0,550.0,2013-08-27,True
1939,631,1407,675,438,2013-09-03,550,30.44,16741.73,550.0,0.0,550.0,2013-08-27,True
1940,632,1408,676,434,2013-09-03,550,40.94,22516.73,550.0,82.0,468.0,2013-08-27,True
1941,633,1409,677,4,2013-09-03,550,62.99,34644.23,550.0,0.0,550.0,2013-08-27,True
1942,634,1410,678,83,2013-09-03,3,41.22,123.67,3.0,0.0,3.0,2013-08-27,True
1943,634,1411,678,84,2013-09-03,3,39.12,117.37,3.0,0.0,3.0,2013-08-27,True
1944,635,1412,679,73,2013-09-03,3,47.68,143.04,3.0,0.0,3.0,2013-08-27,True
1945,636,1413,680,115,2013-09-03,550,23.4,12872.48,468.0,0.0,468.0,2013-08-27,True
1946,636,1414,680,116,2013-09-03,550,27.87,15326.85,550.0,0.0,550.0,2013-08-27,True
1947,637,1415,681,141,2013-09-04,550,8.76,4816.35,550.0,0.0,550.0,2013-08-28,True
1948,637,1416,681,142,2013-09-04,550,9.69,5330.33,550.0,0.0,550.0,2013-08-28,True
1949,637,1417,681,143,2013-09-04,550,6.88,3782.63,550.0,0.0,550.0,2013-08-28,True
1950,637,1418,681,144,2013-09-04,550,7.8,4290.83,550.0,0.0,550.0,2013-08-28,True
1951,637,1419,681,133,2013-09-04,550,8.76,4816.35,550.0,0.0,550.0,2013-08-28,True
1952,637,1420,681,146,2013-09-04,550,5.81,3193.58,550.0,0.0,550.0,2013-08-28,True
1953,638,1421,682,211,2013-09-04,3,47.47,142.41,3.0,0.0,3.0,2013-08-28,True
1954,639,1422,683,115,2013-09-04,550,23.08,12693.45,550.0,0.0,550.0,2013-08-28,True
1955,639,1423,683,116,2013-09-04,550,29.27,16100.7,550.0,0.0,550.0,2013-08-28,True
1956,639,1424,683,117,2013-09-04,550,34.98,19236.53,550.0,0.0,550.0,2013-08-28,True
1957,640,1425,684,218,2013-09-04,3,41.17,123.51,3.0,0.0,3.0,2013-08-28,True
1958,640,1426,684,442,2013-09-04,550,21.09,11601.98,550.0,55.0,495.0,2013-08-28,True
1959,640,1427,684,439,2013-09-04,550,30.44,16741.73,550.0,0.0,550.0,2013-08-28,True
1960,641,1428,685,123,2013-09-04,550,6.75,3713.33,550.0,0.0,550.0,2013-08-28,True
1961,642,1429,686,10,2013-09-04,550,31.49,17319.23,550.0,82.0,468.0,2013-08-28,True
1962,642,1430,686,8,2013-09-04,550,48.29,26559.23,550.0,0.0,550.0,2013-08-28,True
1963,643,1431,687,155,2013-09-04,60,49.65,2979.27,60.0,0.0,60.0,2013-08-28,True
1964,644,1432,688,119,2013-09-04,550,10.38,5711.48,550.0,550.0,0.0,2013-08-28,True
1965,645,1433,689,86,2013-09-04,3,47.75,143.26,3.0,0.0,3.0,2013-08-28,True
1966,645,1434,689,87,2013-09-04,3,43.48,130.44,3.0,0.0,3.0,2013-08-28,True
1967,645,1435,689,88,2013-09-04,3,41.38,124.14,3.0,0.0,3.0,2013-08-28,True
1968,645,1436,689,89,2013-09-04,3,45.65,136.96,3.0,0.0,3.0,2013-08-28,True
1969,645,1437,689,90,2013-09-04,3,41.38,124.14,3.0,0.0,3.0,2013-08-28,True
1970,645,1438,689,91,2013-09-04,3,39.28,117.84,3.0,0.0,3.0,2013-08-28,True
1971,645,1439,689,92,2013-09-04,3,43.55,130.66,3.0,0.0,3.0,2013-08-28,True
1972,645,1440,689,93,2013-09-04,3,39.28,117.84,3.0,0.0,3.0,2013-08-28,True
1973,645,1441,689,94,2013-09-04,3,37.18,111.54,3.0,0.0,3.0,2013-08-28,True
1974,645,1442,689,95,2013-09-04,3,41.45,124.36,3.0,0.0,3.0,2013-08-28,True
1975,645,1443,689,96,2013-09-04,3,37.18,111.54,3.0,0.0,3.0,2013-08-28,True
1976,646,1444,690,149,2013-09-04,3,12.72,38.15,3.0,0.0,3.0,2013-08-28,True
1977,646,1445,690,150,2013-09-04,3,19.94,59.82,3.0,0.0,3.0,2013-08-28,True
1978,647,1446,691,124,2013-09-04,3,38.16,114.47,3.0,0.0,3.0,2013-08-28,True
1979,648,1447,692,110,2013-09-04,3,44.22,132.65,3.0,0.0,3.0,2013-08-28,True
1980,649,1448,693,10,2013-09-04,550,31.49,17319.23,550.0,0.0,550.0,2013-08-28,True
1981,649,1449,693,8,2013-09-04,550,48.29,26559.23,550.0,0.0,550.0,2013-08-28,True
1982,650,1450,694,167,2013-09-04,60,6.98,418.95,60.0,0.0,60.0,2013-08-28,True
1983,651,1451,695,103,2013-09-04,3,43.48,130.44,3.0,0.0,3.0,2013-08-28,True
1984,651,1452,695,70,2013-09-04,3,41.38,124.14,3.0,0.0,3.0,2013-08-28,True
1985,651,1453,695,105,2013-09-04,3,45.65,136.96,3.0,0.0,3.0,2013-08-28,True
1986,651,1454,695,106,2013-09-04,3,41.38,124.14,3.0,0.0,3.0,2013-08-28,True
1987,652,1455,696,165,2013-09-04,60,3.38,202.86,60.0,9.0,51.0,2013-08-28,True
1988,652,1456,696,166,2013-09-04,60,4.32,258.93,60.0,0.0,60.0,2013-08-28,True
1989,653,1457,697,245,2013-09-04,3,36.97,110.91,3.0,0.0,3.0,2013-08-28,True
1990,653,1458,697,246,2013-09-04,3,43.22,129.65,3.0,0.0,3.0,2013-08-28,True
1991,653,1459,697,247,2013-09-04,3,47.49,142.47,3.0,0.0,3.0,2013-08-28,True
1992,654,1460,698,149,2013-09-04,3,12.36,37.08,3.0,3.0,0.0,2013-08-28,True
1993,655,1461,699,118,2013-09-04,550,39.2,21558.08,550.0,0.0,550.0,2013-08-28,True
1994,656,1462,700,221,2013-09-04,3,39.14,117.43,3.0,0.0,3.0,2013-08-28,True
1995,656,1463,700,209,2013-09-04,3,47.58,142.73,3.0,0.0,3.0,2013-08-28,True
1996,656,1464,700,223,2013-09-04,3,45.48,136.43,3.0,0.0,3.0,2013-08-28,True
1997,656,1465,700,224,2013-09-04,3,49.75,149.25,3.0,0.0,3.0,2013-08-28,True
1998,657,1466,701,497,2013-09-05,550,38.15,20980.58,550.0,0.0,550.0,2013-08-29,True
1999,658,1467,702,90,2013-09-05,3,41.38,124.14,3.0,0.0,3.0,2013-08-29,True
2000,658,1468,702,91,2013-09-05,3,39.28,117.84,3.0,0.0,3.0,2013-08-29,True
2001,658,1469,702,92,2013-09-05,3,43.55,130.66,3.0,0.0,3.0,2013-08-29,True
2002,658,1470,702,93,2013-09-05,3,39.28,117.84,3.0,0.0,3.0,2013-08-29,True
2003,658,1471,702,94,2013-09-05,3,37.18,111.54,3.0,0.0,3.0,2013-08-29,True
2004,659,1472,703,204,2013-09-05,3,47.58,142.73,3.0,0.0,3.0,2013-08-29,True
2005,659,1473,703,205,2013-09-05,3,45.48,136.43,3.0,0.0,3.0,2013-08-29,True
2006,659,1474,703,206,2013-09-05,3,49.75,149.25,3.0,0.0,3.0,2013-08-29,True
2007,659,1475,703,207,2013-09-05,3,45.48,136.43,3.0,0.0,3.0,2013-08-29,True
2008,659,1476,703,208,2013-09-05,3,43.38,130.13,3.0,0.0,3.0,2013-08-29,True
2009,660,1477,704,500,2013-09-05,550,34.35,18890.03,550.0,0.0,550.0,2013-08-29,True
2010,660,1478,704,499,2013-09-05,550,39.24,21581.18,550.0,55.0,495.0,2013-08-29,True
2011,661,1479,705,206,2013-09-05,3,49.64,148.93,3.0,0.0,3.0,2013-08-29,True
2012,661,1480,705,207,2013-09-05,3,45.37,136.11,3.0,0.0,3.0,2013-08-29,True
2013,661,1481,705,208,2013-09-05,3,43.27,129.81,3.0,0.0,3.0,2013-08-29,True
2014,661,1482,705,170,2013-09-05,3,47.54,142.63,3.0,0.0,3.0,2013-08-29,True
2015,662,1483,706,498,2013-09-05,550,32.77,18023.78,550.0,82.0,468.0,2013-08-29,True
2016,662,1484,706,496,2013-09-05,550,37.09,20397.3,550.0,0.0,550.0,2013-08-29,True
2017,663,1485,707,203,2013-09-05,550,10.82,5948.25,550.0,0.0,550.0,2013-08-29,True
2018,664,1486,708,447,2013-09-05,550,82.83,45558.98,550.0,550.0,0.0,2013-08-29,True
2019,664,1487,708,446,2013-09-05,550,82.83,45558.98,550.0,550.0,0.0,2013-08-29,True
2020,665,1488,709,183,2013-09-05,1250,0.21,262.5,1250.0,0.0,1250.0,2013-08-29,True
2021,665,1489,709,197,2013-09-05,1250,0.21,262.5,1188.0,0.0,1188.0,2013-08-29,True
2022,666,1490,710,191,2013-09-05,3,49.64,148.93,3.0,0.0,3.0,2013-08-29,True
2023,666,1491,710,192,2013-09-05,3,44.32,132.96,3.0,0.0,3.0,2013-08-29,True
2024,666,1492,710,193,2013-09-05,60,28.7,1721.79,60.0,0.0,60.0,2013-08-29,True
2025,667,1493,711,494,2013-09-05,550,42.51,23382.98,550.0,0.0,550.0,2013-08-29,True
2026,667,1494,711,501,2013-09-05,550,5.59,3072.3,550.0,0.0,550.0,2013-08-29,True
2027,668,1495,712,493,2013-09-05,60,15.74,944.37,60.0,0.0,60.0,2013-08-29,True
2028,669,1496,713,503,2013-09-05,550,6.53,3592.05,550.0,0.0,550.0,2013-08-29,True
2029,669,1497,713,502,2013-09-05,550,6.18,3401.48,550.0,0.0,550.0,2013-08-29,True
2030,670,1498,714,188,2013-09-05,550,29.58,16268.18,550.0,0.0,550.0,2013-08-29,True
2031,670,1499,714,189,2013-09-05,550,36.1,19854.45,550.0,55.0,495.0,2013-08-29,True
2032,670,1500,714,190,2013-09-05,550,48.58,26720.93,550.0,0.0,550.0,2013-08-29,True
2033,671,1501,715,498,2013-09-05,550,32.25,17735.03,550.0,0.0,550.0,2013-08-29,True
2034,671,1502,715,496,2013-09-05,550,36.56,20108.55,550.0,0.0,550.0,2013-08-29,True
2035,672,1503,716,190,2013-09-05,550,46.42,25531.28,550.0,82.0,468.0,2013-08-29,True
2036,673,1504,717,179,2013-09-08,3,43.4,130.19,3.0,0.0,3.0,2013-09-01,True
2037,673,1505,717,180,2013-09-08,3,39.12,117.37,3.0,0.0,3.0,2013-09-01,True
2038,673,1506,717,181,2013-09-08,3,37.02,111.07,3.0,0.0,3.0,2013-09-01,True
2039,674,1507,718,184,2013-09-08,3,41.92,125.75,3.0,3.0,0.0,2013-09-01,True
2040,675,1508,719,248,2013-09-08,3,50.26,150.79,3.0,0.0,3.0,2013-09-01,True
2041,676,1509,720,173,2013-09-08,3,47.75,143.26,3.0,0.0,3.0,2013-09-01,True
2042,676,1510,720,174,2013-09-08,3,43.48,130.44,3.0,0.0,3.0,2013-09-01,True
2043,676,1511,720,175,2013-09-08,3,41.38,124.14,3.0,0.0,3.0,2013-09-01,True
2044,676,1512,720,176,2013-09-08,3,45.65,136.96,3.0,0.0,3.0,2013-09-01,True
2045,677,1513,721,126,2013-09-08,550,16.09,8847.3,550.0,0.0,550.0,2013-09-01,True
2046,678,1514,722,186,2013-09-08,3,57.03,171.08,3.0,0.0,3.0,2013-09-01,True
2047,679,1515,723,117,2013-09-08,550,37.09,20397.3,550.0,0.0,550.0,2013-09-01,True
2048,680,1516,724,118,2013-09-08,550,26.6,14628.08,550.0,0.0,550.0,2013-09-01,True
2049,681,1517,725,190,2013-09-08,550,46.06,25334.93,550.0,0.0,550.0,2013-09-01,True
2050,682,1518,726,212,2013-09-08,3,47.47,142.41,3.0,0.0,3.0,2013-09-01,True
2051,682,1519,726,213,2013-09-08,3,45.37,136.11,3.0,0.0,3.0,2013-09-01,True
2052,683,1520,727,92,2013-09-08,3,43.4,130.19,3.0,0.0,3.0,2013-09-01,True
2053,683,1521,727,93,2013-09-08,3,39.12,117.37,3.0,0.0,3.0,2013-09-01,True
2054,683,1522,727,94,2013-09-08,3,37.02,111.07,3.0,0.0,3.0,2013-09-01,True
2055,684,1523,728,191,2013-09-08,3,47.47,142.41,3.0,3.0,0.0,2013-09-01,True
2056,684,1524,728,192,2013-09-08,3,42.8,128.39,3.0,3.0,0.0,2013-09-01,True
2057,685,1525,729,102,2013-09-08,3,39.12,117.37,3.0,0.0,3.0,2013-09-01,True
2058,685,1526,729,103,2013-09-08,3,37.02,111.07,3.0,0.0,3.0,2013-09-01,True
2059,685,1527,729,70,2013-09-08,3,41.3,123.89,3.0,0.0,3.0,2013-09-01,True
2060,685,1528,729,105,2013-09-08,3,37.02,111.07,3.0,0.0,3.0,2013-09-01,True
2061,685,1529,729,106,2013-09-08,3,47.68,143.04,3.0,0.0,3.0,2013-09-01,True
2062,685,1530,729,107,2013-09-08,3,45.58,136.74,3.0,0.0,3.0,2013-09-01,True
2063,685,1531,729,108,2013-09-08,3,49.85,149.56,3.0,0.0,3.0,2013-09-01,True
2064,685,1532,729,97,2013-09-08,3,45.58,136.74,3.0,0.0,3.0,2013-09-01,True
2065,685,1533,729,62,2013-09-08,3,43.48,130.44,3.0,0.0,3.0,2013-09-01,True
2066,685,1534,729,69,2013-09-08,3,47.75,143.26,3.0,0.0,3.0,2013-09-01,True
2067,685,1535,729,68,2013-09-08,3,43.48,130.44,3.0,0.0,3.0,2013-09-01,True
2068,685,1536,729,67,2013-09-08,3,41.38,124.14,3.0,0.0,3.0,2013-09-01,True
2069,685,1537,729,66,2013-09-08,3,45.65,136.96,3.0,0.0,3.0,2013-09-01,True
2070,685,1538,729,65,2013-09-08,3,41.38,124.14,3.0,0.0,3.0,2013-09-01,True
2071,685,1539,729,64,2013-09-08,3,39.28,117.84,3.0,0.0,3.0,2013-09-01,True
2072,685,1540,729,63,2013-09-08,3,43.55,130.66,3.0,0.0,3.0,2013-09-01,True
2073,685,1541,729,61,2013-09-08,3,39.28,117.84,3.0,0.0,3.0,2013-09-01,True
2074,685,1542,729,71,2013-09-08,3,37.18,111.54,3.0,0.0,3.0,2013-09-01,True
2075,685,1543,729,72,2013-09-08,3,41.45,124.36,3.0,0.0,3.0,2013-09-01,True
2076,686,1544,730,6,2013-09-08,550,62.99,34644.23,468.0,0.0,468.0,2013-09-01,True
2077,687,1545,731,191,2013-09-08,3,45.37,136.11,3.0,0.0,3.0,2013-09-01,True
2078,687,1546,731,192,2013-09-08,3,40.49,121.46,3.0,0.0,3.0,2013-09-01,True
2079,687,1547,731,193,2013-09-08,60,26.37,1581.93,60.0,0.0,60.0,2013-09-01,True
2080,688,1548,732,121,2013-09-08,3,48.76,146.29,3.0,0.0,3.0,2013-09-01,True
2081,689,1549,733,156,2013-09-09,3,34.19,102.56,3.0,0.0,3.0,2013-09-02,True
2082,690,1550,734,194,2013-09-09,3,50.26,150.79,3.0,0.0,3.0,2013-09-02,True
2083,691,1551,735,119,2013-09-09,550,10.73,5902.05,550.0,0.0,550.0,2013-09-02,True
2084,691,1552,735,120,2013-09-09,550,14.12,7767.38,550.0,0.0,550.0,2013-09-02,True
2085,692,1553,736,151,2013-09-09,60,50.26,3015.81,60.0,9.0,51.0,2013-09-02,True
2086,692,1554,736,152,2013-09-09,60,57.15,3429.09,60.0,0.0,60.0,2013-09-02,True
2087,693,1555,737,440,2013-09-09,550,21.09,11601.98,550.0,0.0,550.0,2013-09-02,True
2088,693,1556,737,437,2013-09-09,550,30.44,16741.73,550.0,0.0,550.0,2013-09-02,True
2089,693,1557,737,434,2013-09-09,550,40.94,22516.73,550.0,0.0,550.0,2013-09-02,True
2090,694,1558,738,111,2013-09-09,60,9.2,551.88,60.0,60.0,0.0,2013-09-02,True
2091,695,1559,739,162,2013-09-09,550,5.78,3176.25,550.0,0.0,550.0,2013-09-02,True
2092,695,1560,739,163,2013-09-09,550,1.16,635.25,523.0,0.0,523.0,2013-09-02,True
2093,695,1561,739,132,2013-09-09,550,5.78,3176.25,550.0,0.0,550.0,2013-09-02,True
2094,696,1562,740,112,2013-09-09,550,23.39,12866.7,468.0,0.0,468.0,2013-09-02,True
2095,696,1563,740,113,2013-09-09,550,27.65,15205.58,550.0,0.0,550.0,2013-09-02,True
2096,697,1564,741,131,2013-09-09,550,3.49,1917.3,550.0,0.0,550.0,2013-09-02,True
2097,698,1565,742,162,2013-09-09,550,6.2,3407.25,550.0,0.0,550.0,2013-09-02,True
2098,698,1566,742,163,2013-09-09,550,1.47,808.5,550.0,0.0,550.0,2013-09-02,True
2099,698,1567,742,132,2013-09-09,550,6.2,3407.25,550.0,0.0,550.0,2013-09-02,True
2100,699,1568,743,112,2013-09-09,550,22.17,12191.03,550.0,0.0,550.0,2013-09-02,True
2101,699,1569,743,113,2013-09-09,550,29.28,16106.48,550.0,0.0,550.0,2013-09-02,True
2102,700,1570,744,150,2013-09-09,3,19.98,59.94,3.0,0.0,3.0,2013-09-02,True
2103,701,1571,745,160,2013-09-09,3,39.14,117.43,3.0,0.0,3.0,2013-09-02,True
2104,702,1572,746,9,2013-09-09,550,31.49,17319.23,550.0,82.0,468.0,2013-09-02,True
2105,702,1573,746,7,2013-09-09,550,48.29,26559.23,550.0,0.0,550.0,2013-09-02,True
2106,703,1574,747,246,2013-09-09,3,41.17,123.51,3.0,0.0,3.0,2013-09-02,True
2107,703,1575,747,247,2013-09-09,3,45.44,136.33,3.0,0.0,3.0,2013-09-02,True
2108,703,1576,747,235,2013-09-09,3,41.17,123.51,3.0,0.0,3.0,2013-09-02,True
2109,704,1577,748,147,2013-09-09,550,8.86,4874.1,550.0,550.0,0.0,2013-09-02,True
2110,704,1578,748,148,2013-09-09,550,10.47,5757.68,550.0,550.0,0.0,2013-09-02,True
2111,705,1579,749,211,2013-09-10,3,47.47,142.41,3.0,0.0,3.0,2013-09-03,True
2112,706,1580,750,115,2013-09-10,550,23.08,12693.45,468.0,0.0,468.0,2013-09-03,True
2113,706,1581,750,116,2013-09-10,550,29.27,16100.7,550.0,0.0,550.0,2013-09-03,True
2114,706,1582,750,117,2013-09-10,550,34.98,19236.53,550.0,0.0,550.0,2013-09-03,True
2115,707,1583,751,436,2013-09-10,550,40.94,22516.73,550.0,0.0,550.0,2013-09-03,True
2116,708,1584,752,109,2013-09-10,550,2.32,1276.28,550.0,0.0,550.0,2013-09-03,True
2117,709,1585,753,122,2013-09-10,550,3.64,2003.93,550.0,0.0,550.0,2013-09-03,True
2118,710,1586,754,440,2013-09-10,550,21.09,11601.98,550.0,0.0,550.0,2013-09-03,True
2119,710,1587,754,437,2013-09-10,550,30.44,16741.73,550.0,55.0,495.0,2013-09-03,True
2120,710,1588,754,435,2013-09-10,550,40.94,22516.73,550.0,0.0,550.0,2013-09-03,True
2121,711,1589,755,165,2013-09-10,60,3.6,216.09,60.0,0.0,60.0,2013-09-03,True
2122,711,1590,755,166,2013-09-10,60,3.98,238.77,60.0,0.0,60.0,2013-09-03,True
2123,712,1591,756,9,2013-09-10,550,31.49,17319.23,550.0,82.0,468.0,2013-09-03,True
2124,712,1592,756,7,2013-09-10,550,48.29,26559.23,550.0,0.0,550.0,2013-09-03,True
2125,713,1593,757,120,2013-09-10,550,12.97,7132.13,550.0,0.0,550.0,2013-09-03,True
2126,714,1594,758,441,2013-09-10,550,21.09,11601.98,550.0,550.0,0.0,2013-09-03,True
2127,714,1595,758,438,2013-09-10,550,30.44,16741.73,550.0,550.0,0.0,2013-09-03,True
2128,715,1596,759,434,2013-09-10,550,40.94,22516.73,550.0,0.0,550.0,2013-09-03,True
2129,716,1597,760,4,2013-09-10,550,62.99,34644.23,468.0,0.0,468.0,2013-09-03,True
2130,717,1598,761,145,2013-09-10,3,43.4,130.19,3.0,0.0,3.0,2013-09-03,True
2131,717,1599,761,134,2013-09-10,3,39.12,117.37,3.0,0.0,3.0,2013-09-03,True
2132,718,1600,762,73,2013-09-10,3,47.68,143.04,3.0,0.0,3.0,2013-09-03,True
2133,719,1601,763,115,2013-09-10,550,23.4,12872.48,550.0,0.0,550.0,2013-09-03,True
2134,719,1602,763,116,2013-09-10,550,27.87,15326.85,550.0,0.0,550.0,2013-09-03,True
2135,720,1603,764,123,2013-09-10,550,6.75,3713.33,550.0,0.0,550.0,2013-09-03,True
2136,721,1604,765,114,2013-09-11,550,36.28,19952.63,550.0,0.0,550.0,2013-09-04,True
2137,722,1605,766,151,2013-09-11,60,50.75,3044.79,60.0,9.0,51.0,2013-09-04,True
2138,722,1606,766,152,2013-09-11,60,58.26,3495.87,60.0,0.0,60.0,2013-09-04,True
2139,723,1607,767,119,2013-09-11,550,10.38,5711.48,550.0,0.0,550.0,2013-09-04,True
2140,724,1608,768,231,2013-09-11,3,47.68,143.04,3.0,3.0,0.0,2013-09-04,True
2141,724,1609,768,232,2013-09-11,3,45.58,136.74,3.0,3.0,0.0,2013-09-04,True
2142,725,1610,769,149,2013-09-11,3,12.72,38.15,3.0,0.0,3.0,2013-09-04,True
2143,725,1611,769,150,2013-09-11,3,19.94,59.82,3.0,0.0,3.0,2013-09-04,True
2144,726,1612,770,124,2013-09-11,3,38.16,114.47,3.0,0.0,3.0,2013-09-04,True
2145,727,1613,771,110,2013-09-11,3,44.22,132.65,3.0,0.0,3.0,2013-09-04,True
2146,728,1614,772,10,2013-09-11,550,31.49,17319.23,550.0,0.0,550.0,2013-09-04,True
2147,728,1615,772,8,2013-09-11,550,48.29,26559.23,550.0,0.0,550.0,2013-09-04,True
2148,729,1616,773,167,2013-09-11,60,6.98,418.95,60.0,0.0,60.0,2013-09-04,True
2149,730,1617,774,107,2013-09-11,3,39.28,117.84,3.0,0.0,3.0,2013-09-04,True
2150,730,1618,774,108,2013-09-11,3,43.55,130.66,3.0,0.0,3.0,2013-09-04,True
2151,730,1619,774,97,2013-09-11,3,39.28,117.84,3.0,0.0,3.0,2013-09-04,True
2152,731,1620,775,165,2013-09-11,60,3.38,202.86,60.0,0.0,60.0,2013-09-04,True
2153,731,1621,775,166,2013-09-11,60,4.32,258.93,60.0,0.0,60.0,2013-09-04,True
2154,732,1622,776,235,2013-09-11,3,43.27,129.81,3.0,0.0,3.0,2013-09-04,True
2155,732,1623,776,249,2013-09-11,3,47.54,142.63,3.0,0.0,3.0,2013-09-04,True
2156,733,1624,777,149,2013-09-11,3,12.36,37.08,3.0,0.0,3.0,2013-09-04,True
2157,734,1625,778,118,2013-09-11,550,39.2,21558.08,550.0,550.0,0.0,2013-09-04,True
2158,735,1626,779,225,2013-09-11,3,45.48,136.43,3.0,0.0,3.0,2013-09-04,True
2159,735,1627,779,226,2013-09-11,3,43.38,130.13,3.0,0.0,3.0,2013-09-04,True
2160,735,1628,779,227,2013-09-11,3,47.65,142.95,3.0,0.0,3.0,2013-09-04,True
2161,735,1629,779,228,2013-09-11,3,43.38,130.13,3.0,0.0,3.0,2013-09-04,True
2162,735,1630,779,229,2013-09-11,3,41.28,123.83,3.0,0.0,3.0,2013-09-04,True
2163,735,1631,779,230,2013-09-11,3,45.55,136.65,3.0,0.0,3.0,2013-09-04,True
2164,736,1632,780,500,2013-09-11,550,34.87,19178.78,468.0,0.0,468.0,2013-09-04,True
2165,736,1633,780,499,2013-09-11,550,39.76,21869.93,550.0,0.0,550.0,2013-09-04,True
2166,736,1634,780,495,2013-09-11,550,43.98,24191.48,550.0,0.0,550.0,2013-09-04,True
2167,736,1635,780,497,2013-09-11,550,38.15,20980.58,550.0,0.0,550.0,2013-09-04,True
2168,737,1636,781,95,2013-09-12,3,41.45,124.36,3.0,0.0,3.0,2013-09-05,True
2169,737,1637,781,96,2013-09-12,3,37.18,111.54,3.0,0.0,3.0,2013-09-05,True
2170,738,1638,782,170,2013-09-12,3,47.65,142.95,3.0,0.0,3.0,2013-09-05,True
2171,738,1639,782,158,2013-09-12,3,43.38,130.13,3.0,0.0,3.0,2013-09-05,True
2172,738,1640,782,159,2013-09-12,3,41.28,123.83,3.0,0.0,3.0,2013-09-05,True
2173,738,1641,782,160,2013-09-12,3,45.55,136.65,3.0,0.0,3.0,2013-09-05,True
2174,739,1642,783,500,2013-09-12,550,34.35,18890.03,550.0,0.0,550.0,2013-09-05,True
2175,739,1643,783,499,2013-09-12,550,39.24,21581.18,550.0,0.0,550.0,2013-09-05,True
2176,740,1644,784,158,2013-09-12,3,43.27,129.81,3.0,0.0,3.0,2013-09-05,True
2177,740,1645,784,159,2013-09-12,3,41.17,123.51,3.0,0.0,3.0,2013-09-05,True
2178,740,1646,784,160,2013-09-12,3,45.44,136.33,3.0,0.0,3.0,2013-09-05,True
2179,741,1647,785,494,2013-09-12,550,43.04,23671.73,550.0,0.0,550.0,2013-09-05,True
2180,742,1648,786,203,2013-09-12,550,10.82,5948.25,550.0,82.0,468.0,2013-09-05,True
2181,743,1649,787,447,2013-09-12,550,82.83,45558.98,550.0,0.0,550.0,2013-09-05,True
2182,743,1650,787,446,2013-09-12,550,82.83,45558.98,550.0,0.0,550.0,2013-09-05,True
2183,744,1651,788,183,2013-09-12,1250,0.21,262.5,1250.0,1250.0,0.0,2013-09-05,True
2184,744,1652,788,197,2013-09-12,1250,0.21,262.5,1250.0,1250.0,0.0,2013-09-05,True
2185,745,1653,789,191,2013-09-12,3,49.64,148.93,3.0,0.0,3.0,2013-09-05,True
2186,745,1654,789,192,2013-09-12,3,44.32,132.96,3.0,0.0,3.0,2013-09-05,True
2187,745,1655,789,193,2013-09-12,60,28.7,1721.79,60.0,0.0,60.0,2013-09-05,True
2188,746,1656,790,494,2013-09-12,550,42.51,23382.98,468.0,0.0,468.0,2013-09-05,True
2189,746,1657,790,501,2013-09-12,550,5.59,3072.3,550.0,0.0,550.0,2013-09-05,True
2190,747,1658,791,493,2013-09-12,60,15.74,944.37,60.0,0.0,60.0,2013-09-05,True
2191,748,1659,792,495,2013-09-12,550,43.46,23902.73,550.0,0.0,550.0,2013-09-05,True
2192,748,1660,792,497,2013-09-12,550,37.62,20691.83,550.0,0.0,550.0,2013-09-05,True
2193,748,1661,792,503,2013-09-12,550,6.53,3592.05,550.0,0.0,550.0,2013-09-05,True
2194,748,1662,792,502,2013-09-12,550,6.18,3401.48,550.0,0.0,550.0,2013-09-05,True
2195,749,1663,793,188,2013-09-12,550,29.58,16268.18,550.0,0.0,550.0,2013-09-05,True
2196,749,1664,793,189,2013-09-12,550,36.1,19854.45,550.0,0.0,550.0,2013-09-05,True
2197,749,1665,793,190,2013-09-12,550,48.58,26720.93,550.0,0.0,550.0,2013-09-05,True
2198,750,1666,794,498,2013-09-12,550,32.25,17735.03,550.0,0.0,550.0,2013-09-05,True
2199,750,1667,794,496,2013-09-12,550,36.56,20108.55,550.0,55.0,495.0,2013-09-05,True
2200,751,1668,795,190,2013-09-12,550,46.42,25531.28,550.0,0.0,550.0,2013-09-05,True
2201,752,1669,796,182,2013-09-12,3,41.3,123.89,3.0,0.0,3.0,2013-09-05,True
2202,752,1670,796,196,2013-09-12,3,37.02,111.07,3.0,0.0,3.0,2013-09-05,True
2203,753,1671,797,109,2013-09-13,550,2.32,1276.28,550.0,0.0,550.0,2013-09-06,True
2204,754,1672,798,122,2013-09-13,550,3.64,2003.93,550.0,0.0,550.0,2013-09-06,True
2205,755,1673,799,440,2013-09-13,550,21.09,11601.98,550.0,0.0,550.0,2013-09-06,True
2206,755,1674,799,437,2013-09-13,550,30.44,16741.73,523.0,0.0,523.0,2013-09-06,True
2207,755,1675,799,435,2013-09-13,550,40.94,22516.73,550.0,0.0,550.0,2013-09-06,True
2208,756,1676,800,165,2013-09-13,60,3.6,216.09,51.0,0.0,51.0,2013-09-06,True
2209,756,1677,800,166,2013-09-13,60,3.98,238.77,60.0,0.0,60.0,2013-09-06,True
2210,757,1678,801,184,2013-09-15,3,41.92,125.75,3.0,0.0,3.0,2013-09-08,True
2211,758,1679,802,248,2013-09-15,3,50.26,150.79,3.0,0.0,3.0,2013-09-08,True
2212,759,1680,803,177,2013-09-15,3,41.38,124.14,3.0,0.0,3.0,2013-09-08,True
2213,759,1681,803,178,2013-09-15,3,39.28,117.84,3.0,0.0,3.0,2013-09-08,True
2214,759,1682,803,179,2013-09-15,3,43.55,130.66,3.0,0.0,3.0,2013-09-08,True
2215,759,1683,803,180,2013-09-15,3,39.28,117.84,3.0,0.0,3.0,2013-09-08,True
2216,759,1684,803,181,2013-09-15,3,37.18,111.54,3.0,0.0,3.0,2013-09-08,True
2217,760,1685,804,126,2013-09-15,550,16.09,8847.3,550.0,0.0,550.0,2013-09-08,True
2218,761,1686,805,186,2013-09-15,3,57.03,171.08,3.0,0.0,3.0,2013-09-08,True
2219,762,1687,806,117,2013-09-15,550,37.09,20397.3,550.0,82.0,468.0,2013-09-08,True
2220,763,1688,807,118,2013-09-15,550,26.6,14628.08,550.0,0.0,550.0,2013-09-08,True
2221,764,1689,808,188,2013-09-15,550,27.06,14882.18,550.0,0.0,550.0,2013-09-08,True
2222,764,1690,808,189,2013-09-15,550,33.58,18468.45,550.0,0.0,550.0,2013-09-08,True
2223,765,1691,809,214,2013-09-15,3,49.64,148.93,3.0,0.0,3.0,2013-09-08,True
2224,765,1692,809,215,2013-09-15,3,45.37,136.11,3.0,0.0,3.0,2013-09-08,True
2225,765,1693,809,216,2013-09-15,3,43.27,129.81,3.0,0.0,3.0,2013-09-08,True
2226,765,1694,809,217,2013-09-15,3,47.54,142.63,3.0,0.0,3.0,2013-09-08,True
2227,765,1695,809,218,2013-09-15,3,43.27,129.81,3.0,0.0,3.0,2013-09-08,True
2228,765,1696,809,219,2013-09-15,3,41.17,123.51,3.0,0.0,3.0,2013-09-08,True
2229,765,1697,809,220,2013-09-15,3,45.44,136.33,3.0,0.0,3.0,2013-09-08,True
2230,765,1698,809,221,2013-09-15,3,41.17,123.51,3.0,0.0,3.0,2013-09-08,True
2231,765,1699,809,209,2013-09-15,3,39.07,117.21,3.0,0.0,3.0,2013-09-08,True
2232,765,1700,809,223,2013-09-15,3,43.34,130.03,3.0,0.0,3.0,2013-09-08,True
2233,765,1701,809,224,2013-09-15,3,39.07,117.21,3.0,0.0,3.0,2013-09-08,True
2234,765,1702,809,225,2013-09-15,3,36.97,110.91,3.0,0.0,3.0,2013-09-08,True
2235,765,1703,809,226,2013-09-15,3,41.24,123.73,3.0,0.0,3.0,2013-09-08,True
2236,765,1704,809,227,2013-09-15,3,36.97,110.91,3.0,0.0,3.0,2013-09-08,True
2237,765,1705,809,228,2013-09-15,3,34.87,104.61,3.0,0.0,3.0,2013-09-08,True
2238,765,1706,809,229,2013-09-15,3,39.14,117.43,3.0,0.0,3.0,2013-09-08,True
2239,765,1707,809,230,2013-09-15,3,47.58,142.73,3.0,0.0,3.0,2013-09-08,True
2240,766,1708,810,95,2013-09-15,3,41.3,123.89,3.0,0.0,3.0,2013-09-08,True
2241,766,1709,810,96,2013-09-15,3,37.02,111.07,3.0,0.0,3.0,2013-09-08,True
2242,767,1710,811,193,2013-09-15,60,25.42,1525.23,60.0,0.0,60.0,2013-09-08,True
2243,768,1711,812,85,2013-09-15,3,41.22,123.67,3.0,0.0,3.0,2013-09-08,True
2244,768,1712,812,98,2013-09-15,3,45.5,136.49,3.0,0.0,3.0,2013-09-08,True
2245,768,1713,812,99,2013-09-15,3,41.22,123.67,3.0,0.0,3.0,2013-09-08,True
2246,768,1714,812,100,2013-09-15,3,39.12,117.37,3.0,0.0,3.0,2013-09-08,True
2247,768,1715,812,101,2013-09-15,3,43.4,130.19,3.0,0.0,3.0,2013-09-08,True
2248,769,1716,1301,6,2013-09-15,550,62.99,34644.23,550.0,0.0,550.0,2013-09-08,True
2249,770,1717,1302,191,2013-09-15,3,45.37,136.11,3.0,0.0,3.0,2013-09-08,True
2250,770,1718,1302,192,2013-09-15,3,40.49,121.46,3.0,0.0,3.0,2013-09-08,True
2251,770,1719,1302,193,2013-09-15,60,26.37,1581.93,60.0,0.0,60.0,2013-09-08,True
2252,771,1720,1303,121,2013-09-15,3,48.76,146.29,3.0,0.0,3.0,2013-09-08,True
2253,772,1721,1304,156,2013-09-15,3,34.19,102.56,3.0,0.0,3.0,2013-09-08,True
2254,773,1722,1305,194,2013-09-16,3,50.26,150.79,3.0,0.0,3.0,2013-09-09,True
2255,774,1723,1306,119,2013-09-16,550,10.73,5902.05,550.0,0.0,550.0,2013-09-09,True
2256,774,1724,1306,120,2013-09-16,550,14.12,7767.38,550.0,0.0,550.0,2013-09-09,True
2257,775,1725,1307,153,2013-09-16,60,53.2,3192.21,60.0,0.0,60.0,2013-09-09,True
2258,775,1726,1307,154,2013-09-16,60,63.69,3821.58,57.0,0.0,57.0,2013-09-09,True
2259,775,1727,1307,155,2013-09-16,60,48.91,2934.54,60.0,0.0,60.0,2013-09-09,True
2260,776,1728,1308,441,2013-09-16,550,21.09,11601.98,468.0,0.0,468.0,2013-09-09,True
2261,776,1729,1308,438,2013-09-16,550,30.44,16741.73,550.0,0.0,550.0,2013-09-09,True
2262,776,1730,1308,435,2013-09-16,550,40.94,22516.73,550.0,0.0,550.0,2013-09-09,True
2263,776,1731,1308,442,2013-09-16,550,21.09,11601.98,550.0,0.0,550.0,2013-09-09,True
2264,777,1732,1309,111,2013-09-16,60,9.2,551.88,60.0,0.0,60.0,2013-09-09,True
2265,778,1733,1310,162,2013-09-16,550,5.78,3176.25,550.0,0.0,550.0,2013-09-09,True
2266,778,1734,1310,163,2013-09-16,550,1.16,635.25,550.0,0.0,550.0,2013-09-09,True
2267,778,1735,1310,132,2013-09-16,550,5.78,3176.25,550.0,0.0,550.0,2013-09-09,True
2268,779,1736,1311,112,2013-09-16,550,23.39,12866.7,550.0,0.0,550.0,2013-09-09,True
2269,779,1737,1311,113,2013-09-16,550,27.65,15205.58,550.0,0.0,550.0,2013-09-09,True
2270,780,1738,1312,164,2013-09-16,550,1.37,750.75,550.0,0.0,550.0,2013-09-09,True
2271,780,1739,1312,5,2013-09-16,550,62.99,34644.23,550.0,55.0,495.0,2013-09-09,True
2272,780,1740,1312,131,2013-09-16,550,3.49,1917.3,550.0,0.0,550.0,2013-09-09,True
2273,781,1741,1313,162,2013-09-16,550,6.2,3407.25,550.0,0.0,550.0,2013-09-09,True
2274,781,1742,1313,163,2013-09-16,550,1.47,808.5,550.0,0.0,550.0,2013-09-09,True
2275,781,1743,1313,132,2013-09-16,550,6.2,3407.25,550.0,27.0,523.0,2013-09-09,True
2276,782,1744,1314,112,2013-09-16,550,22.17,12191.03,550.0,82.0,468.0,2013-09-09,True
2277,782,1745,1314,113,2013-09-16,550,29.28,16106.48,550.0,0.0,550.0,2013-09-09,True
2278,783,1746,1315,150,2013-09-16,3,19.98,59.94,3.0,0.0,3.0,2013-09-09,True
2279,784,1747,1316,204,2013-09-16,3,41.17,123.51,3.0,0.0,3.0,2013-09-09,True
2280,784,1748,1316,205,2013-09-16,3,39.07,117.21,3.0,0.0,3.0,2013-09-09,True
2281,785,1749,1317,9,2013-09-16,550,31.49,17319.23,550.0,0.0,550.0,2013-09-09,True
2282,785,1750,1317,7,2013-09-16,550,48.29,26559.23,523.0,0.0,523.0,2013-09-09,True
2283,786,1751,1318,249,2013-09-16,3,39.07,117.21,3.0,0.0,3.0,2013-09-09,True
2284,786,1752,1318,250,2013-09-16,3,43.34,130.03,3.0,0.0,3.0,2013-09-09,True
2285,786,1753,1318,251,2013-09-16,3,39.07,117.21,3.0,0.0,3.0,2013-09-09,True
2286,786,1754,1318,252,2013-09-16,3,36.97,110.91,3.0,0.0,3.0,2013-09-09,True
2287,787,1755,1319,135,2013-09-16,550,15.89,8737.58,550.0,0.0,550.0,2013-09-09,True
2288,787,1756,1319,136,2013-09-16,550,11.67,6416.03,550.0,0.0,550.0,2013-09-09,True
2289,787,1757,1319,137,2013-09-16,550,11.09,6098.4,550.0,0.0,550.0,2013-09-09,True
2290,787,1758,1319,104,2013-09-16,550,15.89,8737.58,550.0,0.0,550.0,2013-09-09,True
2291,787,1759,1319,139,2013-09-16,550,11.67,6416.03,550.0,0.0,550.0,2013-09-09,True
2292,787,1760,1319,140,2013-09-16,550,11.09,6098.4,550.0,0.0,550.0,2013-09-09,True
2293,788,1761,1320,211,2013-09-16,3,47.47,142.41,3.0,0.0,3.0,2013-09-09,True
2294,789,1762,1321,115,2013-09-17,550,23.08,12693.45,550.0,0.0,550.0,2013-09-10,True
2295,789,1763,1321,116,2013-09-17,550,29.27,16100.7,550.0,0.0,550.0,2013-09-10,True
2296,789,1764,1321,117,2013-09-17,550,34.98,19236.53,550.0,0.0,550.0,2013-09-10,True
2297,790,1765,1322,212,2013-09-17,3,45.37,136.11,3.0,0.0,3.0,2013-09-10,True
2298,790,1766,1322,213,2013-09-17,3,49.64,148.93,3.0,0.0,3.0,2013-09-10,True
2299,790,1767,1322,214,2013-09-17,3,45.37,136.11,3.0,0.0,3.0,2013-09-10,True
2300,791,1768,1323,109,2013-09-17,550,2.32,1276.28,550.0,0.0,550.0,2013-09-10,True
2301,792,1769,1324,122,2013-09-17,550,3.64,2003.93,550.0,82.0,468.0,2013-09-10,True
2302,793,1770,1325,440,2013-09-17,550,21.09,11601.98,550.0,0.0,550.0,2013-09-10,True
2303,793,1771,1325,437,2013-09-17,550,30.44,16741.73,550.0,0.0,550.0,2013-09-10,True
2304,793,1772,1325,435,2013-09-17,550,40.94,22516.73,550.0,0.0,550.0,2013-09-10,True
2305,794,1773,1326,165,2013-09-17,60,3.6,216.09,60.0,0.0,60.0,2013-09-10,True
2306,794,1774,1326,166,2013-09-17,60,3.98,238.77,60.0,0.0,60.0,2013-09-10,True
2307,795,1775,1327,9,2013-09-17,550,31.49,17319.23,550.0,0.0,550.0,2013-09-10,True
2308,795,1776,1327,7,2013-09-17,550,48.29,26559.23,523.0,0.0,523.0,2013-09-10,True
2309,796,1777,1328,120,2013-09-17,550,12.97,7132.13,468.0,0.0,468.0,2013-09-10,True
2310,797,1778,1329,441,2013-09-17,550,21.09,11601.98,550.0,0.0,550.0,2013-09-10,True
2311,797,1779,1329,438,2013-09-17,550,30.44,16741.73,550.0,0.0,550.0,2013-09-10,True
2312,798,1780,1330,434,2013-09-17,550,40.94,22516.73,550.0,0.0,550.0,2013-09-10,True
2313,799,1781,1331,4,2013-09-17,550,62.99,34644.23,550.0,0.0,550.0,2013-09-10,True
2314,800,1782,1332,74,2013-09-17,3,47.52,142.57,3.0,0.0,3.0,2013-09-10,True
2315,800,1783,1332,75,2013-09-17,3,45.42,136.27,3.0,0.0,3.0,2013-09-10,True
2316,800,1784,1332,76,2013-09-17,3,49.7,149.09,3.0,0.0,3.0,2013-09-10,True
2317,801,1785,1333,73,2013-09-17,3,47.68,143.04,3.0,0.0,3.0,2013-09-10,True
2318,802,1786,1334,115,2013-09-17,550,23.4,12872.48,550.0,82.0,468.0,2013-09-10,True
2319,802,1787,1334,116,2013-09-17,550,27.87,15326.85,550.0,0.0,550.0,2013-09-10,True
2320,803,1788,1335,123,2013-09-17,550,6.75,3713.33,550.0,0.0,550.0,2013-09-10,True
2321,804,1789,1336,10,2013-09-17,550,31.49,17319.23,550.0,0.0,550.0,2013-09-10,True
2322,804,1790,1336,8,2013-09-17,550,48.29,26559.23,550.0,0.0,550.0,2013-09-10,True
2323,805,1791,1337,153,2013-09-18,60,50.75,3044.79,60.0,0.0,60.0,2013-09-11,True
2324,805,1792,1337,154,2013-09-18,60,62.93,3775.59,57.0,0.0,57.0,2013-09-11,True
2325,805,1793,1337,155,2013-09-18,60,49.65,2979.27,60.0,0.0,60.0,2013-09-11,True
2326,806,1794,1338,119,2013-09-18,550,10.38,5711.48,468.0,0.0,468.0,2013-09-11,True
2327,807,1795,1339,233,2013-09-18,3,49.85,149.56,3.0,0.0,3.0,2013-09-11,True
2328,807,1796,1339,234,2013-09-18,3,45.58,136.74,3.0,0.0,3.0,2013-09-11,True
2329,807,1797,1339,138,2013-09-18,3,43.48,130.44,3.0,0.0,3.0,2013-09-11,True
2330,807,1798,1339,86,2013-09-18,3,47.75,143.26,3.0,0.0,3.0,2013-09-11,True
2331,807,1799,1339,87,2013-09-18,3,43.48,130.44,3.0,0.0,3.0,2013-09-11,True
2332,807,1800,1339,88,2013-09-18,3,41.38,124.14,3.0,0.0,3.0,2013-09-11,True
2333,808,1801,1340,149,2013-09-18,3,12.72,38.15,3.0,0.0,3.0,2013-09-11,True
2334,808,1802,1340,150,2013-09-18,3,19.94,59.82,3.0,0.0,3.0,2013-09-11,True
2335,809,1803,1341,124,2013-09-18,3,38.16,114.47,3.0,0.0,3.0,2013-09-11,True
2336,810,1804,1342,110,2013-09-18,3,44.22,132.65,3.0,0.0,3.0,2013-09-11,True
2337,811,1805,1343,10,2013-09-18,550,31.49,17319.23,550.0,0.0,550.0,2013-09-11,True
2338,811,1806,1343,8,2013-09-18,550,48.29,26559.23,550.0,0.0,550.0,2013-09-11,True
2339,812,1807,1344,167,2013-09-18,60,6.98,418.95,60.0,9.0,51.0,2013-09-11,True
2340,813,1808,1345,62,2013-09-18,3,37.18,111.54,3.0,0.0,3.0,2013-09-11,True
2341,813,1809,1345,69,2013-09-18,3,41.45,124.36,3.0,0.0,3.0,2013-09-11,True
2342,813,1810,1345,68,2013-09-18,3,37.18,111.54,3.0,0.0,3.0,2013-09-11,True
2343,814,1811,1346,165,2013-09-18,60,3.38,202.86,60.0,0.0,60.0,2013-09-11,True
2344,814,1812,1346,166,2013-09-18,60,4.32,258.93,60.0,0.0,60.0,2013-09-11,True
2345,815,1813,1347,250,2013-09-18,3,43.27,129.81,3.0,0.0,3.0,2013-09-11,True
2346,815,1814,1347,251,2013-09-18,3,41.17,123.51,3.0,0.0,3.0,2013-09-11,True
2347,815,1815,1347,252,2013-09-18,3,45.44,136.33,3.0,0.0,3.0,2013-09-11,True
2348,815,1816,1347,253,2013-09-18,3,41.17,123.51,3.0,0.0,3.0,2013-09-11,True
2349,815,1817,1347,254,2013-09-18,3,39.07,117.21,3.0,0.0,3.0,2013-09-11,True
2350,815,1818,1347,255,2013-09-18,3,43.34,130.03,3.0,0.0,3.0,2013-09-11,True
2351,815,1819,1347,256,2013-09-18,3,39.07,117.21,3.0,0.0,3.0,2013-09-11,True
2352,815,1820,1347,301,2013-09-18,3,36.97,110.91,3.0,0.0,3.0,2013-09-11,True
2353,815,1821,1347,302,2013-09-18,3,41.24,123.73,3.0,0.0,3.0,2013-09-11,True
2354,816,1822,1348,149,2013-09-18,3,12.36,37.08,3.0,0.0,3.0,2013-09-11,True
2355,817,1823,1349,118,2013-09-18,550,39.2,21558.08,550.0,0.0,550.0,2013-09-11,True
2356,818,1824,1350,212,2013-09-18,3,45.44,136.33,3.0,0.0,3.0,2013-09-11,True
2357,818,1825,1350,213,2013-09-18,3,41.17,123.51,3.0,0.0,3.0,2013-09-11,True
2358,818,1826,1350,214,2013-09-18,3,39.07,117.21,3.0,0.0,3.0,2013-09-11,True
2359,818,1827,1350,215,2013-09-18,3,43.34,130.03,3.0,0.0,3.0,2013-09-11,True
2360,818,1828,1350,216,2013-09-18,3,39.07,117.21,3.0,0.0,3.0,2013-09-11,True
2361,819,1829,1351,500,2013-09-18,550,34.87,19178.78,550.0,0.0,550.0,2013-09-11,True
2362,819,1830,1351,499,2013-09-18,550,39.76,21869.93,550.0,0.0,550.0,2013-09-11,True
2363,819,1831,1351,495,2013-09-18,550,43.98,24191.48,550.0,0.0,550.0,2013-09-11,True
2364,819,1832,1351,497,2013-09-18,550,38.15,20980.58,550.0,0.0,550.0,2013-09-11,True
2365,820,1833,1352,231,2013-09-18,3,47.68,143.04,3.0,0.0,3.0,2013-09-11,True
2366,820,1834,1352,232,2013-09-18,3,45.58,136.74,3.0,0.0,3.0,2013-09-11,True
2367,820,1835,1352,233,2013-09-18,3,49.85,149.56,3.0,0.0,3.0,2013-09-11,True
2368,821,1836,1353,204,2013-09-19,3,47.58,142.73,3.0,0.0,3.0,2013-09-12,True
2369,821,1837,1353,205,2013-09-19,3,45.48,136.43,3.0,0.0,3.0,2013-09-12,True
2370,821,1838,1353,206,2013-09-19,3,49.75,149.25,3.0,0.0,3.0,2013-09-12,True
2371,821,1839,1353,207,2013-09-19,3,45.48,136.43,3.0,0.0,3.0,2013-09-12,True
2372,822,1840,1354,500,2013-09-19,550,34.35,18890.03,550.0,82.0,468.0,2013-09-12,True
2373,822,1841,1354,499,2013-09-19,550,39.24,21581.18,550.0,0.0,550.0,2013-09-12,True
2374,823,1842,1355,204,2013-09-19,3,47.47,142.41,3.0,0.0,3.0,2013-09-12,True
2375,823,1843,1355,205,2013-09-19,3,45.37,136.11,3.0,0.0,3.0,2013-09-12,True
2376,823,1844,1355,206,2013-09-19,3,49.64,148.93,3.0,0.0,3.0,2013-09-12,True
2377,824,1845,1356,498,2013-09-19,550,32.77,18023.78,550.0,0.0,550.0,2013-09-12,True
2378,824,1846,1356,496,2013-09-19,550,37.09,20397.3,550.0,0.0,550.0,2013-09-12,True
2379,825,1847,1357,203,2013-09-19,550,10.82,5948.25,550.0,0.0,550.0,2013-09-12,True
2380,826,1848,1358,447,2013-09-19,550,82.83,45558.98,468.0,0.0,468.0,2013-09-12,True
2381,826,1849,1358,446,2013-09-19,550,82.83,45558.98,550.0,0.0,550.0,2013-09-12,True
2382,827,1850,1359,183,2013-09-19,1250,0.21,262.5,1250.0,0.0,1250.0,2013-09-12,True
2383,827,1851,1359,197,2013-09-19,1250,0.21,262.5,1250.0,0.0,1250.0,2013-09-12,True
2384,828,1852,1360,191,2013-09-19,3,49.64,148.93,3.0,0.0,3.0,2013-09-12,True
2385,828,1853,1360,192,2013-09-19,3,44.32,132.96,3.0,0.0,3.0,2013-09-12,True
2386,828,1854,1360,193,2013-09-19,60,28.7,1721.79,60.0,0.0,60.0,2013-09-12,True
2387,829,1855,1361,494,2013-09-19,550,42.51,23382.98,550.0,0.0,550.0,2013-09-12,True
2388,829,1856,1361,501,2013-09-19,550,5.59,3072.3,550.0,0.0,550.0,2013-09-12,True
2389,830,1857,1362,493,2013-09-19,60,15.74,944.37,60.0,0.0,60.0,2013-09-12,True
2390,831,1858,1363,495,2013-09-19,550,43.46,23902.73,550.0,0.0,550.0,2013-09-12,True
2391,831,1859,1363,497,2013-09-19,550,37.62,20691.83,550.0,0.0,550.0,2013-09-12,True
2392,831,1860,1363,503,2013-09-19,550,6.53,3592.05,550.0,27.0,523.0,2013-09-12,True
2393,831,1861,1363,502,2013-09-19,550,6.18,3401.48,550.0,0.0,550.0,2013-09-12,True
2394,832,1862,1364,188,2013-09-19,550,29.58,16268.18,550.0,82.0,468.0,2013-09-12,True
2395,832,1863,1364,189,2013-09-19,550,36.1,19854.45,550.0,0.0,550.0,2013-09-12,True
2396,833,1864,1365,498,2013-09-19,550,32.25,17735.03,550.0,0.0,550.0,2013-09-12,True
2397,833,1865,1365,496,2013-09-19,550,36.56,20108.55,550.0,0.0,550.0,2013-09-12,True
2398,834,1866,1366,190,2013-09-19,550,46.42,25531.28,550.0,0.0,550.0,2013-09-12,True
2399,835,1867,1367,168,2013-09-19,3,47.52,142.57,3.0,0.0,3.0,2013-09-12,True
2400,835,1868,1367,169,2013-09-19,3,45.42,136.27,3.0,0.0,3.0,2013-09-12,True
2401,835,1869,1367,157,2013-09-19,3,49.7,149.09,3.0,0.0,3.0,2013-09-12,True
2402,835,1870,1367,171,2013-09-19,3,45.42,136.27,3.0,0.0,3.0,2013-09-12,True
2403,835,1871,1367,172,2013-09-19,3,43.32,129.97,3.0,0.0,3.0,2013-09-12,True
2404,835,1872,1367,173,2013-09-19,3,47.6,142.79,3.0,0.0,3.0,2013-09-12,True
2405,835,1873,1367,174,2013-09-19,3,43.32,129.97,3.0,0.0,3.0,2013-09-12,True
2406,835,1874,1367,175,2013-09-19,3,41.22,123.67,3.0,0.0,3.0,2013-09-12,True
2407,835,1875,1367,176,2013-09-19,3,45.5,136.49,3.0,0.0,3.0,2013-09-12,True
2408,835,1876,1367,177,2013-09-19,3,41.22,123.67,3.0,0.0,3.0,2013-09-12,True
2409,835,1877,1367,178,2013-09-19,3,39.12,117.37,3.0,0.0,3.0,2013-09-12,True
2410,835,1878,1367,179,2013-09-19,3,43.4,130.19,3.0,0.0,3.0,2013-09-12,True
2411,835,1879,1367,180,2013-09-19,3,39.12,117.37,3.0,0.0,3.0,2013-09-12,True
2412,835,1880,1367,181,2013-09-19,3,37.02,111.07,3.0,0.0,3.0,2013-09-12,True
2413,835,1881,1367,182,2013-09-19,3,41.3,123.89,3.0,0.0,3.0,2013-09-12,True
2414,835,1882,1367,196,2013-09-19,3,37.02,111.07,3.0,0.0,3.0,2013-09-12,True
2415,836,1883,1368,184,2013-09-19,3,41.92,125.75,3.0,0.0,3.0,2013-09-12,True
2416,837,1884,1369,9,2013-09-20,550,31.49,17319.23,550.0,0.0,550.0,2013-09-13,True
2417,837,1885,1369,7,2013-09-20,550,48.29,26559.23,550.0,0.0,550.0,2013-09-13,True
2418,838,1886,1370,120,2013-09-20,550,12.97,7132.13,550.0,0.0,550.0,2013-09-13,True
2419,839,1887,1371,441,2013-09-20,550,21.09,11601.98,550.0,0.0,550.0,2013-09-13,True
2420,839,1888,1371,438,2013-09-20,550,30.44,16741.73,550.0,0.0,550.0,2013-09-13,True
2421,840,1889,1372,434,2013-09-20,550,40.94,22516.73,550.0,0.0,550.0,2013-09-13,True
2422,841,1890,1373,248,2013-09-22,3,50.26,150.79,3.0,0.0,3.0,2013-09-15,True
2423,842,1891,1374,182,2013-09-22,3,41.45,124.36,3.0,0.0,3.0,2013-09-15,True
2424,842,1892,1374,196,2013-09-22,3,37.18,111.54,3.0,0.0,3.0,2013-09-15,True
2425,843,1893,1375,126,2013-09-22,550,16.09,8847.3,550.0,0.0,550.0,2013-09-15,True
2426,844,1894,1376,186,2013-09-22,3,57.03,171.08,3.0,0.0,3.0,2013-09-15,True
2427,845,1895,1377,117,2013-09-22,550,37.09,20397.3,550.0,0.0,550.0,2013-09-15,True
2428,846,1896,1378,118,2013-09-22,550,26.6,14628.08,468.0,0.0,468.0,2013-09-15,True
2429,847,1897,1379,190,2013-09-22,550,46.06,25334.93,550.0,0.0,550.0,2013-09-15,True
2430,848,1898,1380,212,2013-09-22,3,47.47,142.41,3.0,0.0,3.0,2013-09-15,True
2431,848,1899,1380,213,2013-09-22,3,45.37,136.11,3.0,0.0,3.0,2013-09-15,True
2432,848,1900,1380,214,2013-09-22,3,49.64,148.93,3.0,0.0,3.0,2013-09-15,True
2433,848,1901,1380,215,2013-09-22,3,45.37,136.11,3.0,0.0,3.0,2013-09-15,True
2434,848,1902,1380,216,2013-09-22,3,43.27,129.81,3.0,0.0,3.0,2013-09-15,True
2435,849,1903,1381,231,2013-09-22,3,47.52,142.57,3.0,0.0,3.0,2013-09-15,True
2436,849,1904,1381,232,2013-09-22,3,45.42,136.27,3.0,0.0,3.0,2013-09-15,True
2437,849,1905,1381,233,2013-09-22,3,49.7,149.09,3.0,0.0,3.0,2013-09-15,True
2438,849,1906,1381,234,2013-09-22,3,45.42,136.27,3.0,0.0,3.0,2013-09-15,True
2439,849,1907,1381,138,2013-09-22,3,43.32,129.97,3.0,0.0,3.0,2013-09-15,True
2440,850,1908,1382,191,2013-09-22,3,47.47,142.41,3.0,0.0,3.0,2013-09-15,True
2441,850,1909,1382,192,2013-09-22,3,42.8,128.39,3.0,0.0,3.0,2013-09-15,True
2442,850,1910,1382,193,2013-09-22,60,25.42,1525.23,60.0,0.0,60.0,2013-09-15,True
2443,851,1911,1383,102,2013-09-22,3,39.12,117.37,3.0,0.0,3.0,2013-09-15,True
2444,851,1912,1383,103,2013-09-22,3,37.02,111.07,3.0,0.0,3.0,2013-09-15,True
2445,851,1913,1383,70,2013-09-22,3,41.3,123.89,3.0,0.0,3.0,2013-09-15,True
2446,851,1914,1383,105,2013-09-22,3,37.02,111.07,3.0,0.0,3.0,2013-09-15,True
2447,852,1915,1384,6,2013-09-22,550,62.99,34644.23,550.0,82.0,468.0,2013-09-15,True
2448,853,1916,1385,191,2013-09-22,3,45.37,136.11,3.0,0.0,3.0,2013-09-15,True
2449,853,1917,1385,192,2013-09-22,3,40.49,121.46,3.0,0.0,3.0,2013-09-15,True
2450,853,1918,1385,193,2013-09-22,60,26.37,1581.93,60.0,0.0,60.0,2013-09-15,True
2451,854,1919,1386,121,2013-09-22,3,48.76,146.29,3.0,0.0,3.0,2013-09-15,True
2452,855,1920,1387,156,2013-09-22,3,34.19,102.56,3.0,0.0,3.0,2013-09-15,True
2453,856,1921,1388,194,2013-09-22,3,50.26,150.79,3.0,0.0,3.0,2013-09-15,True
2454,857,1922,1389,119,2013-09-23,550,10.73,5902.05,550.0,0.0,550.0,2013-09-16,True
2455,857,1923,1389,120,2013-09-23,550,14.12,7767.38,550.0,0.0,550.0,2013-09-16,True
2456,858,1924,1390,151,2013-09-23,60,50.26,3015.81,60.0,0.0,60.0,2013-09-16,True
2457,858,1925,1390,152,2013-09-23,60,57.15,3429.09,60.0,0.0,60.0,2013-09-16,True
2458,858,1926,1390,153,2013-09-23,60,53.2,3192.21,60.0,0.0,60.0,2013-09-16,True
2459,858,1927,1390,154,2013-09-23,60,63.69,3821.58,60.0,0.0,60.0,2013-09-16,True
2460,858,1928,1390,155,2013-09-23,60,48.91,2934.54,60.0,0.0,60.0,2013-09-16,True
2461,859,1929,1391,439,2013-09-23,550,30.44,16741.73,550.0,0.0,550.0,2013-09-16,True
2462,859,1930,1391,436,2013-09-23,550,40.94,22516.73,550.0,0.0,550.0,2013-09-16,True
2463,860,1931,1392,111,2013-09-23,60,9.2,551.88,60.0,0.0,60.0,2013-09-16,True
2464,861,1932,1393,162,2013-09-23,550,5.78,3176.25,550.0,0.0,550.0,2013-09-16,True
2465,861,1933,1393,163,2013-09-23,550,1.16,635.25,550.0,0.0,550.0,2013-09-16,True
2466,861,1934,1393,132,2013-09-23,550,5.78,3176.25,550.0,27.0,523.0,2013-09-16,True
2467,862,1935,1394,112,2013-09-23,550,23.39,12866.7,550.0,82.0,468.0,2013-09-16,True
2468,862,1936,1394,113,2013-09-23,550,27.65,15205.58,550.0,0.0,550.0,2013-09-16,True
2469,863,1937,1395,164,2013-09-23,550,1.37,750.75,550.0,0.0,550.0,2013-09-16,True
2470,863,1938,1395,5,2013-09-23,550,62.99,34644.23,550.0,0.0,550.0,2013-09-16,True
2471,863,1939,1395,131,2013-09-23,550,3.49,1917.3,550.0,0.0,550.0,2013-09-16,True
2472,864,1940,1396,162,2013-09-23,550,6.2,3407.25,550.0,0.0,550.0,2013-09-16,True
2473,864,1941,1396,163,2013-09-23,550,1.47,808.5,550.0,0.0,550.0,2013-09-16,True
2474,865,1942,1397,112,2013-09-23,550,22.17,12191.03,550.0,0.0,550.0,2013-09-16,True
2475,865,1943,1397,113,2013-09-23,550,29.28,16106.48,523.0,0.0,523.0,2013-09-16,True
2476,866,1944,1398,150,2013-09-23,3,19.98,59.94,3.0,0.0,3.0,2013-09-16,True
2477,867,1945,1399,206,2013-09-23,3,43.34,130.03,3.0,0.0,3.0,2013-09-16,True
2478,867,1946,1399,207,2013-09-23,3,39.07,117.21,3.0,0.0,3.0,2013-09-16,True
2479,867,1947,1399,208,2013-09-23,3,36.97,110.91,3.0,0.0,3.0,2013-09-16,True
2480,867,1948,1399,170,2013-09-23,3,41.24,123.73,3.0,0.0,3.0,2013-09-16,True
2481,867,1949,1399,158,2013-09-23,3,36.97,110.91,3.0,0.0,3.0,2013-09-16,True
2482,867,1950,1399,159,2013-09-23,3,34.87,104.61,3.0,0.0,3.0,2013-09-16,True
2483,868,1951,1400,9,2013-09-23,550,31.49,17319.23,550.0,0.0,550.0,2013-09-16,True
2484,868,1952,1400,7,2013-09-23,550,48.29,26559.23,550.0,0.0,550.0,2013-09-16,True
2485,869,1953,1401,253,2013-09-23,3,41.24,123.73,3.0,0.0,3.0,2013-09-16,True
2486,869,1954,1401,254,2013-09-23,3,36.97,110.91,3.0,0.0,3.0,2013-09-16,True
2487,869,1955,1401,255,2013-09-23,3,43.22,129.65,3.0,0.0,3.0,2013-09-16,True
2488,869,1956,1401,256,2013-09-23,3,47.49,142.47,3.0,0.0,3.0,2013-09-16,True
2489,869,1957,1401,301,2013-09-23,3,43.27,129.81,3.0,0.0,3.0,2013-09-16,True
2490,870,1958,1402,141,2013-09-23,550,8.76,4816.35,550.0,0.0,550.0,2013-09-16,True
2491,870,1959,1402,142,2013-09-23,550,9.69,5330.33,550.0,55.0,495.0,2013-09-16,True
2492,870,1960,1402,143,2013-09-23,550,6.88,3782.63,550.0,0.0,550.0,2013-09-16,True
2493,871,1961,1403,211,2013-09-23,3,47.47,142.41,3.0,0.0,3.0,2013-09-16,True
2494,872,1962,1404,115,2013-09-23,550,23.08,12693.45,550.0,82.0,468.0,2013-09-16,True
2495,872,1963,1404,116,2013-09-23,550,29.27,16100.7,550.0,0.0,550.0,2013-09-16,True
2496,873,1964,1405,215,2013-09-24,3,43.27,129.81,3.0,0.0,3.0,2013-09-17,True
2497,873,1965,1405,216,2013-09-24,3,47.54,142.63,3.0,0.0,3.0,2013-09-17,True
2498,873,1966,1405,217,2013-09-24,3,43.27,129.81,3.0,0.0,3.0,2013-09-17,True
2499,874,1967,1406,109,2013-09-24,550,2.32,1276.28,550.0,0.0,550.0,2013-09-17,True
2500,875,1968,1407,122,2013-09-24,550,3.64,2003.93,550.0,0.0,550.0,2013-09-17,True
2501,876,1969,1408,440,2013-09-24,550,21.09,11601.98,468.0,0.0,468.0,2013-09-17,True
2502,876,1970,1408,437,2013-09-24,550,30.44,16741.73,550.0,0.0,550.0,2013-09-17,True
2503,876,1971,1408,435,2013-09-24,550,40.94,22516.73,550.0,0.0,550.0,2013-09-17,True
2504,877,1972,1409,165,2013-09-24,60,3.6,216.09,60.0,0.0,60.0,2013-09-17,True
2505,877,1973,1409,166,2013-09-24,60,3.98,238.77,60.0,0.0,60.0,2013-09-17,True
2506,878,1974,1410,9,2013-09-24,550,31.49,17319.23,550.0,0.0,550.0,2013-09-17,True
2507,878,1975,1410,7,2013-09-24,550,48.29,26559.23,550.0,0.0,550.0,2013-09-17,True
2508,879,1976,1411,120,2013-09-24,550,12.97,7132.13,550.0,0.0,550.0,2013-09-17,True
2509,880,1977,1412,441,2013-09-24,550,21.09,11601.98,550.0,0.0,550.0,2013-09-17,True
2510,880,1978,1412,438,2013-09-24,550,30.44,16741.73,550.0,55.0,495.0,2013-09-17,True
2511,881,1979,1413,434,2013-09-24,550,40.94,22516.73,550.0,0.0,550.0,2013-09-17,True
2512,882,1980,1414,4,2013-09-24,550,62.99,34644.23,550.0,82.0,468.0,2013-09-17,True
2513,883,1981,1415,77,2013-09-24,3,45.42,136.27,3.0,0.0,3.0,2013-09-17,True
2514,883,1982,1415,78,2013-09-24,3,43.32,129.97,3.0,0.0,3.0,2013-09-17,True
2515,883,1983,1415,79,2013-09-24,3,47.6,142.79,3.0,0.0,3.0,2013-09-17,True
2516,884,1984,1416,73,2013-09-24,3,47.68,143.04,3.0,0.0,3.0,2013-09-17,True
2517,885,1985,1417,115,2013-09-24,550,23.4,12872.48,550.0,0.0,550.0,2013-09-17,True
2518,885,1986,1417,116,2013-09-24,550,27.87,15326.85,523.0,0.0,523.0,2013-09-17,True
2519,886,1987,1418,123,2013-09-24,550,6.75,3713.33,468.0,0.0,468.0,2013-09-17,True
2520,887,1988,1419,114,2013-09-24,550,36.28,19952.63,550.0,0.0,550.0,2013-09-17,True
2521,888,1989,1420,151,2013-09-24,60,50.75,3044.79,60.0,0.0,60.0,2013-09-17,True
2522,888,1990,1420,152,2013-09-24,60,58.26,3495.87,60.0,0.0,60.0,2013-09-17,True
2523,888,1991,1420,153,2013-09-24,60,50.75,3044.79,60.0,0.0,60.0,2013-09-17,True
2524,888,1992,1420,154,2013-09-24,60,62.93,3775.59,60.0,0.0,60.0,2013-09-17,True
2525,888,1993,1420,155,2013-09-24,60,49.65,2979.27,60.0,0.0,60.0,2013-09-17,True
2526,889,1994,1421,119,2013-09-25,550,10.38,5711.48,550.0,0.0,550.0,2013-09-18,True
2527,890,1995,1422,89,2013-09-25,3,45.65,136.96,3.0,0.0,3.0,2013-09-18,True
2528,890,1996,1422,90,2013-09-25,3,41.38,124.14,3.0,0.0,3.0,2013-09-18,True
2529,890,1997,1422,91,2013-09-25,3,39.28,117.84,3.0,0.0,3.0,2013-09-18,True
2530,891,1998,1423,149,2013-09-25,3,12.72,38.15,3.0,0.0,3.0,2013-09-18,True
2531,891,1999,1423,150,2013-09-25,3,19.94,59.82,3.0,0.0,3.0,2013-09-18,True
2532,892,2000,1424,124,2013-09-25,3,38.16,114.47,3.0,0.0,3.0,2013-09-18,True
2533,893,2001,1425,110,2013-09-25,3,44.22,132.65,3.0,0.0,3.0,2013-09-18,True
2534,894,2002,1426,10,2013-09-25,550,31.49,17319.23,550.0,0.0,550.0,2013-09-18,True
2535,894,2003,1426,8,2013-09-25,550,48.29,26559.23,550.0,0.0,550.0,2013-09-18,True
2536,895,2004,1427,167,2013-09-25,60,6.98,418.95,60.0,0.0,60.0,2013-09-18,True
2537,896,2005,1428,67,2013-09-25,3,47.52,142.57,3.0,0.0,3.0,2013-09-18,True
2538,896,2006,1428,66,2013-09-25,3,45.42,136.27,3.0,0.0,3.0,2013-09-18,True
2539,896,2007,1428,65,2013-09-25,3,49.7,149.09,3.0,0.0,3.0,2013-09-18,True
2540,896,2008,1428,64,2013-09-25,3,45.42,136.27,3.0,0.0,3.0,2013-09-18,True
2541,897,2009,1429,165,2013-09-25,60,3.38,202.86,60.0,0.0,60.0,2013-09-18,True
2542,897,2010,1429,166,2013-09-25,60,4.32,258.93,60.0,0.0,60.0,2013-09-18,True
2543,898,2011,1430,236,2013-09-25,3,43.27,129.81,3.0,0.0,3.0,2013-09-18,True
2544,898,2012,1430,237,2013-09-25,3,41.17,123.51,3.0,0.0,3.0,2013-09-18,True
2545,898,2013,1430,238,2013-09-25,3,45.44,136.33,3.0,0.0,3.0,2013-09-18,True
2546,898,2014,1430,239,2013-09-25,3,41.17,123.51,3.0,0.0,3.0,2013-09-18,True
2547,898,2015,1430,240,2013-09-25,3,39.07,117.21,3.0,0.0,3.0,2013-09-18,True
2548,899,2016,1431,149,2013-09-25,3,12.36,37.08,3.0,0.0,3.0,2013-09-18,True
2549,900,2017,1432,118,2013-09-25,550,39.2,21558.08,550.0,0.0,550.0,2013-09-18,True
2550,901,2018,1433,217,2013-09-25,3,36.97,110.91,3.0,0.0,3.0,2013-09-18,True
2551,901,2019,1433,218,2013-09-25,3,41.24,123.73,3.0,0.0,3.0,2013-09-18,True
2552,901,2020,1433,219,2013-09-25,3,36.97,110.91,3.0,0.0,3.0,2013-09-18,True
2553,901,2021,1433,220,2013-09-25,3,34.87,104.61,3.0,0.0,3.0,2013-09-18,True
2554,902,2022,1434,500,2013-09-25,550,34.87,19178.78,550.0,82.0,468.0,2013-09-18,True
2555,902,2023,1434,499,2013-09-25,550,39.76,21869.93,550.0,0.0,550.0,2013-09-18,True
2556,903,2024,1435,234,2013-09-25,3,45.58,136.74,3.0,0.0,3.0,2013-09-18,True
2557,903,2025,1435,138,2013-09-25,3,43.48,130.44,3.0,0.0,3.0,2013-09-18,True
2558,903,2026,1435,86,2013-09-25,3,47.75,143.26,3.0,0.0,3.0,2013-09-18,True
2559,904,2027,1436,208,2013-09-25,3,43.38,130.13,3.0,0.0,3.0,2013-09-18,True
2560,904,2028,1436,170,2013-09-25,3,47.65,142.95,3.0,0.0,3.0,2013-09-18,True
2561,905,2029,1437,4,2013-09-26,550,62.99,34644.23,550.0,0.0,550.0,2013-09-19,True
2562,906,2030,1438,80,2013-09-26,3,43.32,129.97,3.0,0.0,3.0,2013-09-19,True
2563,906,2031,1438,81,2013-09-26,3,41.22,123.67,3.0,0.0,3.0,2013-09-19,True
2564,906,2032,1438,82,2013-09-26,3,45.5,136.49,3.0,0.0,3.0,2013-09-19,True
2565,906,2033,1438,83,2013-09-26,3,41.22,123.67,3.0,0.0,3.0,2013-09-19,True
2566,907,2034,1439,73,2013-09-26,3,47.68,143.04,3.0,0.0,3.0,2013-09-19,True
2567,908,2035,1440,115,2013-09-26,550,23.4,12872.48,550.0,0.0,550.0,2013-09-19,True
2568,908,2036,1440,116,2013-09-26,550,27.87,15326.85,550.0,0.0,550.0,2013-09-19,True
2569,909,2037,1441,500,2013-09-29,550,34.35,18890.03,550.0,0.0,550.0,2013-09-22,True
2570,909,2038,1441,499,2013-09-29,550,39.24,21581.18,550.0,0.0,550.0,2013-09-22,True
2571,910,2039,1442,207,2013-09-29,3,45.37,136.11,3.0,0.0,3.0,2013-09-22,True
2572,910,2040,1442,208,2013-09-29,3,43.27,129.81,3.0,0.0,3.0,2013-09-22,True
2573,910,2041,1442,170,2013-09-29,3,47.54,142.63,3.0,0.0,3.0,2013-09-22,True
2574,911,2042,1443,494,2013-09-29,550,43.04,23671.73,550.0,0.0,550.0,2013-09-22,True
2575,912,2043,1444,203,2013-09-29,550,10.82,5948.25,550.0,82.0,468.0,2013-09-22,True
2576,913,2044,1445,447,2013-09-29,550,82.83,45558.98,550.0,0.0,550.0,2013-09-22,True
2577,913,2045,1445,446,2013-09-29,550,82.83,45558.98,550.0,0.0,550.0,2013-09-22,True
2578,914,2046,1446,183,2013-09-29,1250,0.21,262.5,1250.0,0.0,1250.0,2013-09-22,True
2579,914,2047,1446,197,2013-09-29,1250,0.21,262.5,1250.0,0.0,1250.0,2013-09-22,True
2580,915,2048,1447,191,2013-09-29,3,49.64,148.93,3.0,0.0,3.0,2013-09-22,True
2581,915,2049,1447,192,2013-09-29,3,44.32,132.96,3.0,0.0,3.0,2013-09-22,True
2582,915,2050,1447,193,2013-09-29,60,28.7,1721.79,60.0,0.0,60.0,2013-09-22,True
2583,916,2051,1448,494,2013-09-29,550,42.51,23382.98,468.0,0.0,468.0,2013-09-22,True
2584,916,2052,1448,501,2013-09-29,550,5.59,3072.3,550.0,0.0,550.0,2013-09-22,True
2585,917,2053,1449,493,2013-09-29,60,15.74,944.37,60.0,0.0,60.0,2013-09-22,True
2586,918,2054,1450,495,2013-09-29,550,43.46,23902.73,550.0,0.0,550.0,2013-09-22,True
2587,918,2055,1450,497,2013-09-29,550,37.62,20691.83,550.0,0.0,550.0,2013-09-22,True
2588,918,2056,1450,503,2013-09-29,550,6.53,3592.05,550.0,0.0,550.0,2013-09-22,True
2589,918,2057,1450,502,2013-09-29,550,6.18,3401.48,550.0,0.0,550.0,2013-09-22,True
2590,919,2058,1451,190,2013-09-29,550,48.58,26720.93,550.0,0.0,550.0,2013-09-22,True
2591,920,2059,1452,498,2013-09-29,550,32.25,17735.03,550.0,0.0,550.0,2013-09-22,True
2592,920,2060,1452,496,2013-09-29,550,36.56,20108.55,550.0,55.0,495.0,2013-09-22,True
2593,921,2061,1453,190,2013-09-29,550,46.42,25531.28,550.0,0.0,550.0,2013-09-22,True
2594,922,2062,1454,168,2013-09-29,3,47.52,142.57,3.0,0.0,3.0,2013-09-22,True
2595,922,2063,1454,169,2013-09-29,3,45.42,136.27,3.0,0.0,3.0,2013-09-22,True
2596,923,2064,1455,184,2013-09-29,3,41.92,125.75,3.0,0.0,3.0,2013-09-22,True
2597,924,2065,1456,248,2013-09-29,3,50.26,150.79,3.0,0.0,3.0,2013-09-22,True
2598,925,2066,1457,168,2013-10-01,3,47.68,143.04,3.0,0.0,3.0,2013-09-24,True
2599,925,2067,1457,169,2013-10-01,3,45.58,136.74,3.0,0.0,3.0,2013-09-24,True
2600,925,2068,1457,157,2013-10-01,3,49.85,149.56,3.0,0.0,3.0,2013-09-24,True
2601,925,2069,1457,171,2013-10-01,3,45.58,136.74,3.0,0.0,3.0,2013-09-24,True
2602,925,2070,1457,172,2013-10-01,3,43.48,130.44,3.0,0.0,3.0,2013-09-24,True
2603,925,2071,1457,173,2013-10-01,3,47.75,143.26,3.0,0.0,3.0,2013-09-24,True
2604,925,2072,1457,174,2013-10-01,3,43.48,130.44,3.0,0.0,3.0,2013-09-24,True
2605,925,2073,1457,175,2013-10-01,3,41.38,124.14,3.0,0.0,3.0,2013-09-24,True
2606,925,2074,1457,176,2013-10-01,3,45.65,136.96,3.0,0.0,3.0,2013-09-24,True
2607,925,2075,1457,177,2013-10-01,3,41.38,124.14,3.0,0.0,3.0,2013-09-24,True
2608,925,2076,1457,178,2013-10-01,3,39.28,117.84,3.0,0.0,3.0,2013-09-24,True
2609,925,2077,1457,179,2013-10-01,3,43.55,130.66,3.0,0.0,3.0,2013-09-24,True
2610,925,2078,1457,180,2013-10-01,3,39.28,117.84,3.0,0.0,3.0,2013-09-24,True
2611,925,2079,1457,181,2013-10-01,3,37.18,111.54,3.0,0.0,3.0,2013-09-24,True
2612,925,2080,1457,182,2013-10-01,3,41.45,124.36,3.0,0.0,3.0,2013-09-24,True
2613,925,2081,1457,196,2013-10-01,3,37.18,111.54,3.0,0.0,3.0,2013-09-24,True
2614,926,2082,1458,126,2013-10-01,550,16.09,8847.3,468.0,0.0,468.0,2013-09-24,True
2615,927,2083,1459,186,2013-10-01,3,57.03,171.08,3.0,0.0,3.0,2013-09-24,True
2616,928,2084,1460,117,2013-10-01,550,37.09,20397.3,550.0,0.0,550.0,2013-09-24,True
2617,929,2085,1461,118,2013-10-02,550,26.6,14628.08,550.0,0.0,550.0,2013-09-25,True
2618,930,2086,1462,188,2013-10-02,550,27.06,14882.18,550.0,0.0,550.0,2013-09-25,True
2619,930,2087,1462,189,2013-10-02,550,33.58,18468.45,550.0,55.0,495.0,2013-09-25,True
2620,930,2088,1462,190,2013-10-02,550,46.06,25334.93,550.0,0.0,550.0,2013-09-25,True
2621,931,2089,1463,217,2013-10-02,3,47.54,142.63,3.0,0.0,3.0,2013-09-25,True
2622,931,2090,1463,218,2013-10-02,3,43.27,129.81,3.0,0.0,3.0,2013-09-25,True
2623,931,2091,1463,219,2013-10-02,3,41.17,123.51,3.0,0.0,3.0,2013-09-25,True
2624,931,2092,1463,220,2013-10-02,3,45.44,136.33,3.0,0.0,3.0,2013-09-25,True
2625,932,2093,1464,86,2013-10-02,3,47.6,142.79,3.0,0.0,3.0,2013-09-25,True
2626,932,2094,1464,87,2013-10-02,3,43.32,129.97,3.0,0.0,3.0,2013-09-25,True
2627,933,2095,1465,191,2013-10-02,3,47.47,142.41,3.0,0.0,3.0,2013-09-25,True
2628,933,2096,1465,192,2013-10-02,3,42.8,128.39,3.0,0.0,3.0,2013-09-25,True
2629,933,2097,1465,193,2013-10-02,60,25.42,1525.23,60.0,0.0,60.0,2013-09-25,True
2630,934,2098,1466,106,2013-10-02,3,47.68,143.04,3.0,0.0,3.0,2013-09-25,True
2631,934,2099,1466,107,2013-10-02,3,45.58,136.74,3.0,0.0,3.0,2013-09-25,True
2632,935,2100,1467,6,2013-10-02,550,62.99,34644.23,550.0,0.0,550.0,2013-09-25,True
2633,936,2101,1468,191,2013-10-02,3,45.37,136.11,3.0,0.0,3.0,2013-09-25,True
2634,936,2102,1468,192,2013-10-02,3,40.49,121.46,3.0,0.0,3.0,2013-09-25,True
2635,936,2103,1468,193,2013-10-02,60,26.37,1581.93,60.0,0.0,60.0,2013-09-25,True
2636,937,2104,1469,121,2013-10-02,3,48.76,146.29,3.0,0.0,3.0,2013-09-25,True
2637,938,2105,1470,156,2013-10-02,3,34.19,102.56,3.0,0.0,3.0,2013-09-25,True
2638,939,2106,1471,194,2013-10-02,3,50.26,150.79,3.0,0.0,3.0,2013-09-25,True
2639,940,2107,1472,119,2013-10-02,550,10.73,5902.05,550.0,0.0,550.0,2013-09-25,True
2640,940,2108,1472,120,2013-10-02,550,14.12,7767.38,550.0,55.0,495.0,2013-09-25,True
2641,941,2109,1473,151,2013-10-02,60,50.26,3015.81,60.0,0.0,60.0,2013-09-25,True
2642,941,2110,1473,152,2013-10-02,60,57.15,3429.09,60.0,0.0,60.0,2013-09-25,True
2643,941,2111,1473,153,2013-10-02,60,53.2,3192.21,60.0,3.0,57.0,2013-09-25,True
2644,941,2112,1473,154,2013-10-02,60,63.69,3821.58,60.0,0.0,60.0,2013-09-25,True
2645,942,2113,1474,440,2013-10-02,550,21.09,11601.98,550.0,82.0,468.0,2013-09-25,True
2646,942,2114,1474,437,2013-10-02,550,30.44,16741.73,550.0,0.0,550.0,2013-09-25,True
2647,943,2115,1475,111,2013-10-02,60,9.2,551.88,60.0,0.0,60.0,2013-09-25,True
2648,944,2116,1476,162,2013-10-02,550,5.78,3176.25,550.0,550.0,0.0,2013-09-25,True
2649,944,2117,1476,163,2013-10-02,550,1.16,635.25,550.0,550.0,0.0,2013-09-25,True
2650,945,2118,1477,112,2013-10-04,550,23.39,12866.7,550.0,0.0,550.0,2013-09-27,True
2651,945,2119,1477,113,2013-10-04,550,27.65,15205.58,523.0,0.0,523.0,2013-09-27,True
2652,946,2120,1478,164,2013-10-04,550,1.37,750.75,468.0,0.0,468.0,2013-09-27,True
2653,946,2121,1478,5,2013-10-04,550,62.99,34644.23,550.0,0.0,550.0,2013-09-27,True
2654,946,2122,1478,131,2013-10-04,550,3.49,1917.3,550.0,0.0,550.0,2013-09-27,True
2655,947,2123,1479,132,2013-10-04,550,6.2,3407.25,550.0,0.0,550.0,2013-09-27,True
2656,948,2124,1480,112,2013-10-04,550,22.17,12191.03,550.0,0.0,550.0,2013-09-27,True
2657,948,2125,1480,113,2013-10-04,550,29.28,16106.48,550.0,0.0,550.0,2013-09-27,True
2658,949,2126,1481,150,2013-10-06,3,19.98,59.94,3.0,0.0,3.0,2013-09-29,True
2659,950,2127,1482,160,2013-10-06,3,39.14,117.43,3.0,0.0,3.0,2013-09-29,True
2660,951,2128,1483,9,2013-10-06,550,31.49,17319.23,550.0,0.0,550.0,2013-09-29,True
2661,951,2129,1483,7,2013-10-06,550,48.29,26559.23,550.0,0.0,550.0,2013-09-29,True
2662,952,2130,1484,302,2013-10-06,3,47.54,142.63,3.0,0.0,3.0,2013-09-29,True
2663,953,2131,1485,144,2013-10-06,550,7.8,4290.83,550.0,0.0,550.0,2013-09-29,True
2664,953,2132,1485,133,2013-10-06,550,8.76,4816.35,550.0,0.0,550.0,2013-09-29,True
2665,953,2133,1485,146,2013-10-06,550,5.81,3193.58,550.0,0.0,550.0,2013-09-29,True
2666,954,2134,1486,211,2013-10-06,3,47.47,142.41,3.0,0.0,3.0,2013-09-29,True
2667,955,2135,1487,117,2013-10-06,550,34.98,19236.53,550.0,0.0,550.0,2013-09-29,True
2668,956,2136,1488,218,2013-10-06,3,41.17,123.51,3.0,0.0,3.0,2013-09-29,True
2669,956,2137,1488,442,2013-10-06,550,21.09,11601.98,550.0,0.0,550.0,2013-09-29,True
2670,956,2138,1488,439,2013-10-06,550,30.44,16741.73,550.0,0.0,550.0,2013-09-29,True
2671,956,2139,1488,436,2013-10-06,550,40.94,22516.73,550.0,0.0,550.0,2013-09-29,True
2672,957,2140,1489,109,2013-10-06,550,2.32,1276.28,550.0,0.0,550.0,2013-09-29,True
2673,958,2141,1490,122,2013-10-06,550,3.64,2003.93,550.0,0.0,550.0,2013-09-29,True
2674,959,2142,1491,440,2013-10-06,550,21.09,11601.98,550.0,0.0,550.0,2013-09-29,True
2675,959,2143,1491,437,2013-10-06,550,30.44,16741.73,550.0,0.0,550.0,2013-09-29,True
2676,959,2144,1491,435,2013-10-06,550,40.94,22516.73,550.0,0.0,550.0,2013-09-29,True
2677,960,2145,1492,165,2013-10-06,60,3.6,216.09,60.0,0.0,60.0,2013-09-29,True
2678,960,2146,1492,166,2013-10-06,60,3.98,238.77,60.0,6.0,54.0,2013-09-29,True
2679,961,2147,1493,9,2013-10-06,550,31.49,17319.23,550.0,0.0,550.0,2013-09-29,True
2680,961,2148,1493,7,2013-10-06,550,48.29,26559.23,550.0,0.0,550.0,2013-09-29,True
2681,962,2149,1494,120,2013-10-06,550,12.97,7132.13,550.0,82.0,468.0,2013-09-29,True
2682,963,2150,1495,441,2013-10-06,550,21.09,11601.98,550.0,0.0,550.0,2013-09-29,True
2683,963,2151,1495,438,2013-10-06,550,30.44,16741.73,550.0,0.0,550.0,2013-09-29,True
2684,964,2152,1496,434,2013-10-06,550,40.94,22516.73,550.0,0.0,550.0,2013-09-29,True
2685,965,2153,1497,123,2013-10-10,550,6.75,3713.33,550.0,0.0,550.0,2013-10-03,True
2686,966,2154,1498,10,2013-10-10,550,31.49,17319.23,468.0,0.0,468.0,2013-10-03,True
2687,966,2155,1498,8,2013-10-10,550,48.29,26559.23,550.0,0.0,550.0,2013-10-03,True
2688,966,2156,1498,114,2013-10-10,550,36.28,19952.63,550.0,0.0,550.0,2013-10-03,True
2689,967,2157,1499,151,2013-10-10,60,50.75,3044.79,60.0,0.0,60.0,2013-10-03,True
2690,967,2158,1499,152,2013-10-10,60,58.26,3495.87,60.0,0.0,60.0,2013-10-03,True
2691,967,2159,1499,153,2013-10-10,60,50.75,3044.79,60.0,0.0,60.0,2013-10-03,True
2692,967,2160,1499,154,2013-10-10,60,62.93,3775.59,60.0,0.0,60.0,2013-10-03,True
2693,967,2161,1499,155,2013-10-10,60,49.65,2979.27,60.0,0.0,60.0,2013-10-03,True
2694,968,2162,1500,119,2013-10-10,550,10.38,5711.48,550.0,0.0,550.0,2013-10-03,True
2695,969,2163,1501,4,2013-10-10,550,62.99,34644.23,550.0,0.0,550.0,2013-10-03,True
2696,970,2164,1502,84,2013-10-10,3,39.12,117.37,3.0,0.0,3.0,2013-10-03,True
2697,970,2165,1502,145,2013-10-10,3,43.4,130.19,3.0,0.0,3.0,2013-10-03,True
2698,970,2166,1502,134,2013-10-10,3,39.12,117.37,3.0,0.0,3.0,2013-10-03,True
2699,971,2167,1503,73,2013-10-10,3,47.68,143.04,3.0,0.0,3.0,2013-10-03,True
2700,972,2168,1504,115,2013-10-10,550,23.4,12872.48,550.0,82.0,468.0,2013-10-03,True
2701,972,2169,1504,116,2013-10-10,550,27.87,15326.85,550.0,0.0,550.0,2013-10-03,True
2702,973,2170,1505,92,2013-10-11,3,43.55,130.66,3.0,0.0,3.0,2013-10-04,True
2703,973,2171,1505,93,2013-10-11,3,39.28,117.84,3.0,0.0,3.0,2013-10-04,True
2704,973,2172,1505,94,2013-10-11,3,37.18,111.54,3.0,0.0,3.0,2013-10-04,True
2705,974,2173,1506,149,2013-10-11,3,12.72,38.15,3.0,0.0,3.0,2013-10-04,True
2706,974,2174,1506,150,2013-10-11,3,19.94,59.82,3.0,0.0,3.0,2013-10-04,True
2707,975,2175,1507,124,2013-10-11,3,38.16,114.47,3.0,0.0,3.0,2013-10-04,True
2708,976,2176,1508,110,2013-10-11,3,44.22,132.65,3.0,0.0,3.0,2013-10-04,True
2709,977,2177,1509,123,2013-10-13,550,6.75,3713.33,550.0,0.0,550.0,2013-10-06,True
2710,978,2178,1510,10,2013-10-13,550,31.49,17319.23,550.0,0.0,550.0,2013-10-06,True
2711,978,2179,1510,8,2013-10-13,550,48.29,26559.23,550.0,0.0,550.0,2013-10-06,True
2712,978,2180,1510,114,2013-10-13,550,36.28,19952.63,550.0,0.0,550.0,2013-10-06,True
2713,979,2181,1511,151,2013-10-13,60,50.75,3044.79,60.0,0.0,60.0,2013-10-06,True
2714,979,2182,1511,152,2013-10-13,60,58.26,3495.87,60.0,0.0,60.0,2013-10-06,True
2715,979,2183,1511,153,2013-10-13,60,50.75,3044.79,60.0,0.0,60.0,2013-10-06,True
2716,979,2184,1511,154,2013-10-13,60,62.93,3775.59,60.0,0.0,60.0,2013-10-06,True
2717,979,2185,1511,155,2013-10-13,60,49.65,2979.27,60.0,0.0,60.0,2013-10-06,True
2718,980,2186,1512,119,2013-10-13,550,10.38,5711.48,550.0,0.0,550.0,2013-10-06,True
2719,981,2187,1513,95,2013-10-13,3,41.45,124.36,3.0,0.0,3.0,2013-10-06,True
2720,981,2188,1513,96,2013-10-13,3,37.18,111.54,3.0,0.0,3.0,2013-10-06,True
2721,982,2189,1514,149,2013-10-13,3,12.72,38.15,3.0,0.0,3.0,2013-10-06,True
2722,982,2190,1514,150,2013-10-13,3,19.94,59.82,3.0,0.0,3.0,2013-10-06,True
2723,983,2191,1515,124,2013-10-13,3,38.16,114.47,3.0,0.0,3.0,2013-10-06,True
2724,984,2192,1516,110,2013-10-13,3,44.22,132.65,3.0,3.0,0.0,2013-10-06,True
2725,985,2193,1517,10,2013-10-13,550,31.49,17319.23,550.0,0.0,550.0,2013-10-06,True
2726,985,2194,1517,8,2013-10-13,550,48.29,26559.23,523.0,0.0,523.0,2013-10-06,True
2727,986,2195,1518,167,2013-10-13,60,6.98,418.95,51.0,0.0,51.0,2013-10-06,True
2728,987,2196,1519,63,2013-10-13,3,43.32,129.97,3.0,0.0,3.0,2013-10-06,True
2729,987,2197,1519,61,2013-10-13,3,47.6,142.79,3.0,0.0,3.0,2013-10-06,True
2730,987,2198,1519,71,2013-10-13,3,43.32,129.97,3.0,0.0,3.0,2013-10-06,True
2731,988,2199,1520,165,2013-10-13,60,3.38,202.86,60.0,0.0,60.0,2013-10-06,True
2732,988,2200,1520,166,2013-10-13,60,4.32,258.93,60.0,0.0,60.0,2013-10-06,True
2733,989,2201,1521,241,2013-10-13,3,43.34,130.03,3.0,0.0,3.0,2013-10-06,True
2734,989,2202,1521,242,2013-10-13,3,39.07,117.21,3.0,0.0,3.0,2013-10-06,True
2735,989,2203,1521,243,2013-10-13,3,36.97,110.91,3.0,0.0,3.0,2013-10-06,True
2736,989,2204,1521,244,2013-10-13,3,41.24,123.73,3.0,0.0,3.0,2013-10-06,True
2737,989,2205,1521,245,2013-10-13,3,36.97,110.91,3.0,0.0,3.0,2013-10-06,True
2738,990,2206,1522,149,2013-10-13,3,12.36,37.08,3.0,0.0,3.0,2013-10-06,True
2739,991,2207,1523,118,2013-10-13,550,39.2,21558.08,550.0,0.0,550.0,2013-10-06,True
2740,992,2208,1524,221,2013-10-13,3,39.14,117.43,3.0,0.0,3.0,2013-10-06,True
2741,992,2209,1524,209,2013-10-13,3,47.58,142.73,3.0,0.0,3.0,2013-10-06,True
2742,993,2210,1525,495,2013-10-14,550,43.98,24191.48,550.0,0.0,550.0,2013-10-07,True
2743,993,2211,1525,497,2013-10-14,550,38.15,20980.58,550.0,0.0,550.0,2013-10-07,True
2744,994,2212,1526,87,2013-10-14,3,43.48,130.44,3.0,3.0,0.0,2013-10-07,True
2745,994,2213,1526,88,2013-10-14,3,41.38,124.14,3.0,3.0,0.0,2013-10-07,True
2746,995,2214,1527,158,2013-10-14,3,43.38,130.13,3.0,0.0,3.0,2013-10-07,True
2747,995,2215,1527,159,2013-10-14,3,41.28,123.83,3.0,0.0,3.0,2013-10-07,True
2748,995,2216,1527,160,2013-10-14,3,45.55,136.65,3.0,0.0,3.0,2013-10-07,True
2749,996,2217,1528,500,2013-10-14,550,34.35,18890.03,468.0,0.0,468.0,2013-10-07,True
2750,996,2218,1528,499,2013-10-14,550,39.24,21581.18,550.0,0.0,550.0,2013-10-07,True
2751,997,2219,1529,158,2013-10-20,3,43.27,129.81,3.0,0.0,3.0,2013-10-13,True
2752,997,2220,1529,159,2013-10-20,3,41.17,123.51,3.0,0.0,3.0,2013-10-13,True
2753,997,2221,1529,160,2013-10-20,3,45.44,136.33,3.0,0.0,3.0,2013-10-13,True
2754,998,2222,1530,498,2013-10-20,550,32.77,18023.78,550.0,0.0,550.0,2013-10-13,True
2755,998,2223,1530,496,2013-10-20,550,37.09,20397.3,550.0,0.0,550.0,2013-10-13,True
2756,998,2224,1530,494,2013-10-20,550,43.04,23671.73,550.0,0.0,550.0,2013-10-13,True
2757,999,2225,1531,203,2013-10-20,550,10.82,5948.25,550.0,0.0,550.0,2013-10-13,True
2758,1000,2226,1532,447,2013-10-20,550,82.83,45558.98,550.0,0.0,550.0,2013-10-13,True
2759,1000,2227,1532,446,2013-10-20,550,82.83,45558.98,550.0,55.0,495.0,2013-10-13,True
2760,1001,2228,1533,183,2013-10-20,1250,0.21,262.5,1250.0,0.0,1250.0,2013-10-13,True
2761,1001,2229,1533,197,2013-10-20,1250,0.21,262.5,1250.0,0.0,1250.0,2013-10-13,True
2762,1002,2230,1534,191,2013-10-20,3,49.64,148.93,3.0,0.0,3.0,2013-10-13,True
2763,1002,2231,1534,192,2013-10-20,3,44.32,132.96,3.0,0.0,3.0,2013-10-13,True
2764,1003,2232,1535,494,2013-10-20,550,42.51,23382.98,550.0,0.0,550.0,2013-10-13,True
2765,1003,2233,1535,501,2013-10-20,550,5.59,3072.3,550.0,0.0,550.0,2013-10-13,True
2766,1004,2234,1536,493,2013-10-20,60,15.74,944.37,60.0,60.0,0.0,2013-10-13,True
2767,1005,2235,1537,495,2013-10-20,550,43.46,23902.73,550.0,0.0,550.0,2013-10-13,True
2768,1005,2236,1537,497,2013-10-20,550,37.62,20691.83,523.0,0.0,523.0,2013-10-13,True
2769,1005,2237,1537,503,2013-10-20,550,6.53,3592.05,550.0,0.0,550.0,2013-10-13,True
2770,1005,2238,1537,502,2013-10-20,550,6.18,3401.48,550.0,0.0,550.0,2013-10-13,True
2771,1006,2239,1538,188,2013-10-20,550,29.58,16268.18,468.0,0.0,468.0,2013-10-13,True
2772,1006,2240,1538,189,2013-10-20,550,36.1,19854.45,550.0,0.0,550.0,2013-10-13,True
2773,1006,2241,1538,190,2013-10-20,550,48.58,26720.93,550.0,0.0,550.0,2013-10-13,True
2774,1007,2242,1539,498,2013-10-20,550,32.25,17735.03,550.0,0.0,550.0,2013-10-13,True
2775,1007,2243,1539,496,2013-10-20,550,36.56,20108.55,550.0,0.0,550.0,2013-10-13,True
2776,1008,2244,1540,190,2013-10-20,550,46.42,25531.28,550.0,0.0,550.0,2013-10-13,True
2777,1009,2245,1541,157,2013-10-20,3,49.7,149.09,3.0,0.0,3.0,2013-10-13,True
2778,1009,2246,1541,171,2013-10-20,3,45.42,136.27,3.0,0.0,3.0,2013-10-13,True
2779,1009,2247,1541,172,2013-10-20,3,43.32,129.97,3.0,0.0,3.0,2013-10-13,True
2780,1009,2248,1541,173,2013-10-20,3,47.6,142.79,3.0,0.0,3.0,2013-10-13,True
2781,1009,2249,1541,174,2013-10-20,3,43.32,129.97,3.0,0.0,3.0,2013-10-13,True
2782,1010,2250,1542,184,2013-10-20,3,41.92,125.75,3.0,0.0,3.0,2013-10-13,True
2783,1011,2251,1543,248,2013-10-20,3,50.26,150.79,3.0,0.0,3.0,2013-10-13,True
2784,1012,2252,1544,168,2013-10-20,3,47.68,143.04,3.0,0.0,3.0,2013-10-13,True
2785,1012,2253,1544,169,2013-10-20,3,45.58,136.74,3.0,0.0,3.0,2013-10-13,True
2786,1013,2254,1545,10,2013-10-24,550,31.49,17319.23,550.0,0.0,550.0,2013-10-17,True
2787,1013,2255,1545,8,2013-10-24,550,48.29,26559.23,550.0,0.0,550.0,2013-10-17,True
2788,1014,2256,1546,167,2013-10-24,60,6.98,418.95,60.0,0.0,60.0,2013-10-17,True
2789,1015,2257,1547,236,2013-10-24,3,43.27,129.81,3.0,0.0,3.0,2013-10-17,True
2790,1015,2258,1547,237,2013-10-24,3,47.54,142.63,3.0,0.0,3.0,2013-10-17,True
2791,1015,2259,1547,238,2013-10-24,3,43.27,129.81,3.0,0.0,3.0,2013-10-17,True
2792,1015,2260,1547,239,2013-10-24,3,41.17,123.51,3.0,0.0,3.0,2013-10-17,True
2793,1015,2261,1547,240,2013-10-24,3,45.44,136.33,3.0,0.0,3.0,2013-10-17,True
2794,1015,2262,1547,241,2013-10-24,3,41.17,123.51,3.0,0.0,3.0,2013-10-17,True
2795,1015,2263,1547,242,2013-10-24,3,39.07,117.21,3.0,0.0,3.0,2013-10-17,True
2796,1015,2264,1547,85,2013-10-24,3,47.68,143.04,3.0,0.0,3.0,2013-10-17,True
2797,1015,2265,1547,98,2013-10-24,3,45.58,136.74,3.0,0.0,3.0,2013-10-17,True
2798,1015,2266,1547,99,2013-10-24,3,49.85,149.56,3.0,0.0,3.0,2013-10-17,True
2799,1015,2267,1547,100,2013-10-24,3,45.58,136.74,3.0,0.0,3.0,2013-10-17,True
2800,1015,2268,1547,101,2013-10-24,3,43.48,130.44,3.0,0.0,3.0,2013-10-17,True
2801,1015,2269,1547,102,2013-10-24,3,47.75,143.26,3.0,0.0,3.0,2013-10-17,True
2802,1015,2270,1547,103,2013-10-24,3,43.48,130.44,3.0,0.0,3.0,2013-10-17,True
2803,1015,2271,1547,70,2013-10-24,3,41.38,124.14,3.0,0.0,3.0,2013-10-17,True
2804,1015,2272,1547,105,2013-10-24,3,45.65,136.96,3.0,0.0,3.0,2013-10-17,True
2805,1015,2273,1547,106,2013-10-24,3,41.38,124.14,3.0,0.0,3.0,2013-10-17,True
2806,1015,2274,1547,107,2013-10-24,3,39.28,117.84,3.0,0.0,3.0,2013-10-17,True
2807,1015,2275,1547,108,2013-10-24,3,43.55,130.66,3.0,0.0,3.0,2013-10-17,True
2808,1015,2276,1547,97,2013-10-24,3,39.28,117.84,3.0,0.0,3.0,2013-10-17,True
2809,1015,2277,1547,62,2013-10-24,3,37.18,111.54,3.0,0.0,3.0,2013-10-17,True
2810,1015,2278,1547,69,2013-10-24,3,41.45,124.36,3.0,0.0,3.0,2013-10-17,True
2811,1015,2279,1547,68,2013-10-24,3,37.18,111.54,3.0,0.0,3.0,2013-10-17,True
2812,1015,2280,1547,67,2013-10-24,3,47.52,142.57,3.0,0.0,3.0,2013-10-17,True
2813,1015,2281,1547,66,2013-10-24,3,45.42,136.27,3.0,0.0,3.0,2013-10-17,True
2814,1015,2282,1547,65,2013-10-24,3,49.7,149.09,3.0,0.0,3.0,2013-10-17,True
2815,1015,2283,1547,64,2013-10-24,3,45.42,136.27,3.0,0.0,3.0,2013-10-17,True
2816,1015,2284,1547,63,2013-10-24,3,43.32,129.97,3.0,0.0,3.0,2013-10-17,True
2817,1015,2285,1547,61,2013-10-24,3,47.6,142.79,3.0,0.0,3.0,2013-10-17,True
2818,1015,2286,1547,71,2013-10-24,3,43.32,129.97,3.0,0.0,3.0,2013-10-17,True
2819,1016,2287,1548,165,2013-10-24,60,3.38,202.86,51.0,0.0,51.0,2013-10-17,True
2820,1016,2288,1548,166,2013-10-24,60,4.32,258.93,60.0,0.0,60.0,2013-10-17,True
2821,1017,2289,1549,246,2013-10-24,3,43.22,129.65,3.0,0.0,3.0,2013-10-17,True
2822,1017,2290,1549,247,2013-10-24,3,47.49,142.47,3.0,0.0,3.0,2013-10-17,True
2823,1017,2291,1549,235,2013-10-24,3,43.27,129.81,3.0,0.0,3.0,2013-10-17,True
2824,1017,2292,1549,249,2013-10-24,3,47.54,142.63,3.0,0.0,3.0,2013-10-17,True
2825,1017,2293,1549,250,2013-10-24,3,43.27,129.81,3.0,0.0,3.0,2013-10-17,True
2826,1017,2294,1549,251,2013-10-24,3,41.17,123.51,3.0,0.0,3.0,2013-10-17,True
2827,1018,2295,1550,149,2013-10-24,3,12.36,37.08,3.0,0.0,3.0,2013-10-17,True
2828,1019,2296,1551,118,2013-10-24,550,39.2,21558.08,550.0,0.0,550.0,2013-10-17,True
2829,1020,2297,1552,223,2013-10-24,3,45.48,136.43,3.0,0.0,3.0,2013-10-17,True
2830,1020,2298,1552,224,2013-10-24,3,49.75,149.25,3.0,0.0,3.0,2013-10-17,True
2831,1020,2299,1552,225,2013-10-24,3,45.48,136.43,3.0,0.0,3.0,2013-10-17,True
2832,1021,2300,1553,500,2013-10-24,550,34.87,19178.78,550.0,0.0,550.0,2013-10-17,True
2833,1021,2301,1553,499,2013-10-24,550,39.76,21869.93,550.0,0.0,550.0,2013-10-17,True
2834,1021,2302,1553,495,2013-10-24,550,43.98,24191.48,550.0,27.0,523.0,2013-10-17,True
2835,1021,2303,1553,497,2013-10-24,550,38.15,20980.58,550.0,0.0,550.0,2013-10-17,True
2836,1022,2304,1554,89,2013-10-24,3,45.65,136.96,3.0,0.0,3.0,2013-10-17,True
2837,1022,2305,1554,90,2013-10-24,3,41.38,124.14,3.0,0.0,3.0,2013-10-17,True
2838,1023,2306,1555,204,2013-10-24,3,47.58,142.73,3.0,0.0,3.0,2013-10-17,True
2839,1023,2307,1555,205,2013-10-24,3,45.48,136.43,3.0,0.0,3.0,2013-10-17,True
2840,1023,2308,1555,206,2013-10-24,3,49.75,149.25,3.0,0.0,3.0,2013-10-17,True
2841,1024,2309,1556,500,2013-10-24,550,34.35,18890.03,550.0,0.0,550.0,2013-10-17,True
2842,1024,2310,1556,499,2013-10-24,550,39.24,21581.18,550.0,0.0,550.0,2013-10-17,True
2843,1025,2311,1557,126,2013-10-27,550,16.09,8847.3,550.0,0.0,550.0,2013-10-20,True
2844,1026,2312,1558,186,2013-10-27,3,57.03,171.08,3.0,0.0,3.0,2013-10-20,True
2845,1027,2313,1559,117,2013-10-27,550,37.09,20397.3,550.0,0.0,550.0,2013-10-20,True
2846,1028,2314,1560,118,2013-10-27,550,26.6,14628.08,550.0,0.0,550.0,2013-10-20,True
2847,1029,2315,1561,188,2013-10-27,550,27.06,14882.18,550.0,0.0,550.0,2013-10-20,True
2848,1029,2316,1561,189,2013-10-27,550,33.58,18468.45,550.0,0.0,550.0,2013-10-20,True
2849,1029,2317,1561,190,2013-10-27,550,46.06,25334.93,550.0,0.0,550.0,2013-10-20,True
2850,1030,2318,1562,221,2013-10-27,3,41.17,123.51,3.0,0.0,3.0,2013-10-20,True
2851,1030,2319,1562,209,2013-10-27,3,39.07,117.21,3.0,0.0,3.0,2013-10-20,True
2852,1030,2320,1562,223,2013-10-27,3,43.34,130.03,3.0,0.0,3.0,2013-10-20,True
2853,1031,2321,1563,88,2013-10-27,3,41.22,123.67,3.0,0.0,3.0,2013-10-20,True
2854,1031,2322,1563,89,2013-10-27,3,45.5,136.49,3.0,0.0,3.0,2013-10-20,True
2855,1031,2323,1563,90,2013-10-27,3,41.22,123.67,3.0,0.0,3.0,2013-10-20,True
2856,1031,2324,1563,91,2013-10-27,3,39.12,117.37,3.0,0.0,3.0,2013-10-20,True
2857,1032,2325,1564,191,2013-10-27,3,47.47,142.41,3.0,0.0,3.0,2013-10-20,True
2858,1032,2326,1564,192,2013-10-27,3,42.8,128.39,3.0,0.0,3.0,2013-10-20,True
2859,1033,2327,1565,108,2013-10-27,3,49.85,149.56,3.0,0.0,3.0,2013-10-20,True
2860,1033,2328,1565,97,2013-10-27,3,45.58,136.74,3.0,0.0,3.0,2013-10-20,True
2861,1033,2329,1565,62,2013-10-27,3,43.48,130.44,3.0,0.0,3.0,2013-10-20,True
2862,1034,2330,1566,6,2013-10-27,550,62.99,34644.23,550.0,0.0,550.0,2013-10-20,True
2863,1035,2331,1567,191,2013-10-27,3,45.37,136.11,3.0,0.0,3.0,2013-10-20,True
2864,1035,2332,1567,192,2013-10-27,3,40.49,121.46,3.0,0.0,3.0,2013-10-20,True
2865,1035,2333,1567,193,2013-10-27,60,26.37,1581.93,60.0,0.0,60.0,2013-10-20,True
2866,1036,2334,1568,121,2013-10-27,3,48.76,146.29,3.0,0.0,3.0,2013-10-20,True
2867,1037,2335,1569,156,2013-10-27,3,34.19,102.56,3.0,0.0,3.0,2013-10-20,True
2868,1038,2336,1570,194,2013-10-27,3,50.26,150.79,3.0,0.0,3.0,2013-10-20,True
2869,1039,2337,1571,119,2013-10-27,550,10.73,5902.05,550.0,0.0,550.0,2013-10-20,True
2870,1039,2338,1571,120,2013-10-27,550,14.12,7767.38,550.0,0.0,550.0,2013-10-20,True
2871,1040,2339,1572,155,2013-10-27,60,48.91,2934.54,60.0,0.0,60.0,2013-10-20,True
2872,1041,2340,1573,434,2013-10-28,550,40.94,22516.73,550.0,0.0,550.0,2013-10-21,True
2873,1041,2341,1573,441,2013-10-28,550,21.09,11601.98,550.0,0.0,550.0,2013-10-21,True
2874,1041,2342,1573,438,2013-10-28,550,30.44,16741.73,550.0,27.0,523.0,2013-10-21,True
2875,1041,2343,1573,435,2013-10-28,550,40.94,22516.73,550.0,0.0,550.0,2013-10-21,True
2876,1042,2344,1574,111,2013-10-28,60,9.2,551.88,60.0,9.0,51.0,2013-10-21,True
2877,1043,2345,1575,132,2013-10-28,550,5.78,3176.25,550.0,0.0,550.0,2013-10-21,True
2878,1044,2346,1576,112,2013-10-28,550,23.39,12866.7,550.0,0.0,550.0,2013-10-21,True
2879,1044,2347,1576,113,2013-10-28,550,27.65,15205.58,550.0,0.0,550.0,2013-10-21,True
2880,1045,2348,1577,164,2013-10-28,550,1.37,750.75,550.0,0.0,550.0,2013-10-21,True
2881,1045,2349,1577,5,2013-10-28,550,62.99,34644.23,523.0,0.0,523.0,2013-10-21,True
2882,1045,2350,1577,131,2013-10-28,550,3.49,1917.3,550.0,0.0,550.0,2013-10-21,True
2883,1046,2351,1578,162,2013-10-28,550,6.2,3407.25,468.0,0.0,468.0,2013-10-21,True
2884,1046,2352,1578,163,2013-10-28,550,1.47,808.5,550.0,0.0,550.0,2013-10-21,True
2885,1046,2353,1578,132,2013-10-28,550,6.2,3407.25,550.0,0.0,550.0,2013-10-21,True
2886,1047,2354,1579,112,2013-10-28,550,22.17,12191.03,550.0,0.0,550.0,2013-10-21,True
2887,1047,2355,1579,113,2013-10-28,550,29.28,16106.48,550.0,0.0,550.0,2013-10-21,True
2888,1048,2356,1580,150,2013-10-28,3,19.98,59.94,3.0,0.0,3.0,2013-10-21,True
2889,1049,2357,1581,204,2013-10-28,3,41.17,123.51,3.0,0.0,3.0,2013-10-21,True
2890,1049,2358,1581,205,2013-10-28,3,39.07,117.21,3.0,0.0,3.0,2013-10-21,True
2891,1049,2359,1581,206,2013-10-28,3,43.34,130.03,3.0,0.0,3.0,2013-10-21,True
2892,1049,2360,1581,207,2013-10-28,3,39.07,117.21,3.0,0.0,3.0,2013-10-21,True
2893,1049,2361,1581,208,2013-10-28,3,36.97,110.91,3.0,0.0,3.0,2013-10-21,True
2894,1050,2362,1582,9,2013-10-28,550,31.49,17319.23,550.0,0.0,550.0,2013-10-21,True
2895,1050,2363,1582,7,2013-10-28,550,48.29,26559.23,550.0,55.0,495.0,2013-10-21,True
2896,1051,2364,1583,236,2013-10-28,3,43.34,130.03,3.0,0.0,3.0,2013-10-21,True
2897,1051,2365,1583,237,2013-10-28,3,39.07,117.21,3.0,0.0,3.0,2013-10-21,True
2898,1051,2366,1583,238,2013-10-28,3,36.97,110.91,3.0,0.0,3.0,2013-10-21,True
2899,1051,2367,1583,239,2013-10-28,3,41.24,123.73,3.0,0.0,3.0,2013-10-21,True
2900,1052,2368,1584,147,2013-10-28,550,8.86,4874.1,550.0,82.0,468.0,2013-10-21,True
2901,1052,2369,1584,148,2013-10-28,550,10.47,5757.68,550.0,0.0,550.0,2013-10-21,True
2902,1053,2370,1585,211,2013-10-28,3,47.47,142.41,3.0,0.0,3.0,2013-10-21,True
2903,1054,2371,1586,115,2013-10-28,550,23.08,12693.45,550.0,0.0,550.0,2013-10-21,True
2904,1054,2372,1586,116,2013-10-28,550,29.27,16100.7,550.0,0.0,550.0,2013-10-21,True
2905,1055,2373,1587,212,2013-10-28,3,45.37,136.11,3.0,0.0,3.0,2013-10-21,True
2906,1055,2374,1587,213,2013-10-28,3,49.64,148.93,3.0,0.0,3.0,2013-10-21,True
2907,1055,2375,1587,214,2013-10-28,3,45.37,136.11,3.0,0.0,3.0,2013-10-21,True
2908,1055,2376,1587,215,2013-10-28,3,43.27,129.81,3.0,0.0,3.0,2013-10-21,True
2909,1055,2377,1587,216,2013-10-28,3,47.54,142.63,3.0,0.0,3.0,2013-10-21,True
2910,1055,2378,1587,217,2013-10-28,3,43.27,129.81,3.0,0.0,3.0,2013-10-21,True
2911,1055,2379,1587,218,2013-10-28,3,41.17,123.51,3.0,0.0,3.0,2013-10-21,True
2912,1055,2380,1587,442,2013-10-28,550,21.09,11601.98,550.0,0.0,550.0,2013-10-21,True
2913,1055,2381,1587,439,2013-10-28,550,30.44,16741.73,550.0,0.0,550.0,2013-10-21,True
2914,1055,2382,1587,436,2013-10-28,550,40.94,22516.73,550.0,0.0,550.0,2013-10-21,True
2915,1056,2383,1588,109,2013-10-28,550,2.32,1276.28,468.0,0.0,468.0,2013-10-21,True
2916,1057,2384,1589,204,2013-10-29,3,47.47,142.41,3.0,0.0,3.0,2013-10-22,True
2917,1057,2385,1589,205,2013-10-29,3,45.37,136.11,3.0,0.0,3.0,2013-10-22,True
2918,1057,2386,1589,206,2013-10-29,3,49.64,148.93,3.0,0.0,3.0,2013-10-22,True
2919,1057,2387,1589,207,2013-10-29,3,45.37,136.11,3.0,0.0,3.0,2013-10-22,True
2920,1057,2388,1589,208,2013-10-29,3,43.27,129.81,3.0,0.0,3.0,2013-10-22,True
2921,1057,2389,1589,170,2013-10-29,3,47.54,142.63,3.0,0.0,3.0,2013-10-22,True
2922,1058,2390,1590,498,2013-10-29,550,32.77,18023.78,550.0,0.0,550.0,2013-10-22,True
2923,1058,2391,1590,496,2013-10-29,550,37.09,20397.3,550.0,0.0,550.0,2013-10-22,True
2924,1058,2392,1590,494,2013-10-29,550,43.04,23671.73,550.0,0.0,550.0,2013-10-22,True
2925,1059,2393,1591,203,2013-10-29,550,10.82,5948.25,550.0,0.0,550.0,2013-10-22,True
2926,1060,2394,1592,447,2013-10-29,550,82.83,45558.98,550.0,0.0,550.0,2013-10-22,True
2927,1060,2395,1592,446,2013-10-29,550,82.83,45558.98,550.0,55.0,495.0,2013-10-22,True
2928,1061,2396,1593,183,2013-10-29,1250,0.21,262.5,1250.0,0.0,1250.0,2013-10-22,True
2929,1061,2397,1593,197,2013-10-29,1250,0.21,262.5,1250.0,0.0,1250.0,2013-10-22,True
2930,1062,2398,1594,193,2013-10-29,60,28.7,1721.79,60.0,9.0,51.0,2013-10-22,True
2931,1063,2399,1595,494,2013-10-29,550,42.51,23382.98,550.0,0.0,550.0,2013-10-22,True
2932,1063,2400,1595,501,2013-10-29,550,5.59,3072.3,550.0,0.0,550.0,2013-10-22,True
2933,1064,2401,1596,493,2013-10-29,60,15.74,944.37,60.0,0.0,60.0,2013-10-22,True
2934,1065,2402,1597,122,2013-11-03,550,3.64,2003.93,550.0,0.0,550.0,2013-10-27,True
2935,1066,2403,1598,440,2013-11-03,550,21.09,11601.98,468.0,0.0,468.0,2013-10-27,True
2936,1066,2404,1598,437,2013-11-03,550,30.44,16741.73,550.0,0.0,550.0,2013-10-27,True
2937,1066,2405,1598,435,2013-11-03,550,40.94,22516.73,550.0,0.0,550.0,2013-10-27,True
2938,1067,2406,1599,165,2013-11-03,60,3.6,216.09,60.0,0.0,60.0,2013-10-27,True
2939,1067,2407,1599,166,2013-11-03,60,3.98,238.77,60.0,0.0,60.0,2013-10-27,True
2940,1068,2408,1600,9,2013-11-03,550,31.49,17319.23,550.0,0.0,550.0,2013-10-27,True
2941,1068,2409,1600,7,2013-11-03,550,48.29,26559.23,550.0,0.0,550.0,2013-10-27,True
2942,1069,2410,1601,120,2013-11-03,550,12.97,7132.13,550.0,0.0,550.0,2013-10-27,True
2943,1070,2411,1602,441,2013-11-03,550,21.09,11601.98,550.0,0.0,550.0,2013-10-27,True
2944,1070,2412,1602,438,2013-11-03,550,30.44,16741.73,550.0,55.0,495.0,2013-10-27,True
2945,1071,2413,1603,434,2013-11-03,550,40.94,22516.73,550.0,0.0,550.0,2013-10-27,True
2946,1072,2414,1604,4,2013-11-03,550,62.99,34644.23,550.0,82.0,468.0,2013-10-27,True
2947,1073,2415,1605,74,2013-11-03,3,47.52,142.57,3.0,0.0,3.0,2013-10-27,True
2948,1073,2416,1605,75,2013-11-03,3,45.42,136.27,3.0,0.0,3.0,2013-10-27,True
2949,1073,2417,1605,76,2013-11-03,3,49.7,149.09,3.0,0.0,3.0,2013-10-27,True
2950,1074,2418,1606,73,2013-11-03,3,47.68,143.04,3.0,3.0,0.0,2013-10-27,True
2951,1075,2419,1607,115,2013-11-03,550,23.4,12872.48,550.0,0.0,550.0,2013-10-27,True
2952,1075,2420,1607,116,2013-11-03,550,27.87,15326.85,523.0,0.0,523.0,2013-10-27,True
2953,1076,2421,1608,123,2013-11-03,550,6.75,3713.33,468.0,0.0,468.0,2013-10-27,True
2954,1077,2422,1609,10,2013-11-03,550,31.49,17319.23,550.0,0.0,550.0,2013-10-27,True
2955,1077,2423,1609,8,2013-11-03,550,48.29,26559.23,550.0,0.0,550.0,2013-10-27,True
2956,1077,2424,1609,114,2013-11-03,550,36.28,19952.63,550.0,0.0,550.0,2013-10-27,True
2957,1078,2425,1610,151,2013-11-03,60,50.75,3044.79,60.0,0.0,60.0,2013-10-27,True
2958,1078,2426,1610,152,2013-11-03,60,58.26,3495.87,60.0,0.0,60.0,2013-10-27,True
2959,1078,2427,1610,153,2013-11-03,60,50.75,3044.79,60.0,0.0,60.0,2013-10-27,True
2960,1078,2428,1610,154,2013-11-03,60,62.93,3775.59,60.0,0.0,60.0,2013-10-27,True
2961,1078,2429,1610,155,2013-11-03,60,49.65,2979.27,60.0,0.0,60.0,2013-10-27,True
2962,1079,2430,1611,119,2013-11-03,550,10.38,5711.48,550.0,0.0,550.0,2013-10-27,True
2963,1080,2431,1612,231,2013-11-03,3,47.68,143.04,3.0,0.0,3.0,2013-10-27,True
2964,1080,2432,1612,232,2013-11-03,3,45.58,136.74,3.0,0.0,3.0,2013-10-27,True
2965,1080,2433,1612,233,2013-11-03,3,49.85,149.56,3.0,0.0,3.0,2013-10-27,True
2966,1081,2434,1613,495,2013-11-04,550,43.46,23902.73,550.0,0.0,550.0,2013-10-28,True
2967,1081,2435,1613,497,2013-11-04,550,37.62,20691.83,550.0,0.0,550.0,2013-10-28,True
2968,1081,2436,1613,503,2013-11-04,550,6.53,3592.05,550.0,27.0,523.0,2013-10-28,True
2969,1081,2437,1613,502,2013-11-04,550,6.18,3401.48,550.0,0.0,550.0,2013-10-28,True
2970,1082,2438,1614,188,2013-11-04,550,29.58,16268.18,550.0,82.0,468.0,2013-10-28,True
2971,1082,2439,1614,189,2013-11-04,550,36.1,19854.45,550.0,0.0,550.0,2013-10-28,True
2972,1083,2440,1615,498,2013-11-04,550,32.25,17735.03,550.0,0.0,550.0,2013-10-28,True
2973,1083,2441,1615,496,2013-11-04,550,36.56,20108.55,550.0,0.0,550.0,2013-10-28,True
2974,1084,2442,1616,190,2013-11-04,550,46.42,25531.28,550.0,0.0,550.0,2013-10-28,True
2975,1085,2443,1617,175,2013-11-13,3,41.22,123.67,3.0,0.0,3.0,2013-11-06,True
2976,1085,2444,1617,176,2013-11-13,3,45.5,136.49,3.0,0.0,3.0,2013-11-06,True
2977,1085,2445,1617,177,2013-11-13,3,41.22,123.67,3.0,0.0,3.0,2013-11-06,True
2978,1085,2446,1617,178,2013-11-13,3,39.12,117.37,3.0,0.0,3.0,2013-11-06,True
2979,1085,2447,1617,179,2013-11-13,3,43.4,130.19,3.0,0.0,3.0,2013-11-06,True
2980,1085,2448,1617,180,2013-11-13,3,39.12,117.37,3.0,0.0,3.0,2013-11-06,True
2981,1085,2449,1617,181,2013-11-13,3,37.02,111.07,3.0,0.0,3.0,2013-11-06,True
2982,1085,2450,1617,182,2013-11-13,3,41.3,123.89,3.0,0.0,3.0,2013-11-06,True
2983,1085,2451,1617,196,2013-11-13,3,37.02,111.07,3.0,0.0,3.0,2013-11-06,True
2984,1086,2452,1618,184,2013-11-13,3,41.92,125.75,3.0,0.0,3.0,2013-11-06,True
2985,1087,2453,1619,248,2013-11-13,3,50.26,150.79,3.0,0.0,3.0,2013-11-06,True
2986,1088,2454,1620,157,2013-11-13,3,49.85,149.56,3.0,0.0,3.0,2013-11-06,True
2987,1088,2455,1620,171,2013-11-13,3,45.58,136.74,3.0,0.0,3.0,2013-11-06,True
2988,1088,2456,1620,172,2013-11-13,3,43.48,130.44,3.0,0.0,3.0,2013-11-06,True
2989,1088,2457,1620,173,2013-11-13,3,47.75,143.26,3.0,0.0,3.0,2013-11-06,True
2990,1088,2458,1620,174,2013-11-13,3,43.48,130.44,3.0,0.0,3.0,2013-11-06,True
2991,1089,2459,1621,126,2013-11-13,550,16.09,8847.3,550.0,0.0,550.0,2013-11-06,True
2992,1090,2460,1622,186,2013-11-13,3,57.03,171.08,3.0,0.0,3.0,2013-11-06,True
2993,1091,2461,1623,117,2013-11-13,550,37.09,20397.3,550.0,0.0,550.0,2013-11-06,True
2994,1092,2462,1624,118,2013-11-13,550,26.6,14628.08,550.0,82.0,468.0,2013-11-06,True
2995,1093,2463,1625,188,2013-11-20,550,27.06,14882.18,550.0,0.0,550.0,2013-11-13,True
2996,1093,2464,1625,189,2013-11-20,550,33.58,18468.45,550.0,0.0,550.0,2013-11-13,True
2997,1093,2465,1625,190,2013-11-20,550,46.06,25334.93,550.0,0.0,550.0,2013-11-13,True
2998,1094,2466,1626,224,2013-11-20,3,39.07,117.21,3.0,0.0,3.0,2013-11-13,True
2999,1094,2467,1626,225,2013-11-20,3,36.97,110.91,3.0,0.0,3.0,2013-11-13,True
3000,1095,2468,1627,92,2013-11-20,3,43.4,130.19,3.0,0.0,3.0,2013-11-13,True
3001,1095,2469,1627,93,2013-11-20,3,39.12,117.37,3.0,0.0,3.0,2013-11-13,True
3002,1095,2470,1627,94,2013-11-20,3,37.02,111.07,3.0,0.0,3.0,2013-11-13,True
3003,1095,2471,1627,95,2013-11-20,3,41.3,123.89,3.0,0.0,3.0,2013-11-13,True
3004,1095,2472,1627,96,2013-11-20,3,37.02,111.07,3.0,0.0,3.0,2013-11-13,True
3005,1096,2473,1628,193,2013-11-20,60,25.42,1525.23,51.0,0.0,51.0,2013-11-13,True
3006,1097,2474,1629,69,2013-11-20,3,47.75,143.26,3.0,0.0,3.0,2013-11-13,True
3007,1097,2475,1629,68,2013-11-20,3,43.48,130.44,3.0,0.0,3.0,2013-11-13,True
3008,1097,2476,1629,67,2013-11-20,3,41.38,124.14,3.0,0.0,3.0,2013-11-13,True
3009,1097,2477,1629,66,2013-11-20,3,45.65,136.96,3.0,0.0,3.0,2013-11-13,True
3010,1097,2478,1629,65,2013-11-20,3,41.38,124.14,3.0,0.0,3.0,2013-11-13,True
3011,1097,2479,1629,64,2013-11-20,3,39.28,117.84,3.0,0.0,3.0,2013-11-13,True
3012,1098,2480,1630,6,2013-11-20,550,62.99,34644.23,550.0,0.0,550.0,2013-11-13,True
3013,1099,2481,1631,191,2013-11-20,3,45.37,136.11,3.0,0.0,3.0,2013-11-13,True
3014,1099,2482,1631,192,2013-11-20,3,40.49,121.46,3.0,0.0,3.0,2013-11-13,True
3015,1099,2483,1631,193,2013-11-20,60,26.37,1581.93,60.0,0.0,60.0,2013-11-13,True
3016,1100,2484,1632,121,2013-11-20,3,48.76,146.29,3.0,0.0,3.0,2013-11-13,True
3017,1101,2485,1633,156,2013-11-21,3,34.19,102.56,3.0,0.0,3.0,2013-11-14,True
3018,1102,2486,1634,194,2013-11-21,3,50.26,150.79,3.0,0.0,3.0,2013-11-14,True
3019,1103,2487,1635,119,2013-11-21,550,10.73,5902.05,550.0,0.0,550.0,2013-11-14,True
3020,1103,2488,1635,120,2013-11-21,550,14.12,7767.38,550.0,0.0,550.0,2013-11-14,True
3021,1104,2489,1636,151,2013-11-21,60,50.26,3015.81,60.0,60.0,0.0,2013-11-14,True
3022,1104,2490,1636,152,2013-11-21,60,57.15,3429.09,60.0,60.0,0.0,2013-11-14,True
3023,1105,2491,1637,442,2013-11-21,550,21.09,11601.98,550.0,0.0,550.0,2013-11-14,True
3024,1105,2492,1637,439,2013-11-21,550,30.44,16741.73,523.0,0.0,523.0,2013-11-14,True
3025,1105,2493,1637,436,2013-11-21,550,40.94,22516.73,550.0,0.0,550.0,2013-11-14,True
3026,1106,2494,1638,111,2013-11-21,60,9.2,551.88,51.0,0.0,51.0,2013-11-14,True
3027,1107,2495,1639,162,2013-11-21,550,5.78,3176.25,550.0,0.0,550.0,2013-11-14,True
3028,1107,2496,1639,163,2013-11-21,550,1.16,635.25,550.0,0.0,550.0,2013-11-14,True
3029,1107,2497,1639,132,2013-11-21,550,5.78,3176.25,550.0,0.0,550.0,2013-11-14,True
3030,1108,2498,1640,112,2013-11-21,550,23.39,12866.7,550.0,0.0,550.0,2013-11-14,True
3031,1108,2499,1640,113,2013-11-21,550,27.65,15205.58,550.0,0.0,550.0,2013-11-14,True
3032,1109,2500,1641,164,2013-11-21,550,1.37,750.75,550.0,0.0,550.0,2013-11-14,True
3033,1109,2501,1641,5,2013-11-21,550,62.99,34644.23,550.0,0.0,550.0,2013-11-14,True
3034,1109,2502,1641,131,2013-11-21,550,3.49,1917.3,550.0,0.0,550.0,2013-11-14,True
3035,1110,2503,1642,162,2013-11-21,550,6.2,3407.25,550.0,0.0,550.0,2013-11-14,True
3036,1110,2504,1642,163,2013-11-21,550,1.47,808.5,550.0,55.0,495.0,2013-11-14,True
3037,1110,2505,1642,132,2013-11-21,550,6.2,3407.25,550.0,0.0,550.0,2013-11-14,True
3038,1111,2506,1643,112,2013-11-21,550,22.17,12191.03,550.0,0.0,550.0,2013-11-14,True
3039,1111,2507,1643,113,2013-11-21,550,29.28,16106.48,550.0,0.0,550.0,2013-11-14,True
3040,1112,2508,1644,150,2013-11-21,3,19.98,59.94,3.0,0.0,3.0,2013-11-14,True
3041,1113,2509,1645,170,2013-11-21,3,41.24,123.73,3.0,0.0,3.0,2013-11-14,True
3042,1113,2510,1645,158,2013-11-21,3,36.97,110.91,3.0,0.0,3.0,2013-11-14,True
3043,1113,2511,1645,159,2013-11-21,3,34.87,104.61,3.0,0.0,3.0,2013-11-14,True
3044,1114,2512,1646,9,2013-11-21,550,31.49,17319.23,550.0,0.0,550.0,2013-11-14,True
3045,1114,2513,1646,7,2013-11-21,550,48.29,26559.23,550.0,0.0,550.0,2013-11-14,True
3046,1115,2514,1647,240,2013-11-21,3,36.97,110.91,3.0,0.0,3.0,2013-11-14,True
3047,1115,2515,1647,241,2013-11-21,3,43.22,129.65,3.0,0.0,3.0,2013-11-14,True
3048,1115,2516,1647,242,2013-11-21,3,47.49,142.47,3.0,0.0,3.0,2013-11-14,True
3049,1115,2517,1647,243,2013-11-21,3,43.27,129.81,3.0,0.0,3.0,2013-11-14,True
3050,1115,2518,1647,244,2013-11-21,3,47.54,142.63,3.0,0.0,3.0,2013-11-14,True
3051,1115,2519,1647,245,2013-11-21,3,43.27,129.81,3.0,0.0,3.0,2013-11-14,True
3052,1115,2520,1647,246,2013-11-21,3,41.17,123.51,3.0,0.0,3.0,2013-11-14,True
3053,1115,2521,1647,247,2013-11-21,3,45.44,136.33,3.0,0.0,3.0,2013-11-14,True
3054,1115,2522,1647,235,2013-11-21,3,41.17,123.51,3.0,0.0,3.0,2013-11-14,True
3055,1115,2523,1647,249,2013-11-21,3,39.07,117.21,3.0,0.0,3.0,2013-11-14,True
3056,1115,2524,1647,250,2013-11-21,3,43.34,130.03,3.0,0.0,3.0,2013-11-14,True
3057,1115,2525,1647,251,2013-11-21,3,39.07,117.21,3.0,0.0,3.0,2013-11-14,True
3058,1115,2526,1647,252,2013-11-21,3,36.97,110.91,3.0,0.0,3.0,2013-11-14,True
3059,1115,2527,1647,253,2013-11-21,3,41.24,123.73,3.0,0.0,3.0,2013-11-14,True
3060,1115,2528,1647,254,2013-11-21,3,36.97,110.91,3.0,0.0,3.0,2013-11-14,True
3061,1115,2529,1647,255,2013-11-21,3,43.22,129.65,3.0,0.0,3.0,2013-11-14,True
3062,1115,2530,1647,256,2013-11-21,3,47.49,142.47,3.0,0.0,3.0,2013-11-14,True
3063,1115,2531,1647,301,2013-11-21,3,43.27,129.81,3.0,0.0,3.0,2013-11-14,True
3064,1115,2532,1647,302,2013-11-21,3,47.54,142.63,3.0,0.0,3.0,2013-11-14,True
3065,1116,2533,1648,135,2013-11-21,550,15.89,8737.58,468.0,0.0,468.0,2013-11-14,True
3066,1116,2534,1648,136,2013-11-21,550,11.67,6416.03,550.0,0.0,550.0,2013-11-14,True
3067,1116,2535,1648,137,2013-11-21,550,11.09,6098.4,550.0,0.0,550.0,2013-11-14,True
3068,1116,2536,1648,104,2013-11-21,550,15.89,8737.58,550.0,0.0,550.0,2013-11-14,True
3069,1117,2537,1649,211,2013-11-22,3,47.47,142.41,3.0,0.0,3.0,2013-11-15,True
3070,1118,2538,1650,117,2013-11-22,550,34.98,19236.53,550.0,0.0,550.0,2013-11-15,True
3071,1119,2539,1651,212,2013-11-22,3,45.37,136.11,3.0,0.0,3.0,2013-11-15,True
3072,1119,2540,1651,213,2013-11-22,3,49.64,148.93,3.0,0.0,3.0,2013-11-15,True
3073,1119,2541,1651,214,2013-11-22,3,45.37,136.11,3.0,0.0,3.0,2013-11-15,True
3074,1119,2542,1651,215,2013-11-22,3,43.27,129.81,3.0,0.0,3.0,2013-11-15,True
3075,1119,2543,1651,216,2013-11-22,3,47.54,142.63,3.0,0.0,3.0,2013-11-15,True
3076,1120,2544,1652,109,2013-11-22,550,2.32,1276.28,550.0,0.0,550.0,2013-11-15,True
3077,1121,2545,1653,122,2013-11-22,550,3.64,2003.93,550.0,0.0,550.0,2013-11-15,True
3078,1122,2546,1654,440,2013-11-22,550,21.09,11601.98,550.0,82.0,468.0,2013-11-15,True
3079,1122,2547,1654,437,2013-11-22,550,30.44,16741.73,550.0,0.0,550.0,2013-11-15,True
3080,1123,2548,1655,165,2013-11-22,60,3.6,216.09,60.0,0.0,60.0,2013-11-15,True
3081,1123,2549,1655,166,2013-11-22,60,3.98,238.77,60.0,0.0,60.0,2013-11-15,True
3082,1124,2550,1656,9,2013-11-22,550,31.49,17319.23,550.0,0.0,550.0,2013-11-15,True
3083,1124,2551,1656,7,2013-11-22,550,48.29,26559.23,550.0,0.0,550.0,2013-11-15,True
3084,1125,2552,1657,120,2013-11-22,550,12.97,7132.13,550.0,0.0,550.0,2013-11-15,True
3085,1126,2553,1658,441,2013-11-22,550,21.09,11601.98,468.0,0.0,468.0,2013-11-15,True
3086,1126,2554,1658,438,2013-11-22,550,30.44,16741.73,550.0,0.0,550.0,2013-11-15,True
3087,1127,2555,1659,434,2013-11-22,550,40.94,22516.73,550.0,0.0,550.0,2013-11-15,True
3088,1128,2556,1660,4,2013-11-22,550,62.99,34644.23,550.0,0.0,550.0,2013-11-15,True
3089,1129,2557,1661,77,2013-11-22,3,45.42,136.27,3.0,0.0,3.0,2013-11-15,True
3090,1129,2558,1661,78,2013-11-22,3,43.32,129.97,3.0,0.0,3.0,2013-11-15,True
3091,1129,2559,1661,79,2013-11-22,3,47.6,142.79,3.0,0.0,3.0,2013-11-15,True
3092,1129,2560,1661,80,2013-11-22,3,43.32,129.97,3.0,0.0,3.0,2013-11-15,True
3093,1129,2561,1661,81,2013-11-22,3,41.22,123.67,3.0,0.0,3.0,2013-11-15,True
3094,1130,2562,1662,73,2013-11-22,3,47.68,143.04,3.0,0.0,3.0,2013-11-15,True
3095,1131,2563,1663,115,2013-11-22,550,23.4,12872.48,550.0,0.0,550.0,2013-11-15,True
3096,1131,2564,1663,116,2013-11-22,550,27.87,15326.85,550.0,0.0,550.0,2013-11-15,True
3097,1132,2565,1664,123,2013-11-22,550,6.75,3713.33,550.0,82.0,468.0,2013-11-15,True
3098,1133,2566,1665,10,2013-11-25,550,31.49,17319.23,550.0,0.0,550.0,2013-11-18,True
3099,1133,2567,1665,8,2013-11-25,550,48.29,26559.23,550.0,0.0,550.0,2013-11-18,True
3100,1133,2568,1665,114,2013-11-25,550,36.28,19952.63,550.0,0.0,550.0,2013-11-18,True
3101,1134,2569,1666,151,2013-11-25,60,50.75,3044.79,60.0,0.0,60.0,2013-11-18,True
3102,1134,2570,1666,152,2013-11-25,60,58.26,3495.87,60.0,0.0,60.0,2013-11-18,True
3103,1135,2571,1667,119,2013-11-25,550,10.38,5711.48,550.0,0.0,550.0,2013-11-18,True
3104,1136,2572,1668,234,2013-11-25,3,45.58,136.74,3.0,0.0,3.0,2013-11-18,True
3105,1136,2573,1668,138,2013-11-25,3,43.48,130.44,3.0,0.0,3.0,2013-11-18,True
3106,1136,2574,1668,86,2013-11-25,3,47.75,143.26,3.0,0.0,3.0,2013-11-18,True
3107,1136,2575,1668,87,2013-11-25,3,43.48,130.44,3.0,0.0,3.0,2013-11-18,True
3108,1137,2576,1669,149,2013-11-25,3,12.72,38.15,3.0,0.0,3.0,2013-11-18,True
3109,1137,2577,1669,150,2013-11-25,3,19.94,59.82,3.0,0.0,3.0,2013-11-18,True
3110,1138,2578,1670,124,2013-11-25,3,38.16,114.47,3.0,0.0,3.0,2013-11-18,True
3111,1139,2579,1671,110,2013-11-25,3,44.22,132.65,3.0,0.0,3.0,2013-11-18,True
3112,1140,2580,1672,10,2013-11-25,550,31.49,17319.23,550.0,0.0,550.0,2013-11-18,True
3113,1140,2581,1672,8,2013-11-25,550,48.29,26559.23,550.0,55.0,495.0,2013-11-18,True
3114,1141,2582,1673,167,2013-11-25,60,6.98,418.95,60.0,0.0,60.0,2013-11-18,True
3115,1142,2583,1674,236,2013-11-25,3,43.27,129.81,3.0,0.0,3.0,2013-11-18,True
3116,1142,2584,1674,237,2013-11-25,3,47.54,142.63,3.0,0.0,3.0,2013-11-18,True
3117,1143,2585,1675,165,2013-11-25,60,3.38,202.86,60.0,0.0,60.0,2013-11-18,True
3118,1143,2586,1675,166,2013-11-25,60,4.32,258.93,60.0,0.0,60.0,2013-11-18,True
3119,1144,2587,1676,252,2013-11-25,3,45.44,136.33,3.0,0.0,3.0,2013-11-18,True
3120,1144,2588,1676,253,2013-11-25,3,41.17,123.51,3.0,0.0,3.0,2013-11-18,True
3121,1145,2589,1677,149,2013-11-25,3,12.36,37.08,3.0,0.0,3.0,2013-11-18,True
3122,1146,2590,1678,118,2013-11-25,550,39.2,21558.08,468.0,0.0,468.0,2013-11-18,True
3123,1147,2591,1679,226,2013-11-25,3,43.38,130.13,3.0,0.0,3.0,2013-11-18,True
3124,1147,2592,1679,227,2013-11-25,3,47.65,142.95,3.0,0.0,3.0,2013-11-18,True
3125,1147,2593,1679,228,2013-11-25,3,43.38,130.13,3.0,0.0,3.0,2013-11-18,True
3126,1147,2594,1679,229,2013-11-25,3,41.28,123.83,3.0,0.0,3.0,2013-11-18,True
3127,1147,2595,1679,230,2013-11-25,3,45.55,136.65,3.0,0.0,3.0,2013-11-18,True
3128,1148,2596,1680,500,2013-11-25,550,34.87,19178.78,550.0,0.0,550.0,2013-11-18,True
3129,1148,2597,1680,499,2013-11-25,550,39.76,21869.93,550.0,0.0,550.0,2013-11-18,True
3130,1148,2598,1680,495,2013-11-25,550,43.98,24191.48,550.0,0.0,550.0,2013-11-18,True
3131,1148,2599,1680,497,2013-11-25,550,38.15,20980.58,550.0,0.0,550.0,2013-11-18,True
3132,1149,2600,1681,91,2013-11-26,3,39.28,117.84,3.0,0.0,3.0,2013-11-19,True
3133,1149,2601,1681,92,2013-11-26,3,43.55,130.66,3.0,0.0,3.0,2013-11-19,True
3134,1149,2602,1681,93,2013-11-26,3,39.28,117.84,3.0,0.0,3.0,2013-11-19,True
3135,1149,2603,1681,94,2013-11-26,3,37.18,111.54,3.0,0.0,3.0,2013-11-19,True
3136,1149,2604,1681,95,2013-11-26,3,41.45,124.36,3.0,0.0,3.0,2013-11-19,True
3137,1150,2605,1682,207,2013-11-26,3,45.48,136.43,3.0,0.0,3.0,2013-11-19,True
3138,1150,2606,1682,208,2013-11-26,3,43.38,130.13,3.0,0.0,3.0,2013-11-19,True
3139,1150,2607,1682,170,2013-11-26,3,47.65,142.95,3.0,0.0,3.0,2013-11-19,True
3140,1151,2608,1683,500,2013-11-26,550,34.35,18890.03,550.0,0.0,550.0,2013-11-19,True
3141,1151,2609,1683,499,2013-11-26,550,39.24,21581.18,550.0,0.0,550.0,2013-11-19,True
3142,1152,2610,1684,158,2013-11-26,3,43.27,129.81,3.0,0.0,3.0,2013-11-19,True
3143,1152,2611,1684,159,2013-11-26,3,41.17,123.51,3.0,0.0,3.0,2013-11-19,True
3144,1153,2612,1685,498,2013-11-26,550,32.77,18023.78,550.0,0.0,550.0,2013-11-19,True
3145,1153,2613,1685,496,2013-11-26,550,37.09,20397.3,550.0,0.0,550.0,2013-11-19,True
3146,1153,2614,1685,494,2013-11-26,550,43.04,23671.73,550.0,0.0,550.0,2013-11-19,True
3147,1154,2615,1686,203,2013-11-26,550,10.82,5948.25,550.0,0.0,550.0,2013-11-19,True
3148,1155,2616,1687,447,2013-11-26,550,82.83,45558.98,550.0,0.0,550.0,2013-11-19,True
3149,1155,2617,1687,446,2013-11-26,550,82.83,45558.98,523.0,0.0,523.0,2013-11-19,True
3150,1156,2618,1688,183,2013-11-26,1250,0.21,262.5,1063.0,0.0,1063.0,2013-11-19,True
3151,1156,2619,1688,197,2013-11-26,1250,0.21,262.5,1250.0,0.0,1250.0,2013-11-19,True
3152,1157,2620,1689,191,2013-11-26,3,49.64,148.93,3.0,0.0,3.0,2013-11-19,True
3153,1157,2621,1689,192,2013-11-26,3,44.32,132.96,3.0,0.0,3.0,2013-11-19,True
3154,1157,2622,1689,193,2013-11-26,60,28.7,1721.79,60.0,0.0,60.0,2013-11-19,True
3155,1158,2623,1690,494,2013-11-26,550,42.51,23382.98,550.0,0.0,550.0,2013-11-19,True
3156,1158,2624,1690,501,2013-11-26,550,5.59,3072.3,550.0,0.0,550.0,2013-11-19,True
3157,1159,2625,1691,493,2013-11-26,60,15.74,944.37,60.0,0.0,60.0,2013-11-19,True
3158,1160,2626,1692,495,2013-11-26,550,43.46,23902.73,550.0,0.0,550.0,2013-11-19,True
3159,1160,2627,1692,497,2013-11-26,550,37.62,20691.83,550.0,55.0,495.0,2013-11-19,True
3160,1160,2628,1692,503,2013-11-26,550,6.53,3592.05,550.0,0.0,550.0,2013-11-19,True
3161,1161,2629,1693,190,2013-11-26,550,48.58,26720.93,550.0,0.0,550.0,2013-11-19,True
3162,1162,2630,1694,498,2013-11-26,550,32.25,17735.03,550.0,82.0,468.0,2013-11-19,True
3163,1162,2631,1694,496,2013-11-26,550,36.56,20108.55,550.0,0.0,550.0,2013-11-19,True
3164,1163,2632,1695,190,2013-11-26,550,46.42,25531.28,550.0,0.0,550.0,2013-11-19,True
3165,1164,2633,1696,168,2013-11-26,3,47.52,142.57,3.0,0.0,3.0,2013-11-19,True
3166,1164,2634,1696,169,2013-11-26,3,45.42,136.27,3.0,0.0,3.0,2013-11-19,True
3167,1165,2635,1697,184,2013-11-27,3,41.92,125.75,3.0,0.0,3.0,2013-11-20,True
3168,1166,2636,1698,248,2013-11-27,3,50.26,150.79,3.0,0.0,3.0,2013-11-20,True
3169,1167,2637,1699,175,2013-11-27,3,41.38,124.14,3.0,0.0,3.0,2013-11-20,True
3170,1167,2638,1699,176,2013-11-27,3,45.65,136.96,3.0,0.0,3.0,2013-11-20,True
3171,1167,2639,1699,177,2013-11-27,3,41.38,124.14,3.0,0.0,3.0,2013-11-20,True
3172,1167,2640,1699,178,2013-11-27,3,39.28,117.84,3.0,0.0,3.0,2013-11-20,True
3173,1167,2641,1699,179,2013-11-27,3,43.55,130.66,3.0,0.0,3.0,2013-11-20,True
3174,1167,2642,1699,180,2013-11-27,3,39.28,117.84,3.0,0.0,3.0,2013-11-20,True
3175,1168,2643,1700,126,2013-11-27,550,16.09,8847.3,550.0,0.0,550.0,2013-11-20,True
3176,1169,2644,1701,186,2013-11-27,3,57.03,171.08,3.0,0.0,3.0,2013-11-20,True
3177,1170,2645,1702,117,2013-11-27,550,37.09,20397.3,550.0,0.0,550.0,2013-11-20,True
3178,1171,2646,1703,118,2013-11-27,550,26.6,14628.08,550.0,0.0,550.0,2013-11-20,True
3179,1172,2647,1704,188,2013-11-27,550,27.06,14882.18,550.0,82.0,468.0,2013-11-20,True
3180,1172,2648,1704,189,2013-11-27,550,33.58,18468.45,550.0,0.0,550.0,2013-11-20,True
3181,1173,2649,1705,226,2013-11-27,3,41.24,123.73,3.0,0.0,3.0,2013-11-20,True
3182,1173,2650,1705,227,2013-11-27,3,36.97,110.91,3.0,0.0,3.0,2013-11-20,True
3183,1173,2651,1705,228,2013-11-27,3,34.87,104.61,3.0,0.0,3.0,2013-11-20,True
3184,1174,2652,1706,231,2013-11-27,3,47.52,142.57,3.0,0.0,3.0,2013-11-20,True
3185,1174,2653,1706,232,2013-11-27,3,45.42,136.27,3.0,0.0,3.0,2013-11-20,True
3186,1175,2654,1707,191,2013-11-27,3,47.47,142.41,3.0,0.0,3.0,2013-11-20,True
3187,1175,2655,1707,192,2013-11-27,3,42.8,128.39,3.0,0.0,3.0,2013-11-20,True
3188,1175,2656,1707,193,2013-11-27,60,25.42,1525.23,60.0,0.0,60.0,2013-11-20,True
3189,1176,2657,1708,63,2013-11-27,3,43.55,130.66,3.0,0.0,3.0,2013-11-20,True
3190,1176,2658,1708,61,2013-11-27,3,39.28,117.84,3.0,0.0,3.0,2013-11-20,True
3191,1176,2659,1708,71,2013-11-27,3,37.18,111.54,3.0,0.0,3.0,2013-11-20,True
3192,1176,2660,1708,72,2013-11-27,3,41.45,124.36,3.0,0.0,3.0,2013-11-20,True
3193,1177,2661,1709,6,2013-11-29,550,62.99,34644.23,550.0,0.0,550.0,2013-11-22,True
3194,1178,2662,1710,191,2013-11-29,3,45.37,136.11,3.0,0.0,3.0,2013-11-22,True
3195,1178,2663,1710,192,2013-11-29,3,40.49,121.46,3.0,0.0,3.0,2013-11-22,True
3196,1178,2664,1710,193,2013-11-29,60,26.37,1581.93,60.0,0.0,60.0,2013-11-22,True
3197,1179,2665,1711,121,2013-11-29,3,48.76,146.29,3.0,0.0,3.0,2013-11-22,True
3198,1180,2666,1712,156,2013-11-29,3,34.19,102.56,3.0,0.0,3.0,2013-11-22,True
3199,1181,2667,1713,194,2013-11-29,3,50.26,150.79,3.0,0.0,3.0,2013-11-22,True
3200,1182,2668,1714,119,2013-11-29,550,10.73,5902.05,550.0,82.0,468.0,2013-11-22,True
3201,1182,2669,1714,120,2013-11-29,550,14.12,7767.38,550.0,0.0,550.0,2013-11-22,True
3202,1183,2670,1715,153,2013-11-29,60,53.2,3192.21,60.0,0.0,60.0,2013-11-22,True
3203,1183,2671,1715,154,2013-11-29,60,63.69,3821.58,60.0,0.0,60.0,2013-11-22,True
3204,1183,2672,1715,155,2013-11-29,60,48.91,2934.54,60.0,0.0,60.0,2013-11-22,True
3205,1184,2673,1716,440,2013-11-29,550,21.09,11601.98,550.0,0.0,550.0,2013-11-22,True
3206,1184,2674,1716,437,2013-11-29,550,30.44,16741.73,550.0,0.0,550.0,2013-11-22,True
3207,1185,2675,1717,111,2013-11-29,60,9.2,551.88,60.0,0.0,60.0,2013-11-22,True
3208,1186,2676,1718,162,2013-11-29,550,5.78,3176.25,468.0,0.0,468.0,2013-11-22,True
3209,1186,2677,1718,163,2013-11-29,550,1.16,635.25,550.0,0.0,550.0,2013-11-22,True
3210,1186,2678,1718,132,2013-11-29,550,5.78,3176.25,550.0,0.0,550.0,2013-11-22,True
3211,1187,2679,1719,112,2013-11-29,550,23.39,12866.7,550.0,0.0,550.0,2013-11-22,True
3212,1187,2680,1719,113,2013-11-29,550,27.65,15205.58,550.0,0.0,550.0,2013-11-22,True
3213,1188,2681,1720,164,2013-11-29,550,1.37,750.75,550.0,0.0,550.0,2013-11-22,True
3214,1188,2682,1720,5,2013-11-29,550,62.99,34644.23,550.0,0.0,550.0,2013-11-22,True
3215,1188,2683,1720,131,2013-11-29,550,3.49,1917.3,550.0,0.0,550.0,2013-11-22,True
3216,1189,2684,1721,162,2013-12-02,550,6.2,3407.25,550.0,0.0,550.0,2013-11-25,True
3217,1189,2685,1721,163,2013-12-02,550,1.47,808.5,550.0,0.0,550.0,2013-11-25,True
3218,1189,2686,1721,132,2013-12-02,550,6.2,3407.25,550.0,0.0,550.0,2013-11-25,True
3219,1190,2687,1722,112,2013-12-02,550,22.17,12191.03,550.0,0.0,550.0,2013-11-25,True
3220,1190,2688,1722,113,2013-12-02,550,29.28,16106.48,550.0,55.0,495.0,2013-11-25,True
3221,1191,2689,1723,150,2013-12-02,3,19.98,59.94,3.0,0.0,3.0,2013-11-25,True
3222,1192,2690,1724,160,2013-12-02,3,39.14,117.43,3.0,0.0,3.0,2013-11-25,True
3223,1193,2691,1725,9,2013-12-02,550,31.49,17319.23,550.0,0.0,550.0,2013-11-25,True
3224,1193,2692,1725,7,2013-12-02,550,48.29,26559.23,550.0,0.0,550.0,2013-11-25,True
3225,1194,2693,1726,236,2013-12-02,3,43.34,130.03,3.0,0.0,3.0,2013-11-25,True
3226,1194,2694,1726,237,2013-12-02,3,39.07,117.21,3.0,0.0,3.0,2013-11-25,True
3227,1195,2695,1727,139,2013-12-02,550,11.67,6416.03,550.0,0.0,550.0,2013-11-25,True
3228,1195,2696,1727,140,2013-12-02,550,11.09,6098.4,523.0,0.0,523.0,2013-11-25,True
3229,1195,2697,1727,141,2013-12-02,550,8.76,4816.35,550.0,0.0,550.0,2013-11-25,True
3230,1195,2698,1727,142,2013-12-02,550,9.69,5330.33,550.0,0.0,550.0,2013-11-25,True
3231,1195,2699,1727,143,2013-12-02,550,6.88,3782.63,550.0,0.0,550.0,2013-11-25,True
3232,1195,2700,1727,144,2013-12-02,550,7.8,4290.83,550.0,0.0,550.0,2013-11-25,True
3233,1195,2701,1727,133,2013-12-02,550,8.76,4816.35,550.0,0.0,550.0,2013-11-25,True
3234,1195,2702,1727,146,2013-12-02,550,5.81,3193.58,550.0,0.0,550.0,2013-11-25,True
3235,1195,2703,1727,147,2013-12-02,550,8.86,4874.1,550.0,0.0,550.0,2013-11-25,True
3236,1195,2704,1727,148,2013-12-02,550,10.47,5757.68,550.0,0.0,550.0,2013-11-25,True
3237,1196,2705,1728,211,2013-12-02,3,47.47,142.41,3.0,0.0,3.0,2013-11-25,True
3238,1197,2706,1729,115,2013-12-02,550,23.08,12693.45,550.0,0.0,550.0,2013-11-25,True
3239,1197,2707,1729,116,2013-12-02,550,29.27,16100.7,550.0,0.0,550.0,2013-11-25,True
3240,1197,2708,1729,117,2013-12-02,550,34.98,19236.53,550.0,0.0,550.0,2013-11-25,True
3241,1198,2709,1730,217,2013-12-02,3,43.27,129.81,3.0,0.0,3.0,2013-11-25,True
3242,1198,2710,1730,218,2013-12-02,3,41.17,123.51,3.0,0.0,3.0,2013-11-25,True
3243,1198,2711,1730,442,2013-12-02,550,21.09,11601.98,550.0,0.0,550.0,2013-11-25,True
3244,1198,2712,1730,439,2013-12-02,550,30.44,16741.73,550.0,0.0,550.0,2013-11-25,True
3245,1198,2713,1730,436,2013-12-02,550,40.94,22516.73,550.0,0.0,550.0,2013-11-25,True
3246,1199,2714,1731,109,2013-12-02,550,2.32,1276.28,550.0,0.0,550.0,2013-11-25,True
3247,1200,2715,1732,122,2013-12-02,550,3.64,2003.93,550.0,0.0,550.0,2013-11-25,True
3248,1201,2716,1733,435,2013-12-03,550,40.94,22516.73,550.0,0.0,550.0,2013-11-26,True
3249,1202,2717,1734,165,2013-12-03,60,3.6,216.09,60.0,9.0,51.0,2013-11-26,True
3250,1202,2718,1734,166,2013-12-03,60,3.98,238.77,60.0,0.0,60.0,2013-11-26,True
3251,1203,2719,1735,9,2013-12-03,550,31.49,17319.23,550.0,0.0,550.0,2013-11-26,True
3252,1203,2720,1735,7,2013-12-03,550,48.29,26559.23,550.0,0.0,550.0,2013-11-26,True
3253,1204,2721,1736,120,2013-12-03,550,12.97,7132.13,550.0,550.0,0.0,2013-11-26,True
3254,1205,2722,1737,441,2013-12-04,550,21.09,11601.98,550.0,0.0,550.0,2013-11-27,True
3255,1205,2723,1737,438,2013-12-04,550,30.44,16741.73,523.0,0.0,523.0,2013-11-27,True
3256,1206,2724,1738,434,2013-12-04,550,40.94,22516.73,468.0,0.0,468.0,2013-11-27,True
3257,1207,2725,1739,4,2013-12-04,550,62.99,34644.23,550.0,0.0,550.0,2013-11-27,True
3258,1208,2726,1740,82,2013-12-04,3,45.5,136.49,3.0,0.0,3.0,2013-11-27,True
3259,1208,2727,1740,83,2013-12-04,3,41.22,123.67,3.0,0.0,3.0,2013-11-27,True
3260,1208,2728,1740,84,2013-12-04,3,39.12,117.37,3.0,0.0,3.0,2013-11-27,True
3261,1208,2729,1740,145,2013-12-04,3,43.4,130.19,3.0,0.0,3.0,2013-11-27,True
3262,1208,2730,1740,134,2013-12-04,3,39.12,117.37,3.0,0.0,3.0,2013-11-27,True
3263,1209,2731,1741,73,2013-12-04,3,47.68,143.04,3.0,0.0,3.0,2013-11-27,True
3264,1210,2732,1742,115,2013-12-04,550,23.4,12872.48,550.0,0.0,550.0,2013-11-27,True
3265,1210,2733,1742,116,2013-12-04,550,27.87,15326.85,550.0,55.0,495.0,2013-11-27,True
3266,1211,2734,1743,123,2013-12-04,550,6.75,3713.33,550.0,0.0,550.0,2013-11-27,True
3267,1212,2735,1744,10,2013-12-04,550,31.49,17319.23,550.0,82.0,468.0,2013-11-27,True
3268,1212,2736,1744,8,2013-12-04,550,48.29,26559.23,550.0,0.0,550.0,2013-11-27,True
3269,1213,2737,1745,153,2013-12-04,60,50.75,3044.79,60.0,0.0,60.0,2013-11-27,True
3270,1213,2738,1745,154,2013-12-04,60,62.93,3775.59,60.0,0.0,60.0,2013-11-27,True
3271,1213,2739,1745,155,2013-12-04,60,49.65,2979.27,60.0,0.0,60.0,2013-11-27,True
3272,1214,2740,1746,119,2013-12-04,550,10.38,5711.48,550.0,0.0,550.0,2013-11-27,True
3273,1215,2741,1747,88,2013-12-04,3,41.38,124.14,3.0,0.0,3.0,2013-11-27,True
3274,1215,2742,1747,89,2013-12-04,3,45.65,136.96,3.0,0.0,3.0,2013-11-27,True
3275,1215,2743,1747,90,2013-12-04,3,41.38,124.14,3.0,0.0,3.0,2013-11-27,True
3276,1215,2744,1747,91,2013-12-04,3,39.28,117.84,3.0,0.0,3.0,2013-11-27,True
3277,1215,2745,1747,92,2013-12-04,3,43.55,130.66,3.0,0.0,3.0,2013-11-27,True
3278,1215,2746,1747,93,2013-12-04,3,39.28,117.84,3.0,0.0,3.0,2013-11-27,True
3279,1215,2747,1747,94,2013-12-04,3,37.18,111.54,3.0,0.0,3.0,2013-11-27,True
3280,1215,2748,1747,95,2013-12-04,3,41.45,124.36,3.0,0.0,3.0,2013-11-27,True
3281,1215,2749,1747,96,2013-12-04,3,37.18,111.54,3.0,0.0,3.0,2013-11-27,True
3282,1216,2750,1748,149,2013-12-04,3,12.72,38.15,3.0,0.0,3.0,2013-11-27,True
3283,1216,2751,1748,150,2013-12-04,3,19.94,59.82,3.0,0.0,3.0,2013-11-27,True
3284,1217,2752,1749,124,2013-12-04,3,38.16,114.47,3.0,0.0,3.0,2013-11-27,True
3285,1218,2753,1750,110,2013-12-04,3,44.22,132.65,3.0,0.0,3.0,2013-11-27,True
3286,1219,2754,1751,10,2013-12-04,550,31.49,17319.23,550.0,0.0,550.0,2013-11-27,True
3287,1219,2755,1751,8,2013-12-04,550,48.29,26559.23,550.0,0.0,550.0,2013-11-27,True
3288,1220,2756,1752,167,2013-12-04,60,6.98,418.95,60.0,0.0,60.0,2013-11-27,True
3289,1221,2757,1753,238,2013-12-05,3,43.27,129.81,3.0,0.0,3.0,2013-11-28,True
3290,1221,2758,1753,239,2013-12-05,3,41.17,123.51,3.0,0.0,3.0,2013-11-28,True
3291,1221,2759,1753,240,2013-12-05,3,45.44,136.33,3.0,0.0,3.0,2013-11-28,True
3292,1221,2760,1753,241,2013-12-05,3,41.17,123.51,3.0,0.0,3.0,2013-11-28,True
3293,1222,2761,1754,165,2013-12-05,60,3.38,202.86,60.0,9.0,51.0,2013-11-28,True
3294,1222,2762,1754,166,2013-12-05,60,4.32,258.93,60.0,0.0,60.0,2013-11-28,True
3295,1223,2763,1755,254,2013-12-05,3,39.07,117.21,3.0,0.0,3.0,2013-11-28,True
3296,1223,2764,1755,255,2013-12-05,3,43.34,130.03,3.0,0.0,3.0,2013-11-28,True
3297,1223,2765,1755,256,2013-12-05,3,39.07,117.21,3.0,0.0,3.0,2013-11-28,True
3298,1224,2766,1756,149,2013-12-05,3,12.36,37.08,3.0,0.0,3.0,2013-11-28,True
3299,1225,2767,1757,118,2013-12-06,550,39.2,21558.08,550.0,0.0,550.0,2013-11-29,True
3300,1226,2768,1758,212,2013-12-06,3,45.44,136.33,3.0,0.0,3.0,2013-11-29,True
3301,1226,2769,1758,213,2013-12-06,3,41.17,123.51,3.0,0.0,3.0,2013-11-29,True
3302,1226,2770,1758,214,2013-12-06,3,39.07,117.21,3.0,0.0,3.0,2013-11-29,True
3303,1226,2771,1758,215,2013-12-06,3,43.34,130.03,3.0,0.0,3.0,2013-11-29,True
3304,1227,2772,1759,500,2013-12-06,550,34.87,19178.78,550.0,0.0,550.0,2013-11-29,True
3305,1227,2773,1759,499,2013-12-06,550,39.76,21869.93,550.0,0.0,550.0,2013-11-29,True
3306,1227,2774,1759,495,2013-12-06,550,43.98,24191.48,550.0,0.0,550.0,2013-11-29,True
3307,1227,2775,1759,497,2013-12-06,550,38.15,20980.58,550.0,0.0,550.0,2013-11-29,True
3308,1228,2776,1760,96,2013-12-06,3,37.18,111.54,3.0,0.0,3.0,2013-11-29,True
3309,1229,2777,1761,158,2013-12-06,3,43.38,130.13,3.0,0.0,3.0,2013-11-29,True
3310,1229,2778,1761,159,2013-12-06,3,41.28,123.83,3.0,0.0,3.0,2013-11-29,True
3311,1229,2779,1761,160,2013-12-06,3,45.55,136.65,3.0,0.0,3.0,2013-11-29,True
3312,1230,2780,1762,500,2013-12-06,550,34.35,18890.03,550.0,0.0,550.0,2013-11-29,True
3313,1230,2781,1762,499,2013-12-06,550,39.24,21581.18,550.0,55.0,495.0,2013-11-29,True
3314,1231,2782,1763,160,2013-12-06,3,45.44,136.33,3.0,0.0,3.0,2013-11-29,True
3315,1232,2783,1764,498,2013-12-06,550,32.77,18023.78,550.0,82.0,468.0,2013-11-29,True
3316,1232,2784,1764,496,2013-12-06,550,37.09,20397.3,550.0,0.0,550.0,2013-11-29,True
3317,1233,2785,1765,203,2013-12-06,550,10.82,5948.25,550.0,0.0,550.0,2013-11-29,True
3318,1234,2786,1766,447,2013-12-06,550,82.83,45558.98,550.0,0.0,550.0,2013-11-29,True
3319,1234,2787,1766,446,2013-12-06,550,82.83,45558.98,550.0,0.0,550.0,2013-11-29,True
3320,1235,2788,1767,183,2013-12-06,1250,0.21,262.5,1250.0,0.0,1250.0,2013-11-29,True
3321,1235,2789,1767,197,2013-12-06,1250,0.21,262.5,1188.0,0.0,1188.0,2013-11-29,True
3322,1236,2790,1768,191,2013-12-06,3,49.64,148.93,3.0,0.0,3.0,2013-11-29,True
3323,1236,2791,1768,192,2013-12-06,3,44.32,132.96,3.0,0.0,3.0,2013-11-29,True
3324,1236,2792,1768,193,2013-12-06,60,28.7,1721.79,60.0,0.0,60.0,2013-11-29,True
3325,1237,2793,1769,494,2013-12-06,550,42.51,23382.98,550.0,0.0,550.0,2013-11-29,True
3326,1237,2794,1769,501,2013-12-06,550,5.59,3072.3,550.0,0.0,550.0,2013-11-29,True
3327,1238,2795,1770,493,2013-12-06,60,15.74,944.37,60.0,0.0,60.0,2013-11-29,True
3328,1239,2796,1771,502,2013-12-06,550,6.18,3401.48,550.0,0.0,550.0,2013-11-29,True
3329,1240,2797,1772,188,2013-12-06,550,29.58,16268.18,550.0,0.0,550.0,2013-11-29,True
3330,1240,2798,1772,189,2013-12-06,550,36.1,19854.45,550.0,55.0,495.0,2013-11-29,True
3331,1240,2799,1772,190,2013-12-06,550,48.58,26720.93,550.0,0.0,550.0,2013-11-29,True
3332,1241,2800,1773,498,2013-12-09,550,32.25,17735.03,550.0,0.0,550.0,2013-12-02,True
3333,1241,2801,1773,496,2013-12-09,550,36.56,20108.55,550.0,0.0,550.0,2013-12-02,True
3334,1242,2802,1774,190,2013-12-09,550,46.42,25531.28,550.0,82.0,468.0,2013-12-02,True
3335,1243,2803,1775,157,2013-12-09,3,49.7,149.09,3.0,0.0,3.0,2013-12-02,True
3336,1243,2804,1775,171,2013-12-09,3,45.42,136.27,3.0,0.0,3.0,2013-12-02,True
3337,1243,2805,1775,172,2013-12-09,3,43.32,129.97,3.0,0.0,3.0,2013-12-02,True
3338,1244,2806,1776,184,2013-12-09,3,41.92,125.75,3.0,0.0,3.0,2013-12-02,True
3339,1245,2807,1777,248,2013-12-09,3,50.26,150.79,3.0,0.0,3.0,2013-12-02,True
3340,1246,2808,1778,181,2013-12-09,3,37.18,111.54,3.0,0.0,3.0,2013-12-02,True
3341,1246,2809,1778,182,2013-12-09,3,41.45,124.36,3.0,0.0,3.0,2013-12-02,True
3342,1246,2810,1778,196,2013-12-09,3,37.18,111.54,3.0,0.0,3.0,2013-12-02,True
3343,1247,2811,1779,126,2013-12-09,550,16.09,8847.3,550.0,0.0,550.0,2013-12-02,True
3344,1248,2812,1780,186,2013-12-09,3,57.03,171.08,3.0,0.0,3.0,2013-12-02,True
3345,1249,2813,1781,117,2013-12-09,550,37.09,20397.3,550.0,0.0,550.0,2013-12-02,True
3346,1250,2814,1782,118,2013-12-09,550,26.6,14628.08,550.0,0.0,550.0,2013-12-02,True
3347,1251,2815,1783,190,2013-12-09,550,46.06,25334.93,550.0,0.0,550.0,2013-12-02,True
3348,1252,2816,1784,229,2013-12-09,3,39.14,117.43,3.0,0.0,3.0,2013-12-02,True
3349,1252,2817,1784,230,2013-12-09,3,47.58,142.73,3.0,0.0,3.0,2013-12-02,True
3350,1253,2818,1785,233,2013-12-09,3,49.7,149.09,3.0,0.0,3.0,2013-12-02,True
3351,1253,2819,1785,234,2013-12-09,3,45.42,136.27,3.0,0.0,3.0,2013-12-02,True
3352,1253,2820,1785,138,2013-12-09,3,43.32,129.97,3.0,0.0,3.0,2013-12-02,True
3353,1254,2821,1786,191,2013-12-09,3,47.47,142.41,3.0,0.0,3.0,2013-12-02,True
3354,1254,2822,1786,192,2013-12-09,3,42.8,128.39,3.0,0.0,3.0,2013-12-02,True
3355,1255,2823,1787,85,2013-12-09,3,41.22,123.67,3.0,0.0,3.0,2013-12-02,True
3356,1255,2824,1787,98,2013-12-09,3,45.5,136.49,3.0,0.0,3.0,2013-12-02,True
3357,1255,2825,1787,99,2013-12-09,3,41.22,123.67,3.0,0.0,3.0,2013-12-02,True
3358,1255,2826,1787,100,2013-12-09,3,39.12,117.37,3.0,0.0,3.0,2013-12-02,True
3359,1255,2827,1787,101,2013-12-09,3,43.4,130.19,3.0,0.0,3.0,2013-12-02,True
3360,1255,2828,1787,102,2013-12-09,3,39.12,117.37,3.0,0.0,3.0,2013-12-02,True
3361,1255,2829,1787,103,2013-12-09,3,37.02,111.07,3.0,0.0,3.0,2013-12-02,True
3362,1255,2830,1787,70,2013-12-09,3,41.3,123.89,3.0,0.0,3.0,2013-12-02,True
3363,1255,2831,1787,105,2013-12-09,3,37.02,111.07,3.0,0.0,3.0,2013-12-02,True
3364,1255,2832,1787,106,2013-12-09,3,47.68,143.04,3.0,0.0,3.0,2013-12-02,True
3365,1255,2833,1787,107,2013-12-09,3,45.58,136.74,3.0,0.0,3.0,2013-12-02,True
3366,1255,2834,1787,108,2013-12-09,3,49.85,149.56,3.0,0.0,3.0,2013-12-02,True
3367,1255,2835,1787,97,2013-12-09,3,45.58,136.74,3.0,0.0,3.0,2013-12-02,True
3368,1255,2836,1787,62,2013-12-09,3,43.48,130.44,3.0,0.0,3.0,2013-12-02,True
3369,1255,2837,1787,69,2013-12-09,3,47.75,143.26,3.0,0.0,3.0,2013-12-02,True
3370,1255,2838,1787,68,2013-12-09,3,43.48,130.44,3.0,0.0,3.0,2013-12-02,True
3371,1255,2839,1787,67,2013-12-09,3,41.38,124.14,3.0,0.0,3.0,2013-12-02,True
3372,1255,2840,1787,66,2013-12-09,3,45.65,136.96,3.0,0.0,3.0,2013-12-02,True
3373,1255,2841,1787,65,2013-12-09,3,41.38,124.14,3.0,0.0,3.0,2013-12-02,True
3374,1255,2842,1787,64,2013-12-09,3,39.28,117.84,3.0,0.0,3.0,2013-12-02,True
3375,1255,2843,1787,63,2013-12-09,3,43.55,130.66,3.0,0.0,3.0,2013-12-02,True
3376,1255,2844,1787,61,2013-12-09,3,39.28,117.84,3.0,0.0,3.0,2013-12-02,True
3377,1255,2845,1787,71,2013-12-09,3,37.18,111.54,3.0,0.0,3.0,2013-12-02,True
3378,1255,2846,1787,72,2013-12-09,3,41.45,124.36,3.0,0.0,3.0,2013-12-02,True
3379,1256,2847,1788,6,2013-12-09,550,62.99,34644.23,468.0,0.0,468.0,2013-12-02,True
3380,1257,2848,1789,191,2013-12-10,3,45.37,136.11,3.0,0.0,3.0,2013-12-03,True
3381,1257,2849,1789,192,2013-12-10,3,40.49,121.46,3.0,0.0,3.0,2013-12-03,True
3382,1257,2850,1789,193,2013-12-10,60,26.37,1581.93,60.0,0.0,60.0,2013-12-03,True
3383,1258,2851,1790,121,2013-12-10,3,48.76,146.29,3.0,0.0,3.0,2013-12-03,True
3384,1259,2852,1791,156,2013-12-10,3,34.19,102.56,3.0,0.0,3.0,2013-12-03,True
3385,1260,2853,1792,194,2013-12-10,3,50.26,150.79,3.0,0.0,3.0,2013-12-03,True
3386,1261,2854,1793,119,2013-12-10,550,10.73,5902.05,550.0,0.0,550.0,2013-12-03,True
3387,1261,2855,1793,120,2013-12-10,550,14.12,7767.38,550.0,0.0,550.0,2013-12-03,True
3388,1262,2856,1794,151,2013-12-10,60,50.26,3015.81,60.0,9.0,51.0,2013-12-03,True
3389,1262,2857,1794,152,2013-12-10,60,57.15,3429.09,60.0,0.0,60.0,2013-12-03,True
3390,1263,2858,1795,434,2013-12-10,550,40.94,22516.73,550.0,0.0,550.0,2013-12-03,True
3391,1263,2859,1795,441,2013-12-10,550,21.09,11601.98,550.0,0.0,550.0,2013-12-03,True
3392,1263,2860,1795,438,2013-12-10,550,30.44,16741.73,550.0,0.0,550.0,2013-12-03,True
3393,1264,2861,1796,111,2013-12-10,60,9.2,551.88,60.0,0.0,60.0,2013-12-03,True
3394,1265,2862,1797,162,2013-12-11,550,5.78,3176.25,550.0,0.0,550.0,2013-12-04,True
3395,1265,2863,1797,163,2013-12-11,550,1.16,635.25,523.0,0.0,523.0,2013-12-04,True
3396,1265,2864,1797,132,2013-12-11,550,5.78,3176.25,550.0,0.0,550.0,2013-12-04,True
3397,1266,2865,1798,112,2013-12-11,550,23.39,12866.7,468.0,0.0,468.0,2013-12-04,True
3398,1266,2866,1798,113,2013-12-11,550,27.65,15205.58,550.0,0.0,550.0,2013-12-04,True
3399,1267,2867,1799,164,2013-12-11,550,1.37,750.75,550.0,0.0,550.0,2013-12-04,True
3400,1267,2868,1799,5,2013-12-11,550,62.99,34644.23,550.0,0.0,550.0,2013-12-04,True
3401,1267,2869,1799,131,2013-12-11,550,3.49,1917.3,550.0,0.0,550.0,2013-12-04,True
3402,1268,2870,1800,162,2013-12-11,550,6.2,3407.25,550.0,0.0,550.0,2013-12-04,True
3403,1268,2871,1800,163,2013-12-11,550,1.47,808.5,550.0,0.0,550.0,2013-12-04,True
3404,1268,2872,1800,132,2013-12-11,550,6.2,3407.25,550.0,0.0,550.0,2013-12-04,True
3405,1269,2873,1801,112,2013-12-11,550,22.17,12191.03,550.0,0.0,550.0,2013-12-04,True
3406,1269,2874,1801,113,2013-12-11,550,29.28,16106.48,550.0,0.0,550.0,2013-12-04,True
3407,1270,2875,1802,150,2013-12-11,3,19.98,59.94,3.0,0.0,3.0,2013-12-04,True
3408,1271,2876,1803,204,2013-12-11,3,41.17,123.51,3.0,0.0,3.0,2013-12-04,True
3409,1271,2877,1803,205,2013-12-11,3,39.07,117.21,3.0,0.0,3.0,2013-12-04,True
3410,1271,2878,1803,206,2013-12-11,3,43.34,130.03,3.0,0.0,3.0,2013-12-04,True
3411,1271,2879,1803,207,2013-12-11,3,39.07,117.21,3.0,0.0,3.0,2013-12-04,True
3412,1272,2880,1804,9,2013-12-11,550,31.49,17319.23,550.0,82.0,468.0,2013-12-04,True
3413,1272,2881,1804,7,2013-12-11,550,48.29,26559.23,550.0,0.0,550.0,2013-12-04,True
3414,1273,2882,1805,238,2013-12-11,3,36.97,110.91,3.0,0.0,3.0,2013-12-04,True
3415,1273,2883,1805,239,2013-12-11,3,41.24,123.73,3.0,0.0,3.0,2013-12-04,True
3416,1273,2884,1805,240,2013-12-11,3,36.97,110.91,3.0,0.0,3.0,2013-12-04,True
3417,1274,2885,1806,135,2013-12-11,550,15.89,8737.58,550.0,0.0,550.0,2013-12-04,True
3418,1274,2886,1806,136,2013-12-11,550,11.67,6416.03,550.0,0.0,550.0,2013-12-04,True
3419,1275,2887,1807,211,2013-12-11,3,47.47,142.41,3.0,0.0,3.0,2013-12-04,True
3420,1276,2888,1808,115,2013-12-11,550,23.08,12693.45,468.0,0.0,468.0,2013-12-04,True
3421,1276,2889,1808,116,2013-12-11,550,29.27,16100.7,550.0,0.0,550.0,2013-12-04,True
3422,1276,2890,1808,117,2013-12-11,550,34.98,19236.53,550.0,0.0,550.0,2013-12-04,True
3423,1277,2891,1809,212,2013-12-11,3,45.37,136.11,3.0,0.0,3.0,2013-12-04,True
3424,1277,2892,1809,213,2013-12-11,3,49.64,148.93,3.0,0.0,3.0,2013-12-04,True
3425,1277,2893,1809,214,2013-12-11,3,45.37,136.11,3.0,0.0,3.0,2013-12-04,True
3426,1277,2894,1809,215,2013-12-11,3,43.27,129.81,3.0,0.0,3.0,2013-12-04,True
3427,1277,2895,1809,216,2013-12-11,3,47.54,142.63,3.0,0.0,3.0,2013-12-04,True
3428,1277,2896,1809,217,2013-12-11,3,43.27,129.81,3.0,0.0,3.0,2013-12-04,True
3429,1278,2897,1810,109,2013-12-11,550,2.32,1276.28,550.0,0.0,550.0,2013-12-04,True
3430,1279,2898,1811,122,2013-12-11,550,3.64,2003.93,550.0,0.0,550.0,2013-12-04,True
3431,1280,2899,1812,440,2013-12-11,550,21.09,11601.98,550.0,0.0,550.0,2013-12-04,True
3432,1280,2900,1812,437,2013-12-11,550,30.44,16741.73,550.0,55.0,495.0,2013-12-04,True
3433,1280,2901,1812,435,2013-12-11,550,40.94,22516.73,550.0,0.0,550.0,2013-12-04,True
3434,1281,2902,1813,165,2013-12-12,60,3.6,216.09,60.0,0.0,60.0,2013-12-05,True
3435,1281,2903,1813,166,2013-12-12,60,3.98,238.77,60.0,0.0,60.0,2013-12-05,True
3436,1282,2904,1814,9,2013-12-12,550,31.49,17319.23,550.0,82.0,468.0,2013-12-05,True
3437,1282,2905,1814,7,2013-12-12,550,48.29,26559.23,550.0,0.0,550.0,2013-12-05,True
3438,1283,2906,1815,120,2013-12-12,550,12.97,7132.13,550.0,0.0,550.0,2013-12-05,True
3439,1284,2907,1816,441,2013-12-12,550,21.09,11601.98,550.0,0.0,550.0,2013-12-05,True
3440,1284,2908,1816,438,2013-12-12,550,30.44,16741.73,550.0,0.0,550.0,2013-12-05,True
3441,1285,2909,1817,434,2013-12-12,550,40.94,22516.73,550.0,0.0,550.0,2013-12-05,True
3442,1286,2910,1818,4,2013-12-12,550,62.99,34644.23,468.0,0.0,468.0,2013-12-05,True
3443,1287,2911,1819,74,2013-12-12,3,47.52,142.57,3.0,0.0,3.0,2013-12-05,True
3444,1287,2912,1819,75,2013-12-12,3,45.42,136.27,3.0,0.0,3.0,2013-12-05,True
3445,1287,2913,1819,76,2013-12-12,3,49.7,149.09,3.0,0.0,3.0,2013-12-05,True
3446,1287,2914,1819,77,2013-12-12,3,45.42,136.27,3.0,0.0,3.0,2013-12-05,True
3447,1287,2915,1819,78,2013-12-12,3,43.32,129.97,3.0,0.0,3.0,2013-12-05,True
3448,1287,2916,1819,79,2013-12-12,3,47.6,142.79,3.0,0.0,3.0,2013-12-05,True
3449,1288,2917,1820,73,2013-12-12,3,47.68,143.04,3.0,0.0,3.0,2013-12-05,True
3450,1289,2918,1821,115,2013-12-12,550,23.4,12872.48,550.0,0.0,550.0,2013-12-05,True
3451,1289,2919,1821,116,2013-12-12,550,27.87,15326.85,550.0,0.0,550.0,2013-12-05,True
3452,1290,2920,1822,123,2013-12-12,550,6.75,3713.33,550.0,0.0,550.0,2013-12-05,True
3453,1291,2921,1823,114,2013-12-12,550,36.28,19952.63,550.0,0.0,550.0,2013-12-05,True
3454,1292,2922,1824,151,2013-12-12,60,50.75,3044.79,60.0,9.0,51.0,2013-12-05,True
3455,1292,2923,1824,152,2013-12-12,60,58.26,3495.87,60.0,0.0,60.0,2013-12-05,True
3456,1293,2924,1825,119,2013-12-12,550,10.38,5711.48,550.0,0.0,550.0,2013-12-05,True
3457,1294,2925,1826,231,2013-12-12,3,47.68,143.04,3.0,0.0,3.0,2013-12-05,True
3458,1294,2926,1826,232,2013-12-12,3,45.58,136.74,3.0,0.0,3.0,2013-12-05,True
3459,1295,2927,1827,149,2013-12-12,3,12.72,38.15,3.0,0.0,3.0,2013-12-05,True
3460,1295,2928,1827,150,2013-12-12,3,19.94,59.82,3.0,0.0,3.0,2013-12-05,True
3461,1296,2929,1828,124,2013-12-12,3,38.16,114.47,3.0,0.0,3.0,2013-12-05,True
3462,1297,2930,1829,110,2013-12-13,3,44.22,132.65,3.0,0.0,3.0,2013-12-06,True
3463,1298,2931,1830,10,2013-12-13,550,31.49,17319.23,550.0,0.0,550.0,2013-12-06,True
3464,1298,2932,1830,8,2013-12-13,550,48.29,26559.23,550.0,0.0,550.0,2013-12-06,True
3465,1299,2933,1831,167,2013-12-13,60,6.98,418.95,60.0,0.0,60.0,2013-12-06,True
3466,1300,2934,1832,242,2013-12-13,3,39.07,117.21,3.0,0.0,3.0,2013-12-06,True
3467,1300,2935,1832,85,2013-12-13,3,47.68,143.04,3.0,0.0,3.0,2013-12-06,True
3468,1300,2936,1832,98,2013-12-13,3,45.58,136.74,3.0,0.0,3.0,2013-12-06,True
3469,1301,2937,1833,165,2013-12-13,60,3.38,202.86,60.0,0.0,60.0,2013-12-06,True
3470,1301,2938,1833,166,2013-12-13,60,4.32,258.93,60.0,0.0,60.0,2013-12-06,True
3471,1302,2939,1834,301,2013-12-13,3,36.97,110.91,3.0,0.0,3.0,2013-12-06,True
3472,1302,2940,1834,302,2013-12-13,3,41.24,123.73,3.0,0.0,3.0,2013-12-06,True
3473,1303,2941,1835,149,2013-12-13,3,12.36,37.08,3.0,0.0,3.0,2013-12-06,True
3474,1304,2942,1836,118,2013-12-13,550,39.2,21558.08,550.0,550.0,0.0,2013-12-06,True
3475,1305,2943,1837,216,2013-12-13,3,39.07,117.21,3.0,0.0,3.0,2013-12-06,True
3476,1305,2944,1837,217,2013-12-13,3,36.97,110.91,3.0,0.0,3.0,2013-12-06,True
3477,1305,2945,1837,218,2013-12-13,3,41.24,123.73,3.0,0.0,3.0,2013-12-06,True
3478,1305,2946,1837,219,2013-12-13,3,36.97,110.91,3.0,0.0,3.0,2013-12-06,True
3479,1305,2947,1837,220,2013-12-13,3,34.87,104.61,3.0,0.0,3.0,2013-12-06,True
3480,1305,2948,1837,221,2013-12-13,3,39.14,117.43,3.0,0.0,3.0,2013-12-06,True
3481,1305,2949,1837,209,2013-12-13,3,47.58,142.73,3.0,0.0,3.0,2013-12-06,True
3482,1305,2950,1837,223,2013-12-13,3,45.48,136.43,3.0,0.0,3.0,2013-12-06,True
3483,1305,2951,1837,224,2013-12-13,3,49.75,149.25,3.0,0.0,3.0,2013-12-06,True
3484,1305,2952,1837,225,2013-12-13,3,45.48,136.43,3.0,0.0,3.0,2013-12-06,True
3485,1305,2953,1837,226,2013-12-13,3,43.38,130.13,3.0,0.0,3.0,2013-12-06,True
3486,1305,2954,1837,227,2013-12-13,3,47.65,142.95,3.0,0.0,3.0,2013-12-06,True
3487,1305,2955,1837,228,2013-12-13,3,43.38,130.13,3.0,0.0,3.0,2013-12-06,True
3488,1305,2956,1837,229,2013-12-13,3,41.28,123.83,3.0,0.0,3.0,2013-12-06,True
3489,1305,2957,1837,230,2013-12-13,3,45.55,136.65,3.0,0.0,3.0,2013-12-06,True
3490,1306,2958,1838,500,2013-12-13,550,34.87,19178.78,468.0,0.0,468.0,2013-12-06,True
3491,1306,2959,1838,499,2013-12-13,550,39.76,21869.93,550.0,0.0,550.0,2013-12-06,True
3492,1306,2960,1838,495,2013-12-13,550,43.98,24191.48,550.0,0.0,550.0,2013-12-06,True
3493,1306,2961,1838,497,2013-12-13,550,38.15,20980.58,550.0,0.0,550.0,2013-12-06,True
3494,1307,2962,1839,231,2013-12-13,3,47.68,143.04,3.0,0.0,3.0,2013-12-06,True
3495,1307,2963,1839,232,2013-12-13,3,45.58,136.74,3.0,0.0,3.0,2013-12-06,True
3496,1307,2964,1839,233,2013-12-13,3,49.85,149.56,3.0,0.0,3.0,2013-12-06,True
3497,1307,2965,1839,234,2013-12-13,3,45.58,136.74,3.0,0.0,3.0,2013-12-06,True
3498,1307,2966,1839,138,2013-12-13,3,43.48,130.44,3.0,0.0,3.0,2013-12-06,True
3499,1307,2967,1839,86,2013-12-13,3,47.75,143.26,3.0,0.0,3.0,2013-12-06,True
3500,1308,2968,1840,204,2013-12-13,3,47.58,142.73,3.0,0.0,3.0,2013-12-06,True
3501,1308,2969,1840,205,2013-12-13,3,45.48,136.43,3.0,0.0,3.0,2013-12-06,True
3502,1308,2970,1840,206,2013-12-13,3,49.75,149.25,3.0,0.0,3.0,2013-12-06,True
3503,1308,2971,1840,207,2013-12-13,3,45.48,136.43,3.0,0.0,3.0,2013-12-06,True
3504,1308,2972,1840,208,2013-12-13,3,43.38,130.13,3.0,0.0,3.0,2013-12-06,True
3505,1309,2973,1841,500,2013-12-13,550,34.35,18890.03,550.0,0.0,550.0,2013-12-06,True
3506,1309,2974,1841,499,2013-12-13,550,39.24,21581.18,550.0,0.0,550.0,2013-12-06,True
3507,1310,2975,1842,204,2013-12-13,3,47.47,142.41,3.0,0.0,3.0,2013-12-06,True
3508,1310,2976,1842,205,2013-12-13,3,45.37,136.11,3.0,0.0,3.0,2013-12-06,True
3509,1310,2977,1842,206,2013-12-13,3,49.64,148.93,3.0,0.0,3.0,2013-12-06,True
3510,1311,2978,1843,494,2013-12-13,550,43.04,23671.73,550.0,0.0,550.0,2013-12-06,True
3511,1312,2979,1844,203,2013-12-13,550,10.82,5948.25,550.0,82.0,468.0,2013-12-06,True
3512,1313,2980,1845,447,2013-12-16,550,82.83,45558.98,550.0,0.0,550.0,2013-12-09,True
3513,1313,2981,1845,446,2013-12-16,550,82.83,45558.98,550.0,0.0,550.0,2013-12-09,True
3514,1314,2982,1846,183,2013-12-16,1250,0.21,262.5,1250.0,0.0,1250.0,2013-12-09,True
3515,1314,2983,1846,197,2013-12-16,1250,0.21,262.5,1250.0,0.0,1250.0,2013-12-09,True
3516,1315,2984,1847,191,2013-12-16,3,49.64,148.93,3.0,0.0,3.0,2013-12-09,True
3517,1315,2985,1847,192,2013-12-16,3,44.32,132.96,3.0,0.0,3.0,2013-12-09,True
3518,1315,2986,1847,193,2013-12-16,60,28.7,1721.79,60.0,0.0,60.0,2013-12-09,True
3519,1316,2987,1848,494,2013-12-16,550,42.51,23382.98,468.0,0.0,468.0,2013-12-09,True
3520,1316,2988,1848,501,2013-12-16,550,5.59,3072.3,550.0,0.0,550.0,2013-12-09,True
3521,1317,2989,1849,493,2013-12-16,60,15.74,944.37,60.0,0.0,60.0,2013-12-09,True
3522,1318,2990,1850,495,2013-12-16,550,43.46,23902.73,550.0,0.0,550.0,2013-12-09,True
3523,1318,2991,1850,497,2013-12-16,550,37.62,20691.83,550.0,0.0,550.0,2013-12-09,True
3524,1318,2992,1850,503,2013-12-16,550,6.53,3592.05,550.0,0.0,550.0,2013-12-09,True
3525,1318,2993,1850,502,2013-12-16,550,6.18,3401.48,550.0,0.0,550.0,2013-12-09,True
3526,1319,2994,1851,188,2013-12-16,550,29.58,16268.18,550.0,0.0,550.0,2013-12-09,True
3527,1319,2995,1851,189,2013-12-16,550,36.1,19854.45,550.0,0.0,550.0,2013-12-09,True
3528,1319,2996,1851,190,2013-12-16,550,48.58,26720.93,550.0,0.0,550.0,2013-12-09,True
3529,1320,2997,1852,498,2013-12-16,550,32.25,17735.03,550.0,0.0,550.0,2013-12-09,True
3530,1320,2998,1852,496,2013-12-16,550,36.56,20108.55,550.0,55.0,495.0,2013-12-09,True
3531,1321,2999,1853,190,2013-12-17,550,46.42,25531.28,550.0,0.0,550.0,2013-12-10,True
3532,1322,3000,1854,173,2013-12-17,3,47.6,142.79,3.0,0.0,3.0,2013-12-10,True
3533,1322,3001,1854,174,2013-12-17,3,43.32,129.97,3.0,0.0,3.0,2013-12-10,True
3534,1323,3002,1855,184,2013-12-17,3,41.92,125.75,3.0,0.0,3.0,2013-12-10,True
3535,1324,3003,1856,248,2013-12-17,3,50.26,150.79,3.0,0.0,3.0,2013-12-10,True
3536,1325,3004,1857,168,2013-12-18,3,47.68,143.04,3.0,0.0,3.0,2013-12-11,True
3537,1325,3005,1857,169,2013-12-18,3,45.58,136.74,3.0,0.0,3.0,2013-12-11,True
3538,1325,3006,1857,157,2013-12-18,3,49.85,149.56,3.0,0.0,3.0,2013-12-11,True
3539,1325,3007,1857,171,2013-12-18,3,45.58,136.74,3.0,0.0,3.0,2013-12-11,True
3540,1325,3008,1857,172,2013-12-18,3,43.48,130.44,3.0,0.0,3.0,2013-12-11,True
3541,1325,3009,1857,173,2013-12-18,3,47.75,143.26,3.0,0.0,3.0,2013-12-11,True
3542,1325,3010,1857,174,2013-12-18,3,43.48,130.44,3.0,0.0,3.0,2013-12-11,True
3543,1325,3011,1857,175,2013-12-18,3,41.38,124.14,3.0,0.0,3.0,2013-12-11,True
3544,1325,3012,1857,176,2013-12-18,3,45.65,136.96,3.0,0.0,3.0,2013-12-11,True
3545,1325,3013,1857,177,2013-12-18,3,41.38,124.14,3.0,0.0,3.0,2013-12-11,True
3546,1325,3014,1857,178,2013-12-18,3,39.28,117.84,3.0,0.0,3.0,2013-12-11,True
3547,1325,3015,1857,179,2013-12-18,3,43.55,130.66,3.0,0.0,3.0,2013-12-11,True
3548,1325,3016,1857,180,2013-12-18,3,39.28,117.84,3.0,0.0,3.0,2013-12-11,True
3549,1325,3017,1857,181,2013-12-18,3,37.18,111.54,3.0,0.0,3.0,2013-12-11,True
3550,1325,3018,1857,182,2013-12-18,3,41.45,124.36,3.0,0.0,3.0,2013-12-11,True
3551,1325,3019,1857,196,2013-12-18,3,37.18,111.54,3.0,0.0,3.0,2013-12-11,True
3552,1326,3020,1858,126,2013-12-18,550,16.09,8847.3,468.0,0.0,468.0,2013-12-11,True
3553,1327,3021,1859,186,2013-12-18,3,57.03,171.08,3.0,0.0,3.0,2013-12-11,True
3554,1328,3022,1860,117,2013-12-18,550,37.09,20397.3,550.0,0.0,550.0,2013-12-11,True
3555,1329,3023,1861,118,2013-12-18,550,26.6,14628.08,550.0,0.0,550.0,2013-12-11,True
3556,1330,3024,1862,188,2013-12-18,550,27.06,14882.18,550.0,0.0,550.0,2013-12-11,True
3557,1330,3025,1862,189,2013-12-18,550,33.58,18468.45,550.0,55.0,495.0,2013-12-11,True
3558,1330,3026,1862,190,2013-12-18,550,46.06,25334.93,550.0,0.0,550.0,2013-12-11,True
3559,1331,3027,1863,212,2013-12-18,3,47.47,142.41,3.0,0.0,3.0,2013-12-11,True
3560,1331,3028,1863,213,2013-12-18,3,45.37,136.11,3.0,0.0,3.0,2013-12-11,True
3561,1331,3029,1863,214,2013-12-18,3,49.64,148.93,3.0,0.0,3.0,2013-12-11,True
3562,1331,3030,1863,215,2013-12-18,3,45.37,136.11,3.0,0.0,3.0,2013-12-11,True
3563,1332,3031,1864,86,2013-12-18,3,47.6,142.79,3.0,0.0,3.0,2013-12-11,True
3564,1332,3032,1864,87,2013-12-18,3,43.32,129.97,3.0,0.0,3.0,2013-12-11,True
3565,1333,3033,1865,193,2013-12-18,60,25.42,1525.23,60.0,0.0,60.0,2013-12-11,True
3566,1334,3034,1866,85,2013-12-18,3,41.22,123.67,3.0,0.0,3.0,2013-12-11,True
3567,1334,3035,1866,98,2013-12-18,3,45.5,136.49,3.0,0.0,3.0,2013-12-11,True
3568,1335,3036,1867,6,2013-12-18,550,62.99,34644.23,550.0,0.0,550.0,2013-12-11,True
3569,1336,3037,1868,191,2013-12-18,3,45.37,136.11,3.0,0.0,3.0,2013-12-11,True
3570,1336,3038,1868,192,2013-12-18,3,40.49,121.46,3.0,0.0,3.0,2013-12-11,True
3571,1336,3039,1868,193,2013-12-18,60,26.37,1581.93,60.0,0.0,60.0,2013-12-11,True
3572,1337,3040,1869,121,2013-12-18,3,48.76,146.29,3.0,0.0,3.0,2013-12-11,True
3573,1338,3041,1870,156,2013-12-18,3,34.19,102.56,3.0,0.0,3.0,2013-12-11,True
3574,1339,3042,1871,194,2013-12-18,3,50.26,150.79,3.0,0.0,3.0,2013-12-11,True
3575,1340,3043,1872,119,2013-12-18,550,10.73,5902.05,550.0,0.0,550.0,2013-12-11,True
3576,1340,3044,1872,120,2013-12-18,550,14.12,7767.38,550.0,55.0,495.0,2013-12-11,True
3577,1341,3045,1873,153,2013-12-19,60,53.2,3192.21,60.0,0.0,60.0,2013-12-12,True
3578,1341,3046,1873,154,2013-12-19,60,63.69,3821.58,60.0,0.0,60.0,2013-12-12,True
3579,1341,3047,1873,155,2013-12-19,60,48.91,2934.54,60.0,3.0,57.0,2013-12-12,True
3580,1342,3048,1874,435,2013-12-19,550,40.94,22516.73,550.0,82.0,468.0,2013-12-12,True
3581,1342,3049,1874,442,2013-12-19,550,21.09,11601.98,550.0,0.0,550.0,2013-12-12,True
3582,1343,3050,1875,111,2013-12-19,60,9.2,551.88,60.0,0.0,60.0,2013-12-12,True
3583,1344,3051,1876,162,2013-12-19,550,5.78,3176.25,550.0,0.0,550.0,2013-12-12,True
3584,1344,3052,1876,163,2013-12-19,550,1.16,635.25,550.0,0.0,550.0,2013-12-12,True
3585,1345,3053,1877,112,2013-12-19,550,23.39,12866.7,550.0,0.0,550.0,2013-12-12,True
3586,1345,3054,1877,113,2013-12-19,550,27.65,15205.58,523.0,0.0,523.0,2013-12-12,True
3587,1346,3055,1878,164,2013-12-19,550,1.37,750.75,468.0,0.0,468.0,2013-12-12,True
3588,1346,3056,1878,5,2013-12-19,550,62.99,34644.23,550.0,0.0,550.0,2013-12-12,True
3589,1346,3057,1878,131,2013-12-19,550,3.49,1917.3,550.0,0.0,550.0,2013-12-12,True
3590,1347,3058,1879,162,2013-12-19,550,6.2,3407.25,550.0,0.0,550.0,2013-12-12,True
3591,1347,3059,1879,163,2013-12-19,550,1.47,808.5,550.0,0.0,550.0,2013-12-12,True
3592,1347,3060,1879,132,2013-12-19,550,6.2,3407.25,550.0,0.0,550.0,2013-12-12,True
3593,1348,3061,1880,112,2013-12-19,550,22.17,12191.03,550.0,0.0,550.0,2013-12-12,True
3594,1348,3062,1880,113,2013-12-19,550,29.28,16106.48,550.0,0.0,550.0,2013-12-12,True
3595,1349,3063,1881,150,2013-12-19,3,19.98,59.94,3.0,0.0,3.0,2013-12-12,True
3596,1350,3064,1882,208,2013-12-19,3,36.97,110.91,3.0,0.0,3.0,2013-12-12,True
3597,1350,3065,1882,170,2013-12-19,3,41.24,123.73,3.0,0.0,3.0,2013-12-12,True
3598,1350,3066,1882,158,2013-12-19,3,36.97,110.91,3.0,0.0,3.0,2013-12-12,True
3599,1351,3067,1883,9,2013-12-19,550,31.49,17319.23,550.0,0.0,550.0,2013-12-12,True
3600,1351,3068,1883,7,2013-12-19,550,48.29,26559.23,550.0,0.0,550.0,2013-12-12,True
3601,1352,3069,1884,241,2013-12-19,3,43.22,129.65,3.0,0.0,3.0,2013-12-12,True
3602,1352,3070,1884,242,2013-12-19,3,47.49,142.47,3.0,0.0,3.0,2013-12-12,True
3603,1353,3071,1885,137,2013-12-19,550,11.09,6098.4,550.0,0.0,550.0,2013-12-12,True
3604,1353,3072,1885,104,2013-12-19,550,15.89,8737.58,550.0,0.0,550.0,2013-12-12,True
3605,1353,3073,1885,139,2013-12-19,550,11.67,6416.03,550.0,0.0,550.0,2013-12-12,True
3606,1354,3074,1886,211,2013-12-19,3,47.47,142.41,3.0,0.0,3.0,2013-12-12,True
3607,1355,3075,1887,115,2013-12-19,550,23.08,12693.45,550.0,0.0,550.0,2013-12-12,True
3608,1355,3076,1887,116,2013-12-19,550,29.27,16100.7,523.0,0.0,523.0,2013-12-12,True
3609,1355,3077,1887,117,2013-12-19,550,34.98,19236.53,550.0,0.0,550.0,2013-12-12,True
3610,1356,3078,1888,218,2013-12-19,3,41.17,123.51,3.0,0.0,3.0,2013-12-12,True
3611,1356,3079,1888,442,2013-12-19,550,21.09,11601.98,550.0,0.0,550.0,2013-12-12,True
3612,1356,3080,1888,439,2013-12-19,550,30.44,16741.73,550.0,0.0,550.0,2013-12-12,True
3613,1356,3081,1888,436,2013-12-19,550,40.94,22516.73,550.0,0.0,550.0,2013-12-12,True
3614,1357,3082,1889,109,2013-12-20,550,2.32,1276.28,550.0,0.0,550.0,2013-12-13,True
3615,1358,3083,1890,122,2013-12-20,550,3.64,2003.93,550.0,0.0,550.0,2013-12-13,True
3616,1359,3084,1891,440,2013-12-20,550,21.09,11601.98,550.0,0.0,550.0,2013-12-13,True
3617,1359,3085,1891,437,2013-12-20,550,30.44,16741.73,550.0,0.0,550.0,2013-12-13,True
3618,1359,3086,1891,435,2013-12-20,550,40.94,22516.73,550.0,0.0,550.0,2013-12-13,True
3619,1360,3087,1892,165,2013-12-20,60,3.6,216.09,60.0,0.0,60.0,2013-12-13,True
3620,1360,3088,1892,166,2013-12-20,60,3.98,238.77,60.0,6.0,54.0,2013-12-13,True
3621,1361,3089,1893,9,2013-12-20,550,31.49,17319.23,550.0,0.0,550.0,2013-12-13,True
3622,1361,3090,1893,7,2013-12-20,550,48.29,26559.23,550.0,0.0,550.0,2013-12-13,True
3623,1362,3091,1894,120,2013-12-20,550,12.97,7132.13,550.0,82.0,468.0,2013-12-13,True
3624,1363,3092,1895,441,2013-12-20,550,21.09,11601.98,550.0,0.0,550.0,2013-12-13,True
3625,1363,3093,1895,438,2013-12-20,550,30.44,16741.73,550.0,0.0,550.0,2013-12-13,True
3626,1364,3094,1896,434,2013-12-20,550,40.94,22516.73,550.0,0.0,550.0,2013-12-13,True
3627,1365,3095,1897,4,2013-12-20,550,62.99,34644.23,550.0,0.0,550.0,2013-12-13,True
3628,1366,3096,1898,80,2013-12-20,3,43.32,129.97,3.0,0.0,3.0,2013-12-13,True
3629,1366,3097,1898,81,2013-12-20,3,41.22,123.67,3.0,0.0,3.0,2013-12-13,True
3630,1366,3098,1898,82,2013-12-20,3,45.5,136.49,3.0,0.0,3.0,2013-12-13,True
3631,1366,3099,1898,83,2013-12-20,3,41.22,123.67,3.0,0.0,3.0,2013-12-13,True
3632,1367,3100,1899,73,2013-12-20,3,47.68,143.04,3.0,0.0,3.0,2013-12-13,True
3633,1368,3101,1900,115,2013-12-20,550,23.4,12872.48,550.0,0.0,550.0,2013-12-13,True
3634,1368,3102,1900,116,2013-12-20,550,27.87,15326.85,550.0,0.0,550.0,2013-12-13,True
3635,1369,3103,1901,123,2013-12-20,550,6.75,3713.33,550.0,0.0,550.0,2013-12-13,True
3636,1370,3104,1902,10,2013-12-20,550,31.49,17319.23,550.0,0.0,550.0,2013-12-13,True
3637,1370,3105,1902,8,2013-12-20,550,48.29,26559.23,550.0,55.0,495.0,2013-12-13,True
3638,1370,3106,1902,114,2013-12-20,550,36.28,19952.63,550.0,0.0,550.0,2013-12-13,True
3639,1371,3107,1903,153,2013-12-20,60,50.75,3044.79,60.0,0.0,60.0,2013-12-13,True
3640,1371,3108,1903,154,2013-12-20,60,62.93,3775.59,60.0,0.0,60.0,2013-12-13,True
3641,1371,3109,1903,155,2013-12-20,60,49.65,2979.27,60.0,3.0,57.0,2013-12-13,True
3642,1372,3110,1904,119,2013-12-20,550,10.38,5711.48,550.0,82.0,468.0,2013-12-13,True
3643,1373,3111,1905,233,2013-12-23,3,49.85,149.56,3.0,0.0,3.0,2013-12-16,True
3644,1373,3112,1905,234,2013-12-23,3,45.58,136.74,3.0,0.0,3.0,2013-12-16,True
3645,1373,3113,1905,138,2013-12-23,3,43.48,130.44,3.0,0.0,3.0,2013-12-16,True
3646,1374,3114,1906,149,2013-12-23,3,12.72,38.15,3.0,0.0,3.0,2013-12-16,True
3647,1374,3115,1906,150,2013-12-23,3,19.94,59.82,3.0,0.0,3.0,2013-12-16,True
3648,1375,3116,1907,124,2013-12-23,3,38.16,114.47,3.0,0.0,3.0,2013-12-16,True
3649,1376,3117,1908,110,2013-12-23,3,44.22,132.65,3.0,0.0,3.0,2013-12-16,True
3650,1377,3118,1909,10,2013-12-23,550,31.49,17319.23,550.0,0.0,550.0,2013-12-16,True
3651,1377,3119,1909,8,2013-12-23,550,48.29,26559.23,550.0,0.0,550.0,2013-12-16,True
3652,1378,3120,1910,167,2013-12-23,60,6.98,418.95,60.0,0.0,60.0,2013-12-16,True
3653,1379,3121,1911,99,2013-12-23,3,49.85,149.56,3.0,0.0,3.0,2013-12-16,True
3654,1379,3122,1911,100,2013-12-23,3,45.58,136.74,3.0,0.0,3.0,2013-12-16,True
3655,1379,3123,1911,101,2013-12-23,3,43.48,130.44,3.0,0.0,3.0,2013-12-16,True
3656,1379,3124,1911,102,2013-12-23,3,47.75,143.26,3.0,0.0,3.0,2013-12-16,True
3657,1379,3125,1911,103,2013-12-23,3,43.48,130.44,3.0,0.0,3.0,2013-12-16,True
3658,1380,3126,1912,165,2013-12-23,60,3.38,202.86,60.0,0.0,60.0,2013-12-16,True
3659,1380,3127,1912,166,2013-12-23,60,4.32,258.93,60.0,6.0,54.0,2013-12-16,True
3660,1381,3128,1913,236,2013-12-23,3,43.27,129.81,3.0,0.0,3.0,2013-12-16,True
3661,1381,3129,1913,237,2013-12-23,3,41.17,123.51,3.0,0.0,3.0,2013-12-16,True
3662,1381,3130,1913,238,2013-12-23,3,45.44,136.33,3.0,0.0,3.0,2013-12-16,True
3663,1381,3131,1913,239,2013-12-23,3,41.17,123.51,3.0,0.0,3.0,2013-12-16,True
3664,1382,3132,1914,149,2013-12-23,3,12.36,37.08,3.0,0.0,3.0,2013-12-16,True
3665,1383,3133,1915,118,2013-12-23,550,39.2,21558.08,550.0,0.0,550.0,2013-12-16,True
3666,1384,3134,1916,212,2013-12-23,3,45.44,136.33,3.0,0.0,3.0,2013-12-16,True
3667,1384,3135,1916,213,2013-12-23,3,41.17,123.51,3.0,0.0,3.0,2013-12-16,True
3668,1385,3136,1917,500,2013-12-23,550,34.87,19178.78,550.0,0.0,550.0,2013-12-16,True
3669,1385,3137,1917,499,2013-12-23,550,39.76,21869.93,523.0,0.0,523.0,2013-12-16,True
3670,1385,3138,1917,495,2013-12-23,550,43.98,24191.48,550.0,0.0,550.0,2013-12-16,True
3671,1385,3139,1917,497,2013-12-23,550,38.15,20980.58,550.0,0.0,550.0,2013-12-16,True
3672,1386,3140,1918,87,2013-12-23,3,43.48,130.44,3.0,0.0,3.0,2013-12-16,True
3673,1386,3141,1918,88,2013-12-23,3,41.38,124.14,3.0,0.0,3.0,2013-12-16,True
3674,1386,3142,1918,89,2013-12-23,3,45.65,136.96,3.0,0.0,3.0,2013-12-16,True
3675,1386,3143,1918,90,2013-12-23,3,41.38,124.14,3.0,0.0,3.0,2013-12-16,True
3676,1387,3144,1919,170,2013-12-23,3,47.65,142.95,3.0,0.0,3.0,2013-12-16,True
3677,1387,3145,1919,158,2013-12-23,3,43.38,130.13,3.0,0.0,3.0,2013-12-16,True
3678,1387,3146,1919,159,2013-12-23,3,41.28,123.83,3.0,0.0,3.0,2013-12-16,True
3679,1387,3147,1919,160,2013-12-23,3,45.55,136.65,3.0,0.0,3.0,2013-12-16,True
3680,1388,3148,1920,500,2013-12-23,550,34.35,18890.03,550.0,0.0,550.0,2013-12-16,True
3681,1388,3149,1920,499,2013-12-23,550,39.24,21581.18,550.0,0.0,550.0,2013-12-16,True
3682,1389,3150,1921,207,2013-12-25,3,45.37,136.11,3.0,0.0,3.0,2013-12-18,True
3683,1389,3151,1921,208,2013-12-25,3,43.27,129.81,3.0,0.0,3.0,2013-12-18,True
3684,1389,3152,1921,170,2013-12-25,3,47.54,142.63,3.0,0.0,3.0,2013-12-18,True
3685,1389,3153,1921,158,2013-12-25,3,43.27,129.81,3.0,0.0,3.0,2013-12-18,True
3686,1389,3154,1921,159,2013-12-25,3,41.17,123.51,3.0,0.0,3.0,2013-12-18,True
3687,1390,3155,1922,498,2013-12-25,550,32.77,18023.78,550.0,0.0,550.0,2013-12-18,True
3688,1390,3156,1922,496,2013-12-25,550,37.09,20397.3,550.0,55.0,495.0,2013-12-18,True
3689,1390,3157,1922,494,2013-12-25,550,43.04,23671.73,550.0,0.0,550.0,2013-12-18,True
3690,1391,3158,1923,203,2013-12-25,550,10.82,5948.25,550.0,0.0,550.0,2013-12-18,True
3691,1392,3159,1924,447,2013-12-25,550,82.83,45558.98,550.0,82.0,468.0,2013-12-18,True
3692,1392,3160,1924,446,2013-12-25,550,82.83,45558.98,550.0,0.0,550.0,2013-12-18,True
3693,1393,3161,1925,183,2013-12-25,1250,0.21,262.5,1250.0,0.0,1250.0,2013-12-18,True
3694,1393,3162,1925,197,2013-12-25,1250,0.21,262.5,1250.0,0.0,1250.0,2013-12-18,True
3695,1394,3163,1926,191,2013-12-25,3,49.64,148.93,3.0,0.0,3.0,2013-12-18,True
3696,1394,3164,1926,192,2013-12-25,3,44.32,132.96,3.0,0.0,3.0,2013-12-18,True
3697,1395,3165,1927,494,2013-12-25,550,42.51,23382.98,550.0,0.0,550.0,2013-12-18,True
3698,1395,3166,1927,501,2013-12-25,550,5.59,3072.3,523.0,0.0,523.0,2013-12-18,True
3699,1396,3167,1928,493,2013-12-25,60,15.74,944.37,51.0,0.0,51.0,2013-12-18,True
3700,1397,3168,1929,495,2013-12-25,550,43.46,23902.73,550.0,0.0,550.0,2013-12-18,True
3701,1397,3169,1929,497,2013-12-25,550,37.62,20691.83,550.0,0.0,550.0,2013-12-18,True
3702,1397,3170,1929,503,2013-12-25,550,6.53,3592.05,550.0,0.0,550.0,2013-12-18,True
3703,1397,3171,1929,502,2013-12-25,550,6.18,3401.48,550.0,0.0,550.0,2013-12-18,True
3704,1398,3172,1930,188,2013-12-25,550,29.58,16268.18,550.0,0.0,550.0,2013-12-18,True
3705,1398,3173,1930,189,2013-12-25,550,36.1,19854.45,550.0,0.0,550.0,2013-12-18,True
3706,1398,3174,1930,190,2013-12-25,550,48.58,26720.93,550.0,0.0,550.0,2013-12-18,True
3707,1399,3175,1931,498,2013-12-25,550,32.25,17735.03,550.0,0.0,550.0,2013-12-18,True
3708,1399,3176,1931,496,2013-12-25,550,36.56,20108.55,550.0,0.0,550.0,2013-12-18,True
3709,1400,3177,1932,190,2013-12-25,550,46.42,25531.28,550.0,0.0,550.0,2013-12-18,True
3710,1401,3178,1933,175,2013-12-26,3,41.22,123.67,3.0,0.0,3.0,2013-12-19,True
3711,1401,3179,1933,176,2013-12-26,3,45.5,136.49,3.0,0.0,3.0,2013-12-19,True
3712,1401,3180,1933,177,2013-12-26,3,41.22,123.67,3.0,0.0,3.0,2013-12-19,True
3713,1401,3181,1933,178,2013-12-26,3,39.12,117.37,3.0,0.0,3.0,2013-12-19,True
3714,1402,3182,1934,184,2013-12-26,3,41.92,125.75,3.0,0.0,3.0,2013-12-19,True
3715,1403,3183,1935,248,2013-12-26,3,50.26,150.79,3.0,0.0,3.0,2013-12-19,True
3716,1404,3184,1936,168,2013-12-26,3,47.68,143.04,3.0,3.0,0.0,2013-12-19,True
3717,1404,3185,1936,169,2013-12-26,3,45.58,136.74,3.0,3.0,0.0,2013-12-19,True
3718,1405,3186,1937,126,2013-12-26,550,16.09,8847.3,550.0,0.0,550.0,2013-12-19,True
3719,1406,3187,1938,186,2013-12-26,3,57.03,171.08,3.0,0.0,3.0,2013-12-19,True
3720,1407,3188,1939,117,2013-12-26,550,37.09,20397.3,550.0,0.0,550.0,2013-12-19,True
3721,1408,3189,1940,118,2013-12-26,550,26.6,14628.08,550.0,0.0,550.0,2013-12-19,True
3722,1409,3190,1941,188,2013-12-26,550,27.06,14882.18,550.0,0.0,550.0,2013-12-19,True
3723,1409,3191,1941,189,2013-12-26,550,33.58,18468.45,550.0,0.0,550.0,2013-12-19,True
3724,1409,3192,1941,190,2013-12-26,550,46.06,25334.93,550.0,0.0,550.0,2013-12-19,True
3725,1410,3193,1942,216,2013-12-26,3,43.27,129.81,3.0,0.0,3.0,2013-12-19,True
3726,1410,3194,1942,217,2013-12-26,3,47.54,142.63,3.0,0.0,3.0,2013-12-19,True
3727,1410,3195,1942,218,2013-12-26,3,43.27,129.81,3.0,0.0,3.0,2013-12-19,True
3728,1411,3196,1943,88,2013-12-26,3,41.22,123.67,3.0,0.0,3.0,2013-12-19,True
3729,1411,3197,1943,89,2013-12-26,3,45.5,136.49,3.0,0.0,3.0,2013-12-19,True
3730,1411,3198,1943,90,2013-12-26,3,41.22,123.67,3.0,0.0,3.0,2013-12-19,True
3731,1411,3199,1943,91,2013-12-26,3,39.12,117.37,3.0,0.0,3.0,2013-12-19,True
3732,1412,3200,1944,191,2013-12-26,3,47.47,142.41,3.0,0.0,3.0,2013-12-19,True
3733,1412,3201,1944,192,2013-12-26,3,42.8,128.39,3.0,0.0,3.0,2013-12-19,True
3734,1413,3202,1945,99,2013-12-26,3,41.22,123.67,3.0,0.0,3.0,2013-12-19,True
3735,1413,3203,1945,100,2013-12-26,3,39.12,117.37,3.0,0.0,3.0,2013-12-19,True
3736,1413,3204,1945,101,2013-12-26,3,43.4,130.19,3.0,0.0,3.0,2013-12-19,True
3737,1414,3205,1946,6,2013-12-26,550,62.99,34644.23,550.0,0.0,550.0,2013-12-19,True
3738,1415,3206,1947,191,2013-12-26,3,45.37,136.11,3.0,0.0,3.0,2013-12-19,True
3739,1415,3207,1947,192,2013-12-26,3,40.49,121.46,3.0,0.0,3.0,2013-12-19,True
3740,1415,3208,1947,193,2013-12-26,60,26.37,1581.93,60.0,0.0,60.0,2013-12-19,True
3741,1416,3209,1948,121,2013-12-26,3,48.76,146.29,3.0,0.0,3.0,2013-12-19,True
3742,1417,3210,1949,156,2013-12-27,3,34.19,102.56,3.0,0.0,3.0,2013-12-20,True
3743,1418,3211,1950,194,2013-12-27,3,50.26,150.79,3.0,0.0,3.0,2013-12-20,True
3744,1419,3212,1951,119,2013-12-27,550,10.73,5902.05,550.0,0.0,550.0,2013-12-20,True
3745,1419,3213,1951,120,2013-12-27,550,14.12,7767.38,550.0,0.0,550.0,2013-12-20,True
3746,1420,3214,1952,151,2013-12-27,60,50.26,3015.81,60.0,0.0,60.0,2013-12-20,True
3747,1420,3215,1952,152,2013-12-27,60,57.15,3429.09,60.0,6.0,54.0,2013-12-20,True
3748,1420,3216,1952,153,2013-12-27,60,53.2,3192.21,60.0,0.0,60.0,2013-12-20,True
3749,1421,3217,1953,439,2013-12-27,550,30.44,16741.73,550.0,0.0,550.0,2013-12-20,True
3750,1421,3218,1953,436,2013-12-27,550,40.94,22516.73,550.0,0.0,550.0,2013-12-20,True
3751,1422,3219,1954,111,2013-12-27,60,9.2,551.88,60.0,9.0,51.0,2013-12-20,True
3752,1423,3220,1955,132,2013-12-27,550,5.78,3176.25,550.0,0.0,550.0,2013-12-20,True
3753,1424,3221,1956,112,2013-12-27,550,23.39,12866.7,550.0,0.0,550.0,2013-12-20,True
3754,1424,3222,1956,113,2013-12-27,550,27.65,15205.58,550.0,0.0,550.0,2013-12-20,True
3755,1425,3223,1957,164,2013-12-27,550,1.37,750.75,550.0,0.0,550.0,2013-12-20,True
3756,1425,3224,1957,5,2013-12-27,550,62.99,34644.23,523.0,0.0,523.0,2013-12-20,True
3757,1425,3225,1957,131,2013-12-27,550,3.49,1917.3,550.0,0.0,550.0,2013-12-20,True
3758,1426,3226,1958,162,2013-12-27,550,6.2,3407.25,468.0,0.0,468.0,2013-12-20,True
3759,1426,3227,1958,163,2013-12-27,550,1.47,808.5,550.0,0.0,550.0,2013-12-20,True
3760,1426,3228,1958,132,2013-12-27,550,6.2,3407.25,550.0,0.0,550.0,2013-12-20,True
3761,1427,3229,1959,112,2013-12-27,550,22.17,12191.03,550.0,0.0,550.0,2013-12-20,True
3762,1427,3230,1959,113,2013-12-27,550,29.28,16106.48,550.0,0.0,550.0,2013-12-20,True
3763,1428,3231,1960,150,2013-12-27,3,19.98,59.94,3.0,0.0,3.0,2013-12-20,True
3764,1429,3232,1961,159,2013-12-27,3,34.87,104.61,3.0,0.0,3.0,2013-12-20,True
3765,1429,3233,1961,160,2013-12-27,3,39.14,117.43,3.0,0.0,3.0,2013-12-20,True
3766,1430,3234,1962,9,2013-12-27,550,31.49,17319.23,550.0,0.0,550.0,2013-12-20,True
3767,1430,3235,1962,7,2013-12-27,550,48.29,26559.23,550.0,55.0,495.0,2013-12-20,True
3768,1431,3236,1963,243,2013-12-27,3,43.27,129.81,3.0,0.0,3.0,2013-12-20,True
3769,1431,3237,1963,244,2013-12-27,3,47.54,142.63,3.0,0.0,3.0,2013-12-20,True
3770,1431,3238,1963,245,2013-12-27,3,43.27,129.81,3.0,0.0,3.0,2013-12-20,True
3771,1431,3239,1963,246,2013-12-27,3,41.17,123.51,3.0,0.0,3.0,2013-12-20,True
3772,1432,3240,1964,140,2013-12-27,550,11.09,6098.4,550.0,82.0,468.0,2013-12-20,True
3773,1432,3241,1964,141,2013-12-27,550,8.76,4816.35,550.0,0.0,550.0,2013-12-20,True
3774,1433,3242,1965,211,2013-12-28,3,47.47,142.41,3.0,0.0,3.0,2013-12-21,True
3775,1434,3243,1966,115,2013-12-28,550,23.08,12693.45,550.0,0.0,550.0,2013-12-21,True
3776,1434,3244,1966,116,2013-12-28,550,29.27,16100.7,550.0,0.0,550.0,2013-12-21,True
3777,1435,3245,1967,212,2013-12-28,3,45.37,136.11,3.0,0.0,3.0,2013-12-21,True
3778,1435,3246,1967,213,2013-12-28,3,49.64,148.93,3.0,0.0,3.0,2013-12-21,True
3779,1435,3247,1967,214,2013-12-28,3,45.37,136.11,3.0,0.0,3.0,2013-12-21,True
3780,1435,3248,1967,215,2013-12-28,3,43.27,129.81,3.0,0.0,3.0,2013-12-21,True
3781,1435,3249,1967,216,2013-12-28,3,47.54,142.63,3.0,0.0,3.0,2013-12-21,True
3782,1435,3250,1967,217,2013-12-28,3,43.27,129.81,3.0,0.0,3.0,2013-12-21,True
3783,1435,3251,1967,218,2013-12-28,3,41.17,123.51,3.0,0.0,3.0,2013-12-21,True
3784,1435,3252,1967,442,2013-12-28,550,21.09,11601.98,550.0,0.0,550.0,2013-12-21,True
3785,1435,3253,1967,439,2013-12-28,550,30.44,16741.73,550.0,0.0,550.0,2013-12-21,True
3786,1435,3254,1967,436,2013-12-28,550,40.94,22516.73,550.0,0.0,550.0,2013-12-21,True
3787,1436,3255,1968,109,2013-12-28,550,2.32,1276.28,468.0,0.0,468.0,2013-12-21,True
3788,1437,3256,1969,122,2013-12-31,550,3.64,2003.93,550.0,0.0,550.0,2013-12-24,True
3789,1438,3257,1970,440,2013-12-31,550,21.09,11601.98,550.0,0.0,550.0,2013-12-24,True
3790,1438,3258,1970,437,2013-12-31,550,30.44,16741.73,550.0,0.0,550.0,2013-12-24,True
3791,1438,3259,1970,435,2013-12-31,550,40.94,22516.73,550.0,0.0,550.0,2013-12-24,True
3792,1439,3260,1971,165,2013-12-31,60,3.6,216.09,60.0,0.0,60.0,2013-12-24,True
3793,1439,3261,1971,166,2013-12-31,60,3.98,238.77,60.0,0.0,60.0,2013-12-24,True
3794,1440,3262,1972,9,2013-12-31,550,31.49,17319.23,550.0,0.0,550.0,2013-12-24,True
3795,1440,3263,1972,7,2013-12-31,550,48.29,26559.23,550.0,55.0,495.0,2013-12-24,True
3796,1441,3264,1973,120,2013-12-31,550,12.97,7132.13,550.0,0.0,550.0,2013-12-24,True
3797,1442,3265,1974,441,2013-12-31,550,21.09,11601.98,550.0,82.0,468.0,2013-12-24,True
3798,1442,3266,1974,438,2013-12-31,550,30.44,16741.73,550.0,0.0,550.0,2013-12-24,True
3799,1443,3267,1975,434,2013-12-31,550,40.94,22516.73,550.0,0.0,550.0,2013-12-24,True
3800,1444,3268,1976,4,2013-12-31,550,62.99,34644.23,550.0,0.0,550.0,2013-12-24,True
3801,1445,3269,1977,84,2013-12-31,3,39.12,117.37,3.0,0.0,3.0,2013-12-24,True
3802,1445,3270,1977,145,2013-12-31,3,43.4,130.19,3.0,0.0,3.0,2013-12-24,True
3803,1445,3271,1977,134,2013-12-31,3,39.12,117.37,3.0,0.0,3.0,2013-12-24,True
3804,1446,3272,1978,73,2013-12-31,3,47.68,143.04,3.0,0.0,3.0,2013-12-24,True
3805,1447,3273,1979,115,2013-12-31,550,23.4,12872.48,550.0,0.0,550.0,2013-12-24,True
3806,1447,3274,1979,116,2013-12-31,550,27.87,15326.85,550.0,0.0,550.0,2013-12-24,True
3807,1448,3275,1980,123,2013-12-31,550,6.75,3713.33,550.0,0.0,550.0,2013-12-24,True
3808,1449,3276,1981,10,2013-12-31,550,31.49,17319.23,550.0,0.0,550.0,2013-12-24,True
3809,1449,3277,1981,8,2013-12-31,550,48.29,26559.23,550.0,0.0,550.0,2013-12-24,True
3810,1449,3278,1981,114,2013-12-31,550,36.28,19952.63,550.0,0.0,550.0,2013-12-24,True
3811,1450,3279,1982,151,2013-12-31,60,50.75,3044.79,60.0,0.0,60.0,2013-12-24,True
3812,1450,3280,1982,152,2013-12-31,60,58.26,3495.87,60.0,6.0,54.0,2013-12-24,True
3813,1450,3281,1982,153,2013-12-31,60,50.75,3044.79,60.0,0.0,60.0,2013-12-24,True
3814,1451,3282,1983,119,2013-12-31,550,10.38,5711.48,550.0,0.0,550.0,2013-12-24,True
3815,1452,3283,1984,86,2013-12-31,3,47.75,143.26,3.0,0.0,3.0,2013-12-24,True
3816,1452,3284,1984,87,2013-12-31,3,43.48,130.44,3.0,0.0,3.0,2013-12-24,True
3817,1453,3285,1985,149,2014-01-01,3,12.72,38.15,3.0,0.0,3.0,2013-12-25,True
3818,1453,3286,1985,150,2014-01-01,3,19.94,59.82,3.0,0.0,3.0,2013-12-25,True
3819,1454,3287,1986,124,2014-01-01,3,38.16,114.47,3.0,0.0,3.0,2013-12-25,True
3820,1455,3288,1987,110,2014-01-01,3,44.22,132.65,3.0,0.0,3.0,2013-12-25,True
3821,1456,3289,1988,10,2014-01-01,550,31.49,17319.23,468.0,0.0,468.0,2013-12-25,True
3822,1456,3290,1988,8,2014-01-01,550,48.29,26559.23,550.0,0.0,550.0,2013-12-25,True
3823,1457,3291,1989,167,2014-01-01,60,6.98,418.95,60.0,0.0,60.0,2013-12-25,True
3824,1458,3292,1990,70,2014-01-01,3,41.38,124.14,3.0,0.0,3.0,2013-12-25,True
3825,1458,3293,1990,105,2014-01-01,3,45.65,136.96,3.0,0.0,3.0,2013-12-25,True
3826,1458,3294,1990,106,2014-01-01,3,41.38,124.14,3.0,0.0,3.0,2013-12-25,True
3827,1458,3295,1990,107,2014-01-01,3,39.28,117.84,3.0,0.0,3.0,2013-12-25,True
3828,1458,3296,1990,108,2014-01-01,3,43.55,130.66,3.0,0.0,3.0,2013-12-25,True
3829,1459,3297,1991,165,2014-01-01,60,3.38,202.86,60.0,0.0,60.0,2013-12-25,True
3830,1459,3298,1991,166,2014-01-01,60,4.32,258.93,60.0,0.0,60.0,2013-12-25,True
3831,1460,3299,1992,240,2014-01-01,3,39.07,117.21,3.0,0.0,3.0,2013-12-25,True
3832,1460,3300,1992,241,2014-01-01,3,43.34,130.03,3.0,0.0,3.0,2013-12-25,True
3833,1460,3301,1992,242,2014-01-01,3,39.07,117.21,3.0,0.0,3.0,2013-12-25,True
3834,1461,3302,1993,149,2014-01-01,3,12.36,37.08,3.0,0.0,3.0,2013-12-25,True
3835,1462,3303,1994,118,2014-01-01,550,39.2,21558.08,550.0,82.0,468.0,2013-12-25,True
3836,1463,3304,1995,214,2014-01-01,3,39.07,117.21,3.0,0.0,3.0,2013-12-25,True
3837,1463,3305,1995,215,2014-01-01,3,43.34,130.03,3.0,0.0,3.0,2013-12-25,True
3838,1463,3306,1995,216,2014-01-01,3,39.07,117.21,3.0,0.0,3.0,2013-12-25,True
3839,1464,3307,1996,500,2014-01-01,550,34.87,19178.78,550.0,0.0,550.0,2013-12-25,True
3840,1464,3308,1996,499,2014-01-01,550,39.76,21869.93,550.0,0.0,550.0,2013-12-25,True
3841,1465,3309,1997,91,2014-01-01,3,39.28,117.84,3.0,0.0,3.0,2013-12-25,True
3842,1465,3310,1997,92,2014-01-01,3,43.55,130.66,3.0,0.0,3.0,2013-12-25,True
3843,1465,3311,1997,93,2014-01-01,3,39.28,117.84,3.0,0.0,3.0,2013-12-25,True
3844,1465,3312,1997,94,2014-01-01,3,37.18,111.54,3.0,0.0,3.0,2013-12-25,True
3845,1465,3313,1997,95,2014-01-01,3,41.45,124.36,3.0,0.0,3.0,2013-12-25,True
3846,1465,3314,1997,96,2014-01-01,3,37.18,111.54,3.0,0.0,3.0,2013-12-25,True
3847,1466,3315,1998,204,2014-01-01,3,47.58,142.73,3.0,0.0,3.0,2013-12-25,True
3848,1466,3316,1998,205,2014-01-01,3,45.48,136.43,3.0,0.0,3.0,2013-12-25,True
3849,1466,3317,1998,206,2014-01-01,3,49.75,149.25,3.0,0.0,3.0,2013-12-25,True
3850,1466,3318,1998,207,2014-01-01,3,45.48,136.43,3.0,0.0,3.0,2013-12-25,True
3851,1467,3319,1999,500,2014-01-01,550,34.35,18890.03,550.0,0.0,550.0,2013-12-25,True
3852,1467,3320,1999,499,2014-01-01,550,39.24,21581.18,550.0,0.0,550.0,2013-12-25,True
3853,1468,3321,2000,160,2014-01-01,3,45.44,136.33,3.0,0.0,3.0,2013-12-25,True
3854,1469,3322,2001,498,2014-01-02,550,32.77,18023.78,550.0,0.0,550.0,2013-12-26,True
3855,1469,3323,2001,496,2014-01-02,550,37.09,20397.3,550.0,0.0,550.0,2013-12-26,True
3856,1469,3324,2001,494,2014-01-02,550,43.04,23671.73,550.0,0.0,550.0,2013-12-26,True
3857,1470,3325,2002,203,2014-01-02,550,10.82,5948.25,550.0,0.0,550.0,2013-12-26,True
3858,1471,3326,2003,447,2014-01-02,550,82.83,45558.98,550.0,0.0,550.0,2013-12-26,True
3859,1471,3327,2003,446,2014-01-02,550,82.83,45558.98,550.0,0.0,550.0,2013-12-26,True
3860,1472,3328,2004,183,2014-01-02,1250,0.21,262.5,1250.0,187.0,1063.0,2013-12-26,True
3861,1472,3329,2004,197,2014-01-02,1250,0.21,262.5,1250.0,0.0,1250.0,2013-12-26,True
3862,1473,3330,2005,193,2014-01-02,60,28.7,1721.79,60.0,0.0,60.0,2013-12-26,True
3863,1474,3331,2006,494,2014-01-02,550,42.51,23382.98,550.0,0.0,550.0,2013-12-26,True
3864,1474,3332,2006,501,2014-01-02,550,5.59,3072.3,550.0,0.0,550.0,2013-12-26,True
3865,1475,3333,2007,493,2014-01-02,60,15.74,944.37,60.0,0.0,60.0,2013-12-26,True
3866,1476,3334,2008,495,2014-01-02,550,43.46,23902.73,468.0,0.0,468.0,2013-12-26,True
3867,1476,3335,2008,497,2014-01-02,550,37.62,20691.83,550.0,0.0,550.0,2013-12-26,True
3868,1476,3336,2008,503,2014-01-02,550,6.53,3592.05,550.0,0.0,550.0,2013-12-26,True
3869,1476,3337,2008,502,2014-01-02,550,6.18,3401.48,550.0,0.0,550.0,2013-12-26,True
3870,1477,3338,2009,188,2014-01-02,550,29.58,16268.18,550.0,0.0,550.0,2013-12-26,True
3871,1477,3339,2009,189,2014-01-02,550,36.1,19854.45,550.0,0.0,550.0,2013-12-26,True
3872,1477,3340,2009,190,2014-01-02,550,48.58,26720.93,550.0,0.0,550.0,2013-12-26,True
3873,1478,3341,2010,498,2014-01-02,550,32.25,17735.03,550.0,0.0,550.0,2013-12-26,True
3874,1478,3342,2010,496,2014-01-02,550,36.56,20108.55,550.0,0.0,550.0,2013-12-26,True
3875,1479,3343,2011,190,2014-01-02,550,46.42,25531.28,550.0,0.0,550.0,2013-12-26,True
3876,1480,3344,2012,179,2014-01-02,3,43.4,130.19,3.0,0.0,3.0,2013-12-26,True
3877,1480,3345,2012,180,2014-01-02,3,39.12,117.37,3.0,0.0,3.0,2013-12-26,True
3878,1480,3346,2012,181,2014-01-02,3,37.02,111.07,3.0,0.0,3.0,2013-12-26,True
3879,1481,3347,2013,184,2014-01-02,3,41.92,125.75,3.0,0.0,3.0,2013-12-26,True
3880,1482,3348,2014,248,2014-01-02,3,50.26,150.79,3.0,0.0,3.0,2013-12-26,True
3881,1483,3349,2015,157,2014-01-02,3,49.85,149.56,3.0,0.0,3.0,2013-12-26,True
3882,1483,3350,2015,171,2014-01-02,3,45.58,136.74,3.0,0.0,3.0,2013-12-26,True
3883,1483,3351,2015,172,2014-01-02,3,43.48,130.44,3.0,0.0,3.0,2013-12-26,True
3884,1484,3352,2016,126,2014-01-02,550,16.09,8847.3,550.0,0.0,550.0,2013-12-26,True
3885,1485,3353,2017,186,2014-01-03,3,57.03,171.08,3.0,0.0,3.0,2013-12-27,True
3886,1486,3354,2018,117,2014-01-03,550,37.09,20397.3,468.0,0.0,468.0,2013-12-27,True
3887,1487,3355,2019,118,2014-01-03,550,26.6,14628.08,550.0,0.0,550.0,2013-12-27,True
3888,1488,3356,2020,188,2014-01-03,550,27.06,14882.18,550.0,0.0,550.0,2013-12-27,True
3889,1488,3357,2020,189,2014-01-03,550,33.58,18468.45,550.0,0.0,550.0,2013-12-27,True
3890,1488,3358,2020,190,2014-01-03,550,46.06,25334.93,550.0,0.0,550.0,2013-12-27,True
3891,1489,3359,2021,219,2014-01-03,3,41.17,123.51,3.0,0.0,3.0,2013-12-27,True
3892,1489,3360,2021,220,2014-01-03,3,45.44,136.33,3.0,0.0,3.0,2013-12-27,True
3893,1489,3361,2021,221,2014-01-03,3,41.17,123.51,3.0,0.0,3.0,2013-12-27,True
3894,1489,3362,2021,209,2014-01-03,3,39.07,117.21,3.0,0.0,3.0,2013-12-27,True
3895,1489,3363,2021,223,2014-01-03,3,43.34,130.03,3.0,0.0,3.0,2013-12-27,True
3896,1490,3364,2022,92,2014-01-03,3,43.4,130.19,3.0,0.0,3.0,2013-12-27,True
3897,1490,3365,2022,93,2014-01-03,3,39.12,117.37,3.0,0.0,3.0,2013-12-27,True
3898,1490,3366,2022,94,2014-01-03,3,37.02,111.07,3.0,0.0,3.0,2013-12-27,True
3899,1491,3367,2023,193,2014-01-03,60,25.42,1525.23,60.0,0.0,60.0,2013-12-27,True
3900,1492,3368,2024,102,2014-01-03,3,39.12,117.37,3.0,0.0,3.0,2013-12-27,True
3901,1492,3369,2024,103,2014-01-03,3,37.02,111.07,3.0,0.0,3.0,2013-12-27,True
3902,1493,3370,2025,6,2014-01-03,550,62.99,34644.23,550.0,0.0,550.0,2013-12-27,True
3903,1494,3371,2026,191,2014-01-03,3,45.37,136.11,3.0,0.0,3.0,2013-12-27,True
3904,1494,3372,2026,192,2014-01-03,3,40.49,121.46,3.0,0.0,3.0,2013-12-27,True
3905,1495,3373,2027,121,2014-01-03,3,48.76,146.29,3.0,0.0,3.0,2013-12-27,True
3906,1496,3374,2028,156,2014-01-03,3,34.19,102.56,3.0,0.0,3.0,2013-12-27,True
3907,1497,3375,2029,194,2014-01-03,3,50.26,150.79,3.0,0.0,3.0,2013-12-27,True
3908,1498,3376,2030,119,2014-01-03,550,10.73,5902.05,550.0,0.0,550.0,2013-12-27,True
3909,1498,3377,2030,120,2014-01-03,550,14.12,7767.38,550.0,0.0,550.0,2013-12-27,True
3910,1499,3378,2031,154,2014-01-03,60,63.69,3821.58,60.0,0.0,60.0,2013-12-27,True
3911,1499,3379,2031,155,2014-01-03,60,48.91,2934.54,60.0,0.0,60.0,2013-12-27,True
3912,1500,3380,2032,440,2014-01-03,550,21.09,11601.98,550.0,0.0,550.0,2013-12-27,True
3913,1500,3381,2032,437,2014-01-03,550,30.44,16741.73,550.0,55.0,495.0,2013-12-27,True
3914,1500,3382,2032,434,2014-01-03,550,40.94,22516.73,550.0,0.0,550.0,2013-12-27,True
3915,1501,3383,2033,111,2014-01-06,60,9.2,551.88,60.0,0.0,60.0,2013-12-30,True
3916,1502,3384,2034,162,2014-01-06,550,5.78,3176.25,550.0,82.0,468.0,2013-12-30,True
3917,1502,3385,2034,163,2014-01-06,550,1.16,635.25,550.0,0.0,550.0,2013-12-30,True
3918,1503,3386,2035,112,2014-01-06,550,23.39,12866.7,550.0,0.0,550.0,2013-12-30,True
3919,1503,3387,2035,113,2014-01-06,550,27.65,15205.58,550.0,0.0,550.0,2013-12-30,True
3920,1504,3388,2036,164,2014-01-06,550,1.37,750.75,550.0,550.0,0.0,2013-12-30,True
3921,1504,3389,2036,5,2014-01-06,550,62.99,34644.23,550.0,550.0,0.0,2013-12-30,True
3922,1505,3390,2037,162,2014-01-06,550,6.2,3407.25,550.0,0.0,550.0,2013-12-30,True
3923,1505,3391,2037,163,2014-01-06,550,1.47,808.5,523.0,0.0,523.0,2013-12-30,True
3924,1505,3392,2037,132,2014-01-06,550,6.2,3407.25,550.0,0.0,550.0,2013-12-30,True
3925,1506,3393,2038,112,2014-01-06,550,22.17,12191.03,468.0,0.0,468.0,2013-12-30,True
3926,1506,3394,2038,113,2014-01-06,550,29.28,16106.48,550.0,0.0,550.0,2013-12-30,True
3927,1507,3395,2039,150,2014-01-06,3,19.98,59.94,3.0,0.0,3.0,2013-12-30,True
3928,1508,3396,2040,204,2014-01-06,3,41.17,123.51,3.0,0.0,3.0,2013-12-30,True
3929,1508,3397,2040,205,2014-01-06,3,39.07,117.21,3.0,0.0,3.0,2013-12-30,True
3930,1508,3398,2040,206,2014-01-06,3,43.34,130.03,3.0,0.0,3.0,2013-12-30,True
3931,1508,3399,2040,207,2014-01-06,3,39.07,117.21,3.0,0.0,3.0,2013-12-30,True
3932,1508,3400,2040,208,2014-01-06,3,36.97,110.91,3.0,0.0,3.0,2013-12-30,True
3933,1509,3401,2041,9,2014-01-06,550,31.49,17319.23,550.0,0.0,550.0,2013-12-30,True
3934,1509,3402,2041,7,2014-01-06,550,48.29,26559.23,550.0,0.0,550.0,2013-12-30,True
3935,1510,3403,2042,247,2014-01-06,3,45.44,136.33,3.0,0.0,3.0,2013-12-30,True
3936,1510,3404,2042,235,2014-01-06,3,41.17,123.51,3.0,0.0,3.0,2013-12-30,True
3937,1510,3405,2042,249,2014-01-06,3,39.07,117.21,3.0,0.0,3.0,2013-12-30,True
3938,1511,3406,2043,142,2014-01-06,550,9.69,5330.33,550.0,0.0,550.0,2013-12-30,True
3939,1511,3407,2043,143,2014-01-06,550,6.88,3782.63,550.0,0.0,550.0,2013-12-30,True
3940,1511,3408,2043,144,2014-01-06,550,7.8,4290.83,550.0,27.0,523.0,2013-12-30,True
3941,1511,3409,2043,133,2014-01-06,550,8.76,4816.35,550.0,0.0,550.0,2013-12-30,True
3942,1512,3410,2044,211,2014-01-06,3,47.47,142.41,3.0,0.0,3.0,2013-12-30,True
3943,1513,3411,2045,117,2014-01-06,550,34.98,19236.53,550.0,0.0,550.0,2013-12-30,True
3944,1514,3412,2046,212,2014-01-06,3,45.37,136.11,3.0,0.0,3.0,2013-12-30,True
3945,1514,3413,2046,213,2014-01-06,3,49.64,148.93,3.0,0.0,3.0,2013-12-30,True
3946,1515,3414,2047,109,2014-01-06,550,2.32,1276.28,550.0,0.0,550.0,2013-12-30,True
3947,1516,3415,2048,122,2014-01-06,550,3.64,2003.93,468.0,0.0,468.0,2013-12-30,True
3948,1517,3416,2049,440,2014-01-07,550,21.09,11601.98,550.0,0.0,550.0,2013-12-31,True
3949,1517,3417,2049,437,2014-01-07,550,30.44,16741.73,550.0,0.0,550.0,2013-12-31,True
3950,1517,3418,2049,435,2014-01-07,550,40.94,22516.73,550.0,0.0,550.0,2013-12-31,True
3951,1518,3419,2050,165,2014-01-07,60,3.6,216.09,60.0,0.0,60.0,2013-12-31,True
3952,1518,3420,2050,166,2014-01-07,60,3.98,238.77,60.0,0.0,60.0,2013-12-31,True
3953,1519,3421,2051,9,2014-01-07,550,31.49,17319.23,550.0,0.0,550.0,2013-12-31,True
3954,1519,3422,2051,7,2014-01-07,550,48.29,26559.23,550.0,0.0,550.0,2013-12-31,True
3955,1520,3423,2052,120,2014-01-07,550,12.97,7132.13,550.0,0.0,550.0,2013-12-31,True
3956,1521,3424,2053,441,2014-01-07,550,21.09,11601.98,550.0,0.0,550.0,2013-12-31,True
3957,1521,3425,2053,438,2014-01-07,550,30.44,16741.73,550.0,0.0,550.0,2013-12-31,True
3958,1522,3426,2054,434,2014-01-07,550,40.94,22516.73,550.0,82.0,468.0,2013-12-31,True
3959,1523,3427,2055,4,2014-01-07,550,62.99,34644.23,550.0,0.0,550.0,2013-12-31,True
3960,1524,3428,2056,74,2014-01-07,3,47.52,142.57,3.0,0.0,3.0,2013-12-31,True
3961,1524,3429,2056,75,2014-01-07,3,45.42,136.27,3.0,0.0,3.0,2013-12-31,True
3962,1525,3430,2057,73,2014-01-07,3,47.68,143.04,3.0,0.0,3.0,2013-12-31,True
3963,1526,3431,2058,115,2014-01-07,550,23.4,12872.48,468.0,0.0,468.0,2013-12-31,True
3964,1526,3432,2058,116,2014-01-07,550,27.87,15326.85,550.0,0.0,550.0,2013-12-31,True
3965,1527,3433,2059,123,2014-01-07,550,6.75,3713.33,550.0,0.0,550.0,2013-12-31,True
3966,1528,3434,2060,10,2014-01-07,550,31.49,17319.23,550.0,0.0,550.0,2013-12-31,True
3967,1528,3435,2060,8,2014-01-07,550,48.29,26559.23,550.0,0.0,550.0,2013-12-31,True
3968,1528,3436,2060,114,2014-01-07,550,36.28,19952.63,550.0,0.0,550.0,2013-12-31,True
3969,1529,3437,2061,154,2014-01-07,60,62.93,3775.59,60.0,0.0,60.0,2013-12-31,True
3970,1529,3438,2061,155,2014-01-07,60,49.65,2979.27,60.0,0.0,60.0,2013-12-31,True
3971,1530,3439,2062,119,2014-01-07,550,10.38,5711.48,550.0,0.0,550.0,2013-12-31,True
3972,1531,3440,2063,88,2014-01-07,3,41.38,124.14,3.0,0.0,3.0,2013-12-31,True
3973,1531,3441,2063,89,2014-01-07,3,45.65,136.96,3.0,0.0,3.0,2013-12-31,True
3974,1531,3442,2063,90,2014-01-07,3,41.38,124.14,3.0,0.0,3.0,2013-12-31,True
3975,1531,3443,2063,91,2014-01-07,3,39.28,117.84,3.0,0.0,3.0,2013-12-31,True
3976,1532,3444,2064,149,2014-01-07,3,12.72,38.15,3.0,0.0,3.0,2013-12-31,True
3977,1532,3445,2064,150,2014-01-07,3,19.94,59.82,3.0,0.0,3.0,2013-12-31,True
3978,1533,3446,2065,124,2014-01-08,3,38.16,114.47,3.0,0.0,3.0,2014-01-01,True
3979,1534,3447,2066,110,2014-01-08,3,44.22,132.65,3.0,0.0,3.0,2014-01-01,True
3980,1535,3448,2067,10,2014-01-08,550,31.49,17319.23,550.0,0.0,550.0,2014-01-01,True
3981,1535,3449,2067,8,2014-01-08,550,48.29,26559.23,523.0,0.0,523.0,2014-01-01,True
3982,1536,3450,2068,167,2014-01-08,60,6.98,418.95,51.0,0.0,51.0,2014-01-01,True
3983,1537,3451,2069,97,2014-01-08,3,39.28,117.84,3.0,0.0,3.0,2014-01-01,True
3984,1537,3452,2069,62,2014-01-08,3,37.18,111.54,3.0,0.0,3.0,2014-01-01,True
3985,1537,3453,2069,69,2014-01-08,3,41.45,124.36,3.0,0.0,3.0,2014-01-01,True
3986,1537,3454,2069,68,2014-01-08,3,37.18,111.54,3.0,0.0,3.0,2014-01-01,True
3987,1537,3455,2069,67,2014-01-08,3,47.52,142.57,3.0,0.0,3.0,2014-01-01,True
3988,1537,3456,2069,66,2014-01-08,3,45.42,136.27,3.0,0.0,3.0,2014-01-01,True
3989,1538,3457,2070,165,2014-01-08,60,3.38,202.86,60.0,0.0,60.0,2014-01-01,True
3990,1538,3458,2070,166,2014-01-08,60,4.32,258.93,60.0,0.0,60.0,2014-01-01,True
3991,1539,3459,2071,243,2014-01-08,3,36.97,110.91,3.0,0.0,3.0,2014-01-01,True
3992,1539,3460,2071,244,2014-01-08,3,41.24,123.73,3.0,0.0,3.0,2014-01-01,True
3993,1539,3461,2071,245,2014-01-08,3,36.97,110.91,3.0,0.0,3.0,2014-01-01,True
3994,1539,3462,2071,246,2014-01-08,3,43.22,129.65,3.0,0.0,3.0,2014-01-01,True
3995,1539,3463,2071,247,2014-01-08,3,47.49,142.47,3.0,0.0,3.0,2014-01-01,True
3996,1540,3464,2072,149,2014-01-08,3,12.36,37.08,3.0,0.0,3.0,2014-01-01,True
3997,1541,3465,2073,118,2014-01-08,550,39.2,21558.08,550.0,0.0,550.0,2014-01-01,True
3998,1542,3466,2074,217,2014-01-08,3,36.97,110.91,3.0,0.0,3.0,2014-01-01,True
3999,1542,3467,2074,218,2014-01-08,3,41.24,123.73,3.0,0.0,3.0,2014-01-01,True
4000,1543,3468,2075,495,2014-01-08,550,43.98,24191.48,550.0,0.0,550.0,2014-01-01,True
4001,1543,3469,2075,497,2014-01-08,550,38.15,20980.58,550.0,0.0,550.0,2014-01-01,True
4002,1544,3470,2076,231,2014-01-08,3,47.68,143.04,3.0,0.0,3.0,2014-01-01,True
4003,1544,3471,2076,232,2014-01-08,3,45.58,136.74,3.0,0.0,3.0,2014-01-01,True
4004,1545,3472,2077,208,2014-01-09,3,43.38,130.13,3.0,0.0,3.0,2014-01-02,True
4005,1545,3473,2077,170,2014-01-09,3,47.65,142.95,3.0,0.0,3.0,2014-01-02,True
4006,1545,3474,2077,158,2014-01-09,3,43.38,130.13,3.0,0.0,3.0,2014-01-02,True
4007,1545,3475,2077,159,2014-01-09,3,41.28,123.83,3.0,0.0,3.0,2014-01-02,True
4008,1545,3476,2077,160,2014-01-09,3,45.55,136.65,3.0,0.0,3.0,2014-01-02,True
4009,1546,3477,2078,500,2014-01-09,550,34.35,18890.03,468.0,0.0,468.0,2014-01-02,True
4010,1546,3478,2078,499,2014-01-09,550,39.24,21581.18,550.0,0.0,550.0,2014-01-02,True
4011,1547,3479,2079,204,2014-01-09,3,47.47,142.41,3.0,0.0,3.0,2014-01-02,True
4012,1547,3480,2079,205,2014-01-09,3,45.37,136.11,3.0,0.0,3.0,2014-01-02,True
4013,1547,3481,2079,206,2014-01-09,3,49.64,148.93,3.0,0.0,3.0,2014-01-02,True
4014,1547,3482,2079,207,2014-01-09,3,45.37,136.11,3.0,0.0,3.0,2014-01-02,True
4015,1547,3483,2079,208,2014-01-09,3,43.27,129.81,3.0,0.0,3.0,2014-01-02,True
4016,1547,3484,2079,170,2014-01-09,3,47.54,142.63,3.0,0.0,3.0,2014-01-02,True
4017,1548,3485,2080,498,2014-01-09,550,32.77,18023.78,550.0,0.0,550.0,2014-01-02,True
4018,1548,3486,2080,496,2014-01-09,550,37.09,20397.3,550.0,0.0,550.0,2014-01-02,True
4019,1548,3487,2080,494,2014-01-09,550,43.04,23671.73,550.0,0.0,550.0,2014-01-02,True
4020,1549,3488,2081,203,2014-01-09,550,10.82,5948.25,550.0,0.0,550.0,2014-01-02,True
4021,1550,3489,2082,447,2014-01-09,550,82.83,45558.98,550.0,0.0,550.0,2014-01-02,True
4022,1550,3490,2082,446,2014-01-09,550,82.83,45558.98,550.0,55.0,495.0,2014-01-02,True
4023,1551,3491,2083,183,2014-01-09,1250,0.21,262.5,1250.0,0.0,1250.0,2014-01-02,True
4024,1551,3492,2083,197,2014-01-09,1250,0.21,262.5,1250.0,0.0,1250.0,2014-01-02,True
4025,1552,3493,2084,191,2014-01-09,3,49.64,148.93,3.0,0.0,3.0,2014-01-02,True
4026,1552,3494,2084,192,2014-01-09,3,44.32,132.96,3.0,0.0,3.0,2014-01-02,True
4027,1553,3495,2085,494,2014-01-09,550,42.51,23382.98,550.0,0.0,550.0,2014-01-02,True
4028,1553,3496,2085,501,2014-01-09,550,5.59,3072.3,550.0,0.0,550.0,2014-01-02,True
4029,1554,3497,2086,493,2014-01-09,60,15.74,944.37,60.0,0.0,60.0,2014-01-02,True
4030,1555,3498,2087,495,2014-01-09,550,43.46,23902.73,550.0,0.0,550.0,2014-01-02,True
4031,1555,3499,2087,497,2014-01-09,550,37.62,20691.83,523.0,0.0,523.0,2014-01-02,True
4032,1555,3500,2087,503,2014-01-09,550,6.53,3592.05,550.0,0.0,550.0,2014-01-02,True
4033,1555,3501,2087,502,2014-01-09,550,6.18,3401.48,550.0,0.0,550.0,2014-01-02,True
4034,1556,3502,2088,188,2014-01-09,550,29.58,16268.18,468.0,0.0,468.0,2014-01-02,True
4035,1556,3503,2088,189,2014-01-09,550,36.1,19854.45,550.0,0.0,550.0,2014-01-02,True
4036,1556,3504,2088,190,2014-01-09,550,48.58,26720.93,550.0,0.0,550.0,2014-01-02,True
4037,1557,3505,2089,498,2014-01-13,550,32.25,17735.03,550.0,0.0,550.0,2014-01-06,True
4038,1557,3506,2089,496,2014-01-13,550,36.56,20108.55,550.0,0.0,550.0,2014-01-06,True
4039,1558,3507,2090,190,2014-01-13,550,46.42,25531.28,550.0,0.0,550.0,2014-01-06,True
4040,1559,3508,2091,182,2014-01-13,3,41.3,123.89,3.0,0.0,3.0,2014-01-06,True
4041,1559,3509,2091,196,2014-01-13,3,37.02,111.07,3.0,0.0,3.0,2014-01-06,True
4042,1560,3510,2092,184,2014-01-13,3,41.92,125.75,3.0,0.0,3.0,2014-01-06,True
4043,1561,3511,2093,248,2014-01-13,3,50.26,150.79,3.0,0.0,3.0,2014-01-06,True
4044,1562,3512,2094,173,2014-01-13,3,47.75,143.26,3.0,0.0,3.0,2014-01-06,True
4045,1562,3513,2094,174,2014-01-13,3,43.48,130.44,3.0,0.0,3.0,2014-01-06,True
4046,1563,3514,2095,126,2014-01-13,550,16.09,8847.3,550.0,0.0,550.0,2014-01-06,True
4047,1564,3515,2096,186,2014-01-13,3,57.03,171.08,3.0,0.0,3.0,2014-01-06,True
4048,1565,3516,2097,117,2014-01-13,550,37.09,20397.3,550.0,0.0,550.0,2014-01-06,True
4049,1566,3517,2098,118,2014-01-13,550,26.6,14628.08,468.0,0.0,468.0,2014-01-06,True
4050,1567,3518,2099,188,2014-01-13,550,27.06,14882.18,550.0,0.0,550.0,2014-01-06,True
4051,1567,3519,2099,189,2014-01-13,550,33.58,18468.45,550.0,0.0,550.0,2014-01-06,True
4052,1567,3520,2099,190,2014-01-13,550,46.06,25334.93,550.0,0.0,550.0,2014-01-06,True
4053,1568,3521,2100,224,2014-01-13,3,39.07,117.21,3.0,0.0,3.0,2014-01-06,True
4054,1568,3522,2100,225,2014-01-13,3,36.97,110.91,3.0,0.0,3.0,2014-01-06,True
4055,1568,3523,2100,226,2014-01-13,3,41.24,123.73,3.0,0.0,3.0,2014-01-06,True
4056,1568,3524,2100,227,2014-01-13,3,36.97,110.91,3.0,0.0,3.0,2014-01-06,True
4057,1568,3525,2100,228,2014-01-13,3,34.87,104.61,3.0,0.0,3.0,2014-01-06,True
4058,1569,3526,2101,95,2014-01-13,3,41.3,123.89,3.0,0.0,3.0,2014-01-06,True
4059,1569,3527,2101,96,2014-01-13,3,37.02,111.07,3.0,0.0,3.0,2014-01-06,True
4060,1570,3528,2102,191,2014-01-13,3,47.47,142.41,3.0,0.0,3.0,2014-01-06,True
4061,1570,3529,2102,192,2014-01-13,3,42.8,128.39,3.0,0.0,3.0,2014-01-06,True
4062,1570,3530,2102,193,2014-01-13,60,25.42,1525.23,60.0,0.0,60.0,2014-01-06,True
4063,1571,3531,2103,70,2014-01-13,3,41.3,123.89,3.0,0.0,3.0,2014-01-06,True
4064,1571,3532,2103,105,2014-01-13,3,37.02,111.07,3.0,0.0,3.0,2014-01-06,True
4065,1571,3533,2103,106,2014-01-13,3,47.68,143.04,3.0,0.0,3.0,2014-01-06,True
4066,1571,3534,2103,107,2014-01-13,3,45.58,136.74,3.0,0.0,3.0,2014-01-06,True
4067,1572,3535,2104,6,2014-01-13,550,62.99,34644.23,550.0,82.0,468.0,2014-01-06,True
4068,1573,3536,2105,193,2014-01-14,60,26.37,1581.93,60.0,0.0,60.0,2014-01-07,True
4069,1574,3537,2106,121,2014-01-14,3,48.76,146.29,3.0,0.0,3.0,2014-01-07,True
4070,1575,3538,2107,156,2014-01-14,3,34.19,102.56,3.0,0.0,3.0,2014-01-07,True
4071,1576,3539,2108,194,2014-01-14,3,50.26,150.79,3.0,0.0,3.0,2014-01-07,True
4072,1577,3540,2109,119,2014-01-14,550,10.73,5902.05,550.0,0.0,550.0,2014-01-07,True
4073,1577,3541,2109,120,2014-01-14,550,14.12,7767.38,550.0,0.0,550.0,2014-01-07,True
4074,1578,3542,2110,151,2014-01-14,60,50.26,3015.81,60.0,0.0,60.0,2014-01-07,True
4075,1578,3543,2110,152,2014-01-14,60,57.15,3429.09,60.0,0.0,60.0,2014-01-07,True
4076,1578,3544,2110,153,2014-01-14,60,53.2,3192.21,60.0,0.0,60.0,2014-01-07,True
4077,1578,3545,2110,154,2014-01-14,60,63.69,3821.58,60.0,0.0,60.0,2014-01-07,True
4078,1578,3546,2110,155,2014-01-14,60,48.91,2934.54,60.0,0.0,60.0,2014-01-07,True
4079,1579,3547,2111,441,2014-01-14,550,21.09,11601.98,550.0,0.0,550.0,2014-01-07,True
4080,1579,3548,2111,438,2014-01-14,550,30.44,16741.73,550.0,0.0,550.0,2014-01-07,True
4081,1579,3549,2111,435,2014-01-14,550,40.94,22516.73,550.0,0.0,550.0,2014-01-07,True
4082,1579,3550,2111,442,2014-01-14,550,21.09,11601.98,550.0,0.0,550.0,2014-01-07,True
4083,1579,3551,2111,439,2014-01-14,550,30.44,16741.73,550.0,0.0,550.0,2014-01-07,True
4084,1580,3552,2112,111,2014-01-14,60,9.2,551.88,60.0,0.0,60.0,2014-01-07,True
4085,1581,3553,2113,132,2014-01-14,550,5.78,3176.25,550.0,0.0,550.0,2014-01-07,True
4086,1582,3554,2114,112,2014-01-14,550,23.39,12866.7,550.0,82.0,468.0,2014-01-07,True
4087,1582,3555,2114,113,2014-01-14,550,27.65,15205.58,550.0,0.0,550.0,2014-01-07,True
4088,1583,3556,2115,131,2014-01-14,550,3.49,1917.3,550.0,0.0,550.0,2014-01-07,True
4089,1584,3557,2116,162,2014-01-14,550,6.2,3407.25,550.0,0.0,550.0,2014-01-07,True
4090,1584,3558,2116,163,2014-01-14,550,1.47,808.5,550.0,0.0,550.0,2014-01-07,True
4091,1585,3559,2117,112,2014-01-15,550,22.17,12191.03,550.0,0.0,550.0,2014-01-08,True
4092,1585,3560,2117,113,2014-01-15,550,29.28,16106.48,523.0,0.0,523.0,2014-01-08,True
4093,1586,3561,2118,150,2014-01-15,3,19.98,59.94,3.0,0.0,3.0,2014-01-08,True
4094,1587,3562,2119,170,2014-01-15,3,41.24,123.73,3.0,0.0,3.0,2014-01-08,True
4095,1587,3563,2119,158,2014-01-15,3,36.97,110.91,3.0,0.0,3.0,2014-01-08,True
4096,1587,3564,2119,159,2014-01-15,3,34.87,104.61,3.0,0.0,3.0,2014-01-08,True
4097,1587,3565,2119,160,2014-01-15,3,39.14,117.43,3.0,0.0,3.0,2014-01-08,True
4098,1588,3566,2120,9,2014-01-15,550,31.49,17319.23,550.0,0.0,550.0,2014-01-08,True
4099,1588,3567,2120,7,2014-01-15,550,48.29,26559.23,550.0,0.0,550.0,2014-01-08,True
4100,1589,3568,2121,250,2014-01-15,3,43.34,130.03,3.0,0.0,3.0,2014-01-08,True
4101,1589,3569,2121,251,2014-01-15,3,39.07,117.21,3.0,0.0,3.0,2014-01-08,True
4102,1589,3570,2121,252,2014-01-15,3,36.97,110.91,3.0,0.0,3.0,2014-01-08,True
4103,1589,3571,2121,253,2014-01-15,3,41.24,123.73,3.0,0.0,3.0,2014-01-08,True
4104,1589,3572,2121,254,2014-01-15,3,36.97,110.91,3.0,0.0,3.0,2014-01-08,True
4105,1590,3573,2122,146,2014-01-15,550,5.81,3193.58,550.0,0.0,550.0,2014-01-08,True
4106,1590,3574,2122,147,2014-01-15,550,8.86,4874.1,550.0,55.0,495.0,2014-01-08,True
4107,1590,3575,2122,148,2014-01-15,550,10.47,5757.68,550.0,0.0,550.0,2014-01-08,True
4108,1591,3576,2123,211,2014-01-15,3,47.47,142.41,3.0,0.0,3.0,2014-01-08,True
4109,1592,3577,2124,115,2014-01-15,550,23.08,12693.45,550.0,82.0,468.0,2014-01-08,True
4110,1592,3578,2124,116,2014-01-15,550,29.27,16100.7,550.0,0.0,550.0,2014-01-08,True
4111,1593,3579,2125,214,2014-01-15,3,45.37,136.11,3.0,0.0,3.0,2014-01-08,True
4112,1593,3580,2125,215,2014-01-15,3,43.27,129.81,3.0,0.0,3.0,2014-01-08,True
4113,1593,3581,2125,216,2014-01-15,3,47.54,142.63,3.0,0.0,3.0,2014-01-08,True
4114,1594,3582,2126,109,2014-01-15,550,2.32,1276.28,550.0,0.0,550.0,2014-01-08,True
4115,1595,3583,2127,122,2014-01-15,550,3.64,2003.93,550.0,0.0,550.0,2014-01-08,True
4116,1596,3584,2128,440,2014-01-15,550,21.09,11601.98,468.0,0.0,468.0,2014-01-08,True
4117,1596,3585,2128,437,2014-01-15,550,30.44,16741.73,550.0,0.0,550.0,2014-01-08,True
4118,1596,3586,2128,435,2014-01-15,550,40.94,22516.73,550.0,0.0,550.0,2014-01-08,True
4119,1597,3587,2129,165,2014-01-15,60,3.6,216.09,60.0,0.0,60.0,2014-01-08,True
4120,1597,3588,2129,166,2014-01-15,60,3.98,238.77,60.0,0.0,60.0,2014-01-08,True
4121,1598,3589,2130,9,2014-01-15,550,31.49,17319.23,550.0,0.0,550.0,2014-01-08,True
4122,1598,3590,2130,7,2014-01-15,550,48.29,26559.23,550.0,0.0,550.0,2014-01-08,True
4123,1599,3591,2131,120,2014-01-15,550,12.97,7132.13,550.0,0.0,550.0,2014-01-08,True
4124,1600,3592,2132,441,2014-01-15,550,21.09,11601.98,550.0,0.0,550.0,2014-01-08,True
4125,1600,3593,2132,438,2014-01-15,550,30.44,16741.73,550.0,55.0,495.0,2014-01-08,True
4126,1601,3594,2133,434,2014-01-16,550,40.94,22516.73,550.0,0.0,550.0,2014-01-09,True
4127,1602,3595,2134,4,2014-01-16,550,62.99,34644.23,550.0,82.0,468.0,2014-01-09,True
4128,1603,3596,2135,76,2014-01-16,3,49.7,149.09,3.0,0.0,3.0,2014-01-09,True
4129,1603,3597,2135,77,2014-01-16,3,45.42,136.27,3.0,0.0,3.0,2014-01-09,True
4130,1603,3598,2135,78,2014-01-16,3,43.32,129.97,3.0,0.0,3.0,2014-01-09,True
4131,1604,3599,2136,73,2014-01-16,3,47.68,143.04,3.0,3.0,0.0,2014-01-09,True
4132,1605,3600,2137,115,2014-01-16,550,23.4,12872.48,550.0,0.0,550.0,2014-01-09,True
4133,1605,3601,2137,116,2014-01-16,550,27.87,15326.85,523.0,0.0,523.0,2014-01-09,True
4134,1606,3602,2138,123,2014-01-16,550,6.75,3713.33,468.0,0.0,468.0,2014-01-09,True
4135,1607,3603,2139,10,2014-01-16,550,31.49,17319.23,550.0,0.0,550.0,2014-01-09,True
4136,1607,3604,2139,8,2014-01-16,550,48.29,26559.23,550.0,0.0,550.0,2014-01-09,True
4137,1607,3605,2139,114,2014-01-16,550,36.28,19952.63,550.0,0.0,550.0,2014-01-09,True
4138,1608,3606,2140,151,2014-01-16,60,50.75,3044.79,60.0,0.0,60.0,2014-01-09,True
4139,1608,3607,2140,152,2014-01-16,60,58.26,3495.87,60.0,0.0,60.0,2014-01-09,True
4140,1608,3608,2140,153,2014-01-16,60,50.75,3044.79,60.0,0.0,60.0,2014-01-09,True
4141,1608,3609,2140,154,2014-01-16,60,62.93,3775.59,60.0,0.0,60.0,2014-01-09,True
4142,1608,3610,2140,155,2014-01-16,60,49.65,2979.27,60.0,0.0,60.0,2014-01-09,True
4143,1609,3611,2141,119,2014-01-16,550,10.38,5711.48,550.0,0.0,550.0,2014-01-09,True
4144,1610,3612,2142,92,2014-01-16,3,43.55,130.66,3.0,0.0,3.0,2014-01-09,True
4145,1610,3613,2142,93,2014-01-16,3,39.28,117.84,3.0,0.0,3.0,2014-01-09,True
4146,1610,3614,2142,94,2014-01-16,3,37.18,111.54,3.0,0.0,3.0,2014-01-09,True
4147,1611,3615,2143,149,2014-01-16,3,12.72,38.15,3.0,0.0,3.0,2014-01-09,True
4148,1611,3616,2143,150,2014-01-16,3,19.94,59.82,3.0,0.0,3.0,2014-01-09,True
4149,1612,3617,2144,124,2014-01-16,3,38.16,114.47,3.0,0.0,3.0,2014-01-09,True
4150,1613,3618,2145,110,2014-01-16,3,44.22,132.65,3.0,0.0,3.0,2014-01-09,True
4151,1614,3619,2146,10,2014-01-16,550,31.49,17319.23,550.0,0.0,550.0,2014-01-09,True
4152,1614,3620,2146,8,2014-01-16,550,48.29,26559.23,550.0,0.0,550.0,2014-01-09,True
4153,1615,3621,2147,167,2014-01-16,60,6.98,418.95,60.0,0.0,60.0,2014-01-09,True
4154,1616,3622,2148,65,2014-01-16,3,49.7,149.09,3.0,0.0,3.0,2014-01-09,True
4155,1616,3623,2148,64,2014-01-16,3,45.42,136.27,3.0,0.0,3.0,2014-01-09,True
4156,1616,3624,2148,63,2014-01-16,3,43.32,129.97,3.0,0.0,3.0,2014-01-09,True
4157,1616,3625,2148,61,2014-01-16,3,47.6,142.79,3.0,0.0,3.0,2014-01-09,True
4158,1617,3626,2149,165,2014-01-17,60,3.38,202.86,60.0,0.0,60.0,2014-01-10,True
4159,1617,3627,2149,166,2014-01-17,60,4.32,258.93,60.0,0.0,60.0,2014-01-10,True
4160,1618,3628,2150,235,2014-01-17,3,43.27,129.81,3.0,0.0,3.0,2014-01-10,True
4161,1618,3629,2150,249,2014-01-17,3,47.54,142.63,3.0,0.0,3.0,2014-01-10,True
4162,1618,3630,2150,250,2014-01-17,3,43.27,129.81,3.0,0.0,3.0,2014-01-10,True
4163,1618,3631,2150,251,2014-01-17,3,41.17,123.51,3.0,0.0,3.0,2014-01-10,True
4164,1618,3632,2150,252,2014-01-17,3,45.44,136.33,3.0,0.0,3.0,2014-01-10,True
4165,1619,3633,2151,149,2014-01-17,3,12.36,37.08,3.0,0.0,3.0,2014-01-10,True
4166,1620,3634,2152,118,2014-01-17,550,39.2,21558.08,550.0,0.0,550.0,2014-01-10,True
4167,1621,3635,2153,219,2014-01-17,3,36.97,110.91,3.0,0.0,3.0,2014-01-10,True
4168,1621,3636,2153,220,2014-01-17,3,34.87,104.61,3.0,0.0,3.0,2014-01-10,True
4169,1621,3637,2153,221,2014-01-17,3,39.14,117.43,3.0,0.0,3.0,2014-01-10,True
4170,1621,3638,2153,209,2014-01-17,3,47.58,142.73,3.0,0.0,3.0,2014-01-10,True
4171,1622,3639,2154,500,2014-01-17,550,34.87,19178.78,550.0,82.0,468.0,2014-01-10,True
4172,1622,3640,2154,499,2014-01-17,550,39.76,21869.93,550.0,0.0,550.0,2014-01-10,True
4173,1623,3641,2155,233,2014-01-17,3,49.85,149.56,3.0,0.0,3.0,2014-01-10,True
4174,1623,3642,2155,234,2014-01-17,3,45.58,136.74,3.0,0.0,3.0,2014-01-10,True
4175,1623,3643,2155,138,2014-01-17,3,43.48,130.44,3.0,0.0,3.0,2014-01-10,True
4176,1624,3644,2156,204,2014-01-17,3,47.58,142.73,3.0,0.0,3.0,2014-01-10,True
4177,1624,3645,2156,205,2014-01-17,3,45.48,136.43,3.0,0.0,3.0,2014-01-10,True
4178,1625,3646,2157,500,2014-01-17,550,34.35,18890.03,550.0,0.0,550.0,2014-01-10,True
4179,1625,3647,2157,499,2014-01-17,550,39.24,21581.18,523.0,0.0,523.0,2014-01-10,True
4180,1626,3648,2158,158,2014-01-17,3,43.27,129.81,3.0,0.0,3.0,2014-01-10,True
4181,1626,3649,2158,159,2014-01-17,3,41.17,123.51,3.0,0.0,3.0,2014-01-10,True
4182,1626,3650,2158,160,2014-01-17,3,45.44,136.33,3.0,0.0,3.0,2014-01-10,True
4183,1627,3651,2159,498,2014-01-17,550,32.77,18023.78,550.0,0.0,550.0,2014-01-10,True
4184,1627,3652,2159,496,2014-01-17,550,37.09,20397.3,550.0,0.0,550.0,2014-01-10,True
4185,1627,3653,2159,494,2014-01-17,550,43.04,23671.73,550.0,0.0,550.0,2014-01-10,True
4186,1628,3654,2160,203,2014-01-17,550,10.82,5948.25,550.0,0.0,550.0,2014-01-10,True
4187,1629,3655,2161,447,2014-01-17,550,82.83,45558.98,550.0,0.0,550.0,2014-01-10,True
4188,1629,3656,2161,446,2014-01-17,550,82.83,45558.98,550.0,0.0,550.0,2014-01-10,True
4189,1630,3657,2162,183,2014-01-17,1250,0.21,262.5,1250.0,0.0,1250.0,2014-01-10,True
4190,1630,3658,2162,197,2014-01-17,1250,0.21,262.5,1250.0,125.0,1125.0,2014-01-10,True
4191,1631,3659,2163,193,2014-01-17,60,28.7,1721.79,60.0,0.0,60.0,2014-01-10,True
4192,1632,3660,2164,494,2014-01-17,550,42.51,23382.98,550.0,82.0,468.0,2014-01-10,True
4193,1632,3661,2164,501,2014-01-17,550,5.59,3072.3,550.0,0.0,550.0,2014-01-10,True
4194,1633,3662,2165,493,2014-01-20,60,15.74,944.37,60.0,0.0,60.0,2014-01-13,True
4195,1634,3663,2166,495,2014-01-20,550,43.46,23902.73,550.0,0.0,550.0,2014-01-13,True
4196,1634,3664,2166,497,2014-01-20,550,37.62,20691.83,550.0,0.0,550.0,2014-01-13,True
4197,1635,3665,2167,188,2014-01-20,550,29.58,16268.18,550.0,0.0,550.0,2014-01-13,True
4198,1635,3666,2167,189,2014-01-20,550,36.1,19854.45,523.0,0.0,523.0,2014-01-13,True
4199,1635,3667,2167,190,2014-01-20,550,48.58,26720.93,550.0,0.0,550.0,2014-01-13,True
4200,1636,3668,2168,498,2014-01-20,550,32.25,17735.03,468.0,0.0,468.0,2014-01-13,True
4201,1636,3669,2168,496,2014-01-20,550,36.56,20108.55,550.0,0.0,550.0,2014-01-13,True
4202,1637,3670,2169,190,2014-01-20,550,46.42,25531.28,550.0,0.0,550.0,2014-01-13,True
4203,1638,3671,2170,168,2014-01-20,3,47.52,142.57,3.0,0.0,3.0,2014-01-13,True
4204,1638,3672,2170,169,2014-01-20,3,45.42,136.27,3.0,0.0,3.0,2014-01-13,True
4205,1638,3673,2170,157,2014-01-20,3,49.7,149.09,3.0,0.0,3.0,2014-01-13,True
4206,1638,3674,2170,171,2014-01-20,3,45.42,136.27,3.0,0.0,3.0,2014-01-13,True
4207,1638,3675,2170,172,2014-01-20,3,43.32,129.97,3.0,0.0,3.0,2014-01-13,True
4208,1639,3676,2171,184,2014-01-20,3,41.92,125.75,3.0,0.0,3.0,2014-01-13,True
4209,1640,3677,2172,248,2014-01-20,3,50.26,150.79,3.0,0.0,3.0,2014-01-13,True
4210,1641,3678,2173,175,2014-01-20,3,41.38,124.14,3.0,0.0,3.0,2014-01-13,True
4211,1641,3679,2173,176,2014-01-20,3,45.65,136.96,3.0,0.0,3.0,2014-01-13,True
4212,1641,3680,2173,177,2014-01-20,3,41.38,124.14,3.0,0.0,3.0,2014-01-13,True
4213,1641,3681,2173,178,2014-01-20,3,39.28,117.84,3.0,0.0,3.0,2014-01-13,True
4214,1642,3682,2174,126,2014-01-20,550,16.09,8847.3,550.0,82.0,468.0,2014-01-13,True
4215,1643,3683,2175,186,2014-01-20,3,57.03,171.08,3.0,0.0,3.0,2014-01-13,True
4216,1644,3684,2176,117,2014-01-20,550,37.09,20397.3,550.0,0.0,550.0,2014-01-13,True
4217,1645,3685,2177,118,2014-01-20,550,26.6,14628.08,550.0,0.0,550.0,2014-01-13,True
4218,1646,3686,2178,188,2014-01-20,550,27.06,14882.18,468.0,0.0,468.0,2014-01-13,True
4219,1646,3687,2178,189,2014-01-20,550,33.58,18468.45,550.0,0.0,550.0,2014-01-13,True
4220,1646,3688,2178,190,2014-01-20,550,46.06,25334.93,550.0,0.0,550.0,2014-01-13,True
4221,1647,3689,2179,229,2014-01-20,3,39.14,117.43,3.0,0.0,3.0,2014-01-13,True
4222,1647,3690,2179,230,2014-01-20,3,47.58,142.73,3.0,0.0,3.0,2014-01-13,True
4223,1648,3691,2180,231,2014-01-20,3,47.52,142.57,3.0,0.0,3.0,2014-01-13,True
4224,1648,3692,2180,232,2014-01-20,3,45.42,136.27,3.0,0.0,3.0,2014-01-13,True
4225,1648,3693,2180,233,2014-01-20,3,49.7,149.09,3.0,0.0,3.0,2014-01-13,True
4226,1648,3694,2180,234,2014-01-20,3,45.42,136.27,3.0,0.0,3.0,2014-01-13,True
4227,1648,3695,2180,138,2014-01-20,3,43.32,129.97,3.0,0.0,3.0,2014-01-13,True
4228,1649,3696,2181,191,2014-01-22,3,47.47,142.41,3.0,0.0,3.0,2014-01-15,True
4229,1649,3697,2181,192,2014-01-22,3,42.8,128.39,3.0,0.0,3.0,2014-01-15,True
4230,1649,3698,2181,193,2014-01-22,60,25.42,1525.23,60.0,0.0,60.0,2014-01-15,True
4231,1650,3699,2182,108,2014-01-22,3,49.85,149.56,3.0,0.0,3.0,2014-01-15,True
4232,1650,3700,2182,97,2014-01-22,3,45.58,136.74,3.0,0.0,3.0,2014-01-15,True
4233,1650,3701,2182,62,2014-01-22,3,43.48,130.44,3.0,0.0,3.0,2014-01-15,True
4234,1651,3702,2183,6,2014-01-22,550,62.99,34644.23,550.0,0.0,550.0,2014-01-15,True
4235,1652,3703,2184,191,2014-01-22,3,45.37,136.11,3.0,0.0,3.0,2014-01-15,True
4236,1652,3704,2184,192,2014-01-22,3,40.49,121.46,3.0,0.0,3.0,2014-01-15,True
4237,1653,3705,2185,121,2014-01-22,3,48.76,146.29,3.0,0.0,3.0,2014-01-15,True
4238,1654,3706,2186,156,2014-01-22,3,34.19,102.56,3.0,0.0,3.0,2014-01-15,True
4239,1655,3707,2187,194,2014-01-22,3,50.26,150.79,3.0,0.0,3.0,2014-01-15,True
4240,1656,3708,2188,119,2014-01-22,550,10.73,5902.05,468.0,0.0,468.0,2014-01-15,True
4241,1656,3709,2188,120,2014-01-22,550,14.12,7767.38,550.0,0.0,550.0,2014-01-15,True
4242,1657,3710,2189,151,2014-01-22,60,50.26,3015.81,60.0,0.0,60.0,2014-01-15,True
4243,1657,3711,2189,152,2014-01-22,60,57.15,3429.09,60.0,0.0,60.0,2014-01-15,True
4244,1657,3712,2189,153,2014-01-22,60,53.2,3192.21,60.0,0.0,60.0,2014-01-15,True
4245,1657,3713,2189,154,2014-01-22,60,63.69,3821.58,60.0,0.0,60.0,2014-01-15,True
4246,1657,3714,2189,155,2014-01-22,60,48.91,2934.54,60.0,0.0,60.0,2014-01-15,True
4247,1658,3715,2190,436,2014-01-22,550,40.94,22516.73,550.0,0.0,550.0,2014-01-15,True
4248,1659,3716,2191,111,2014-01-22,60,9.2,551.88,60.0,0.0,60.0,2014-01-15,True
4249,1660,3717,2192,162,2014-01-22,550,5.78,3176.25,550.0,0.0,550.0,2014-01-15,True
4250,1660,3718,2192,163,2014-01-22,550,1.16,635.25,550.0,55.0,495.0,2014-01-15,True
4251,1660,3719,2192,132,2014-01-22,550,5.78,3176.25,550.0,0.0,550.0,2014-01-15,True
4252,1661,3720,2193,112,2014-01-22,550,23.39,12866.7,550.0,0.0,550.0,2014-01-15,True
4253,1661,3721,2193,113,2014-01-22,550,27.65,15205.58,550.0,0.0,550.0,2014-01-15,True
4254,1662,3722,2194,164,2014-01-22,550,1.37,750.75,550.0,82.0,468.0,2014-01-15,True
4255,1662,3723,2194,5,2014-01-22,550,62.99,34644.23,550.0,0.0,550.0,2014-01-15,True
4256,1663,3724,2195,132,2014-01-22,550,6.2,3407.25,550.0,0.0,550.0,2014-01-15,True
4257,1664,3725,2196,112,2014-01-22,550,22.17,12191.03,550.0,0.0,550.0,2014-01-15,True
4258,1664,3726,2196,113,2014-01-22,550,29.28,16106.48,550.0,0.0,550.0,2014-01-15,True
4259,1665,3727,2197,150,2014-01-23,3,19.98,59.94,3.0,0.0,3.0,2014-01-16,True
4260,1666,3728,2198,204,2014-01-23,3,41.17,123.51,3.0,0.0,3.0,2014-01-16,True
4261,1666,3729,2198,205,2014-01-23,3,39.07,117.21,3.0,0.0,3.0,2014-01-16,True
4262,1666,3730,2198,206,2014-01-23,3,43.34,130.03,3.0,0.0,3.0,2014-01-16,True
4263,1666,3731,2198,207,2014-01-23,3,39.07,117.21,3.0,0.0,3.0,2014-01-16,True
4264,1667,3732,2199,9,2014-01-23,550,31.49,17319.23,550.0,0.0,550.0,2014-01-16,True
4265,1667,3733,2199,7,2014-01-23,550,48.29,26559.23,550.0,0.0,550.0,2014-01-16,True
4266,1668,3734,2200,255,2014-01-23,3,43.22,129.65,3.0,0.0,3.0,2014-01-16,True
4267,1668,3735,2200,256,2014-01-23,3,47.49,142.47,3.0,0.0,3.0,2014-01-16,True
4268,1668,3736,2200,301,2014-01-23,3,43.27,129.81,3.0,0.0,3.0,2014-01-16,True
4269,1668,3737,2200,302,2014-01-23,3,47.54,142.63,3.0,0.0,3.0,2014-01-16,True
4270,1669,3738,2201,135,2014-01-23,550,15.89,8737.58,550.0,0.0,550.0,2014-01-16,True
4271,1669,3739,2201,136,2014-01-23,550,11.67,6416.03,550.0,0.0,550.0,2014-01-16,True
4272,1669,3740,2201,137,2014-01-23,550,11.09,6098.4,550.0,0.0,550.0,2014-01-16,True
4273,1669,3741,2201,104,2014-01-23,550,15.89,8737.58,550.0,0.0,550.0,2014-01-16,True
4274,1669,3742,2201,139,2014-01-23,550,11.67,6416.03,550.0,0.0,550.0,2014-01-16,True
4275,1670,3743,2202,211,2014-01-23,3,47.47,142.41,3.0,0.0,3.0,2014-01-16,True
4276,1671,3744,2203,117,2014-01-23,550,34.98,19236.53,550.0,0.0,550.0,2014-01-16,True
4277,1672,3745,2204,217,2014-01-23,3,43.27,129.81,3.0,0.0,3.0,2014-01-16,True
4278,1672,3746,2204,218,2014-01-23,3,41.17,123.51,3.0,0.0,3.0,2014-01-16,True
4279,1673,3747,2205,109,2014-01-23,550,2.32,1276.28,550.0,0.0,550.0,2014-01-16,True
4280,1674,3748,2206,122,2014-01-23,550,3.64,2003.93,550.0,0.0,550.0,2014-01-16,True
4281,1675,3749,2207,440,2014-01-23,550,21.09,11601.98,550.0,0.0,550.0,2014-01-16,True
4282,1675,3750,2207,437,2014-01-23,550,30.44,16741.73,523.0,0.0,523.0,2014-01-16,True
4283,1675,3751,2207,435,2014-01-23,550,40.94,22516.73,550.0,0.0,550.0,2014-01-16,True
4284,1676,3752,2208,165,2014-01-23,60,3.6,216.09,51.0,0.0,51.0,2014-01-16,True
4285,1676,3753,2208,166,2014-01-23,60,3.98,238.77,60.0,0.0,60.0,2014-01-16,True
4286,1677,3754,2209,9,2014-01-23,550,31.49,17319.23,550.0,0.0,550.0,2014-01-16,True
4287,1677,3755,2209,7,2014-01-23,550,48.29,26559.23,550.0,0.0,550.0,2014-01-16,True
4288,1678,3756,2210,120,2014-01-23,550,12.97,7132.13,550.0,0.0,550.0,2014-01-16,True
4289,1679,3757,2211,441,2014-01-23,550,21.09,11601.98,550.0,0.0,550.0,2014-01-16,True
4290,1679,3758,2211,438,2014-01-23,550,30.44,16741.73,550.0,0.0,550.0,2014-01-16,True
4291,1680,3759,2212,434,2014-01-23,550,40.94,22516.73,550.0,0.0,550.0,2014-01-16,True
4292,1681,3760,2213,4,2014-01-24,550,62.99,34644.23,550.0,0.0,550.0,2014-01-17,True
4293,1682,3761,2214,79,2014-01-24,3,47.6,142.79,3.0,0.0,3.0,2014-01-17,True
4294,1682,3762,2214,80,2014-01-24,3,43.32,129.97,3.0,0.0,3.0,2014-01-17,True
4295,1683,3763,2215,73,2014-01-24,3,47.68,143.04,3.0,0.0,3.0,2014-01-17,True
4296,1684,3764,2216,115,2014-01-24,550,23.4,12872.48,550.0,0.0,550.0,2014-01-17,True
4297,1684,3765,2216,116,2014-01-24,550,27.87,15326.85,550.0,0.0,550.0,2014-01-17,True
4298,1685,3766,2217,123,2014-01-24,550,6.75,3713.33,550.0,0.0,550.0,2014-01-17,True
4299,1686,3767,2218,10,2014-01-24,550,31.49,17319.23,468.0,0.0,468.0,2014-01-17,True
4300,1686,3768,2218,8,2014-01-24,550,48.29,26559.23,550.0,0.0,550.0,2014-01-17,True
4301,1686,3769,2218,114,2014-01-24,550,36.28,19952.63,550.0,0.0,550.0,2014-01-17,True
4302,1687,3770,2219,151,2014-01-24,60,50.75,3044.79,60.0,0.0,60.0,2014-01-17,True
4303,1687,3771,2219,152,2014-01-24,60,58.26,3495.87,60.0,0.0,60.0,2014-01-17,True
4304,1687,3772,2219,153,2014-01-24,60,50.75,3044.79,60.0,0.0,60.0,2014-01-17,True
4305,1687,3773,2219,154,2014-01-24,60,62.93,3775.59,60.0,0.0,60.0,2014-01-17,True
4306,1687,3774,2219,155,2014-01-24,60,49.65,2979.27,60.0,0.0,60.0,2014-01-17,True
4307,1688,3775,2220,119,2014-01-24,550,10.38,5711.48,550.0,0.0,550.0,2014-01-17,True
4308,1689,3776,2221,95,2014-01-24,3,41.45,124.36,3.0,0.0,3.0,2014-01-17,True
4309,1689,3777,2221,96,2014-01-24,3,37.18,111.54,3.0,0.0,3.0,2014-01-17,True
4310,1690,3778,2222,149,2014-01-24,3,12.72,38.15,3.0,0.0,3.0,2014-01-17,True
4311,1690,3779,2222,150,2014-01-24,3,19.94,59.82,3.0,0.0,3.0,2014-01-17,True
4312,1691,3780,2223,124,2014-01-24,3,38.16,114.47,3.0,0.0,3.0,2014-01-17,True
4313,1692,3781,2224,110,2014-01-24,3,44.22,132.65,3.0,0.0,3.0,2014-01-17,True
4314,1693,3782,2225,10,2014-01-24,550,31.49,17319.23,550.0,0.0,550.0,2014-01-17,True
4315,1693,3783,2225,8,2014-01-24,550,48.29,26559.23,550.0,0.0,550.0,2014-01-17,True
4316,1694,3784,2226,167,2014-01-24,60,6.98,418.95,60.0,0.0,60.0,2014-01-17,True
4317,1695,3785,2227,71,2014-01-24,3,43.32,129.97,3.0,0.0,3.0,2014-01-17,True
4318,1696,3786,2228,165,2014-01-24,60,3.38,202.86,51.0,0.0,51.0,2014-01-17,True
4319,1696,3787,2228,166,2014-01-24,60,4.32,258.93,60.0,0.0,60.0,2014-01-17,True
4320,1697,3788,2229,253,2014-01-29,3,41.17,123.51,3.0,0.0,3.0,2014-01-22,True
4321,1697,3789,2229,254,2014-01-29,3,39.07,117.21,3.0,0.0,3.0,2014-01-22,True
4322,1697,3790,2229,255,2014-01-29,3,43.34,130.03,3.0,0.0,3.0,2014-01-22,True
4323,1697,3791,2229,256,2014-01-29,3,39.07,117.21,3.0,0.0,3.0,2014-01-22,True
4324,1697,3792,2229,301,2014-01-29,3,36.97,110.91,3.0,0.0,3.0,2014-01-22,True
4325,1697,3793,2229,302,2014-01-29,3,41.24,123.73,3.0,0.0,3.0,2014-01-22,True
4326,1698,3794,2230,149,2014-01-29,3,12.36,37.08,3.0,0.0,3.0,2014-01-22,True
4327,1699,3795,2231,118,2014-01-29,550,39.2,21558.08,550.0,0.0,550.0,2014-01-22,True
4328,1700,3796,2232,223,2014-01-29,3,45.48,136.43,3.0,0.0,3.0,2014-01-22,True
4329,1700,3797,2232,224,2014-01-29,3,49.75,149.25,3.0,0.0,3.0,2014-01-22,True
4330,1700,3798,2232,225,2014-01-29,3,45.48,136.43,3.0,0.0,3.0,2014-01-22,True
4331,1701,3799,2233,495,2014-01-29,550,43.98,24191.48,550.0,0.0,550.0,2014-01-22,True
4332,1701,3800,2233,497,2014-01-29,550,38.15,20980.58,550.0,0.0,550.0,2014-01-22,True
4333,1702,3801,2234,86,2014-01-29,3,47.75,143.26,3.0,0.0,3.0,2014-01-22,True
4334,1702,3802,2234,87,2014-01-29,3,43.48,130.44,3.0,0.0,3.0,2014-01-22,True
4335,1703,3803,2235,206,2014-01-29,3,49.75,149.25,3.0,0.0,3.0,2014-01-22,True
4336,1703,3804,2235,207,2014-01-29,3,45.48,136.43,3.0,0.0,3.0,2014-01-22,True
4337,1703,3805,2235,208,2014-01-29,3,43.38,130.13,3.0,0.0,3.0,2014-01-22,True
4338,1704,3806,2236,500,2014-01-29,550,34.35,18890.03,550.0,550.0,0.0,2014-01-22,True
4339,1704,3807,2236,499,2014-01-29,550,39.24,21581.18,550.0,550.0,0.0,2014-01-22,True
4340,1705,3808,2237,204,2014-01-29,3,47.47,142.41,3.0,0.0,3.0,2014-01-22,True
4341,1705,3809,2237,205,2014-01-29,3,45.37,136.11,3.0,0.0,3.0,2014-01-22,True
4342,1705,3810,2237,206,2014-01-29,3,49.64,148.93,3.0,0.0,3.0,2014-01-22,True
4343,1705,3811,2237,207,2014-01-29,3,45.37,136.11,3.0,0.0,3.0,2014-01-22,True
4344,1705,3812,2237,208,2014-01-29,3,43.27,129.81,3.0,0.0,3.0,2014-01-22,True
4345,1705,3813,2237,170,2014-01-29,3,47.54,142.63,3.0,0.0,3.0,2014-01-22,True
4346,1705,3814,2237,158,2014-01-29,3,43.27,129.81,3.0,0.0,3.0,2014-01-22,True
4347,1705,3815,2237,159,2014-01-29,3,41.17,123.51,3.0,0.0,3.0,2014-01-22,True
4348,1705,3816,2237,160,2014-01-29,3,45.44,136.33,3.0,0.0,3.0,2014-01-22,True
4349,1706,3817,2238,498,2014-01-29,550,32.77,18023.78,468.0,0.0,468.0,2014-01-22,True
4350,1706,3818,2238,496,2014-01-29,550,37.09,20397.3,550.0,0.0,550.0,2014-01-22,True
4351,1706,3819,2238,494,2014-01-29,550,43.04,23671.73,550.0,0.0,550.0,2014-01-22,True
4352,1707,3820,2239,203,2014-01-29,550,10.82,5948.25,550.0,0.0,550.0,2014-01-22,True
4353,1708,3821,2240,447,2014-01-29,550,82.83,45558.98,550.0,0.0,550.0,2014-01-22,True
4354,1708,3822,2240,446,2014-01-29,550,82.83,45558.98,550.0,0.0,550.0,2014-01-22,True
4355,1709,3823,2241,183,2014-01-29,1250,0.21,262.5,1250.0,0.0,1250.0,2014-01-22,True
4356,1709,3824,2241,197,2014-01-29,1250,0.21,262.5,1250.0,0.0,1250.0,2014-01-22,True
4357,1710,3825,2242,191,2014-01-29,3,49.64,148.93,3.0,0.0,3.0,2014-01-22,True
4358,1710,3826,2242,192,2014-01-29,3,44.32,132.96,3.0,0.0,3.0,2014-01-22,True
4359,1710,3827,2242,193,2014-01-29,60,28.7,1721.79,60.0,0.0,60.0,2014-01-22,True
4360,1711,3828,2243,494,2014-01-29,550,42.51,23382.98,550.0,0.0,550.0,2014-01-22,True
4361,1711,3829,2243,501,2014-01-29,550,5.59,3072.3,550.0,0.0,550.0,2014-01-22,True
4362,1712,3830,2244,493,2014-01-29,60,15.74,944.37,60.0,9.0,51.0,2014-01-22,True
4363,1713,3831,2245,503,2014-01-30,550,6.53,3592.05,550.0,0.0,550.0,2014-01-23,True
4364,1713,3832,2245,502,2014-01-30,550,6.18,3401.48,550.0,0.0,550.0,2014-01-23,True
4365,1714,3833,2246,188,2014-01-30,550,29.58,16268.18,550.0,0.0,550.0,2014-01-23,True
4366,1714,3834,2246,189,2014-01-30,550,36.1,19854.45,550.0,0.0,550.0,2014-01-23,True
4367,1715,3835,2247,498,2014-01-30,550,32.25,17735.03,550.0,0.0,550.0,2014-01-23,True
4368,1715,3836,2247,496,2014-01-30,550,36.56,20108.55,523.0,0.0,523.0,2014-01-23,True
4369,1716,3837,2248,190,2014-01-30,550,46.42,25531.28,468.0,0.0,468.0,2014-01-23,True
4370,1717,3838,2249,173,2014-01-30,3,47.6,142.79,3.0,0.0,3.0,2014-01-23,True
4371,1717,3839,2249,174,2014-01-30,3,43.32,129.97,3.0,0.0,3.0,2014-01-23,True
4372,1717,3840,2249,175,2014-01-30,3,41.22,123.67,3.0,0.0,3.0,2014-01-23,True
4373,1717,3841,2249,176,2014-01-30,3,45.5,136.49,3.0,0.0,3.0,2014-01-23,True
4374,1717,3842,2249,177,2014-01-30,3,41.22,123.67,3.0,0.0,3.0,2014-01-23,True
4375,1717,3843,2249,178,2014-01-30,3,39.12,117.37,3.0,0.0,3.0,2014-01-23,True
4376,1718,3844,2250,184,2014-01-30,3,41.92,125.75,3.0,0.0,3.0,2014-01-23,True
4377,1719,3845,2251,248,2014-01-30,3,50.26,150.79,3.0,0.0,3.0,2014-01-23,True
4378,1720,3846,2252,179,2014-01-30,3,43.55,130.66,3.0,0.0,3.0,2014-01-23,True
4379,1720,3847,2252,180,2014-01-30,3,39.28,117.84,3.0,0.0,3.0,2014-01-23,True
4380,1720,3848,2252,181,2014-01-30,3,37.18,111.54,3.0,0.0,3.0,2014-01-23,True
4381,1721,3849,2253,126,2014-01-30,550,16.09,8847.3,550.0,0.0,550.0,2014-01-23,True
4382,1722,3850,2254,186,2014-01-30,3,57.03,171.08,3.0,0.0,3.0,2014-01-23,True
4383,1723,3851,2255,117,2014-01-30,550,37.09,20397.3,550.0,0.0,550.0,2014-01-23,True
4384,1724,3852,2256,118,2014-01-30,550,26.6,14628.08,550.0,0.0,550.0,2014-01-23,True
4385,1725,3853,2257,188,2014-01-30,550,27.06,14882.18,550.0,0.0,550.0,2014-01-23,True
4386,1725,3854,2257,189,2014-01-30,550,33.58,18468.45,523.0,0.0,523.0,2014-01-23,True
4387,1725,3855,2257,190,2014-01-30,550,46.06,25334.93,550.0,0.0,550.0,2014-01-23,True
4388,1726,3856,2258,212,2014-01-30,3,47.47,142.41,3.0,0.0,3.0,2014-01-23,True
4389,1726,3857,2258,213,2014-01-30,3,45.37,136.11,3.0,0.0,3.0,2014-01-23,True
4390,1726,3858,2258,214,2014-01-30,3,49.64,148.93,3.0,0.0,3.0,2014-01-23,True
4391,1726,3859,2258,215,2014-01-30,3,45.37,136.11,3.0,0.0,3.0,2014-01-23,True
4392,1727,3860,2259,86,2014-01-30,3,47.6,142.79,3.0,0.0,3.0,2014-01-23,True
4393,1727,3861,2259,87,2014-01-30,3,43.32,129.97,3.0,0.0,3.0,2014-01-23,True
4394,1727,3862,2259,88,2014-01-30,3,41.22,123.67,3.0,0.0,3.0,2014-01-23,True
4395,1727,3863,2259,89,2014-01-30,3,45.5,136.49,3.0,0.0,3.0,2014-01-23,True
4396,1727,3864,2259,90,2014-01-30,3,41.22,123.67,3.0,0.0,3.0,2014-01-23,True
4397,1727,3865,2259,91,2014-01-30,3,39.12,117.37,3.0,0.0,3.0,2014-01-23,True
4398,1728,3866,2260,191,2014-01-30,3,47.47,142.41,3.0,0.0,3.0,2014-01-23,True
4399,1728,3867,2260,192,2014-01-30,3,42.8,128.39,3.0,0.0,3.0,2014-01-23,True
4400,1728,3868,2260,193,2014-01-30,60,25.42,1525.23,60.0,0.0,60.0,2014-01-23,True
4401,1729,3869,2261,69,2014-01-31,3,47.75,143.26,3.0,0.0,3.0,2014-01-24,True
4402,1729,3870,2261,68,2014-01-31,3,43.48,130.44,3.0,0.0,3.0,2014-01-24,True
4403,1729,3871,2261,67,2014-01-31,3,41.38,124.14,3.0,0.0,3.0,2014-01-24,True
4404,1729,3872,2261,66,2014-01-31,3,45.65,136.96,3.0,0.0,3.0,2014-01-24,True
4405,1729,3873,2261,65,2014-01-31,3,41.38,124.14,3.0,0.0,3.0,2014-01-24,True
4406,1730,3874,2262,6,2014-01-31,550,62.99,34644.23,550.0,0.0,550.0,2014-01-24,True
4407,1731,3875,2263,193,2014-01-31,60,26.37,1581.93,60.0,0.0,60.0,2014-01-24,True
4408,1732,3876,2264,121,2014-01-31,3,48.76,146.29,3.0,0.0,3.0,2014-01-24,True
4409,1733,3877,2265,156,2014-01-31,3,34.19,102.56,3.0,0.0,3.0,2014-01-24,True
4410,1734,3878,2266,194,2014-01-31,3,50.26,150.79,3.0,0.0,3.0,2014-01-24,True
4411,1735,3879,2267,119,2014-01-31,550,10.73,5902.05,550.0,0.0,550.0,2014-01-24,True
4412,1735,3880,2267,120,2014-01-31,550,14.12,7767.38,523.0,0.0,523.0,2014-01-24,True
4413,1736,3881,2268,151,2014-01-31,60,50.26,3015.81,51.0,0.0,51.0,2014-01-24,True
4414,1736,3882,2268,152,2014-01-31,60,57.15,3429.09,60.0,0.0,60.0,2014-01-24,True
4415,1736,3883,2268,153,2014-01-31,60,53.2,3192.21,60.0,0.0,60.0,2014-01-24,True
4416,1736,3884,2268,154,2014-01-31,60,63.69,3821.58,60.0,0.0,60.0,2014-01-24,True
4417,1737,3885,2269,440,2014-01-31,550,21.09,11601.98,550.0,0.0,550.0,2014-01-24,True
4418,1737,3886,2269,437,2014-01-31,550,30.44,16741.73,550.0,0.0,550.0,2014-01-24,True
4419,1737,3887,2269,434,2014-01-31,550,40.94,22516.73,550.0,0.0,550.0,2014-01-24,True
4420,1737,3888,2269,441,2014-01-31,550,21.09,11601.98,550.0,0.0,550.0,2014-01-24,True
4421,1737,3889,2269,438,2014-01-31,550,30.44,16741.73,550.0,0.0,550.0,2014-01-24,True
4422,1737,3890,2269,435,2014-01-31,550,40.94,22516.73,550.0,0.0,550.0,2014-01-24,True
4423,1738,3891,2270,111,2014-01-31,60,9.2,551.88,60.0,0.0,60.0,2014-01-24,True
4424,1739,3892,2271,162,2014-01-31,550,5.78,3176.25,550.0,0.0,550.0,2014-01-24,True
4425,1739,3893,2271,163,2014-01-31,550,1.16,635.25,550.0,0.0,550.0,2014-01-24,True
4426,1739,3894,2271,132,2014-01-31,550,5.78,3176.25,550.0,0.0,550.0,2014-01-24,True
4427,1740,3895,2272,112,2014-01-31,550,23.39,12866.7,550.0,0.0,550.0,2014-01-24,True
4428,1740,3896,2272,113,2014-01-31,550,27.65,15205.58,550.0,55.0,495.0,2014-01-24,True
4429,1741,3897,2273,131,2014-01-31,550,3.49,1917.3,550.0,0.0,550.0,2014-01-24,True
4430,1742,3898,2274,162,2014-01-31,550,6.2,3407.25,550.0,82.0,468.0,2014-01-24,True
4431,1742,3899,2274,163,2014-01-31,550,1.47,808.5,550.0,0.0,550.0,2014-01-24,True
4432,1743,3900,2275,112,2014-01-31,550,22.17,12191.03,550.0,0.0,550.0,2014-01-24,True
4433,1743,3901,2275,113,2014-01-31,550,29.28,16106.48,550.0,0.0,550.0,2014-01-24,True
4434,1744,3902,2276,150,2014-01-31,3,19.98,59.94,3.0,0.0,3.0,2014-01-24,True
4435,1745,3903,2277,208,2014-02-03,3,36.97,110.91,3.0,0.0,3.0,2014-01-27,True
4436,1745,3904,2277,170,2014-02-03,3,41.24,123.73,3.0,0.0,3.0,2014-01-27,True
4437,1745,3905,2277,158,2014-02-03,3,36.97,110.91,3.0,0.0,3.0,2014-01-27,True
4438,1745,3906,2277,159,2014-02-03,3,34.87,104.61,3.0,0.0,3.0,2014-01-27,True
4439,1745,3907,2277,160,2014-02-03,3,39.14,117.43,3.0,0.0,3.0,2014-01-27,True
4440,1746,3908,2278,9,2014-02-03,550,31.49,17319.23,468.0,0.0,468.0,2014-01-27,True
4441,1746,3909,2278,7,2014-02-03,550,48.29,26559.23,550.0,0.0,550.0,2014-01-27,True
4442,1747,3910,2279,236,2014-02-03,3,43.34,130.03,3.0,0.0,3.0,2014-01-27,True
4443,1747,3911,2279,237,2014-02-03,3,39.07,117.21,3.0,0.0,3.0,2014-01-27,True
4444,1747,3912,2279,238,2014-02-03,3,36.97,110.91,3.0,0.0,3.0,2014-01-27,True
4445,1747,3913,2279,239,2014-02-03,3,41.24,123.73,3.0,0.0,3.0,2014-01-27,True
4446,1747,3914,2279,240,2014-02-03,3,36.97,110.91,3.0,0.0,3.0,2014-01-27,True
4447,1747,3915,2279,241,2014-02-03,3,43.22,129.65,3.0,0.0,3.0,2014-01-27,True
4448,1748,3916,2280,140,2014-02-03,550,11.09,6098.4,550.0,0.0,550.0,2014-01-27,True
4449,1748,3917,2280,141,2014-02-03,550,8.76,4816.35,550.0,0.0,550.0,2014-01-27,True
4450,1748,3918,2280,142,2014-02-03,550,9.69,5330.33,550.0,0.0,550.0,2014-01-27,True
4451,1748,3919,2280,143,2014-02-03,550,6.88,3782.63,550.0,0.0,550.0,2014-01-27,True
4452,1748,3920,2280,144,2014-02-03,550,7.8,4290.83,550.0,0.0,550.0,2014-01-27,True
4453,1749,3921,2281,211,2014-02-03,3,47.47,142.41,3.0,0.0,3.0,2014-01-27,True
4454,1750,3922,2282,115,2014-02-03,550,23.08,12693.45,550.0,0.0,550.0,2014-01-27,True
4455,1750,3923,2282,116,2014-02-03,550,29.27,16100.7,550.0,55.0,495.0,2014-01-27,True
4456,1750,3924,2282,117,2014-02-03,550,34.98,19236.53,550.0,0.0,550.0,2014-01-27,True
4457,1751,3925,2283,442,2014-02-03,550,21.09,11601.98,550.0,0.0,550.0,2014-01-27,True
4458,1751,3926,2283,439,2014-02-03,550,30.44,16741.73,550.0,0.0,550.0,2014-01-27,True
4459,1751,3927,2283,436,2014-02-03,550,40.94,22516.73,550.0,27.0,523.0,2014-01-27,True
4460,1752,3928,2284,109,2014-02-03,550,2.32,1276.28,550.0,82.0,468.0,2014-01-27,True
4461,1753,3929,2285,122,2014-02-03,550,3.64,2003.93,550.0,0.0,550.0,2014-01-27,True
4462,1754,3930,2286,440,2014-02-03,550,21.09,11601.98,550.0,0.0,550.0,2014-01-27,True
4463,1754,3931,2286,437,2014-02-03,550,30.44,16741.73,550.0,0.0,550.0,2014-01-27,True
4464,1755,3932,2287,165,2014-02-03,60,3.6,216.09,60.0,0.0,60.0,2014-01-27,True
4465,1755,3933,2287,166,2014-02-03,60,3.98,238.77,57.0,0.0,57.0,2014-01-27,True
4466,1756,3934,2288,9,2014-02-03,550,31.49,17319.23,468.0,0.0,468.0,2014-01-27,True
4467,1756,3935,2288,7,2014-02-03,550,48.29,26559.23,550.0,0.0,550.0,2014-01-27,True
4468,1757,3936,2289,120,2014-02-03,550,12.97,7132.13,550.0,0.0,550.0,2014-01-27,True
4469,1758,3937,2290,441,2014-02-03,550,21.09,11601.98,550.0,0.0,550.0,2014-01-27,True
4470,1758,3938,2290,438,2014-02-03,550,30.44,16741.73,550.0,0.0,550.0,2014-01-27,True
4471,1759,3939,2291,434,2014-02-03,550,40.94,22516.73,550.0,0.0,550.0,2014-01-27,True
4472,1760,3940,2292,4,2014-02-03,550,62.99,34644.23,550.0,0.0,550.0,2014-01-27,True
4473,1761,3941,2293,81,2014-02-04,3,41.22,123.67,3.0,0.0,3.0,2014-01-28,True
4474,1761,3942,2293,82,2014-02-04,3,45.5,136.49,3.0,0.0,3.0,2014-01-28,True
4475,1761,3943,2293,83,2014-02-04,3,41.22,123.67,3.0,0.0,3.0,2014-01-28,True
4476,1761,3944,2293,84,2014-02-04,3,39.12,117.37,3.0,0.0,3.0,2014-01-28,True
4477,1762,3945,2294,73,2014-02-04,3,47.68,143.04,3.0,0.0,3.0,2014-01-28,True
4478,1763,3946,2295,115,2014-02-04,550,23.4,12872.48,550.0,0.0,550.0,2014-01-28,True
4479,1763,3947,2295,116,2014-02-04,550,27.87,15326.85,550.0,0.0,550.0,2014-01-28,True
4480,1764,3948,2296,123,2014-02-04,550,6.75,3713.33,550.0,0.0,550.0,2014-01-28,True
4481,1765,3949,2297,10,2014-02-04,550,31.49,17319.23,550.0,0.0,550.0,2014-01-28,True
4482,1765,3950,2297,8,2014-02-04,550,48.29,26559.23,523.0,0.0,523.0,2014-01-28,True
4483,1765,3951,2297,114,2014-02-04,550,36.28,19952.63,550.0,0.0,550.0,2014-01-28,True
4484,1766,3952,2298,151,2014-02-04,60,50.75,3044.79,51.0,0.0,51.0,2014-01-28,True
4485,1766,3953,2298,152,2014-02-04,60,58.26,3495.87,60.0,0.0,60.0,2014-01-28,True
4486,1766,3954,2298,153,2014-02-04,60,50.75,3044.79,60.0,0.0,60.0,2014-01-28,True
4487,1766,3955,2298,154,2014-02-04,60,62.93,3775.59,60.0,0.0,60.0,2014-01-28,True
4488,1767,3956,2299,119,2014-02-04,550,10.38,5711.48,550.0,0.0,550.0,2014-01-28,True
4489,1768,3957,2300,231,2014-02-04,3,47.68,143.04,3.0,0.0,3.0,2014-01-28,True
4490,1768,3958,2300,232,2014-02-04,3,45.58,136.74,3.0,0.0,3.0,2014-01-28,True
4491,1768,3959,2300,233,2014-02-04,3,49.85,149.56,3.0,0.0,3.0,2014-01-28,True
4492,1768,3960,2300,234,2014-02-04,3,45.58,136.74,3.0,0.0,3.0,2014-01-28,True
4493,1768,3961,2300,138,2014-02-04,3,43.48,130.44,3.0,0.0,3.0,2014-01-28,True
4494,1769,3962,2301,149,2014-02-04,3,12.72,38.15,3.0,0.0,3.0,2014-01-28,True
4495,1769,3963,2301,150,2014-02-04,3,19.94,59.82,3.0,0.0,3.0,2014-01-28,True
4496,1770,3964,2302,124,2014-02-04,3,38.16,114.47,3.0,0.0,3.0,2014-01-28,True
4497,1771,3965,2303,110,2014-02-04,3,44.22,132.65,3.0,0.0,3.0,2014-01-28,True
4498,1772,3966,2304,10,2014-02-04,550,31.49,17319.23,550.0,82.0,468.0,2014-01-28,True
4499,1772,3967,2304,8,2014-02-04,550,48.29,26559.23,550.0,0.0,550.0,2014-01-28,True
4500,1773,3968,2305,167,2014-02-04,60,6.98,418.95,60.0,0.0,60.0,2014-01-28,True
4501,1774,3969,2306,236,2014-02-04,3,43.27,129.81,3.0,0.0,3.0,2014-01-28,True
4502,1774,3970,2306,237,2014-02-04,3,47.54,142.63,3.0,0.0,3.0,2014-01-28,True
4503,1775,3971,2307,165,2014-02-04,60,3.38,202.86,60.0,0.0,60.0,2014-01-28,True
4504,1775,3972,2307,166,2014-02-04,60,4.32,258.93,57.0,0.0,57.0,2014-01-28,True
4505,1776,3973,2308,236,2014-02-04,3,43.27,129.81,3.0,0.0,3.0,2014-01-28,True
4506,1776,3974,2308,237,2014-02-04,3,41.17,123.51,3.0,0.0,3.0,2014-01-28,True
4507,1776,3975,2308,238,2014-02-04,3,45.44,136.33,3.0,0.0,3.0,2014-01-28,True
4508,1776,3976,2308,239,2014-02-04,3,41.17,123.51,3.0,0.0,3.0,2014-01-28,True
4509,1777,3977,2309,149,2014-02-05,3,12.36,37.08,3.0,0.0,3.0,2014-01-29,True
4510,1778,3978,2310,118,2014-02-05,550,39.2,21558.08,550.0,0.0,550.0,2014-01-29,True
4511,1779,3979,2311,226,2014-02-05,3,43.38,130.13,3.0,0.0,3.0,2014-01-29,True
4512,1779,3980,2311,227,2014-02-05,3,47.65,142.95,3.0,0.0,3.0,2014-01-29,True
4513,1779,3981,2311,228,2014-02-05,3,43.38,130.13,3.0,0.0,3.0,2014-01-29,True
4514,1779,3982,2311,229,2014-02-05,3,41.28,123.83,3.0,0.0,3.0,2014-01-29,True
4515,1779,3983,2311,230,2014-02-05,3,45.55,136.65,3.0,0.0,3.0,2014-01-29,True
4516,1780,3984,2312,500,2014-02-05,550,34.87,19178.78,550.0,0.0,550.0,2014-01-29,True
4517,1780,3985,2312,499,2014-02-05,550,39.76,21869.93,550.0,55.0,495.0,2014-01-29,True
4518,1780,3986,2312,495,2014-02-05,550,43.98,24191.48,550.0,0.0,550.0,2014-01-29,True
4519,1781,3987,2313,88,2014-02-05,3,41.38,124.14,3.0,0.0,3.0,2014-01-29,True
4520,1781,3988,2313,89,2014-02-05,3,45.65,136.96,3.0,0.0,3.0,2014-01-29,True
4521,1781,3989,2313,90,2014-02-05,3,41.38,124.14,3.0,0.0,3.0,2014-01-29,True
4522,1781,3990,2313,91,2014-02-05,3,39.28,117.84,3.0,0.0,3.0,2014-01-29,True
4523,1782,3991,2314,170,2014-02-05,3,47.65,142.95,3.0,0.0,3.0,2014-01-29,True
4524,1782,3992,2314,158,2014-02-05,3,43.38,130.13,3.0,0.0,3.0,2014-01-29,True
4525,1783,3993,2315,500,2014-02-05,550,34.35,18890.03,550.0,0.0,550.0,2014-01-29,True
4526,1783,3994,2315,499,2014-02-05,550,39.24,21581.18,550.0,0.0,550.0,2014-01-29,True
4527,1784,3995,2316,204,2014-02-05,3,47.47,142.41,3.0,0.0,3.0,2014-01-29,True
4528,1784,3996,2316,205,2014-02-05,3,45.37,136.11,3.0,0.0,3.0,2014-01-29,True
4529,1785,3997,2317,498,2014-02-05,550,32.77,18023.78,550.0,0.0,550.0,2014-01-29,True
4530,1785,3998,2317,496,2014-02-05,550,37.09,20397.3,523.0,0.0,523.0,2014-01-29,True
4531,1785,3999,2317,494,2014-02-05,550,43.04,23671.73,550.0,0.0,550.0,2014-01-29,True
4532,1786,4000,2318,203,2014-02-05,550,10.82,5948.25,468.0,0.0,468.0,2014-01-29,True
4533,1787,4001,2319,447,2014-02-05,550,82.83,45558.98,550.0,0.0,550.0,2014-01-29,True
4534,1787,4002,2319,446,2014-02-05,550,82.83,45558.98,550.0,0.0,550.0,2014-01-29,True
4535,1788,4003,2320,183,2014-02-05,1250,0.21,262.5,1250.0,0.0,1250.0,2014-01-29,True
4536,1788,4004,2320,197,2014-02-05,1250,0.21,262.5,1250.0,0.0,1250.0,2014-01-29,True
4537,1789,4005,2321,191,2014-02-06,3,49.64,148.93,3.0,0.0,3.0,2014-01-30,True
4538,1789,4006,2321,192,2014-02-06,3,44.32,132.96,3.0,0.0,3.0,2014-01-30,True
4539,1789,4007,2321,193,2014-02-06,60,28.7,1721.79,60.0,0.0,60.0,2014-01-30,True
4540,1790,4008,2322,494,2014-02-06,550,42.51,23382.98,550.0,0.0,550.0,2014-01-30,True
4541,1790,4009,2322,501,2014-02-06,550,5.59,3072.3,550.0,55.0,495.0,2014-01-30,True
4542,1791,4010,2323,493,2014-02-06,60,15.74,944.37,60.0,0.0,60.0,2014-01-30,True
4543,1792,4011,2324,495,2014-02-06,550,43.46,23902.73,550.0,82.0,468.0,2014-01-30,True
4544,1792,4012,2324,497,2014-02-06,550,37.62,20691.83,550.0,0.0,550.0,2014-01-30,True
4545,1793,4013,2325,190,2014-02-06,550,48.58,26720.93,550.0,0.0,550.0,2014-01-30,True
4546,1794,4014,2326,498,2014-02-06,550,32.25,17735.03,550.0,0.0,550.0,2014-01-30,True
4547,1794,4015,2326,496,2014-02-06,550,36.56,20108.55,550.0,0.0,550.0,2014-01-30,True
4548,1795,4016,2327,190,2014-02-06,550,46.42,25531.28,550.0,0.0,550.0,2014-01-30,True
4549,1796,4017,2328,179,2014-02-06,3,43.4,130.19,3.0,0.0,3.0,2014-01-30,True
4550,1796,4018,2328,180,2014-02-06,3,39.12,117.37,3.0,0.0,3.0,2014-01-30,True
4551,1796,4019,2328,181,2014-02-06,3,37.02,111.07,3.0,0.0,3.0,2014-01-30,True
4552,1796,4020,2328,182,2014-02-06,3,41.3,123.89,3.0,0.0,3.0,2014-01-30,True
4553,1797,4021,2329,184,2014-02-06,3,41.92,125.75,3.0,0.0,3.0,2014-01-30,True
4554,1798,4022,2330,248,2014-02-06,3,50.26,150.79,3.0,0.0,3.0,2014-01-30,True
4555,1799,4023,2331,182,2014-02-06,3,41.45,124.36,3.0,0.0,3.0,2014-01-30,True
4556,1799,4024,2331,196,2014-02-06,3,37.18,111.54,3.0,0.0,3.0,2014-01-30,True
4557,1800,4025,2332,126,2014-02-06,550,16.09,8847.3,550.0,0.0,550.0,2014-01-30,True
4558,1801,4026,2333,186,2014-02-06,3,57.03,171.08,3.0,0.0,3.0,2014-01-30,True
4559,1802,4027,2334,117,2014-02-06,550,37.09,20397.3,550.0,82.0,468.0,2014-01-30,True
4560,1803,4028,2335,118,2014-02-06,550,26.6,14628.08,550.0,0.0,550.0,2014-01-30,True
4561,1804,4029,2336,188,2014-02-06,550,27.06,14882.18,550.0,550.0,0.0,2014-01-30,True
4562,1804,4030,2336,189,2014-02-06,550,33.58,18468.45,550.0,550.0,0.0,2014-01-30,True
4563,1805,4031,2337,216,2014-02-07,3,43.27,129.81,3.0,0.0,3.0,2014-01-31,True
4564,1805,4032,2337,217,2014-02-07,3,47.54,142.63,3.0,0.0,3.0,2014-01-31,True
4565,1805,4033,2337,218,2014-02-07,3,43.27,129.81,3.0,0.0,3.0,2014-01-31,True
4566,1805,4034,2337,219,2014-02-07,3,41.17,123.51,3.0,0.0,3.0,2014-01-31,True
4567,1805,4035,2337,220,2014-02-07,3,45.44,136.33,3.0,0.0,3.0,2014-01-31,True
4568,1805,4036,2337,221,2014-02-07,3,41.17,123.51,3.0,0.0,3.0,2014-01-31,True
4569,1805,4037,2337,209,2014-02-07,3,39.07,117.21,3.0,0.0,3.0,2014-01-31,True
4570,1805,4038,2337,223,2014-02-07,3,43.34,130.03,3.0,0.0,3.0,2014-01-31,True
4571,1805,4039,2337,224,2014-02-07,3,39.07,117.21,3.0,0.0,3.0,2014-01-31,True
4572,1805,4040,2337,225,2014-02-07,3,36.97,110.91,3.0,0.0,3.0,2014-01-31,True
4573,1805,4041,2337,226,2014-02-07,3,41.24,123.73,3.0,0.0,3.0,2014-01-31,True
4574,1805,4042,2337,227,2014-02-07,3,36.97,110.91,3.0,0.0,3.0,2014-01-31,True
4575,1805,4043,2337,228,2014-02-07,3,34.87,104.61,3.0,0.0,3.0,2014-01-31,True
4576,1805,4044,2337,229,2014-02-07,3,39.14,117.43,3.0,0.0,3.0,2014-01-31,True
4577,1805,4045,2337,230,2014-02-07,3,47.58,142.73,3.0,0.0,3.0,2014-01-31,True
4578,1806,4046,2338,92,2014-02-07,3,43.4,130.19,3.0,0.0,3.0,2014-01-31,True
4579,1806,4047,2338,93,2014-02-07,3,39.12,117.37,3.0,0.0,3.0,2014-01-31,True
4580,1806,4048,2338,94,2014-02-07,3,37.02,111.07,3.0,0.0,3.0,2014-01-31,True
4581,1806,4049,2338,95,2014-02-07,3,41.3,123.89,3.0,0.0,3.0,2014-01-31,True
4582,1807,4050,2339,191,2014-02-07,3,47.47,142.41,3.0,0.0,3.0,2014-01-31,True
4583,1807,4051,2339,192,2014-02-07,3,42.8,128.39,3.0,0.0,3.0,2014-01-31,True
4584,1807,4052,2339,193,2014-02-07,60,25.42,1525.23,60.0,0.0,60.0,2014-01-31,True
4585,1808,4053,2340,64,2014-02-07,3,39.28,117.84,3.0,0.0,3.0,2014-01-31,True
4586,1808,4054,2340,63,2014-02-07,3,43.55,130.66,3.0,0.0,3.0,2014-01-31,True
4587,1808,4055,2340,61,2014-02-07,3,39.28,117.84,3.0,0.0,3.0,2014-01-31,True
4588,1808,4056,2340,71,2014-02-07,3,37.18,111.54,3.0,0.0,3.0,2014-01-31,True
4589,1808,4057,2340,72,2014-02-07,3,41.45,124.36,3.0,0.0,3.0,2014-01-31,True
4590,1809,4058,2341,6,2014-02-07,550,62.99,34644.23,550.0,0.0,550.0,2014-01-31,True
4591,1810,4059,2342,191,2014-02-07,3,45.37,136.11,3.0,0.0,3.0,2014-01-31,True
4592,1810,4060,2342,192,2014-02-07,3,40.49,121.46,3.0,0.0,3.0,2014-01-31,True
4593,1810,4061,2342,193,2014-02-07,60,26.37,1581.93,60.0,0.0,60.0,2014-01-31,True
4594,1811,4062,2343,121,2014-02-07,3,48.76,146.29,3.0,0.0,3.0,2014-01-31,True
4595,1812,4063,2344,156,2014-02-07,3,34.19,102.56,3.0,0.0,3.0,2014-01-31,True
4596,1813,4064,2345,194,2014-02-07,3,50.26,150.79,3.0,0.0,3.0,2014-01-31,True
4597,1814,4065,2346,119,2014-02-07,550,10.73,5902.05,550.0,0.0,550.0,2014-01-31,True
4598,1814,4066,2346,120,2014-02-07,550,14.12,7767.38,550.0,0.0,550.0,2014-01-31,True
4599,1815,4067,2347,155,2014-02-07,60,48.91,2934.54,60.0,0.0,60.0,2014-01-31,True
4600,1816,4068,2348,442,2014-02-07,550,21.09,11601.98,468.0,0.0,468.0,2014-01-31,True
4601,1816,4069,2348,439,2014-02-07,550,30.44,16741.73,550.0,0.0,550.0,2014-01-31,True
4602,1816,4070,2348,436,2014-02-07,550,40.94,22516.73,550.0,0.0,550.0,2014-01-31,True
4603,1817,4071,2349,111,2014-02-10,60,9.2,551.88,60.0,0.0,60.0,2014-02-03,True
4604,1818,4072,2350,162,2014-02-10,550,5.78,3176.25,550.0,0.0,550.0,2014-02-03,True
4605,1818,4073,2350,163,2014-02-10,550,1.16,635.25,550.0,0.0,550.0,2014-02-03,True
4606,1818,4074,2350,132,2014-02-10,550,5.78,3176.25,550.0,0.0,550.0,2014-02-03,True
4607,1819,4075,2351,112,2014-02-10,550,23.39,12866.7,550.0,0.0,550.0,2014-02-03,True
4608,1819,4076,2351,113,2014-02-10,550,27.65,15205.58,550.0,0.0,550.0,2014-02-03,True
4609,1820,4077,2352,164,2014-02-10,550,1.37,750.75,550.0,0.0,550.0,2014-02-03,True
4610,1820,4078,2352,5,2014-02-10,550,62.99,34644.23,550.0,55.0,495.0,2014-02-03,True
4611,1820,4079,2352,131,2014-02-10,550,3.49,1917.3,550.0,0.0,550.0,2014-02-03,True
4612,1821,4080,2353,132,2014-02-10,550,6.2,3407.25,550.0,0.0,550.0,2014-02-03,True
4613,1822,4081,2354,112,2014-02-10,550,22.17,12191.03,550.0,82.0,468.0,2014-02-03,True
4614,1822,4082,2354,113,2014-02-10,550,29.28,16106.48,550.0,0.0,550.0,2014-02-03,True
4615,1823,4083,2355,150,2014-02-10,3,19.98,59.94,3.0,0.0,3.0,2014-02-03,True
4616,1824,4084,2356,204,2014-02-10,3,41.17,123.51,3.0,0.0,3.0,2014-02-03,True
4617,1824,4085,2356,205,2014-02-10,3,39.07,117.21,3.0,0.0,3.0,2014-02-03,True
4618,1825,4086,2357,9,2014-02-10,550,31.49,17319.23,550.0,0.0,550.0,2014-02-03,True
4619,1825,4087,2357,7,2014-02-10,550,48.29,26559.23,523.0,0.0,523.0,2014-02-03,True
4620,1826,4088,2358,242,2014-02-10,3,47.49,142.47,3.0,0.0,3.0,2014-02-03,True
4621,1826,4089,2358,243,2014-02-10,3,43.27,129.81,3.0,0.0,3.0,2014-02-03,True
4622,1826,4090,2358,244,2014-02-10,3,47.54,142.63,3.0,0.0,3.0,2014-02-03,True
4623,1826,4091,2358,245,2014-02-10,3,43.27,129.81,3.0,0.0,3.0,2014-02-03,True
4624,1827,4092,2359,133,2014-02-10,550,8.76,4816.35,550.0,0.0,550.0,2014-02-03,True
4625,1827,4093,2359,146,2014-02-10,550,5.81,3193.58,550.0,0.0,550.0,2014-02-03,True
4626,1827,4094,2359,147,2014-02-10,550,8.86,4874.1,550.0,0.0,550.0,2014-02-03,True
4627,1827,4095,2359,148,2014-02-10,550,10.47,5757.68,550.0,0.0,550.0,2014-02-03,True
4628,1828,4096,2360,211,2014-02-10,3,47.47,142.41,3.0,0.0,3.0,2014-02-03,True
4629,1829,4097,2361,115,2014-02-10,550,23.08,12693.45,550.0,0.0,550.0,2014-02-03,True
4630,1829,4098,2361,116,2014-02-10,550,29.27,16100.7,550.0,0.0,550.0,2014-02-03,True
4631,1829,4099,2361,117,2014-02-10,550,34.98,19236.53,550.0,0.0,550.0,2014-02-03,True
4632,1830,4100,2362,212,2014-02-10,3,45.37,136.11,3.0,0.0,3.0,2014-02-03,True
4633,1830,4101,2362,213,2014-02-10,3,49.64,148.93,3.0,0.0,3.0,2014-02-03,True
4634,1830,4102,2362,214,2014-02-10,3,45.37,136.11,3.0,0.0,3.0,2014-02-03,True
4635,1831,4103,2363,109,2014-02-10,550,2.32,1276.28,550.0,0.0,550.0,2014-02-03,True
4636,1832,4104,2364,122,2014-02-10,550,3.64,2003.93,550.0,82.0,468.0,2014-02-03,True
4637,1833,4105,2365,435,2014-02-11,550,40.94,22516.73,550.0,0.0,550.0,2014-02-04,True
4638,1834,4106,2366,165,2014-02-11,60,3.6,216.09,60.0,0.0,60.0,2014-02-04,True
4639,1834,4107,2366,166,2014-02-11,60,3.98,238.77,60.0,0.0,60.0,2014-02-04,True
4640,1835,4108,2367,9,2014-02-11,550,31.49,17319.23,550.0,0.0,550.0,2014-02-04,True
4641,1835,4109,2367,7,2014-02-11,550,48.29,26559.23,523.0,0.0,523.0,2014-02-04,True
4642,1836,4110,2368,120,2014-02-11,550,12.97,7132.13,468.0,0.0,468.0,2014-02-04,True
4643,1837,4111,2369,441,2014-02-11,550,21.09,11601.98,550.0,0.0,550.0,2014-02-04,True
4644,1837,4112,2369,438,2014-02-11,550,30.44,16741.73,550.0,0.0,550.0,2014-02-04,True
4645,1838,4113,2370,434,2014-02-11,550,40.94,22516.73,550.0,0.0,550.0,2014-02-04,True
4646,1839,4114,2371,4,2014-02-11,550,62.99,34644.23,550.0,0.0,550.0,2014-02-04,True
4647,1840,4115,2372,145,2014-02-11,3,43.4,130.19,3.0,0.0,3.0,2014-02-04,True
4648,1840,4116,2372,134,2014-02-11,3,39.12,117.37,3.0,0.0,3.0,2014-02-04,True
4649,1841,4117,2373,73,2014-02-12,3,47.68,143.04,3.0,0.0,3.0,2014-02-05,True
4650,1842,4118,2374,115,2014-02-12,550,23.4,12872.48,550.0,82.0,468.0,2014-02-05,True
4651,1842,4119,2374,116,2014-02-12,550,27.87,15326.85,550.0,0.0,550.0,2014-02-05,True
4652,1843,4120,2375,123,2014-02-12,550,6.75,3713.33,550.0,0.0,550.0,2014-02-05,True
4653,1844,4121,2376,10,2014-02-12,550,31.49,17319.23,550.0,0.0,550.0,2014-02-05,True
4654,1844,4122,2376,8,2014-02-12,550,48.29,26559.23,550.0,0.0,550.0,2014-02-05,True
4655,1845,4123,2377,155,2014-02-12,60,49.65,2979.27,60.0,0.0,60.0,2014-02-05,True
4656,1846,4124,2378,119,2014-02-12,550,10.38,5711.48,468.0,0.0,468.0,2014-02-05,True
4657,1847,4125,2379,86,2014-02-12,3,47.75,143.26,3.0,0.0,3.0,2014-02-05,True
4658,1847,4126,2379,87,2014-02-12,3,43.48,130.44,3.0,0.0,3.0,2014-02-05,True
4659,1847,4127,2379,88,2014-02-12,3,41.38,124.14,3.0,0.0,3.0,2014-02-05,True
4660,1847,4128,2379,89,2014-02-12,3,45.65,136.96,3.0,0.0,3.0,2014-02-05,True
4661,1847,4129,2379,90,2014-02-12,3,41.38,124.14,3.0,0.0,3.0,2014-02-05,True
4662,1847,4130,2379,91,2014-02-12,3,39.28,117.84,3.0,0.0,3.0,2014-02-05,True
4663,1848,4131,2380,149,2014-02-12,3,12.72,38.15,3.0,0.0,3.0,2014-02-05,True
4664,1848,4132,2380,150,2014-02-12,3,19.94,59.82,3.0,0.0,3.0,2014-02-05,True
4665,1849,4133,2381,124,2014-02-12,3,38.16,114.47,3.0,0.0,3.0,2014-02-05,True
4666,1850,4134,2382,110,2014-02-12,3,44.22,132.65,3.0,0.0,3.0,2014-02-05,True
4667,1851,4135,2383,10,2014-02-12,550,31.49,17319.23,550.0,0.0,550.0,2014-02-05,True
4668,1851,4136,2383,8,2014-02-12,550,48.29,26559.23,550.0,0.0,550.0,2014-02-05,True
4669,1852,4137,2384,167,2014-02-12,60,6.98,418.95,60.0,9.0,51.0,2014-02-05,True
4670,1853,4138,2385,238,2014-02-12,3,43.27,129.81,3.0,0.0,3.0,2014-02-05,True
4671,1853,4139,2385,239,2014-02-12,3,41.17,123.51,3.0,0.0,3.0,2014-02-05,True
4672,1853,4140,2385,240,2014-02-12,3,45.44,136.33,3.0,0.0,3.0,2014-02-05,True
4673,1854,4141,2386,165,2014-02-12,60,3.38,202.86,60.0,0.0,60.0,2014-02-05,True
4674,1854,4142,2386,166,2014-02-12,60,4.32,258.93,60.0,0.0,60.0,2014-02-05,True
4675,1855,4143,2387,240,2014-02-12,3,39.07,117.21,3.0,0.0,3.0,2014-02-05,True
4676,1855,4144,2387,241,2014-02-12,3,43.34,130.03,3.0,0.0,3.0,2014-02-05,True
4677,1855,4145,2387,242,2014-02-12,3,39.07,117.21,3.0,0.0,3.0,2014-02-05,True
4678,1855,4146,2387,243,2014-02-12,3,36.97,110.91,3.0,0.0,3.0,2014-02-05,True
4679,1855,4147,2387,244,2014-02-12,3,41.24,123.73,3.0,0.0,3.0,2014-02-05,True
4680,1855,4148,2387,245,2014-02-12,3,36.97,110.91,3.0,0.0,3.0,2014-02-05,True
4681,1855,4149,2387,246,2014-02-12,3,43.22,129.65,3.0,0.0,3.0,2014-02-05,True
4682,1855,4150,2387,247,2014-02-12,3,47.49,142.47,3.0,0.0,3.0,2014-02-05,True
4683,1855,4151,2387,235,2014-02-12,3,43.27,129.81,3.0,0.0,3.0,2014-02-05,True
4684,1855,4152,2387,249,2014-02-12,3,47.54,142.63,3.0,0.0,3.0,2014-02-05,True
4685,1855,4153,2387,250,2014-02-12,3,43.27,129.81,3.0,0.0,3.0,2014-02-05,True
4686,1855,4154,2387,251,2014-02-12,3,41.17,123.51,3.0,0.0,3.0,2014-02-05,True
4687,1855,4155,2387,252,2014-02-12,3,45.44,136.33,3.0,0.0,3.0,2014-02-05,True
4688,1855,4156,2387,253,2014-02-12,3,41.17,123.51,3.0,0.0,3.0,2014-02-05,True
4689,1855,4157,2387,254,2014-02-12,3,39.07,117.21,3.0,0.0,3.0,2014-02-05,True
4690,1855,4158,2387,255,2014-02-12,3,43.34,130.03,3.0,0.0,3.0,2014-02-05,True
4691,1855,4159,2387,256,2014-02-12,3,39.07,117.21,3.0,0.0,3.0,2014-02-05,True
4692,1855,4160,2387,301,2014-02-12,3,36.97,110.91,3.0,0.0,3.0,2014-02-05,True
4693,1855,4161,2387,302,2014-02-12,3,41.24,123.73,3.0,0.0,3.0,2014-02-05,True
4694,1856,4162,2388,149,2014-02-12,3,12.36,37.08,3.0,0.0,3.0,2014-02-05,True
4695,1857,4163,2389,118,2014-02-14,550,39.2,21558.08,550.0,0.0,550.0,2014-02-07,True
4696,1858,4164,2390,212,2014-02-14,3,45.44,136.33,3.0,0.0,3.0,2014-02-07,True
4697,1858,4165,2390,213,2014-02-14,3,41.17,123.51,3.0,0.0,3.0,2014-02-07,True
4698,1858,4166,2390,214,2014-02-14,3,39.07,117.21,3.0,0.0,3.0,2014-02-07,True
4699,1858,4167,2390,215,2014-02-14,3,43.34,130.03,3.0,0.0,3.0,2014-02-07,True
4700,1858,4168,2390,216,2014-02-14,3,39.07,117.21,3.0,0.0,3.0,2014-02-07,True
4701,1859,4169,2391,497,2014-02-14,550,38.15,20980.58,550.0,0.0,550.0,2014-02-07,True
4702,1860,4170,2392,92,2014-02-14,3,43.55,130.66,3.0,0.0,3.0,2014-02-07,True
4703,1860,4171,2392,93,2014-02-14,3,39.28,117.84,3.0,0.0,3.0,2014-02-07,True
4704,1860,4172,2392,94,2014-02-14,3,37.18,111.54,3.0,0.0,3.0,2014-02-07,True
4705,1861,4173,2393,159,2014-02-17,3,41.28,123.83,3.0,0.0,3.0,2014-02-10,True
4706,1861,4174,2393,160,2014-02-17,3,45.55,136.65,3.0,0.0,3.0,2014-02-10,True
4707,1862,4175,2394,500,2014-02-17,550,34.35,18890.03,550.0,82.0,468.0,2014-02-10,True
4708,1862,4176,2394,499,2014-02-17,550,39.24,21581.18,550.0,0.0,550.0,2014-02-10,True
4709,1863,4177,2395,206,2014-02-17,3,49.64,148.93,3.0,0.0,3.0,2014-02-10,True
4710,1863,4178,2395,207,2014-02-17,3,45.37,136.11,3.0,0.0,3.0,2014-02-10,True
4711,1863,4179,2395,208,2014-02-17,3,43.27,129.81,3.0,0.0,3.0,2014-02-10,True
4712,1864,4180,2396,498,2014-02-17,550,32.77,18023.78,550.0,0.0,550.0,2014-02-10,True
4713,1864,4181,2396,496,2014-02-17,550,37.09,20397.3,550.0,0.0,550.0,2014-02-10,True
4714,1865,4182,2397,203,2014-02-17,550,10.82,5948.25,550.0,0.0,550.0,2014-02-10,True
4715,1866,4183,2398,447,2014-02-17,550,82.83,45558.98,468.0,0.0,468.0,2014-02-10,True
4716,1866,4184,2398,446,2014-02-17,550,82.83,45558.98,550.0,0.0,550.0,2014-02-10,True
4717,1867,4185,2399,183,2014-02-17,1250,0.21,262.5,1250.0,0.0,1250.0,2014-02-10,True
4718,1867,4186,2399,197,2014-02-17,1250,0.21,262.5,1250.0,0.0,1250.0,2014-02-10,True
4719,1868,4187,2400,191,2014-02-17,3,49.64,148.93,3.0,0.0,3.0,2014-02-10,True
4720,1868,4188,2400,192,2014-02-17,3,44.32,132.96,3.0,0.0,3.0,2014-02-10,True
4721,1868,4189,2400,193,2014-02-17,60,28.7,1721.79,60.0,0.0,60.0,2014-02-10,True
4722,1869,4190,2401,494,2014-02-17,550,42.51,23382.98,550.0,0.0,550.0,2014-02-10,True
4723,1869,4191,2401,501,2014-02-17,550,5.59,3072.3,550.0,0.0,550.0,2014-02-10,True
4724,1870,4192,2402,493,2014-02-17,60,15.74,944.37,60.0,0.0,60.0,2014-02-10,True
4725,1871,4193,2403,503,2014-02-17,550,6.53,3592.05,550.0,0.0,550.0,2014-02-10,True
4726,1871,4194,2403,502,2014-02-17,550,6.18,3401.48,550.0,0.0,550.0,2014-02-10,True
4727,1872,4195,2404,188,2014-02-17,550,29.58,16268.18,550.0,82.0,468.0,2014-02-10,True
4728,1872,4196,2404,189,2014-02-17,550,36.1,19854.45,550.0,0.0,550.0,2014-02-10,True
4729,1873,4197,2405,498,2014-02-17,550,32.25,17735.03,550.0,0.0,550.0,2014-02-10,True
4730,1873,4198,2405,496,2014-02-17,550,36.56,20108.55,550.0,0.0,550.0,2014-02-10,True
4731,1874,4199,2406,190,2014-02-17,550,46.42,25531.28,550.0,0.0,550.0,2014-02-10,True
4732,1875,4200,2407,196,2014-02-17,3,37.02,111.07,3.0,0.0,3.0,2014-02-10,True
4733,1876,4201,2408,184,2014-02-17,3,41.92,125.75,3.0,0.0,3.0,2014-02-10,True
4734,1877,4202,2409,248,2014-02-18,3,50.26,150.79,3.0,0.0,3.0,2014-02-11,True
4735,1878,4203,2410,168,2014-02-18,3,47.68,143.04,3.0,0.0,3.0,2014-02-11,True
4736,1878,4204,2410,169,2014-02-18,3,45.58,136.74,3.0,0.0,3.0,2014-02-11,True
4737,1878,4205,2410,157,2014-02-18,3,49.85,149.56,3.0,0.0,3.0,2014-02-11,True
4738,1878,4206,2410,171,2014-02-18,3,45.58,136.74,3.0,0.0,3.0,2014-02-11,True
4739,1878,4207,2410,172,2014-02-18,3,43.48,130.44,3.0,0.0,3.0,2014-02-11,True
4740,1879,4208,2411,126,2014-02-18,550,16.09,8847.3,550.0,0.0,550.0,2014-02-11,True
4741,1880,4209,2412,186,2014-02-18,3,57.03,171.08,3.0,0.0,3.0,2014-02-11,True
4742,1881,4210,2413,117,2014-02-18,550,37.09,20397.3,550.0,0.0,550.0,2014-02-11,True
4743,1882,4211,2414,118,2014-02-18,550,26.6,14628.08,550.0,82.0,468.0,2014-02-11,True
4744,1883,4212,2415,190,2014-02-18,550,46.06,25334.93,550.0,0.0,550.0,2014-02-11,True
4745,1884,4213,2416,212,2014-02-18,3,47.47,142.41,3.0,0.0,3.0,2014-02-11,True
4746,1884,4214,2416,213,2014-02-18,3,45.37,136.11,3.0,0.0,3.0,2014-02-11,True
4747,1885,4215,2417,96,2014-02-19,3,37.02,111.07,3.0,0.0,3.0,2014-02-12,True
4748,1886,4216,2418,191,2014-02-19,3,47.47,142.41,3.0,0.0,3.0,2014-02-12,True
4749,1886,4217,2418,192,2014-02-19,3,42.8,128.39,3.0,0.0,3.0,2014-02-12,True
4750,1886,4218,2418,193,2014-02-19,60,25.42,1525.23,60.0,0.0,60.0,2014-02-12,True
4751,1887,4219,2419,85,2014-02-19,3,41.22,123.67,3.0,0.0,3.0,2014-02-12,True
4752,1887,4220,2419,98,2014-02-19,3,45.5,136.49,3.0,0.0,3.0,2014-02-12,True
4753,1887,4221,2419,99,2014-02-19,3,41.22,123.67,3.0,0.0,3.0,2014-02-12,True
4754,1887,4222,2419,100,2014-02-19,3,39.12,117.37,3.0,0.0,3.0,2014-02-12,True
4755,1887,4223,2419,101,2014-02-19,3,43.4,130.19,3.0,0.0,3.0,2014-02-12,True
4756,1887,4224,2419,102,2014-02-19,3,39.12,117.37,3.0,0.0,3.0,2014-02-12,True
4757,1888,4225,2420,6,2014-02-19,550,62.99,34644.23,550.0,0.0,550.0,2014-02-12,True
4758,1889,4226,2421,191,2014-02-19,3,45.37,136.11,3.0,0.0,3.0,2014-02-12,True
4759,1889,4227,2421,192,2014-02-19,3,40.49,121.46,3.0,0.0,3.0,2014-02-12,True
4760,1889,4228,2421,193,2014-02-19,60,26.37,1581.93,60.0,0.0,60.0,2014-02-12,True
4761,1890,4229,2422,121,2014-02-19,3,48.76,146.29,3.0,0.0,3.0,2014-02-12,True
4762,1891,4230,2423,156,2014-02-19,3,34.19,102.56,3.0,0.0,3.0,2014-02-12,True
4763,1892,4231,2424,194,2014-02-19,3,50.26,150.79,3.0,0.0,3.0,2014-02-12,True
4764,1893,4232,2425,119,2014-02-19,550,10.73,5902.05,550.0,0.0,550.0,2014-02-12,True
4765,1893,4233,2425,120,2014-02-19,550,14.12,7767.38,550.0,0.0,550.0,2014-02-12,True
4766,1894,4234,2426,151,2014-02-19,60,50.26,3015.81,60.0,0.0,60.0,2014-02-12,True
4767,1894,4235,2426,152,2014-02-19,60,57.15,3429.09,60.0,0.0,60.0,2014-02-12,True
4768,1895,4236,2427,440,2014-02-19,550,21.09,11601.98,550.0,0.0,550.0,2014-02-12,True
4769,1895,4237,2427,437,2014-02-19,550,30.44,16741.73,523.0,0.0,523.0,2014-02-12,True
4770,1895,4238,2427,434,2014-02-19,550,40.94,22516.73,550.0,0.0,550.0,2014-02-12,True
4771,1895,4239,2427,441,2014-02-19,550,21.09,11601.98,550.0,0.0,550.0,2014-02-12,True
4772,1895,4240,2427,438,2014-02-19,550,30.44,16741.73,550.0,0.0,550.0,2014-02-12,True
4773,1895,4241,2427,435,2014-02-19,550,40.94,22516.73,550.0,0.0,550.0,2014-02-12,True
4774,1895,4242,2427,442,2014-02-19,550,21.09,11601.98,550.0,0.0,550.0,2014-02-12,True
4775,1895,4243,2427,439,2014-02-19,550,30.44,16741.73,550.0,0.0,550.0,2014-02-12,True
4776,1895,4244,2427,436,2014-02-19,550,40.94,22516.73,550.0,0.0,550.0,2014-02-12,True
4777,1896,4245,2428,111,2014-02-19,60,9.2,551.88,51.0,0.0,51.0,2014-02-12,True
4778,1897,4246,2429,162,2014-02-20,550,5.78,3176.25,550.0,0.0,550.0,2014-02-13,True
4779,1897,4247,2429,163,2014-02-20,550,1.16,635.25,550.0,0.0,550.0,2014-02-13,True
4780,1897,4248,2429,132,2014-02-20,550,5.78,3176.25,550.0,0.0,550.0,2014-02-13,True
4781,1898,4249,2430,112,2014-02-20,550,23.39,12866.7,550.0,0.0,550.0,2014-02-13,True
4782,1898,4250,2430,113,2014-02-20,550,27.65,15205.58,550.0,0.0,550.0,2014-02-13,True
4783,1899,4251,2431,164,2014-02-20,550,1.37,750.75,550.0,0.0,550.0,2014-02-13,True
4784,1899,4252,2431,5,2014-02-20,550,62.99,34644.23,550.0,0.0,550.0,2014-02-13,True
4785,1899,4253,2431,131,2014-02-20,550,3.49,1917.3,550.0,0.0,550.0,2014-02-13,True
4786,1900,4254,2432,162,2014-02-20,550,6.2,3407.25,550.0,0.0,550.0,2014-02-13,True
4787,1900,4255,2432,163,2014-02-20,550,1.47,808.5,550.0,55.0,495.0,2014-02-13,True
4788,1900,4256,2432,132,2014-02-20,550,6.2,3407.25,550.0,0.0,550.0,2014-02-13,True
4789,1901,4257,2433,112,2014-02-20,550,22.17,12191.03,550.0,0.0,550.0,2014-02-13,True
4790,1901,4258,2433,113,2014-02-20,550,29.28,16106.48,550.0,0.0,550.0,2014-02-13,True
4791,1902,4259,2434,150,2014-02-20,3,19.98,59.94,3.0,0.0,3.0,2014-02-13,True
4792,1903,4260,2435,206,2014-02-20,3,43.34,130.03,3.0,0.0,3.0,2014-02-13,True
4793,1903,4261,2435,207,2014-02-20,3,39.07,117.21,3.0,0.0,3.0,2014-02-13,True
4794,1903,4262,2435,208,2014-02-20,3,36.97,110.91,3.0,0.0,3.0,2014-02-13,True
4795,1904,4263,2436,9,2014-02-20,550,31.49,17319.23,550.0,550.0,0.0,2014-02-13,True
4796,1904,4264,2436,7,2014-02-20,550,48.29,26559.23,550.0,550.0,0.0,2014-02-13,True
4797,1905,4265,2437,246,2014-02-20,3,41.17,123.51,3.0,0.0,3.0,2014-02-13,True
4798,1905,4266,2437,247,2014-02-20,3,45.44,136.33,3.0,0.0,3.0,2014-02-13,True
4799,1905,4267,2437,235,2014-02-20,3,41.17,123.51,3.0,0.0,3.0,2014-02-13,True
4800,1905,4268,2437,249,2014-02-20,3,39.07,117.21,3.0,0.0,3.0,2014-02-13,True
4801,1905,4269,2437,250,2014-02-20,3,43.34,130.03,3.0,0.0,3.0,2014-02-13,True
4802,1905,4270,2437,251,2014-02-20,3,39.07,117.21,3.0,0.0,3.0,2014-02-13,True
4803,1905,4271,2437,252,2014-02-20,3,36.97,110.91,3.0,0.0,3.0,2014-02-13,True
4804,1905,4272,2437,253,2014-02-20,3,41.24,123.73,3.0,0.0,3.0,2014-02-13,True
4805,1905,4273,2437,254,2014-02-20,3,36.97,110.91,3.0,0.0,3.0,2014-02-13,True
4806,1905,4274,2437,255,2014-02-20,3,43.22,129.65,3.0,0.0,3.0,2014-02-13,True
4807,1905,4275,2437,256,2014-02-20,3,47.49,142.47,3.0,0.0,3.0,2014-02-13,True
4808,1905,4276,2437,301,2014-02-20,3,43.27,129.81,3.0,0.0,3.0,2014-02-13,True
4809,1905,4277,2437,302,2014-02-20,3,47.54,142.63,3.0,0.0,3.0,2014-02-13,True
4810,1906,4278,2438,135,2014-02-20,550,15.89,8737.58,468.0,0.0,468.0,2014-02-13,True
4811,1906,4279,2438,136,2014-02-20,550,11.67,6416.03,550.0,0.0,550.0,2014-02-13,True
4812,1906,4280,2438,137,2014-02-20,550,11.09,6098.4,550.0,0.0,550.0,2014-02-13,True
4813,1906,4281,2438,104,2014-02-20,550,15.89,8737.58,550.0,0.0,550.0,2014-02-13,True
4814,1907,4282,2439,211,2014-02-20,3,47.47,142.41,3.0,0.0,3.0,2014-02-13,True
4815,1908,4283,2440,115,2014-02-20,550,23.08,12693.45,550.0,0.0,550.0,2014-02-13,True
4816,1908,4284,2440,116,2014-02-20,550,29.27,16100.7,550.0,0.0,550.0,2014-02-13,True
4817,1908,4285,2440,117,2014-02-20,550,34.98,19236.53,550.0,0.0,550.0,2014-02-13,True
4818,1909,4286,2441,215,2014-02-20,3,43.27,129.81,3.0,0.0,3.0,2014-02-13,True
4819,1909,4287,2441,216,2014-02-20,3,47.54,142.63,3.0,0.0,3.0,2014-02-13,True
4820,1909,4288,2441,217,2014-02-20,3,43.27,129.81,3.0,0.0,3.0,2014-02-13,True
4821,1909,4289,2441,218,2014-02-20,3,41.17,123.51,3.0,0.0,3.0,2014-02-13,True
4822,1909,4290,2441,442,2014-02-20,550,21.09,11601.98,550.0,0.0,550.0,2014-02-13,True
4823,1910,4291,2442,109,2014-02-20,550,2.32,1276.28,550.0,0.0,550.0,2014-02-13,True
4824,1911,4292,2443,122,2014-02-20,550,3.64,2003.93,550.0,0.0,550.0,2014-02-13,True
4825,1912,4293,2444,440,2014-02-20,550,21.09,11601.98,550.0,82.0,468.0,2014-02-13,True
4826,1912,4294,2444,437,2014-02-20,550,30.44,16741.73,550.0,0.0,550.0,2014-02-13,True
4827,1913,4295,2445,165,2014-02-21,60,3.6,216.09,60.0,0.0,60.0,2014-02-14,True
4828,1913,4296,2445,166,2014-02-21,60,3.98,238.77,60.0,0.0,60.0,2014-02-14,True
4829,1914,4297,2446,9,2014-02-21,550,31.49,17319.23,550.0,0.0,550.0,2014-02-14,True
4830,1914,4298,2446,7,2014-02-21,550,48.29,26559.23,550.0,0.0,550.0,2014-02-14,True
4831,1915,4299,2447,120,2014-02-21,550,12.97,7132.13,550.0,0.0,550.0,2014-02-14,True
4832,1916,4300,2448,441,2014-02-21,550,21.09,11601.98,468.0,0.0,468.0,2014-02-14,True
4833,1916,4301,2448,438,2014-02-21,550,30.44,16741.73,550.0,0.0,550.0,2014-02-14,True
4834,1917,4302,2449,434,2014-02-21,550,40.94,22516.73,550.0,0.0,550.0,2014-02-14,True
4835,1918,4303,2450,4,2014-02-21,550,62.99,34644.23,550.0,0.0,550.0,2014-02-14,True
4836,1919,4304,2451,74,2014-02-21,3,47.52,142.57,3.0,0.0,3.0,2014-02-14,True
4837,1919,4305,2451,75,2014-02-21,3,45.42,136.27,3.0,0.0,3.0,2014-02-14,True
4838,1919,4306,2451,76,2014-02-21,3,49.7,149.09,3.0,0.0,3.0,2014-02-14,True
4839,1919,4307,2451,77,2014-02-21,3,45.42,136.27,3.0,0.0,3.0,2014-02-14,True
4840,1919,4308,2451,78,2014-02-21,3,43.32,129.97,3.0,0.0,3.0,2014-02-14,True
4841,1920,4309,2452,73,2014-02-21,3,47.68,143.04,3.0,0.0,3.0,2014-02-14,True
4842,1921,4310,2453,115,2014-02-21,550,23.4,12872.48,550.0,0.0,550.0,2014-02-14,True
4843,1921,4311,2453,116,2014-02-21,550,27.87,15326.85,550.0,0.0,550.0,2014-02-14,True
4844,1922,4312,2454,123,2014-02-21,550,6.75,3713.33,550.0,82.0,468.0,2014-02-14,True
4845,1923,4313,2455,114,2014-02-21,550,36.28,19952.63,550.0,0.0,550.0,2014-02-14,True
4846,1924,4314,2456,151,2014-02-21,60,50.75,3044.79,60.0,0.0,60.0,2014-02-14,True
4847,1924,4315,2456,152,2014-02-21,60,58.26,3495.87,60.0,0.0,60.0,2014-02-14,True
4848,1925,4316,2457,119,2014-02-21,550,10.38,5711.48,550.0,0.0,550.0,2014-02-14,True
4849,1926,4317,2458,92,2014-02-21,3,43.55,130.66,3.0,0.0,3.0,2014-02-14,True
4850,1926,4318,2458,93,2014-02-21,3,39.28,117.84,3.0,0.0,3.0,2014-02-14,True
4851,1926,4319,2458,94,2014-02-21,3,37.18,111.54,3.0,0.0,3.0,2014-02-14,True
4852,1926,4320,2458,95,2014-02-21,3,41.45,124.36,3.0,0.0,3.0,2014-02-14,True
4853,1927,4321,2459,149,2014-02-21,3,12.72,38.15,3.0,0.0,3.0,2014-02-14,True
4854,1927,4322,2459,150,2014-02-21,3,19.94,59.82,3.0,0.0,3.0,2014-02-14,True
4855,1928,4323,2460,124,2014-02-21,3,38.16,114.47,3.0,0.0,3.0,2014-02-14,True
4856,1929,4324,2461,110,2014-02-24,3,44.22,132.65,3.0,0.0,3.0,2014-02-17,True
4857,1930,4325,2462,10,2014-02-24,550,31.49,17319.23,550.0,0.0,550.0,2014-02-17,True
4858,1930,4326,2462,8,2014-02-24,550,48.29,26559.23,550.0,55.0,495.0,2014-02-17,True
4859,1931,4327,2463,167,2014-02-24,60,6.98,418.95,60.0,0.0,60.0,2014-02-17,True
4860,1932,4328,2464,241,2014-02-24,3,41.17,123.51,3.0,0.0,3.0,2014-02-17,True
4861,1932,4329,2464,242,2014-02-24,3,39.07,117.21,3.0,0.0,3.0,2014-02-17,True
4862,1933,4330,2465,165,2014-02-24,60,3.38,202.86,60.0,0.0,60.0,2014-02-17,True
4863,1933,4331,2465,166,2014-02-24,60,4.32,258.93,60.0,0.0,60.0,2014-02-17,True
4864,1934,4332,2466,236,2014-02-24,3,43.27,129.81,3.0,0.0,3.0,2014-02-17,True
4865,1934,4333,2466,237,2014-02-24,3,41.17,123.51,3.0,0.0,3.0,2014-02-17,True
4866,1935,4334,2467,149,2014-02-24,3,12.36,37.08,3.0,0.0,3.0,2014-02-17,True
4867,1936,4335,2468,118,2014-02-24,550,39.2,21558.08,468.0,0.0,468.0,2014-02-17,True
4868,1937,4336,2469,217,2014-02-24,3,36.97,110.91,3.0,0.0,3.0,2014-02-17,True
4869,1937,4337,2469,218,2014-02-24,3,41.24,123.73,3.0,0.0,3.0,2014-02-17,True
4870,1937,4338,2469,219,2014-02-24,3,36.97,110.91,3.0,0.0,3.0,2014-02-17,True
4871,1937,4339,2469,220,2014-02-24,3,34.87,104.61,3.0,0.0,3.0,2014-02-17,True
4872,1937,4340,2469,221,2014-02-24,3,39.14,117.43,3.0,0.0,3.0,2014-02-17,True
4873,1937,4341,2469,209,2014-02-24,3,47.58,142.73,3.0,0.0,3.0,2014-02-17,True
4874,1938,4342,2470,500,2014-02-24,550,34.87,19178.78,550.0,0.0,550.0,2014-02-17,True
4875,1938,4343,2470,499,2014-02-24,550,39.76,21869.93,550.0,0.0,550.0,2014-02-17,True
4876,1938,4344,2470,495,2014-02-24,550,43.98,24191.48,550.0,0.0,550.0,2014-02-17,True
4877,1938,4345,2470,497,2014-02-24,550,38.15,20980.58,550.0,0.0,550.0,2014-02-17,True
4878,1939,4346,2471,95,2014-02-24,3,41.45,124.36,3.0,0.0,3.0,2014-02-17,True
4879,1939,4347,2471,96,2014-02-24,3,37.18,111.54,3.0,0.0,3.0,2014-02-17,True
4880,1940,4348,2472,204,2014-02-24,3,47.58,142.73,3.0,0.0,3.0,2014-02-17,True
4881,1940,4349,2472,205,2014-02-24,3,45.48,136.43,3.0,0.0,3.0,2014-02-17,True
4882,1940,4350,2472,206,2014-02-24,3,49.75,149.25,3.0,0.0,3.0,2014-02-17,True
4883,1941,4351,2473,500,2014-02-24,550,34.35,18890.03,550.0,0.0,550.0,2014-02-17,True
4884,1941,4352,2473,499,2014-02-24,550,39.24,21581.18,550.0,0.0,550.0,2014-02-17,True
4885,1942,4353,2474,170,2014-02-24,3,47.54,142.63,3.0,0.0,3.0,2014-02-17,True
4886,1942,4354,2474,158,2014-02-24,3,43.27,129.81,3.0,0.0,3.0,2014-02-17,True
4887,1943,4355,2475,494,2014-02-24,550,43.04,23671.73,550.0,0.0,550.0,2014-02-17,True
4888,1944,4356,2476,203,2014-02-24,550,10.82,5948.25,550.0,0.0,550.0,2014-02-17,True
4889,1945,4357,2477,447,2014-02-25,550,82.83,45558.98,550.0,0.0,550.0,2014-02-18,True
4890,1945,4358,2477,446,2014-02-25,550,82.83,45558.98,523.0,0.0,523.0,2014-02-18,True
4891,1946,4359,2478,183,2014-02-25,1250,0.21,262.5,1063.0,0.0,1063.0,2014-02-18,True
4892,1946,4360,2478,197,2014-02-25,1250,0.21,262.5,1250.0,0.0,1250.0,2014-02-18,True
4893,1947,4361,2479,191,2014-02-25,3,49.64,148.93,3.0,0.0,3.0,2014-02-18,True
4894,1947,4362,2479,192,2014-02-25,3,44.32,132.96,3.0,0.0,3.0,2014-02-18,True
4895,1947,4363,2479,193,2014-02-25,60,28.7,1721.79,60.0,0.0,60.0,2014-02-18,True
4896,1948,4364,2480,494,2014-02-25,550,42.51,23382.98,550.0,0.0,550.0,2014-02-18,True
4897,1948,4365,2480,501,2014-02-25,550,5.59,3072.3,550.0,0.0,550.0,2014-02-18,True
4898,1949,4366,2481,493,2014-02-25,60,15.74,944.37,60.0,0.0,60.0,2014-02-18,True
4899,1950,4367,2482,495,2014-02-25,550,43.46,23902.73,550.0,0.0,550.0,2014-02-18,True
4900,1950,4368,2482,497,2014-02-25,550,37.62,20691.83,550.0,55.0,495.0,2014-02-18,True
4901,1950,4369,2482,503,2014-02-25,550,6.53,3592.05,550.0,0.0,550.0,2014-02-18,True
4902,1951,4370,2483,190,2014-02-25,550,48.58,26720.93,550.0,0.0,550.0,2014-02-18,True
4903,1952,4371,2484,498,2014-02-25,550,32.25,17735.03,550.0,82.0,468.0,2014-02-18,True
4904,1952,4372,2484,496,2014-02-25,550,36.56,20108.55,550.0,0.0,550.0,2014-02-18,True
4905,1953,4373,2485,190,2014-02-25,550,46.42,25531.28,550.0,0.0,550.0,2014-02-18,True
4906,1954,4374,2486,168,2014-02-25,3,47.52,142.57,3.0,0.0,3.0,2014-02-18,True
4907,1954,4375,2486,169,2014-02-25,3,45.42,136.27,3.0,0.0,3.0,2014-02-18,True
4908,1955,4376,2487,184,2014-02-25,3,41.92,125.75,3.0,0.0,3.0,2014-02-18,True
4909,1956,4377,2488,248,2014-02-25,3,50.26,150.79,3.0,0.0,3.0,2014-02-18,True
4910,1957,4378,2489,173,2014-02-25,3,47.75,143.26,3.0,0.0,3.0,2014-02-18,True
4911,1957,4379,2489,174,2014-02-25,3,43.48,130.44,3.0,0.0,3.0,2014-02-18,True
4912,1957,4380,2489,175,2014-02-25,3,41.38,124.14,3.0,0.0,3.0,2014-02-18,True
4913,1957,4381,2489,176,2014-02-25,3,45.65,136.96,3.0,0.0,3.0,2014-02-18,True
4914,1957,4382,2489,177,2014-02-25,3,41.38,124.14,3.0,0.0,3.0,2014-02-18,True
4915,1957,4383,2489,178,2014-02-25,3,39.28,117.84,3.0,0.0,3.0,2014-02-18,True
4916,1958,4384,2490,126,2014-02-25,550,16.09,8847.3,550.0,0.0,550.0,2014-02-18,True
4917,1959,4385,2491,186,2014-02-25,3,57.03,171.08,3.0,0.0,3.0,2014-02-18,True
4918,1960,4386,2492,117,2014-02-25,550,37.09,20397.3,550.0,0.0,550.0,2014-02-18,True
4919,1961,4387,2493,118,2014-02-26,550,26.6,14628.08,550.0,0.0,550.0,2014-02-19,True
4920,1962,4388,2494,188,2014-02-26,550,27.06,14882.18,550.0,82.0,468.0,2014-02-19,True
4921,1962,4389,2494,189,2014-02-26,550,33.58,18468.45,550.0,0.0,550.0,2014-02-19,True
4922,1963,4390,2495,214,2014-02-26,3,49.64,148.93,3.0,0.0,3.0,2014-02-19,True
4923,1963,4391,2495,215,2014-02-26,3,45.37,136.11,3.0,0.0,3.0,2014-02-19,True
4924,1963,4392,2495,216,2014-02-26,3,43.27,129.81,3.0,0.0,3.0,2014-02-19,True
4925,1964,4393,2496,231,2014-02-26,3,47.52,142.57,3.0,0.0,3.0,2014-02-19,True
4926,1964,4394,2496,232,2014-02-26,3,45.42,136.27,3.0,0.0,3.0,2014-02-19,True
4927,1965,4395,2497,191,2014-02-26,3,47.47,142.41,3.0,0.0,3.0,2014-02-19,True
4928,1965,4396,2497,192,2014-02-26,3,42.8,128.39,3.0,0.0,3.0,2014-02-19,True
4929,1965,4397,2497,193,2014-02-26,60,25.42,1525.23,60.0,0.0,60.0,2014-02-19,True
4930,1966,4398,2498,103,2014-02-26,3,37.02,111.07,3.0,0.0,3.0,2014-02-19,True
4931,1966,4399,2498,70,2014-02-26,3,41.3,123.89,3.0,0.0,3.0,2014-02-19,True
4932,1966,4400,2498,105,2014-02-26,3,37.02,111.07,3.0,0.0,3.0,2014-02-19,True
4933,1966,4401,2498,106,2014-02-26,3,47.68,143.04,3.0,0.0,3.0,2014-02-19,True
4934,1967,4402,2499,6,2014-02-26,550,62.99,34644.23,550.0,0.0,550.0,2014-02-19,True
4935,1968,4403,2500,191,2014-02-26,3,45.37,136.11,3.0,0.0,3.0,2014-02-19,True
4936,1968,4404,2500,192,2014-02-26,3,40.49,121.46,3.0,0.0,3.0,2014-02-19,True
4937,1968,4405,2500,193,2014-02-26,60,26.37,1581.93,60.0,0.0,60.0,2014-02-19,True
4938,1969,4406,2501,121,2014-02-26,3,48.76,146.29,3.0,0.0,3.0,2014-02-19,True
4939,1970,4407,2502,156,2014-02-26,3,34.19,102.56,3.0,0.0,3.0,2014-02-19,True
4940,1971,4408,2503,194,2014-02-26,3,50.26,150.79,3.0,0.0,3.0,2014-02-19,True
4941,1972,4409,2504,119,2014-02-26,550,10.73,5902.05,550.0,82.0,468.0,2014-02-19,True
4942,1972,4410,2504,120,2014-02-26,550,14.12,7767.38,550.0,0.0,550.0,2014-02-19,True
4943,1973,4411,2505,153,2014-02-26,60,53.2,3192.21,60.0,0.0,60.0,2014-02-19,True
4944,1973,4412,2505,154,2014-02-26,60,63.69,3821.58,60.0,0.0,60.0,2014-02-19,True
4945,1973,4413,2505,155,2014-02-26,60,48.91,2934.54,60.0,0.0,60.0,2014-02-19,True
4946,1974,4414,2506,440,2014-02-26,550,21.09,11601.98,550.0,0.0,550.0,2014-02-19,True
4947,1974,4415,2506,437,2014-02-26,550,30.44,16741.73,550.0,0.0,550.0,2014-02-19,True
4948,1975,4416,2507,111,2014-02-26,60,9.2,551.88,60.0,0.0,60.0,2014-02-19,True
4949,1976,4417,2508,162,2014-02-26,550,5.78,3176.25,468.0,0.0,468.0,2014-02-19,True
4950,1976,4418,2508,163,2014-02-26,550,1.16,635.25,550.0,0.0,550.0,2014-02-19,True
4951,1976,4419,2508,132,2014-02-26,550,5.78,3176.25,550.0,0.0,550.0,2014-02-19,True
4952,1977,4420,2509,112,2014-02-27,550,23.39,12866.7,550.0,0.0,550.0,2014-02-20,True
4953,1977,4421,2509,113,2014-02-27,550,27.65,15205.58,550.0,0.0,550.0,2014-02-20,True
4954,1978,4422,2510,164,2014-02-27,550,1.37,750.75,550.0,0.0,550.0,2014-02-20,True
4955,1978,4423,2510,5,2014-02-27,550,62.99,34644.23,550.0,0.0,550.0,2014-02-20,True
4956,1978,4424,2510,131,2014-02-27,550,3.49,1917.3,550.0,0.0,550.0,2014-02-20,True
4957,1979,4425,2511,162,2014-02-27,550,6.2,3407.25,550.0,0.0,550.0,2014-02-20,True
4958,1979,4426,2511,163,2014-02-27,550,1.47,808.5,550.0,0.0,550.0,2014-02-20,True
4959,1979,4427,2511,132,2014-02-27,550,6.2,3407.25,550.0,0.0,550.0,2014-02-20,True
4960,1980,4428,2512,112,2014-02-27,550,22.17,12191.03,550.0,0.0,550.0,2014-02-20,True
4961,1980,4429,2512,113,2014-02-27,550,29.28,16106.48,550.0,55.0,495.0,2014-02-20,True
4962,1981,4430,2513,150,2014-02-27,3,19.98,59.94,3.0,0.0,3.0,2014-02-20,True
4963,1982,4431,2514,170,2014-02-27,3,41.24,123.73,3.0,0.0,3.0,2014-02-20,True
4964,1982,4432,2514,158,2014-02-27,3,36.97,110.91,3.0,0.0,3.0,2014-02-20,True
4965,1983,4433,2515,9,2014-02-27,550,31.49,17319.23,550.0,0.0,550.0,2014-02-20,True
4966,1983,4434,2515,7,2014-02-27,550,48.29,26559.23,550.0,0.0,550.0,2014-02-20,True
4967,1984,4435,2516,236,2014-02-27,3,43.34,130.03,3.0,0.0,3.0,2014-02-20,True
4968,1984,4436,2516,237,2014-02-27,3,39.07,117.21,3.0,0.0,3.0,2014-02-20,True
4969,1985,4437,2517,139,2014-02-27,550,11.67,6416.03,550.0,0.0,550.0,2014-02-20,True
4970,1985,4438,2517,140,2014-02-27,550,11.09,6098.4,523.0,0.0,523.0,2014-02-20,True
4971,1985,4439,2517,141,2014-02-27,550,8.76,4816.35,550.0,0.0,550.0,2014-02-20,True
4972,1985,4440,2517,142,2014-02-27,550,9.69,5330.33,550.0,0.0,550.0,2014-02-20,True
4973,1985,4441,2517,143,2014-02-27,550,6.88,3782.63,550.0,0.0,550.0,2014-02-20,True
4974,1985,4442,2517,144,2014-02-27,550,7.8,4290.83,550.0,0.0,550.0,2014-02-20,True
4975,1985,4443,2517,133,2014-02-27,550,8.76,4816.35,550.0,0.0,550.0,2014-02-20,True
4976,1985,4444,2517,146,2014-02-27,550,5.81,3193.58,550.0,0.0,550.0,2014-02-20,True
4977,1985,4445,2517,147,2014-02-27,550,8.86,4874.1,550.0,0.0,550.0,2014-02-20,True
4978,1985,4446,2517,148,2014-02-27,550,10.47,5757.68,550.0,0.0,550.0,2014-02-20,True
4979,1986,4447,2518,211,2014-02-27,3,47.47,142.41,3.0,0.0,3.0,2014-02-20,True
4980,1987,4448,2519,115,2014-02-27,550,23.08,12693.45,550.0,0.0,550.0,2014-02-20,True
4981,1987,4449,2519,116,2014-02-27,550,29.27,16100.7,550.0,0.0,550.0,2014-02-20,True
4982,1987,4450,2519,117,2014-02-27,550,34.98,19236.53,550.0,0.0,550.0,2014-02-20,True
4983,1988,4451,2520,439,2014-02-27,550,30.44,16741.73,550.0,0.0,550.0,2014-02-20,True
4984,1988,4452,2520,436,2014-02-27,550,40.94,22516.73,550.0,0.0,550.0,2014-02-20,True
4985,1989,4453,2521,109,2014-02-27,550,2.32,1276.28,550.0,0.0,550.0,2014-02-20,True
4986,1990,4454,2522,122,2014-02-27,550,3.64,2003.93,550.0,0.0,550.0,2014-02-20,True
4987,1991,4455,2523,435,2014-02-27,550,40.94,22516.73,550.0,0.0,550.0,2014-02-20,True
4988,1992,4456,2524,165,2014-02-27,60,3.6,216.09,60.0,9.0,51.0,2014-02-20,True
4989,1992,4457,2524,166,2014-02-27,60,3.98,238.77,60.0,0.0,60.0,2014-02-20,True
4990,1993,4458,2525,9,2014-02-28,550,31.49,17319.23,550.0,0.0,550.0,2014-02-21,True
4991,1993,4459,2525,7,2014-02-28,550,48.29,26559.23,550.0,0.0,550.0,2014-02-21,True
4992,1994,4460,2526,120,2014-02-28,550,12.97,7132.13,550.0,0.0,550.0,2014-02-21,True
4993,1995,4461,2527,441,2014-02-28,550,21.09,11601.98,550.0,0.0,550.0,2014-02-21,True
4994,1995,4462,2527,438,2014-02-28,550,30.44,16741.73,523.0,0.0,523.0,2014-02-21,True
4995,1996,4463,2528,434,2014-02-28,550,40.94,22516.73,468.0,0.0,468.0,2014-02-21,True
4996,1997,4464,2529,4,2014-02-28,550,62.99,34644.23,550.0,0.0,550.0,2014-02-21,True
4997,1998,4465,2530,79,2014-02-28,3,47.6,142.79,3.0,0.0,3.0,2014-02-21,True
4998,1998,4466,2530,80,2014-02-28,3,43.32,129.97,3.0,0.0,3.0,2014-02-21,True
4999,1998,4467,2530,81,2014-02-28,3,41.22,123.67,3.0,0.0,3.0,2014-02-21,True
5000,1998,4468,2530,82,2014-02-28,3,45.5,136.49,3.0,0.0,3.0,2014-02-21,True
5001,1998,4469,2530,83,2014-02-28,3,41.22,123.67,3.0,0.0,3.0,2014-02-21,True
5002,1999,4470,2531,73,2014-02-28,3,47.68,143.04,3.0,0.0,3.0,2014-02-21,True
5003,2000,4471,2532,115,2014-02-28,550,23.4,12872.48,550.0,0.0,550.0,2014-02-21,True
5004,2000,4472,2532,116,2014-02-28,550,27.87,15326.85,550.0,55.0,495.0,2014-02-21,True
5005,2001,4473,2533,123,2014-02-28,550,6.75,3713.33,550.0,0.0,550.0,2014-02-21,True
5006,2002,4474,2534,10,2014-02-28,550,31.49,17319.23,550.0,82.0,468.0,2014-02-21,True
5007,2002,4475,2534,8,2014-02-28,550,48.29,26559.23,550.0,0.0,550.0,2014-02-21,True
5008,2003,4476,2535,153,2014-02-28,60,50.75,3044.79,60.0,0.0,60.0,2014-02-21,True
5009,2003,4477,2535,154,2014-02-28,60,62.93,3775.59,60.0,0.0,60.0,2014-02-21,True
5010,2003,4478,2535,155,2014-02-28,60,49.65,2979.27,60.0,0.0,60.0,2014-02-21,True
5011,2004,4479,2536,119,2014-02-28,550,10.38,5711.48,550.0,550.0,0.0,2014-02-21,True
5012,2005,4480,2537,96,2014-02-28,3,37.18,111.54,3.0,0.0,3.0,2014-02-21,True
5013,2006,4481,2538,149,2014-02-28,3,12.72,38.15,3.0,0.0,3.0,2014-02-21,True
5014,2006,4482,2538,150,2014-02-28,3,19.94,59.82,3.0,0.0,3.0,2014-02-21,True
5015,2007,4483,2539,124,2014-02-28,3,38.16,114.47,3.0,0.0,3.0,2014-02-21,True
5016,2008,4484,2540,110,2014-02-28,3,44.22,132.65,3.0,0.0,3.0,2014-02-21,True
5017,2009,4485,2541,10,2014-03-03,550,31.49,17319.23,550.0,0.0,550.0,2014-02-24,True
5018,2009,4486,2541,8,2014-03-03,550,48.29,26559.23,550.0,0.0,550.0,2014-02-24,True
5019,2010,4487,2542,167,2014-03-03,60,6.98,418.95,60.0,0.0,60.0,2014-02-24,True
5020,2011,4488,2543,85,2014-03-03,3,47.68,143.04,3.0,0.0,3.0,2014-02-24,True
5021,2011,4489,2543,98,2014-03-03,3,45.58,136.74,3.0,0.0,3.0,2014-02-24,True
5022,2011,4490,2543,99,2014-03-03,3,49.85,149.56,3.0,0.0,3.0,2014-02-24,True
5023,2011,4491,2543,100,2014-03-03,3,45.58,136.74,3.0,0.0,3.0,2014-02-24,True
5024,2012,4492,2544,165,2014-03-03,60,3.38,202.86,60.0,9.0,51.0,2014-02-24,True
5025,2012,4493,2544,166,2014-03-03,60,4.32,258.93,60.0,0.0,60.0,2014-02-24,True
5026,2013,4494,2545,238,2014-03-03,3,45.44,136.33,3.0,0.0,3.0,2014-02-24,True
5027,2013,4495,2545,239,2014-03-03,3,41.17,123.51,3.0,0.0,3.0,2014-02-24,True
5028,2013,4496,2545,240,2014-03-03,3,39.07,117.21,3.0,0.0,3.0,2014-02-24,True
5029,2014,4497,2546,149,2014-03-03,3,12.36,37.08,3.0,0.0,3.0,2014-02-24,True
5030,2015,4498,2547,118,2014-03-03,550,39.2,21558.08,550.0,0.0,550.0,2014-02-24,True
5031,2016,4499,2548,223,2014-03-03,3,45.48,136.43,3.0,0.0,3.0,2014-02-24,True
5032,2016,4500,2548,224,2014-03-03,3,49.75,149.25,3.0,0.0,3.0,2014-02-24,True
5033,2016,4501,2548,225,2014-03-03,3,45.48,136.43,3.0,0.0,3.0,2014-02-24,True
5034,2016,4502,2548,226,2014-03-03,3,43.38,130.13,3.0,0.0,3.0,2014-02-24,True
5035,2017,4503,2549,500,2014-03-03,550,34.87,19178.78,550.0,0.0,550.0,2014-02-24,True
5036,2017,4504,2549,499,2014-03-03,550,39.76,21869.93,550.0,0.0,550.0,2014-02-24,True
5037,2017,4505,2549,495,2014-03-03,550,43.98,24191.48,550.0,0.0,550.0,2014-02-24,True
5038,2017,4506,2549,497,2014-03-03,550,38.15,20980.58,550.0,0.0,550.0,2014-02-24,True
5039,2018,4507,2550,231,2014-03-03,3,47.68,143.04,3.0,0.0,3.0,2014-02-24,True
5040,2018,4508,2550,232,2014-03-03,3,45.58,136.74,3.0,0.0,3.0,2014-02-24,True
5041,2018,4509,2550,233,2014-03-03,3,49.85,149.56,3.0,0.0,3.0,2014-02-24,True
5042,2018,4510,2550,234,2014-03-03,3,45.58,136.74,3.0,0.0,3.0,2014-02-24,True
5043,2018,4511,2550,138,2014-03-03,3,43.48,130.44,3.0,0.0,3.0,2014-02-24,True
5044,2019,4512,2551,207,2014-03-03,3,45.48,136.43,3.0,0.0,3.0,2014-02-24,True
5045,2019,4513,2551,208,2014-03-03,3,43.38,130.13,3.0,0.0,3.0,2014-02-24,True
5046,2019,4514,2551,170,2014-03-03,3,47.65,142.95,3.0,0.0,3.0,2014-02-24,True
5047,2019,4515,2551,158,2014-03-03,3,43.38,130.13,3.0,0.0,3.0,2014-02-24,True
5048,2019,4516,2551,159,2014-03-03,3,41.28,123.83,3.0,0.0,3.0,2014-02-24,True
5049,2020,4517,2552,500,2014-03-03,550,34.35,18890.03,550.0,0.0,550.0,2014-02-24,True
5050,2020,4518,2552,499,2014-03-03,550,39.24,21581.18,550.0,55.0,495.0,2014-02-24,True
5051,2021,4519,2553,159,2014-03-03,3,41.17,123.51,3.0,0.0,3.0,2014-02-24,True
5052,2021,4520,2553,160,2014-03-03,3,45.44,136.33,3.0,0.0,3.0,2014-02-24,True
5053,2022,4521,2554,498,2014-03-03,550,32.77,18023.78,550.0,82.0,468.0,2014-02-24,True
5054,2022,4522,2554,496,2014-03-03,550,37.09,20397.3,550.0,0.0,550.0,2014-02-24,True
5055,2023,4523,2555,203,2014-03-03,550,10.82,5948.25,550.0,0.0,550.0,2014-02-24,True
5056,2024,4524,2556,447,2014-03-03,550,82.83,45558.98,550.0,0.0,550.0,2014-02-24,True
5057,2024,4525,2556,446,2014-03-03,550,82.83,45558.98,550.0,0.0,550.0,2014-02-24,True
5058,2025,4526,2557,183,2014-03-05,1250,0.21,262.5,1250.0,0.0,1250.0,2014-02-26,True
5059,2025,4527,2557,197,2014-03-05,1250,0.21,262.5,1188.0,0.0,1188.0,2014-02-26,True
5060,2026,4528,2558,191,2014-03-05,3,49.64,148.93,3.0,0.0,3.0,2014-02-26,True
5061,2026,4529,2558,192,2014-03-05,3,44.32,132.96,3.0,0.0,3.0,2014-02-26,True
5062,2026,4530,2558,193,2014-03-05,60,28.7,1721.79,60.0,0.0,60.0,2014-02-26,True
5063,2027,4531,2559,494,2014-03-05,550,42.51,23382.98,550.0,0.0,550.0,2014-02-26,True
5064,2027,4532,2559,501,2014-03-05,550,5.59,3072.3,550.0,0.0,550.0,2014-02-26,True
5065,2028,4533,2560,493,2014-03-05,60,15.74,944.37,60.0,0.0,60.0,2014-02-26,True
5066,2029,4534,2561,502,2014-03-05,550,6.18,3401.48,550.0,0.0,550.0,2014-02-26,True
5067,2030,4535,2562,188,2014-03-05,550,29.58,16268.18,550.0,0.0,550.0,2014-02-26,True
5068,2030,4536,2562,189,2014-03-05,550,36.1,19854.45,550.0,55.0,495.0,2014-02-26,True
5069,2030,4537,2562,190,2014-03-05,550,48.58,26720.93,550.0,0.0,550.0,2014-02-26,True
5070,2031,4538,2563,498,2014-03-05,550,32.25,17735.03,550.0,0.0,550.0,2014-02-26,True
5071,2031,4539,2563,496,2014-03-05,550,36.56,20108.55,550.0,0.0,550.0,2014-02-26,True
5072,2032,4540,2564,190,2014-03-05,550,46.42,25531.28,550.0,82.0,468.0,2014-02-26,True
5073,2033,4541,2565,157,2014-03-05,3,49.7,149.09,3.0,0.0,3.0,2014-02-26,True
5074,2033,4542,2565,171,2014-03-05,3,45.42,136.27,3.0,0.0,3.0,2014-02-26,True
5075,2033,4543,2565,172,2014-03-05,3,43.32,129.97,3.0,0.0,3.0,2014-02-26,True
5076,2034,4544,2566,184,2014-03-05,3,41.92,125.75,3.0,0.0,3.0,2014-02-26,True
5077,2035,4545,2567,248,2014-03-05,3,50.26,150.79,3.0,0.0,3.0,2014-02-26,True
5078,2036,4546,2568,179,2014-03-05,3,43.55,130.66,3.0,0.0,3.0,2014-02-26,True
5079,2036,4547,2568,180,2014-03-05,3,39.28,117.84,3.0,0.0,3.0,2014-02-26,True
5080,2036,4548,2568,181,2014-03-05,3,37.18,111.54,3.0,0.0,3.0,2014-02-26,True
5081,2036,4549,2568,182,2014-03-05,3,41.45,124.36,3.0,0.0,3.0,2014-02-26,True
5082,2037,4550,2569,126,2014-03-05,550,16.09,8847.3,550.0,0.0,550.0,2014-02-26,True
5083,2038,4551,2570,186,2014-03-05,3,57.03,171.08,3.0,0.0,3.0,2014-02-26,True
5084,2039,4552,2571,117,2014-03-05,550,37.09,20397.3,550.0,0.0,550.0,2014-02-26,True
5085,2040,4553,2572,118,2014-03-05,550,26.6,14628.08,550.0,0.0,550.0,2014-02-26,True
5086,2041,4554,2573,190,2014-03-06,550,46.06,25334.93,550.0,0.0,550.0,2014-02-27,True
5087,2042,4555,2574,217,2014-03-06,3,47.54,142.63,3.0,0.0,3.0,2014-02-27,True
5088,2042,4556,2574,218,2014-03-06,3,43.27,129.81,3.0,0.0,3.0,2014-02-27,True
5089,2043,4557,2575,233,2014-03-06,3,49.7,149.09,3.0,0.0,3.0,2014-02-27,True
5090,2043,4558,2575,234,2014-03-06,3,45.42,136.27,3.0,0.0,3.0,2014-02-27,True
5091,2043,4559,2575,138,2014-03-06,3,43.32,129.97,3.0,0.0,3.0,2014-02-27,True
5092,2044,4560,2576,191,2014-03-06,3,47.47,142.41,3.0,0.0,3.0,2014-02-27,True
5093,2044,4561,2576,192,2014-03-06,3,42.8,128.39,3.0,0.0,3.0,2014-02-27,True
5094,2045,4562,2577,107,2014-03-06,3,45.58,136.74,3.0,0.0,3.0,2014-02-27,True
5095,2045,4563,2577,108,2014-03-06,3,49.85,149.56,3.0,0.0,3.0,2014-02-27,True
5096,2045,4564,2577,97,2014-03-06,3,45.58,136.74,3.0,0.0,3.0,2014-02-27,True
5097,2045,4565,2577,62,2014-03-06,3,43.48,130.44,3.0,0.0,3.0,2014-02-27,True
5098,2045,4566,2577,69,2014-03-06,3,47.75,143.26,3.0,0.0,3.0,2014-02-27,True
5099,2045,4567,2577,68,2014-03-06,3,43.48,130.44,3.0,0.0,3.0,2014-02-27,True
5100,2045,4568,2577,67,2014-03-06,3,41.38,124.14,3.0,0.0,3.0,2014-02-27,True
5101,2045,4569,2577,66,2014-03-06,3,45.65,136.96,3.0,0.0,3.0,2014-02-27,True
5102,2045,4570,2577,65,2014-03-06,3,41.38,124.14,3.0,0.0,3.0,2014-02-27,True
5103,2045,4571,2577,64,2014-03-06,3,39.28,117.84,3.0,0.0,3.0,2014-02-27,True
5104,2045,4572,2577,63,2014-03-06,3,43.55,130.66,3.0,0.0,3.0,2014-02-27,True
5105,2045,4573,2577,61,2014-03-06,3,39.28,117.84,3.0,0.0,3.0,2014-02-27,True
5106,2045,4574,2577,71,2014-03-06,3,37.18,111.54,3.0,0.0,3.0,2014-02-27,True
5107,2045,4575,2577,72,2014-03-06,3,41.45,124.36,3.0,0.0,3.0,2014-02-27,True
5108,2046,4576,2578,6,2014-03-06,550,62.99,34644.23,468.0,0.0,468.0,2014-02-27,True
5109,2047,4577,2579,191,2014-03-06,3,45.37,136.11,3.0,0.0,3.0,2014-02-27,True
5110,2047,4578,2579,192,2014-03-06,3,40.49,121.46,3.0,0.0,3.0,2014-02-27,True
5111,2047,4579,2579,193,2014-03-06,60,26.37,1581.93,60.0,0.0,60.0,2014-02-27,True
5112,2048,4580,2580,121,2014-03-06,3,48.76,146.29,3.0,0.0,3.0,2014-02-27,True
5113,2049,4581,2581,156,2014-03-06,3,34.19,102.56,3.0,0.0,3.0,2014-02-27,True
5114,2050,4582,2582,194,2014-03-06,3,50.26,150.79,3.0,0.0,3.0,2014-02-27,True
5115,2051,4583,2583,119,2014-03-06,550,10.73,5902.05,550.0,0.0,550.0,2014-02-27,True
5116,2051,4584,2583,120,2014-03-06,550,14.12,7767.38,550.0,0.0,550.0,2014-02-27,True
5117,2052,4585,2584,151,2014-03-06,60,50.26,3015.81,60.0,9.0,51.0,2014-02-27,True
5118,2052,4586,2584,152,2014-03-06,60,57.15,3429.09,60.0,0.0,60.0,2014-02-27,True
5119,2053,4587,2585,434,2014-03-06,550,40.94,22516.73,550.0,0.0,550.0,2014-02-27,True
5120,2053,4588,2585,441,2014-03-06,550,21.09,11601.98,550.0,0.0,550.0,2014-02-27,True
5121,2053,4589,2585,438,2014-03-06,550,30.44,16741.73,550.0,0.0,550.0,2014-02-27,True
5122,2054,4590,2586,111,2014-03-06,60,9.2,551.88,60.0,0.0,60.0,2014-02-27,True
5123,2055,4591,2587,162,2014-03-06,550,5.78,3176.25,550.0,0.0,550.0,2014-02-27,True
5124,2055,4592,2587,163,2014-03-06,550,1.16,635.25,523.0,0.0,523.0,2014-02-27,True
5125,2055,4593,2587,132,2014-03-06,550,5.78,3176.25,550.0,0.0,550.0,2014-02-27,True
5126,2056,4594,2588,112,2014-03-06,550,23.39,12866.7,468.0,0.0,468.0,2014-02-27,True
5127,2056,4595,2588,113,2014-03-06,550,27.65,15205.58,550.0,0.0,550.0,2014-02-27,True
5128,2057,4596,2589,164,2014-03-07,550,1.37,750.75,550.0,0.0,550.0,2014-02-28,True
5129,2057,4597,2589,5,2014-03-07,550,62.99,34644.23,550.0,0.0,550.0,2014-02-28,True
5130,2057,4598,2589,131,2014-03-07,550,3.49,1917.3,550.0,0.0,550.0,2014-02-28,True
5131,2058,4599,2590,162,2014-03-07,550,6.2,3407.25,550.0,0.0,550.0,2014-02-28,True
5132,2058,4600,2590,163,2014-03-07,550,1.47,808.5,550.0,0.0,550.0,2014-02-28,True
5133,2058,4601,2590,132,2014-03-07,550,6.2,3407.25,550.0,0.0,550.0,2014-02-28,True
5134,2059,4602,2591,112,2014-03-07,550,22.17,12191.03,550.0,0.0,550.0,2014-02-28,True
5135,2059,4603,2591,113,2014-03-07,550,29.28,16106.48,550.0,0.0,550.0,2014-02-28,True
5136,2060,4604,2592,150,2014-03-07,3,19.98,59.94,3.0,0.0,3.0,2014-02-28,True
5137,2061,4605,2593,159,2014-03-07,3,34.87,104.61,3.0,0.0,3.0,2014-02-28,True
5138,2061,4606,2593,160,2014-03-07,3,39.14,117.43,3.0,0.0,3.0,2014-02-28,True
5139,2062,4607,2594,9,2014-03-07,550,31.49,17319.23,550.0,82.0,468.0,2014-02-28,True
5140,2062,4608,2594,7,2014-03-07,550,48.29,26559.23,550.0,0.0,550.0,2014-02-28,True
5141,2063,4609,2595,238,2014-03-07,3,36.97,110.91,3.0,0.0,3.0,2014-02-28,True
5142,2063,4610,2595,239,2014-03-07,3,41.24,123.73,3.0,0.0,3.0,2014-02-28,True
5143,2063,4611,2595,240,2014-03-07,3,36.97,110.91,3.0,0.0,3.0,2014-02-28,True
5144,2064,4612,2596,135,2014-03-07,550,15.89,8737.58,550.0,0.0,550.0,2014-02-28,True
5145,2064,4613,2596,136,2014-03-07,550,11.67,6416.03,550.0,0.0,550.0,2014-02-28,True
5146,2065,4614,2597,211,2014-03-07,3,47.47,142.41,3.0,0.0,3.0,2014-02-28,True
5147,2066,4615,2598,115,2014-03-07,550,23.08,12693.45,468.0,0.0,468.0,2014-02-28,True
5148,2066,4616,2598,116,2014-03-07,550,29.27,16100.7,550.0,0.0,550.0,2014-02-28,True
5149,2066,4617,2598,117,2014-03-07,550,34.98,19236.53,550.0,0.0,550.0,2014-02-28,True
5150,2067,4618,2599,212,2014-03-07,3,45.37,136.11,3.0,0.0,3.0,2014-02-28,True
5151,2067,4619,2599,213,2014-03-07,3,49.64,148.93,3.0,0.0,3.0,2014-02-28,True
5152,2067,4620,2599,214,2014-03-07,3,45.37,136.11,3.0,0.0,3.0,2014-02-28,True
5153,2067,4621,2599,215,2014-03-07,3,43.27,129.81,3.0,0.0,3.0,2014-02-28,True
5154,2067,4622,2599,216,2014-03-07,3,47.54,142.63,3.0,0.0,3.0,2014-02-28,True
5155,2067,4623,2599,217,2014-03-07,3,43.27,129.81,3.0,0.0,3.0,2014-02-28,True
5156,2068,4624,2600,109,2014-03-07,550,2.32,1276.28,550.0,0.0,550.0,2014-02-28,True
5157,2069,4625,2601,122,2014-03-07,550,3.64,2003.93,550.0,0.0,550.0,2014-02-28,True
5158,2070,4626,2602,440,2014-03-07,550,21.09,11601.98,550.0,0.0,550.0,2014-02-28,True
5159,2070,4627,2602,437,2014-03-07,550,30.44,16741.73,550.0,55.0,495.0,2014-02-28,True
5160,2070,4628,2602,435,2014-03-07,550,40.94,22516.73,550.0,0.0,550.0,2014-02-28,True
5161,2071,4629,2603,165,2014-03-07,60,3.6,216.09,60.0,0.0,60.0,2014-02-28,True
5162,2071,4630,2603,166,2014-03-07,60,3.98,238.77,60.0,0.0,60.0,2014-02-28,True
5163,2072,4631,2604,9,2014-03-07,550,31.49,17319.23,550.0,82.0,468.0,2014-02-28,True
5164,2072,4632,2604,7,2014-03-07,550,48.29,26559.23,550.0,0.0,550.0,2014-02-28,True
5165,2073,4633,2605,120,2014-03-10,550,12.97,7132.13,550.0,0.0,550.0,2014-03-03,True
5166,2074,4634,2606,441,2014-03-10,550,21.09,11601.98,550.0,0.0,550.0,2014-03-03,True
5167,2074,4635,2606,438,2014-03-10,550,30.44,16741.73,550.0,0.0,550.0,2014-03-03,True
5168,2075,4636,2607,434,2014-03-10,550,40.94,22516.73,550.0,0.0,550.0,2014-03-03,True
5169,2076,4637,2608,4,2014-03-10,550,62.99,34644.23,468.0,0.0,468.0,2014-03-03,True
5170,2077,4638,2609,84,2014-03-10,3,39.12,117.37,3.0,0.0,3.0,2014-03-03,True
5171,2077,4639,2609,145,2014-03-10,3,43.4,130.19,3.0,0.0,3.0,2014-03-03,True
5172,2077,4640,2609,134,2014-03-10,3,39.12,117.37,3.0,0.0,3.0,2014-03-03,True
5173,2078,4641,2610,73,2014-03-10,3,47.68,143.04,3.0,0.0,3.0,2014-03-03,True
5174,2079,4642,2611,115,2014-03-10,550,23.4,12872.48,550.0,0.0,550.0,2014-03-03,True
5175,2079,4643,2611,116,2014-03-10,550,27.87,15326.85,550.0,0.0,550.0,2014-03-03,True
5176,2080,4644,2612,123,2014-03-10,550,6.75,3713.33,550.0,0.0,550.0,2014-03-03,True
5177,2081,4645,2613,114,2014-03-10,550,36.28,19952.63,550.0,0.0,550.0,2014-03-03,True
5178,2082,4646,2614,151,2014-03-10,60,50.75,3044.79,60.0,9.0,51.0,2014-03-03,True
5179,2082,4647,2614,152,2014-03-10,60,58.26,3495.87,60.0,0.0,60.0,2014-03-03,True
5180,2083,4648,2615,119,2014-03-10,550,10.38,5711.48,550.0,0.0,550.0,2014-03-03,True
5181,2084,4649,2616,231,2014-03-10,3,47.68,143.04,3.0,0.0,3.0,2014-03-03,True
5182,2084,4650,2616,232,2014-03-10,3,45.58,136.74,3.0,0.0,3.0,2014-03-03,True
5183,2085,4651,2617,149,2014-03-10,3,12.72,38.15,3.0,0.0,3.0,2014-03-03,True
5184,2085,4652,2617,150,2014-03-10,3,19.94,59.82,3.0,0.0,3.0,2014-03-03,True
5185,2086,4653,2618,124,2014-03-10,3,38.16,114.47,3.0,0.0,3.0,2014-03-03,True
5186,2087,4654,2619,110,2014-03-10,3,44.22,132.65,3.0,0.0,3.0,2014-03-03,True
5187,2088,4655,2620,10,2014-03-10,550,31.49,17319.23,550.0,0.0,550.0,2014-03-03,True
5188,2088,4656,2620,8,2014-03-10,550,48.29,26559.23,550.0,0.0,550.0,2014-03-03,True
5189,2089,4657,2621,167,2014-03-11,60,6.98,418.95,60.0,0.0,60.0,2014-03-04,True
5190,2090,4658,2622,101,2014-03-11,3,43.48,130.44,3.0,0.0,3.0,2014-03-04,True
5191,2090,4659,2622,102,2014-03-11,3,47.75,143.26,3.0,0.0,3.0,2014-03-04,True
5192,2090,4660,2622,103,2014-03-11,3,43.48,130.44,3.0,0.0,3.0,2014-03-04,True
5193,2091,4661,2623,165,2014-03-11,60,3.38,202.86,60.0,0.0,60.0,2014-03-04,True
5194,2091,4662,2623,166,2014-03-11,60,4.32,258.93,60.0,0.0,60.0,2014-03-04,True
5195,2092,4663,2624,241,2014-03-11,3,43.34,130.03,3.0,0.0,3.0,2014-03-04,True
5196,2092,4664,2624,242,2014-03-11,3,39.07,117.21,3.0,0.0,3.0,2014-03-04,True
5197,2093,4665,2625,149,2014-03-11,3,12.36,37.08,3.0,0.0,3.0,2014-03-04,True
5198,2094,4666,2626,118,2014-03-11,550,39.2,21558.08,550.0,0.0,550.0,2014-03-04,True
5199,2095,4667,2627,227,2014-03-11,3,47.65,142.95,3.0,0.0,3.0,2014-03-04,True
5200,2095,4668,2627,228,2014-03-11,3,43.38,130.13,3.0,0.0,3.0,2014-03-04,True
5201,2095,4669,2627,229,2014-03-11,3,41.28,123.83,3.0,0.0,3.0,2014-03-04,True
5202,2095,4670,2627,230,2014-03-11,3,45.55,136.65,3.0,0.0,3.0,2014-03-04,True
5203,2096,4671,2628,500,2014-03-11,550,34.87,19178.78,468.0,0.0,468.0,2014-03-04,True
5204,2096,4672,2628,499,2014-03-11,550,39.76,21869.93,550.0,0.0,550.0,2014-03-04,True
5205,2096,4673,2628,495,2014-03-11,550,43.98,24191.48,550.0,0.0,550.0,2014-03-04,True
5206,2096,4674,2628,497,2014-03-11,550,38.15,20980.58,550.0,0.0,550.0,2014-03-04,True
5207,2097,4675,2629,86,2014-03-11,3,47.75,143.26,3.0,0.0,3.0,2014-03-04,True
5208,2097,4676,2629,87,2014-03-11,3,43.48,130.44,3.0,0.0,3.0,2014-03-04,True
5209,2097,4677,2629,88,2014-03-11,3,41.38,124.14,3.0,0.0,3.0,2014-03-04,True
5210,2097,4678,2629,89,2014-03-11,3,45.65,136.96,3.0,0.0,3.0,2014-03-04,True
5211,2097,4679,2629,90,2014-03-11,3,41.38,124.14,3.0,0.0,3.0,2014-03-04,True
5212,2097,4680,2629,91,2014-03-11,3,39.28,117.84,3.0,0.0,3.0,2014-03-04,True
5213,2098,4681,2630,160,2014-03-11,3,45.55,136.65,3.0,0.0,3.0,2014-03-04,True
5214,2099,4682,2631,500,2014-03-11,550,34.35,18890.03,550.0,0.0,550.0,2014-03-04,True
5215,2099,4683,2631,499,2014-03-11,550,39.24,21581.18,550.0,0.0,550.0,2014-03-04,True
5216,2100,4684,2632,204,2014-03-11,3,47.47,142.41,3.0,0.0,3.0,2014-03-04,True
5217,2100,4685,2632,205,2014-03-11,3,45.37,136.11,3.0,0.0,3.0,2014-03-04,True
5218,2100,4686,2632,206,2014-03-11,3,49.64,148.93,3.0,0.0,3.0,2014-03-04,True
5219,2101,4687,2633,494,2014-03-11,550,43.04,23671.73,550.0,0.0,550.0,2014-03-04,True
5220,2102,4688,2634,203,2014-03-11,550,10.82,5948.25,550.0,82.0,468.0,2014-03-04,True
5221,2103,4689,2635,447,2014-03-11,550,82.83,45558.98,550.0,0.0,550.0,2014-03-04,True
5222,2103,4690,2635,446,2014-03-11,550,82.83,45558.98,550.0,0.0,550.0,2014-03-04,True
5223,2104,4691,2636,183,2014-03-11,1250,0.21,262.5,1250.0,1250.0,0.0,2014-03-04,True
5224,2104,4692,2636,197,2014-03-11,1250,0.21,262.5,1250.0,1250.0,0.0,2014-03-04,True
5225,2105,4693,2637,191,2014-03-12,3,49.64,148.93,3.0,0.0,3.0,2014-03-05,True
5226,2105,4694,2637,192,2014-03-12,3,44.32,132.96,3.0,0.0,3.0,2014-03-05,True
5227,2105,4695,2637,193,2014-03-12,60,28.7,1721.79,60.0,0.0,60.0,2014-03-05,True
5228,2106,4696,2638,494,2014-03-12,550,42.51,23382.98,468.0,0.0,468.0,2014-03-05,True
5229,2106,4697,2638,501,2014-03-12,550,5.59,3072.3,550.0,0.0,550.0,2014-03-05,True
5230,2107,4698,2639,493,2014-03-12,60,15.74,944.37,60.0,0.0,60.0,2014-03-05,True
5231,2108,4699,2640,495,2014-03-12,550,43.46,23902.73,550.0,0.0,550.0,2014-03-05,True
5232,2108,4700,2640,497,2014-03-12,550,37.62,20691.83,550.0,0.0,550.0,2014-03-05,True
5233,2108,4701,2640,503,2014-03-12,550,6.53,3592.05,550.0,0.0,550.0,2014-03-05,True
5234,2108,4702,2640,502,2014-03-12,550,6.18,3401.48,550.0,0.0,550.0,2014-03-05,True
5235,2109,4703,2641,188,2014-03-12,550,29.58,16268.18,550.0,0.0,550.0,2014-03-05,True
5236,2109,4704,2641,189,2014-03-12,550,36.1,19854.45,550.0,0.0,550.0,2014-03-05,True
5237,2109,4705,2641,190,2014-03-12,550,48.58,26720.93,550.0,0.0,550.0,2014-03-05,True
5238,2110,4706,2642,498,2014-03-12,550,32.25,17735.03,550.0,0.0,550.0,2014-03-05,True
5239,2110,4707,2642,496,2014-03-12,550,36.56,20108.55,550.0,55.0,495.0,2014-03-05,True
5240,2111,4708,2643,190,2014-03-12,550,46.42,25531.28,550.0,0.0,550.0,2014-03-05,True
5241,2112,4709,2644,173,2014-03-12,3,47.6,142.79,3.0,0.0,3.0,2014-03-05,True
5242,2112,4710,2644,174,2014-03-12,3,43.32,129.97,3.0,0.0,3.0,2014-03-05,True
5243,2113,4711,2645,184,2014-03-12,3,41.92,125.75,3.0,0.0,3.0,2014-03-05,True
5244,2114,4712,2646,248,2014-03-12,3,50.26,150.79,3.0,0.0,3.0,2014-03-05,True
5245,2115,4713,2647,196,2014-03-12,3,37.18,111.54,3.0,0.0,3.0,2014-03-05,True
5246,2116,4714,2648,126,2014-03-12,550,16.09,8847.3,468.0,0.0,468.0,2014-03-05,True
5247,2117,4715,2649,186,2014-03-12,3,57.03,171.08,3.0,0.0,3.0,2014-03-05,True
5248,2118,4716,2650,117,2014-03-12,550,37.09,20397.3,550.0,0.0,550.0,2014-03-05,True
5249,2119,4717,2651,118,2014-03-12,550,26.6,14628.08,550.0,0.0,550.0,2014-03-05,True
5250,2120,4718,2652,188,2014-03-12,550,27.06,14882.18,550.0,0.0,550.0,2014-03-05,True
5251,2120,4719,2652,189,2014-03-12,550,33.58,18468.45,550.0,55.0,495.0,2014-03-05,True
5252,2120,4720,2652,190,2014-03-12,550,46.06,25334.93,550.0,0.0,550.0,2014-03-05,True
5253,2121,4721,2653,219,2014-03-13,3,41.17,123.51,3.0,0.0,3.0,2014-03-06,True
5254,2121,4722,2653,220,2014-03-13,3,45.44,136.33,3.0,0.0,3.0,2014-03-06,True
5255,2121,4723,2653,221,2014-03-13,3,41.17,123.51,3.0,0.0,3.0,2014-03-06,True
5256,2121,4724,2653,209,2014-03-13,3,39.07,117.21,3.0,0.0,3.0,2014-03-06,True
5257,2122,4725,2654,86,2014-03-13,3,47.6,142.79,3.0,0.0,3.0,2014-03-06,True
5258,2122,4726,2654,87,2014-03-13,3,43.32,129.97,3.0,0.0,3.0,2014-03-06,True
5259,2123,4727,2655,193,2014-03-13,60,25.42,1525.23,60.0,0.0,60.0,2014-03-06,True
5260,2124,4728,2656,85,2014-03-13,3,41.22,123.67,3.0,0.0,3.0,2014-03-06,True
5261,2124,4729,2656,98,2014-03-13,3,45.5,136.49,3.0,0.0,3.0,2014-03-06,True
5262,2125,4730,2657,6,2014-03-13,550,62.99,34644.23,550.0,0.0,550.0,2014-03-06,True
5263,2126,4731,2658,191,2014-03-13,3,45.37,136.11,3.0,0.0,3.0,2014-03-06,True
5264,2126,4732,2658,192,2014-03-13,3,40.49,121.46,3.0,0.0,3.0,2014-03-06,True
5265,2126,4733,2658,193,2014-03-13,60,26.37,1581.93,60.0,0.0,60.0,2014-03-06,True
5266,2127,4734,2659,121,2014-03-13,3,48.76,146.29,3.0,0.0,3.0,2014-03-06,True
5267,2128,4735,2660,156,2014-03-13,3,34.19,102.56,3.0,0.0,3.0,2014-03-06,True
5268,2129,4736,2661,194,2014-03-13,3,50.26,150.79,3.0,0.0,3.0,2014-03-06,True
5269,2130,4737,2662,119,2014-03-13,550,10.73,5902.05,550.0,0.0,550.0,2014-03-06,True
5270,2130,4738,2662,120,2014-03-13,550,14.12,7767.38,550.0,55.0,495.0,2014-03-06,True
5271,2131,4739,2663,153,2014-03-13,60,53.2,3192.21,60.0,0.0,60.0,2014-03-06,True
5272,2131,4740,2663,154,2014-03-13,60,63.69,3821.58,60.0,0.0,60.0,2014-03-06,True
5273,2131,4741,2663,155,2014-03-13,60,48.91,2934.54,60.0,3.0,57.0,2014-03-06,True
5274,2132,4742,2664,435,2014-03-13,550,40.94,22516.73,550.0,82.0,468.0,2014-03-06,True
5275,2132,4743,2664,442,2014-03-13,550,21.09,11601.98,550.0,0.0,550.0,2014-03-06,True
5276,2133,4744,2665,111,2014-03-13,60,9.2,551.88,60.0,0.0,60.0,2014-03-06,True
5277,2134,4745,2666,162,2014-03-13,550,5.78,3176.25,550.0,0.0,550.0,2014-03-06,True
5278,2134,4746,2666,163,2014-03-13,550,1.16,635.25,550.0,0.0,550.0,2014-03-06,True
5279,2135,4747,2667,112,2014-03-13,550,23.39,12866.7,550.0,0.0,550.0,2014-03-06,True
5280,2135,4748,2667,113,2014-03-13,550,27.65,15205.58,523.0,0.0,523.0,2014-03-06,True
5281,2136,4749,2668,164,2014-03-13,550,1.37,750.75,468.0,0.0,468.0,2014-03-06,True
5282,2136,4750,2668,5,2014-03-13,550,62.99,34644.23,550.0,0.0,550.0,2014-03-06,True
5283,2136,4751,2668,131,2014-03-13,550,3.49,1917.3,550.0,0.0,550.0,2014-03-06,True
5284,2137,4752,2669,162,2014-03-14,550,6.2,3407.25,550.0,0.0,550.0,2014-03-07,True
5285,2137,4753,2669,163,2014-03-14,550,1.47,808.5,550.0,0.0,550.0,2014-03-07,True
5286,2137,4754,2669,132,2014-03-14,550,6.2,3407.25,550.0,0.0,550.0,2014-03-07,True
5287,2138,4755,2670,112,2014-03-14,550,22.17,12191.03,550.0,0.0,550.0,2014-03-07,True
5288,2138,4756,2670,113,2014-03-14,550,29.28,16106.48,550.0,0.0,550.0,2014-03-07,True
5289,2139,4757,2671,150,2014-03-14,3,19.98,59.94,3.0,0.0,3.0,2014-03-07,True
5290,2140,4758,2672,204,2014-03-14,3,41.17,123.51,3.0,0.0,3.0,2014-03-07,True
5291,2140,4759,2672,205,2014-03-14,3,39.07,117.21,3.0,0.0,3.0,2014-03-07,True
5292,2140,4760,2672,206,2014-03-14,3,43.34,130.03,3.0,0.0,3.0,2014-03-07,True
5293,2141,4761,2673,9,2014-03-14,550,31.49,17319.23,550.0,0.0,550.0,2014-03-07,True
5294,2141,4762,2673,7,2014-03-14,550,48.29,26559.23,550.0,0.0,550.0,2014-03-07,True
5295,2142,4763,2674,241,2014-03-14,3,43.22,129.65,3.0,0.0,3.0,2014-03-07,True
5296,2142,4764,2674,242,2014-03-14,3,47.49,142.47,3.0,0.0,3.0,2014-03-07,True
5297,2143,4765,2675,137,2014-03-14,550,11.09,6098.4,550.0,0.0,550.0,2014-03-07,True
5298,2143,4766,2675,104,2014-03-14,550,15.89,8737.58,550.0,0.0,550.0,2014-03-07,True
5299,2143,4767,2675,139,2014-03-14,550,11.67,6416.03,550.0,0.0,550.0,2014-03-07,True
5300,2144,4768,2676,211,2014-03-14,3,47.47,142.41,3.0,0.0,3.0,2014-03-07,True
5301,2145,4769,2677,115,2014-03-14,550,23.08,12693.45,550.0,0.0,550.0,2014-03-07,True
5302,2145,4770,2677,116,2014-03-14,550,29.27,16100.7,523.0,0.0,523.0,2014-03-07,True
5303,2145,4771,2677,117,2014-03-14,550,34.98,19236.53,550.0,0.0,550.0,2014-03-07,True
5304,2146,4772,2678,218,2014-03-14,3,41.17,123.51,3.0,0.0,3.0,2014-03-07,True
5305,2146,4773,2678,442,2014-03-14,550,21.09,11601.98,550.0,0.0,550.0,2014-03-07,True
5306,2146,4774,2678,439,2014-03-14,550,30.44,16741.73,550.0,0.0,550.0,2014-03-07,True
5307,2146,4775,2678,436,2014-03-14,550,40.94,22516.73,550.0,0.0,550.0,2014-03-07,True
5308,2147,4776,2679,109,2014-03-14,550,2.32,1276.28,550.0,0.0,550.0,2014-03-07,True
5309,2148,4777,2680,122,2014-03-14,550,3.64,2003.93,550.0,0.0,550.0,2014-03-07,True
5310,2149,4778,2681,440,2014-03-14,550,21.09,11601.98,550.0,0.0,550.0,2014-03-07,True
5311,2149,4779,2681,437,2014-03-14,550,30.44,16741.73,550.0,0.0,550.0,2014-03-07,True
5312,2149,4780,2681,435,2014-03-14,550,40.94,22516.73,550.0,0.0,550.0,2014-03-07,True
5313,2150,4781,2682,165,2014-03-14,60,3.6,216.09,60.0,0.0,60.0,2014-03-07,True
5314,2150,4782,2682,166,2014-03-14,60,3.98,238.77,60.0,6.0,54.0,2014-03-07,True
5315,2151,4783,2683,9,2014-03-14,550,31.49,17319.23,550.0,0.0,550.0,2014-03-07,True
5316,2151,4784,2683,7,2014-03-14,550,48.29,26559.23,550.0,0.0,550.0,2014-03-07,True
5317,2152,4785,2684,120,2014-03-14,550,12.97,7132.13,550.0,82.0,468.0,2014-03-07,True
5318,2153,4786,2685,441,2014-03-15,550,21.09,11601.98,550.0,0.0,550.0,2014-03-08,True
5319,2153,4787,2685,438,2014-03-15,550,30.44,16741.73,550.0,0.0,550.0,2014-03-08,True
5320,2154,4788,2686,434,2014-03-15,550,40.94,22516.73,550.0,0.0,550.0,2014-03-08,True
5321,2155,4789,2687,4,2014-03-15,550,62.99,34644.23,550.0,0.0,550.0,2014-03-08,True
5322,2156,4790,2688,74,2014-03-15,3,47.52,142.57,3.0,0.0,3.0,2014-03-08,True
5323,2156,4791,2688,75,2014-03-15,3,45.42,136.27,3.0,0.0,3.0,2014-03-08,True
5324,2156,4792,2688,76,2014-03-15,3,49.7,149.09,3.0,0.0,3.0,2014-03-08,True
5325,2156,4793,2688,77,2014-03-15,3,45.42,136.27,3.0,0.0,3.0,2014-03-08,True
5326,2157,4794,2689,73,2014-03-15,3,47.68,143.04,3.0,0.0,3.0,2014-03-08,True
5327,2158,4795,2690,115,2014-03-15,550,23.4,12872.48,550.0,0.0,550.0,2014-03-08,True
5328,2158,4796,2690,116,2014-03-15,550,27.87,15326.85,550.0,0.0,550.0,2014-03-08,True
5329,2159,4797,2691,123,2014-03-15,550,6.75,3713.33,550.0,0.0,550.0,2014-03-08,True
5330,2160,4798,2692,10,2014-03-15,550,31.49,17319.23,550.0,0.0,550.0,2014-03-08,True
5331,2160,4799,2692,8,2014-03-15,550,48.29,26559.23,550.0,55.0,495.0,2014-03-08,True
5332,2160,4800,2692,114,2014-03-15,550,36.28,19952.63,550.0,0.0,550.0,2014-03-08,True
5333,2161,4801,2693,153,2014-03-15,60,50.75,3044.79,60.0,0.0,60.0,2014-03-08,True
5334,2161,4802,2693,154,2014-03-15,60,62.93,3775.59,60.0,0.0,60.0,2014-03-08,True
5335,2161,4803,2693,155,2014-03-15,60,49.65,2979.27,60.0,3.0,57.0,2014-03-08,True
5336,2162,4804,2694,119,2014-03-15,550,10.38,5711.48,550.0,82.0,468.0,2014-03-08,True
5337,2163,4805,2695,233,2014-03-15,3,49.85,149.56,3.0,0.0,3.0,2014-03-08,True
5338,2163,4806,2695,234,2014-03-15,3,45.58,136.74,3.0,0.0,3.0,2014-03-08,True
5339,2163,4807,2695,138,2014-03-15,3,43.48,130.44,3.0,0.0,3.0,2014-03-08,True
5340,2164,4808,2696,149,2014-03-15,3,12.72,38.15,3.0,0.0,3.0,2014-03-08,True
5341,2164,4809,2696,150,2014-03-15,3,19.94,59.82,3.0,0.0,3.0,2014-03-08,True
5342,2165,4810,2697,124,2014-03-15,3,38.16,114.47,3.0,0.0,3.0,2014-03-08,True
5343,2166,4811,2698,110,2014-03-15,3,44.22,132.65,3.0,0.0,3.0,2014-03-08,True
5344,2167,4812,2699,10,2014-03-15,550,31.49,17319.23,550.0,0.0,550.0,2014-03-08,True
5345,2167,4813,2699,8,2014-03-15,550,48.29,26559.23,550.0,0.0,550.0,2014-03-08,True
5346,2168,4814,2700,167,2014-03-15,60,6.98,418.95,60.0,0.0,60.0,2014-03-08,True
5347,2169,4815,2701,70,2014-03-17,3,41.38,124.14,3.0,0.0,3.0,2014-03-10,True
5348,2169,4816,2701,105,2014-03-17,3,45.65,136.96,3.0,0.0,3.0,2014-03-10,True
5349,2169,4817,2701,106,2014-03-17,3,41.38,124.14,3.0,0.0,3.0,2014-03-10,True
5350,2169,4818,2701,107,2014-03-17,3,39.28,117.84,3.0,0.0,3.0,2014-03-10,True
5351,2169,4819,2701,108,2014-03-17,3,43.55,130.66,3.0,0.0,3.0,2014-03-10,True
5352,2170,4820,2702,165,2014-03-17,60,3.38,202.86,60.0,0.0,60.0,2014-03-10,True
5353,2170,4821,2702,166,2014-03-17,60,4.32,258.93,60.0,6.0,54.0,2014-03-10,True
5354,2171,4822,2703,243,2014-03-17,3,36.97,110.91,3.0,0.0,3.0,2014-03-10,True
5355,2171,4823,2703,244,2014-03-17,3,41.24,123.73,3.0,0.0,3.0,2014-03-10,True
5356,2171,4824,2703,245,2014-03-17,3,36.97,110.91,3.0,0.0,3.0,2014-03-10,True
5357,2171,4825,2703,246,2014-03-17,3,43.22,129.65,3.0,0.0,3.0,2014-03-10,True
5358,2172,4826,2704,149,2014-03-17,3,12.36,37.08,3.0,0.0,3.0,2014-03-10,True
5359,2173,4827,2705,118,2014-03-17,550,39.2,21558.08,550.0,0.0,550.0,2014-03-10,True
5360,2174,4828,2706,212,2014-03-17,3,45.44,136.33,3.0,0.0,3.0,2014-03-10,True
5361,2174,4829,2706,213,2014-03-17,3,41.17,123.51,3.0,0.0,3.0,2014-03-10,True
5362,2175,4830,2707,500,2014-03-17,550,34.87,19178.78,550.0,0.0,550.0,2014-03-10,True
5363,2175,4831,2707,499,2014-03-17,550,39.76,21869.93,523.0,0.0,523.0,2014-03-10,True
5364,2175,4832,2707,495,2014-03-17,550,43.98,24191.48,550.0,0.0,550.0,2014-03-10,True
5365,2175,4833,2707,497,2014-03-17,550,38.15,20980.58,550.0,0.0,550.0,2014-03-10,True
5366,2176,4834,2708,92,2014-03-17,3,43.55,130.66,3.0,0.0,3.0,2014-03-10,True
5367,2176,4835,2708,93,2014-03-17,3,39.28,117.84,3.0,0.0,3.0,2014-03-10,True
5368,2176,4836,2708,94,2014-03-17,3,37.18,111.54,3.0,0.0,3.0,2014-03-10,True
5369,2176,4837,2708,95,2014-03-17,3,41.45,124.36,3.0,0.0,3.0,2014-03-10,True
5370,2177,4838,2709,204,2014-03-17,3,47.58,142.73,3.0,0.0,3.0,2014-03-10,True
5371,2177,4839,2709,205,2014-03-17,3,45.48,136.43,3.0,0.0,3.0,2014-03-10,True
5372,2177,4840,2709,206,2014-03-17,3,49.75,149.25,3.0,0.0,3.0,2014-03-10,True
5373,2177,4841,2709,207,2014-03-17,3,45.48,136.43,3.0,0.0,3.0,2014-03-10,True
5374,2177,4842,2709,208,2014-03-17,3,43.38,130.13,3.0,0.0,3.0,2014-03-10,True
5375,2177,4843,2709,170,2014-03-17,3,47.65,142.95,3.0,0.0,3.0,2014-03-10,True
5376,2178,4844,2710,500,2014-03-17,550,34.35,18890.03,550.0,0.0,550.0,2014-03-10,True
5377,2178,4845,2710,499,2014-03-17,550,39.24,21581.18,550.0,0.0,550.0,2014-03-10,True
5378,2179,4846,2711,207,2014-03-17,3,45.37,136.11,3.0,0.0,3.0,2014-03-10,True
5379,2179,4847,2711,208,2014-03-17,3,43.27,129.81,3.0,0.0,3.0,2014-03-10,True
5380,2179,4848,2711,170,2014-03-17,3,47.54,142.63,3.0,0.0,3.0,2014-03-10,True
5381,2179,4849,2711,158,2014-03-17,3,43.27,129.81,3.0,0.0,3.0,2014-03-10,True
5382,2179,4850,2711,159,2014-03-17,3,41.17,123.51,3.0,0.0,3.0,2014-03-10,True
5383,2180,4851,2712,498,2014-03-17,550,32.77,18023.78,550.0,0.0,550.0,2014-03-10,True
5384,2180,4852,2712,496,2014-03-17,550,37.09,20397.3,550.0,55.0,495.0,2014-03-10,True
5385,2180,4853,2712,494,2014-03-17,550,43.04,23671.73,550.0,0.0,550.0,2014-03-10,True
5386,2181,4854,2713,203,2014-03-17,550,10.82,5948.25,550.0,0.0,550.0,2014-03-10,True
5387,2182,4855,2714,447,2014-03-17,550,82.83,45558.98,550.0,82.0,468.0,2014-03-10,True
5388,2182,4856,2714,446,2014-03-17,550,82.83,45558.98,550.0,0.0,550.0,2014-03-10,True
5389,2183,4857,2715,183,2014-03-17,1250,0.21,262.5,1250.0,0.0,1250.0,2014-03-10,True
5390,2183,4858,2715,197,2014-03-17,1250,0.21,262.5,1250.0,0.0,1250.0,2014-03-10,True
5391,2184,4859,2716,191,2014-03-17,3,49.64,148.93,3.0,0.0,3.0,2014-03-10,True
5392,2184,4860,2716,192,2014-03-17,3,44.32,132.96,3.0,0.0,3.0,2014-03-10,True
5393,2185,4861,2717,494,2014-03-18,550,42.51,23382.98,550.0,0.0,550.0,2014-03-11,True
5394,2185,4862,2717,501,2014-03-18,550,5.59,3072.3,523.0,0.0,523.0,2014-03-11,True
5395,2186,4863,2718,493,2014-03-18,60,15.74,944.37,51.0,0.0,51.0,2014-03-11,True
5396,2187,4864,2719,495,2014-03-18,550,43.46,23902.73,550.0,0.0,550.0,2014-03-11,True
5397,2187,4865,2719,497,2014-03-18,550,37.62,20691.83,550.0,0.0,550.0,2014-03-11,True
5398,2187,4866,2719,503,2014-03-18,550,6.53,3592.05,550.0,0.0,550.0,2014-03-11,True
5399,2187,4867,2719,502,2014-03-18,550,6.18,3401.48,550.0,0.0,550.0,2014-03-11,True
5400,2188,4868,2720,188,2014-03-18,550,29.58,16268.18,550.0,0.0,550.0,2014-03-11,True
5401,2188,4869,2720,189,2014-03-18,550,36.1,19854.45,550.0,0.0,550.0,2014-03-11,True
5402,2188,4870,2720,190,2014-03-18,550,48.58,26720.93,550.0,0.0,550.0,2014-03-11,True
5403,2189,4871,2721,498,2014-03-18,550,32.25,17735.03,550.0,0.0,550.0,2014-03-11,True
5404,2189,4872,2721,496,2014-03-18,550,36.56,20108.55,550.0,0.0,550.0,2014-03-11,True
5405,2190,4873,2722,190,2014-03-18,550,46.42,25531.28,550.0,0.0,550.0,2014-03-11,True
5406,2191,4874,2723,175,2014-03-18,3,41.22,123.67,3.0,0.0,3.0,2014-03-11,True
5407,2191,4875,2723,176,2014-03-18,3,45.5,136.49,3.0,0.0,3.0,2014-03-11,True
5408,2191,4876,2723,177,2014-03-18,3,41.22,123.67,3.0,0.0,3.0,2014-03-11,True
5409,2191,4877,2723,178,2014-03-18,3,39.12,117.37,3.0,0.0,3.0,2014-03-11,True
5410,2192,4878,2724,184,2014-03-18,3,41.92,125.75,3.0,0.0,3.0,2014-03-11,True
5411,2193,4879,2725,248,2014-03-18,3,50.26,150.79,3.0,0.0,3.0,2014-03-11,True
5412,2194,4880,2726,168,2014-03-18,3,47.68,143.04,3.0,0.0,3.0,2014-03-11,True
5413,2194,4881,2726,169,2014-03-18,3,45.58,136.74,3.0,0.0,3.0,2014-03-11,True
5414,2195,4882,2727,126,2014-03-18,550,16.09,8847.3,550.0,0.0,550.0,2014-03-11,True
5415,2196,4883,2728,186,2014-03-18,3,57.03,171.08,3.0,0.0,3.0,2014-03-11,True
5416,2197,4884,2729,117,2014-03-18,550,37.09,20397.3,550.0,0.0,550.0,2014-03-11,True
5417,2198,4885,2730,118,2014-03-18,550,26.6,14628.08,550.0,0.0,550.0,2014-03-11,True
5418,2199,4886,2731,188,2014-03-18,550,27.06,14882.18,550.0,0.0,550.0,2014-03-11,True
5419,2199,4887,2731,189,2014-03-18,550,33.58,18468.45,550.0,0.0,550.0,2014-03-11,True
5420,2199,4888,2731,190,2014-03-18,550,46.06,25334.93,550.0,0.0,550.0,2014-03-11,True
5421,2200,4889,2732,223,2014-03-18,3,43.34,130.03,3.0,0.0,3.0,2014-03-11,True
5422,2200,4890,2732,224,2014-03-18,3,39.07,117.21,3.0,0.0,3.0,2014-03-11,True
5423,2200,4891,2732,225,2014-03-18,3,36.97,110.91,3.0,0.0,3.0,2014-03-11,True
5424,2201,4892,2733,88,2014-03-19,3,41.22,123.67,3.0,0.0,3.0,2014-03-12,True
5425,2201,4893,2733,89,2014-03-19,3,45.5,136.49,3.0,0.0,3.0,2014-03-12,True
5426,2201,4894,2733,90,2014-03-19,3,41.22,123.67,3.0,0.0,3.0,2014-03-12,True
5427,2201,4895,2733,91,2014-03-19,3,39.12,117.37,3.0,0.0,3.0,2014-03-12,True
5428,2202,4896,2734,191,2014-03-19,3,47.47,142.41,3.0,0.0,3.0,2014-03-12,True
5429,2202,4897,2734,192,2014-03-19,3,42.8,128.39,3.0,0.0,3.0,2014-03-12,True
5430,2203,4898,2735,99,2014-03-19,3,41.22,123.67,3.0,0.0,3.0,2014-03-12,True
5431,2203,4899,2735,100,2014-03-19,3,39.12,117.37,3.0,0.0,3.0,2014-03-12,True
5432,2203,4900,2735,101,2014-03-19,3,43.4,130.19,3.0,0.0,3.0,2014-03-12,True
5433,2204,4901,2736,6,2014-03-19,550,62.99,34644.23,550.0,550.0,0.0,2014-03-12,True
5434,2205,4902,2737,191,2014-03-19,3,45.37,136.11,3.0,0.0,3.0,2014-03-12,True
5435,2205,4903,2737,192,2014-03-19,3,40.49,121.46,3.0,0.0,3.0,2014-03-12,True
5436,2205,4904,2737,193,2014-03-19,60,26.37,1581.93,60.0,0.0,60.0,2014-03-12,True
5437,2206,4905,2738,121,2014-03-19,3,48.76,146.29,3.0,0.0,3.0,2014-03-12,True
5438,2207,4906,2739,156,2014-03-19,3,34.19,102.56,3.0,0.0,3.0,2014-03-12,True
5439,2208,4907,2740,194,2014-03-19,3,50.26,150.79,3.0,0.0,3.0,2014-03-12,True
5440,2209,4908,2741,119,2014-03-19,550,10.73,5902.05,550.0,0.0,550.0,2014-03-12,True
5441,2209,4909,2741,120,2014-03-19,550,14.12,7767.38,550.0,0.0,550.0,2014-03-12,True
5442,2210,4910,2742,151,2014-03-19,60,50.26,3015.81,60.0,0.0,60.0,2014-03-12,True
5443,2210,4911,2742,152,2014-03-19,60,57.15,3429.09,60.0,6.0,54.0,2014-03-12,True
5444,2210,4912,2742,153,2014-03-19,60,53.2,3192.21,60.0,0.0,60.0,2014-03-12,True
5445,2211,4913,2743,439,2014-03-19,550,30.44,16741.73,550.0,0.0,550.0,2014-03-12,True
5446,2211,4914,2743,436,2014-03-19,550,40.94,22516.73,550.0,0.0,550.0,2014-03-12,True
5447,2212,4915,2744,111,2014-03-19,60,9.2,551.88,60.0,9.0,51.0,2014-03-12,True
5448,2213,4916,2745,132,2014-03-19,550,5.78,3176.25,550.0,0.0,550.0,2014-03-12,True
5449,2214,4917,2746,112,2014-03-19,550,23.39,12866.7,550.0,0.0,550.0,2014-03-12,True
5450,2214,4918,2746,113,2014-03-19,550,27.65,15205.58,550.0,0.0,550.0,2014-03-12,True
5451,2215,4919,2747,164,2014-03-19,550,1.37,750.75,550.0,0.0,550.0,2014-03-12,True
5452,2215,4920,2747,5,2014-03-19,550,62.99,34644.23,523.0,0.0,523.0,2014-03-12,True
5453,2215,4921,2747,131,2014-03-19,550,3.49,1917.3,550.0,0.0,550.0,2014-03-12,True
5454,2216,4922,2748,162,2014-03-19,550,6.2,3407.25,468.0,0.0,468.0,2014-03-12,True
5455,2216,4923,2748,163,2014-03-19,550,1.47,808.5,550.0,0.0,550.0,2014-03-12,True
5456,2216,4924,2748,132,2014-03-19,550,6.2,3407.25,550.0,0.0,550.0,2014-03-12,True
5457,2217,4925,2749,112,2014-03-20,550,22.17,12191.03,550.0,0.0,550.0,2014-03-13,True
5458,2217,4926,2749,113,2014-03-20,550,29.28,16106.48,550.0,0.0,550.0,2014-03-13,True
5459,2218,4927,2750,150,2014-03-20,3,19.98,59.94,3.0,0.0,3.0,2014-03-13,True
5460,2219,4928,2751,207,2014-03-20,3,39.07,117.21,3.0,0.0,3.0,2014-03-13,True
5461,2219,4929,2751,208,2014-03-20,3,36.97,110.91,3.0,0.0,3.0,2014-03-13,True
5462,2219,4930,2751,170,2014-03-20,3,41.24,123.73,3.0,0.0,3.0,2014-03-13,True
5463,2219,4931,2751,158,2014-03-20,3,36.97,110.91,3.0,0.0,3.0,2014-03-13,True
5464,2219,4932,2751,159,2014-03-20,3,34.87,104.61,3.0,0.0,3.0,2014-03-13,True
5465,2220,4933,2752,9,2014-03-20,550,31.49,17319.23,550.0,0.0,550.0,2014-03-13,True
5466,2220,4934,2752,7,2014-03-20,550,48.29,26559.23,550.0,55.0,495.0,2014-03-13,True
5467,2221,4935,2753,243,2014-03-20,3,43.27,129.81,3.0,0.0,3.0,2014-03-13,True
5468,2221,4936,2753,244,2014-03-20,3,47.54,142.63,3.0,0.0,3.0,2014-03-13,True
5469,2221,4937,2753,245,2014-03-20,3,43.27,129.81,3.0,0.0,3.0,2014-03-13,True
5470,2221,4938,2753,246,2014-03-20,3,41.17,123.51,3.0,0.0,3.0,2014-03-13,True
5471,2222,4939,2754,140,2014-03-20,550,11.09,6098.4,550.0,82.0,468.0,2014-03-13,True
5472,2222,4940,2754,141,2014-03-20,550,8.76,4816.35,550.0,0.0,550.0,2014-03-13,True
5473,2223,4941,2755,211,2014-03-20,3,47.47,142.41,3.0,0.0,3.0,2014-03-13,True
5474,2224,4942,2756,115,2014-03-20,550,23.08,12693.45,550.0,0.0,550.0,2014-03-13,True
5475,2224,4943,2756,116,2014-03-20,550,29.27,16100.7,550.0,0.0,550.0,2014-03-13,True
5476,2225,4944,2757,212,2014-03-20,3,45.37,136.11,3.0,0.0,3.0,2014-03-13,True
5477,2225,4945,2757,213,2014-03-20,3,49.64,148.93,3.0,0.0,3.0,2014-03-13,True
5478,2225,4946,2757,214,2014-03-20,3,45.37,136.11,3.0,0.0,3.0,2014-03-13,True
5479,2225,4947,2757,215,2014-03-20,3,43.27,129.81,3.0,0.0,3.0,2014-03-13,True
5480,2225,4948,2757,216,2014-03-20,3,47.54,142.63,3.0,0.0,3.0,2014-03-13,True
5481,2225,4949,2757,217,2014-03-20,3,43.27,129.81,3.0,0.0,3.0,2014-03-13,True
5482,2225,4950,2757,218,2014-03-20,3,41.17,123.51,3.0,0.0,3.0,2014-03-13,True
5483,2225,4951,2757,442,2014-03-20,550,21.09,11601.98,550.0,0.0,550.0,2014-03-13,True
5484,2225,4952,2757,439,2014-03-20,550,30.44,16741.73,550.0,0.0,550.0,2014-03-13,True
5485,2225,4953,2757,436,2014-03-20,550,40.94,22516.73,550.0,0.0,550.0,2014-03-13,True
5486,2226,4954,2758,109,2014-03-20,550,2.32,1276.28,468.0,0.0,468.0,2014-03-13,True
5487,2227,4955,2759,122,2014-03-20,550,3.64,2003.93,550.0,0.0,550.0,2014-03-13,True
5488,2228,4956,2760,440,2014-03-20,550,21.09,11601.98,550.0,0.0,550.0,2014-03-13,True
5489,2228,4957,2760,437,2014-03-20,550,30.44,16741.73,550.0,0.0,550.0,2014-03-13,True
5490,2228,4958,2760,435,2014-03-20,550,40.94,22516.73,550.0,0.0,550.0,2014-03-13,True
5491,2229,4959,2761,165,2014-03-20,60,3.6,216.09,60.0,0.0,60.0,2014-03-13,True
5492,2229,4960,2761,166,2014-03-20,60,3.98,238.77,60.0,0.0,60.0,2014-03-13,True
5493,2230,4961,2762,9,2014-03-20,550,31.49,17319.23,550.0,0.0,550.0,2014-03-13,True
5494,2230,4962,2762,7,2014-03-20,550,48.29,26559.23,550.0,55.0,495.0,2014-03-13,True
5495,2231,4963,2763,120,2014-03-20,550,12.97,7132.13,550.0,0.0,550.0,2014-03-13,True
5496,2232,4964,2764,441,2014-03-20,550,21.09,11601.98,550.0,82.0,468.0,2014-03-13,True
5497,2232,4965,2764,438,2014-03-20,550,30.44,16741.73,550.0,0.0,550.0,2014-03-13,True
5498,2233,4966,2765,434,2014-03-21,550,40.94,22516.73,550.0,0.0,550.0,2014-03-14,True
5499,2234,4967,2766,4,2014-03-21,550,62.99,34644.23,550.0,0.0,550.0,2014-03-14,True
5500,2235,4968,2767,78,2014-03-21,3,43.32,129.97,3.0,0.0,3.0,2014-03-14,True
5501,2235,4969,2767,79,2014-03-21,3,47.6,142.79,3.0,0.0,3.0,2014-03-14,True
5502,2235,4970,2767,80,2014-03-21,3,43.32,129.97,3.0,0.0,3.0,2014-03-14,True
5503,2235,4971,2767,81,2014-03-21,3,41.22,123.67,3.0,0.0,3.0,2014-03-14,True
5504,2235,4972,2767,82,2014-03-21,3,45.5,136.49,3.0,0.0,3.0,2014-03-14,True
5505,2235,4973,2767,83,2014-03-21,3,41.22,123.67,3.0,0.0,3.0,2014-03-14,True
5506,2235,4974,2767,84,2014-03-21,3,39.12,117.37,3.0,0.0,3.0,2014-03-14,True
5507,2235,4975,2767,145,2014-03-21,3,43.4,130.19,3.0,0.0,3.0,2014-03-14,True
5508,2235,4976,2767,134,2014-03-21,3,39.12,117.37,3.0,0.0,3.0,2014-03-14,True
5509,2236,4977,2768,73,2014-03-21,3,47.68,143.04,3.0,0.0,3.0,2014-03-14,True
5510,2237,4978,2769,115,2014-03-21,550,23.4,12872.48,550.0,0.0,550.0,2014-03-14,True
5511,2237,4979,2769,116,2014-03-21,550,27.87,15326.85,550.0,0.0,550.0,2014-03-14,True
5512,2238,4980,2770,123,2014-03-21,550,6.75,3713.33,550.0,0.0,550.0,2014-03-14,True
5513,2239,4981,2771,10,2014-03-21,550,31.49,17319.23,550.0,0.0,550.0,2014-03-14,True
5514,2239,4982,2771,8,2014-03-21,550,48.29,26559.23,550.0,0.0,550.0,2014-03-14,True
5515,2239,4983,2771,114,2014-03-21,550,36.28,19952.63,550.0,0.0,550.0,2014-03-14,True
5516,2240,4984,2772,151,2014-03-21,60,50.75,3044.79,60.0,0.0,60.0,2014-03-14,True
5517,2240,4985,2772,152,2014-03-21,60,58.26,3495.87,60.0,6.0,54.0,2014-03-14,True
5518,2240,4986,2772,153,2014-03-21,60,50.75,3044.79,60.0,0.0,60.0,2014-03-14,True
5519,2241,4987,2773,119,2014-03-21,550,10.38,5711.48,550.0,0.0,550.0,2014-03-14,True
5520,2242,4988,2774,86,2014-03-21,3,47.75,143.26,3.0,0.0,3.0,2014-03-14,True
5521,2242,4989,2774,87,2014-03-21,3,43.48,130.44,3.0,0.0,3.0,2014-03-14,True
5522,2243,4990,2775,149,2014-03-21,3,12.72,38.15,3.0,0.0,3.0,2014-03-14,True
5523,2243,4991,2775,150,2014-03-21,3,19.94,59.82,3.0,0.0,3.0,2014-03-14,True
5524,2244,4992,2776,124,2014-03-21,3,38.16,114.47,3.0,0.0,3.0,2014-03-14,True
5525,2245,4993,2777,110,2014-03-21,3,44.22,132.65,3.0,0.0,3.0,2014-03-14,True
5526,2246,4994,2778,10,2014-03-21,550,31.49,17319.23,468.0,0.0,468.0,2014-03-14,True
5527,2246,4995,2778,8,2014-03-21,550,48.29,26559.23,550.0,0.0,550.0,2014-03-14,True
5528,2247,4996,2779,167,2014-03-21,60,6.98,418.95,60.0,0.0,60.0,2014-03-14,True
5529,2248,4997,2780,97,2014-03-21,3,39.28,117.84,3.0,0.0,3.0,2014-03-14,True
5530,2248,4998,2780,62,2014-03-21,3,37.18,111.54,3.0,0.0,3.0,2014-03-14,True
5531,2248,4999,2780,69,2014-03-21,3,41.45,124.36,3.0,0.0,3.0,2014-03-14,True
5532,2248,5000,2780,68,2014-03-21,3,37.18,111.54,3.0,0.0,3.0,2014-03-14,True
5533,2248,5001,2780,67,2014-03-21,3,47.52,142.57,3.0,0.0,3.0,2014-03-14,True
5534,2249,5002,2781,165,2014-03-24,60,3.38,202.86,60.0,0.0,60.0,2014-03-17,True
5535,2249,5003,2781,166,2014-03-24,60,4.32,258.93,60.0,0.0,60.0,2014-03-17,True
5536,2250,5004,2782,247,2014-03-24,3,47.49,142.47,3.0,0.0,3.0,2014-03-17,True
5537,2250,5005,2782,235,2014-03-24,3,43.27,129.81,3.0,0.0,3.0,2014-03-17,True
5538,2250,5006,2782,249,2014-03-24,3,47.54,142.63,3.0,0.0,3.0,2014-03-17,True
5539,2251,5007,2783,149,2014-03-24,3,12.36,37.08,3.0,0.0,3.0,2014-03-17,True
5540,2252,5008,2784,118,2014-03-24,550,39.2,21558.08,550.0,82.0,468.0,2014-03-17,True
5541,2253,5009,2785,214,2014-03-24,3,39.07,117.21,3.0,0.0,3.0,2014-03-17,True
5542,2253,5010,2785,215,2014-03-24,3,43.34,130.03,3.0,0.0,3.0,2014-03-17,True
5543,2253,5011,2785,216,2014-03-24,3,39.07,117.21,3.0,0.0,3.0,2014-03-17,True
5544,2254,5012,2786,500,2014-03-24,550,34.87,19178.78,550.0,0.0,550.0,2014-03-17,True
5545,2254,5013,2786,499,2014-03-24,550,39.76,21869.93,550.0,0.0,550.0,2014-03-17,True
5546,2255,5014,2787,96,2014-03-24,3,37.18,111.54,3.0,0.0,3.0,2014-03-17,True
5547,2256,5015,2788,158,2014-03-24,3,43.38,130.13,3.0,0.0,3.0,2014-03-17,True
5548,2256,5016,2788,159,2014-03-24,3,41.28,123.83,3.0,0.0,3.0,2014-03-17,True
5549,2256,5017,2788,160,2014-03-24,3,45.55,136.65,3.0,0.0,3.0,2014-03-17,True
5550,2257,5018,2789,500,2014-03-24,550,34.35,18890.03,550.0,0.0,550.0,2014-03-17,True
5551,2257,5019,2789,499,2014-03-24,550,39.24,21581.18,550.0,0.0,550.0,2014-03-17,True
5552,2258,5020,2790,160,2014-03-24,3,45.44,136.33,3.0,0.0,3.0,2014-03-17,True
5553,2259,5021,2791,498,2014-03-24,550,32.77,18023.78,550.0,0.0,550.0,2014-03-17,True
5554,2259,5022,2791,496,2014-03-24,550,37.09,20397.3,550.0,0.0,550.0,2014-03-17,True
5555,2259,5023,2791,494,2014-03-24,550,43.04,23671.73,550.0,0.0,550.0,2014-03-17,True
5556,2260,5024,2792,203,2014-03-24,550,10.82,5948.25,550.0,0.0,550.0,2014-03-17,True
5557,2261,5025,2793,447,2014-03-24,550,82.83,45558.98,550.0,0.0,550.0,2014-03-17,True
5558,2261,5026,2793,446,2014-03-24,550,82.83,45558.98,550.0,0.0,550.0,2014-03-17,True
5559,2262,5027,2794,183,2014-03-24,1250,0.21,262.5,1250.0,187.0,1063.0,2014-03-17,True
5560,2262,5028,2794,197,2014-03-24,1250,0.21,262.5,1250.0,0.0,1250.0,2014-03-17,True
5561,2263,5029,2795,193,2014-03-24,60,28.7,1721.79,60.0,0.0,60.0,2014-03-17,True
5562,2264,5030,2796,494,2014-03-24,550,42.51,23382.98,550.0,0.0,550.0,2014-03-17,True
5563,2264,5031,2796,501,2014-03-24,550,5.59,3072.3,550.0,0.0,550.0,2014-03-17,True
5564,2265,5032,2797,493,2014-03-25,60,15.74,944.37,60.0,0.0,60.0,2014-03-18,True
5565,2266,5033,2798,495,2014-03-25,550,43.46,23902.73,468.0,0.0,468.0,2014-03-18,True
5566,2266,5034,2798,497,2014-03-25,550,37.62,20691.83,550.0,0.0,550.0,2014-03-18,True
5567,2266,5035,2798,503,2014-03-25,550,6.53,3592.05,550.0,0.0,550.0,2014-03-18,True
5568,2266,5036,2798,502,2014-03-25,550,6.18,3401.48,550.0,0.0,550.0,2014-03-18,True
5569,2267,5037,2799,188,2014-03-25,550,29.58,16268.18,550.0,0.0,550.0,2014-03-18,True
5570,2267,5038,2799,189,2014-03-25,550,36.1,19854.45,550.0,0.0,550.0,2014-03-18,True
5571,2267,5039,2799,190,2014-03-25,550,48.58,26720.93,550.0,0.0,550.0,2014-03-18,True
5572,2268,5040,2800,498,2014-03-25,550,32.25,17735.03,550.0,0.0,550.0,2014-03-18,True
5573,2268,5041,2800,496,2014-03-25,550,36.56,20108.55,550.0,0.0,550.0,2014-03-18,True
5574,2269,5042,2801,190,2014-03-26,550,46.42,25531.28,550.0,0.0,550.0,2014-03-19,True
5575,2270,5043,2802,179,2014-03-26,3,43.4,130.19,3.0,0.0,3.0,2014-03-19,True
5576,2270,5044,2802,180,2014-03-26,3,39.12,117.37,3.0,0.0,3.0,2014-03-19,True
5577,2270,5045,2802,181,2014-03-26,3,37.02,111.07,3.0,0.0,3.0,2014-03-19,True
5578,2271,5046,2803,184,2014-03-26,3,41.92,125.75,3.0,0.0,3.0,2014-03-19,True
5579,2272,5047,2804,248,2014-03-26,3,50.26,150.79,3.0,0.0,3.0,2014-03-19,True
5580,2273,5048,2805,157,2014-03-26,3,49.85,149.56,3.0,0.0,3.0,2014-03-19,True
5581,2273,5049,2805,171,2014-03-26,3,45.58,136.74,3.0,0.0,3.0,2014-03-19,True
5582,2273,5050,2805,172,2014-03-26,3,43.48,130.44,3.0,0.0,3.0,2014-03-19,True
5583,2274,5051,2806,126,2014-03-26,550,16.09,8847.3,550.0,0.0,550.0,2014-03-19,True
5584,2275,5052,2807,186,2014-03-26,3,57.03,171.08,3.0,0.0,3.0,2014-03-19,True
5585,2276,5053,2808,117,2014-03-26,550,37.09,20397.3,468.0,0.0,468.0,2014-03-19,True
5586,2277,5054,2809,118,2014-03-26,550,26.6,14628.08,550.0,0.0,550.0,2014-03-19,True
5587,2278,5055,2810,188,2014-03-26,550,27.06,14882.18,550.0,0.0,550.0,2014-03-19,True
5588,2278,5056,2810,189,2014-03-26,550,33.58,18468.45,550.0,0.0,550.0,2014-03-19,True
5589,2278,5057,2810,190,2014-03-26,550,46.06,25334.93,550.0,0.0,550.0,2014-03-19,True
5590,2279,5058,2811,226,2014-03-26,3,41.24,123.73,3.0,0.0,3.0,2014-03-19,True
5591,2279,5059,2811,227,2014-03-26,3,36.97,110.91,3.0,0.0,3.0,2014-03-19,True
5592,2279,5060,2811,228,2014-03-26,3,34.87,104.61,3.0,0.0,3.0,2014-03-19,True
5593,2279,5061,2811,229,2014-03-26,3,39.14,117.43,3.0,0.0,3.0,2014-03-19,True
5594,2279,5062,2811,230,2014-03-26,3,47.58,142.73,3.0,0.0,3.0,2014-03-19,True
5595,2280,5063,2812,92,2014-03-26,3,43.4,130.19,3.0,0.0,3.0,2014-03-19,True
5596,2280,5064,2812,93,2014-03-26,3,39.12,117.37,3.0,0.0,3.0,2014-03-19,True
5597,2280,5065,2812,94,2014-03-26,3,37.02,111.07,3.0,0.0,3.0,2014-03-19,True
5598,2281,5066,2813,193,2014-03-26,60,25.42,1525.23,60.0,0.0,60.0,2014-03-19,True
5599,2282,5067,2814,102,2014-03-26,3,39.12,117.37,3.0,0.0,3.0,2014-03-19,True
5600,2282,5068,2814,103,2014-03-26,3,37.02,111.07,3.0,0.0,3.0,2014-03-19,True
5601,2283,5069,2815,6,2014-03-26,550,62.99,34644.23,550.0,0.0,550.0,2014-03-19,True
5602,2284,5070,2816,191,2014-03-26,3,45.37,136.11,3.0,0.0,3.0,2014-03-19,True
5603,2284,5071,2816,192,2014-03-26,3,40.49,121.46,3.0,0.0,3.0,2014-03-19,True
5604,2285,5072,2817,121,2014-03-27,3,48.76,146.29,3.0,0.0,3.0,2014-03-20,True
5605,2286,5073,2818,156,2014-03-27,3,34.19,102.56,3.0,0.0,3.0,2014-03-20,True
5606,2287,5074,2819,194,2014-03-27,3,50.26,150.79,3.0,0.0,3.0,2014-03-20,True
5607,2288,5075,2820,119,2014-03-27,550,10.73,5902.05,550.0,0.0,550.0,2014-03-20,True
5608,2288,5076,2820,120,2014-03-27,550,14.12,7767.38,550.0,0.0,550.0,2014-03-20,True
5609,2289,5077,2821,154,2014-03-27,60,63.69,3821.58,60.0,0.0,60.0,2014-03-20,True
5610,2289,5078,2821,155,2014-03-27,60,48.91,2934.54,60.0,0.0,60.0,2014-03-20,True
5611,2290,5079,2822,440,2014-03-27,550,21.09,11601.98,550.0,0.0,550.0,2014-03-20,True
5612,2290,5080,2822,437,2014-03-27,550,30.44,16741.73,550.0,55.0,495.0,2014-03-20,True
5613,2290,5081,2822,434,2014-03-27,550,40.94,22516.73,550.0,0.0,550.0,2014-03-20,True
5614,2291,5082,2823,111,2014-03-27,60,9.2,551.88,60.0,0.0,60.0,2014-03-20,True
5615,2292,5083,2824,162,2014-03-27,550,5.78,3176.25,550.0,82.0,468.0,2014-03-20,True
5616,2292,5084,2824,163,2014-03-27,550,1.16,635.25,550.0,0.0,550.0,2014-03-20,True
5617,2293,5085,2825,112,2014-03-27,550,23.39,12866.7,550.0,0.0,550.0,2014-03-20,True
5618,2293,5086,2825,113,2014-03-27,550,27.65,15205.58,550.0,0.0,550.0,2014-03-20,True
5619,2294,5087,2826,164,2014-03-27,550,1.37,750.75,550.0,0.0,550.0,2014-03-20,True
5620,2294,5088,2826,5,2014-03-27,550,62.99,34644.23,550.0,0.0,550.0,2014-03-20,True
5621,2295,5089,2827,162,2014-03-27,550,6.2,3407.25,550.0,0.0,550.0,2014-03-20,True
5622,2295,5090,2827,163,2014-03-27,550,1.47,808.5,523.0,0.0,523.0,2014-03-20,True
5623,2295,5091,2827,132,2014-03-27,550,6.2,3407.25,550.0,0.0,550.0,2014-03-20,True
5624,2296,5092,2828,112,2014-03-27,550,22.17,12191.03,468.0,0.0,468.0,2014-03-20,True
5625,2296,5093,2828,113,2014-03-27,550,29.28,16106.48,550.0,0.0,550.0,2014-03-20,True
5626,2297,5094,2829,150,2014-03-28,3,19.98,59.94,3.0,0.0,3.0,2014-03-21,True
5627,2298,5095,2830,160,2014-03-28,3,39.14,117.43,3.0,0.0,3.0,2014-03-21,True
5628,2299,5096,2831,9,2014-03-28,550,31.49,17319.23,550.0,0.0,550.0,2014-03-21,True
5629,2299,5097,2831,7,2014-03-28,550,48.29,26559.23,550.0,0.0,550.0,2014-03-21,True
5630,2300,5098,2832,247,2014-03-28,3,45.44,136.33,3.0,0.0,3.0,2014-03-21,True
5631,2300,5099,2832,235,2014-03-28,3,41.17,123.51,3.0,0.0,3.0,2014-03-21,True
5632,2300,5100,2832,249,2014-03-28,3,39.07,117.21,3.0,0.0,3.0,2014-03-21,True
5633,2301,5101,2833,142,2014-03-28,550,9.69,5330.33,550.0,0.0,550.0,2014-03-21,True
5634,2301,5102,2833,143,2014-03-28,550,6.88,3782.63,550.0,0.0,550.0,2014-03-21,True
5635,2301,5103,2833,144,2014-03-28,550,7.8,4290.83,550.0,27.0,523.0,2014-03-21,True
5636,2301,5104,2833,133,2014-03-28,550,8.76,4816.35,550.0,0.0,550.0,2014-03-21,True
5637,2302,5105,2834,211,2014-03-28,3,47.47,142.41,3.0,0.0,3.0,2014-03-21,True
5638,2303,5106,2835,117,2014-03-28,550,34.98,19236.53,550.0,0.0,550.0,2014-03-21,True
5639,2304,5107,2836,212,2014-03-28,3,45.37,136.11,3.0,3.0,0.0,2014-03-21,True
5640,2304,5108,2836,213,2014-03-28,3,49.64,148.93,3.0,3.0,0.0,2014-03-21,True
5641,2305,5109,2837,109,2014-03-28,550,2.32,1276.28,550.0,0.0,550.0,2014-03-21,True
5642,2306,5110,2838,122,2014-03-28,550,3.64,2003.93,468.0,0.0,468.0,2014-03-21,True
5643,2307,5111,2839,440,2014-03-28,550,21.09,11601.98,550.0,0.0,550.0,2014-03-21,True
5644,2307,5112,2839,437,2014-03-28,550,30.44,16741.73,550.0,0.0,550.0,2014-03-21,True
5645,2307,5113,2839,435,2014-03-28,550,40.94,22516.73,550.0,0.0,550.0,2014-03-21,True
5646,2308,5114,2840,165,2014-03-28,60,3.6,216.09,60.0,0.0,60.0,2014-03-21,True
5647,2308,5115,2840,166,2014-03-28,60,3.98,238.77,60.0,0.0,60.0,2014-03-21,True
5648,2309,5116,2841,9,2014-03-28,550,31.49,17319.23,550.0,0.0,550.0,2014-03-21,True
5649,2309,5117,2841,7,2014-03-28,550,48.29,26559.23,550.0,0.0,550.0,2014-03-21,True
5650,2310,5118,2842,120,2014-03-28,550,12.97,7132.13,550.0,0.0,550.0,2014-03-21,True
5651,2311,5119,2843,441,2014-03-28,550,21.09,11601.98,550.0,0.0,550.0,2014-03-21,True
5652,2311,5120,2843,438,2014-03-28,550,30.44,16741.73,550.0,0.0,550.0,2014-03-21,True
5653,2312,5121,2844,434,2014-03-28,550,40.94,22516.73,550.0,82.0,468.0,2014-03-21,True
5654,2313,5122,2845,4,2014-03-31,550,62.99,34644.23,550.0,0.0,550.0,2014-03-24,True
5655,2314,5123,2846,74,2014-03-31,3,47.52,142.57,3.0,0.0,3.0,2014-03-24,True
5656,2314,5124,2846,75,2014-03-31,3,45.42,136.27,3.0,0.0,3.0,2014-03-24,True
5657,2315,5125,2847,73,2014-03-31,3,47.68,143.04,3.0,0.0,3.0,2014-03-24,True
5658,2316,5126,2848,115,2014-03-31,550,23.4,12872.48,468.0,0.0,468.0,2014-03-24,True
5659,2316,5127,2848,116,2014-03-31,550,27.87,15326.85,550.0,0.0,550.0,2014-03-24,True
5660,2317,5128,2849,123,2014-03-31,550,6.75,3713.33,550.0,0.0,550.0,2014-03-24,True
5661,2318,5129,2850,10,2014-03-31,550,31.49,17319.23,550.0,0.0,550.0,2014-03-24,True
5662,2318,5130,2850,8,2014-03-31,550,48.29,26559.23,550.0,0.0,550.0,2014-03-24,True
5663,2318,5131,2850,114,2014-03-31,550,36.28,19952.63,550.0,0.0,550.0,2014-03-24,True
5664,2319,5132,2851,154,2014-03-31,60,62.93,3775.59,60.0,0.0,60.0,2014-03-24,True
5665,2319,5133,2851,155,2014-03-31,60,49.65,2979.27,60.0,0.0,60.0,2014-03-24,True
5666,2320,5134,2852,119,2014-03-31,550,10.38,5711.48,550.0,0.0,550.0,2014-03-24,True
5667,2321,5135,2853,88,2014-03-31,3,41.38,124.14,3.0,0.0,3.0,2014-03-24,True
5668,2321,5136,2853,89,2014-03-31,3,45.65,136.96,3.0,0.0,3.0,2014-03-24,True
5669,2321,5137,2853,90,2014-03-31,3,41.38,124.14,3.0,0.0,3.0,2014-03-24,True
5670,2321,5138,2853,91,2014-03-31,3,39.28,117.84,3.0,0.0,3.0,2014-03-24,True
5671,2322,5139,2854,149,2014-03-31,3,12.72,38.15,3.0,0.0,3.0,2014-03-24,True
5672,2322,5140,2854,150,2014-03-31,3,19.94,59.82,3.0,0.0,3.0,2014-03-24,True
5673,2323,5141,2855,124,2014-03-31,3,38.16,114.47,3.0,0.0,3.0,2014-03-24,True
5674,2324,5142,2856,110,2014-03-31,3,44.22,132.65,3.0,0.0,3.0,2014-03-24,True
5675,2325,5143,2857,10,2014-03-31,550,31.49,17319.23,550.0,0.0,550.0,2014-03-24,True
5676,2325,5144,2857,8,2014-03-31,550,48.29,26559.23,523.0,0.0,523.0,2014-03-24,True
5677,2326,5145,2858,167,2014-03-31,60,6.98,418.95,51.0,0.0,51.0,2014-03-24,True
5678,2327,5146,2859,66,2014-03-31,3,45.42,136.27,3.0,0.0,3.0,2014-03-24,True
5679,2327,5147,2859,65,2014-03-31,3,49.7,149.09,3.0,0.0,3.0,2014-03-24,True
5680,2327,5148,2859,64,2014-03-31,3,45.42,136.27,3.0,0.0,3.0,2014-03-24,True
5681,2327,5149,2859,63,2014-03-31,3,43.32,129.97,3.0,0.0,3.0,2014-03-24,True
5682,2327,5150,2859,61,2014-03-31,3,47.6,142.79,3.0,0.0,3.0,2014-03-24,True
5683,2327,5151,2859,71,2014-03-31,3,43.32,129.97,3.0,0.0,3.0,2014-03-24,True
5684,2328,5152,2860,165,2014-03-31,60,3.38,202.86,60.0,0.0,60.0,2014-03-24,True
5685,2328,5153,2860,166,2014-03-31,60,4.32,258.93,60.0,0.0,60.0,2014-03-24,True
5686,2329,5154,2861,250,2014-04-02,3,43.27,129.81,3.0,0.0,3.0,2014-03-26,True
5687,2329,5155,2861,251,2014-04-02,3,41.17,123.51,3.0,0.0,3.0,2014-03-26,True
5688,2329,5156,2861,252,2014-04-02,3,45.44,136.33,3.0,0.0,3.0,2014-03-26,True
5689,2329,5157,2861,253,2014-04-02,3,41.17,123.51,3.0,0.0,3.0,2014-03-26,True
5690,2329,5158,2861,254,2014-04-02,3,39.07,117.21,3.0,0.0,3.0,2014-03-26,True
5691,2330,5159,2862,149,2014-04-02,3,12.36,37.08,3.0,0.0,3.0,2014-03-26,True
5692,2331,5160,2863,118,2014-04-02,550,39.2,21558.08,550.0,0.0,550.0,2014-03-26,True
5693,2332,5161,2864,217,2014-04-02,3,36.97,110.91,3.0,0.0,3.0,2014-03-26,True
5694,2332,5162,2864,218,2014-04-02,3,41.24,123.73,3.0,0.0,3.0,2014-03-26,True
5695,2333,5163,2865,495,2014-04-02,550,43.98,24191.48,550.0,0.0,550.0,2014-03-26,True
5696,2333,5164,2865,497,2014-04-02,550,38.15,20980.58,550.0,0.0,550.0,2014-03-26,True
5697,2334,5165,2866,231,2014-04-02,3,47.68,143.04,3.0,0.0,3.0,2014-03-26,True
5698,2334,5166,2866,232,2014-04-02,3,45.58,136.74,3.0,0.0,3.0,2014-03-26,True
5699,2335,5167,2867,204,2014-04-02,3,47.58,142.73,3.0,0.0,3.0,2014-03-26,True
5700,2335,5168,2867,205,2014-04-02,3,45.48,136.43,3.0,0.0,3.0,2014-03-26,True
5701,2335,5169,2867,206,2014-04-02,3,49.75,149.25,3.0,0.0,3.0,2014-03-26,True
5702,2335,5170,2867,207,2014-04-02,3,45.48,136.43,3.0,0.0,3.0,2014-03-26,True
5703,2335,5171,2867,208,2014-04-02,3,43.38,130.13,3.0,0.0,3.0,2014-03-26,True
5704,2335,5172,2867,170,2014-04-02,3,47.65,142.95,3.0,0.0,3.0,2014-03-26,True
5705,2335,5173,2867,158,2014-04-02,3,43.38,130.13,3.0,0.0,3.0,2014-03-26,True
5706,2335,5174,2867,159,2014-04-02,3,41.28,123.83,3.0,0.0,3.0,2014-03-26,True
5707,2335,5175,2867,160,2014-04-02,3,45.55,136.65,3.0,0.0,3.0,2014-03-26,True
5708,2336,5176,2868,500,2014-04-02,550,34.35,18890.03,468.0,0.0,468.0,2014-03-26,True
5709,2336,5177,2868,499,2014-04-02,550,39.24,21581.18,550.0,0.0,550.0,2014-03-26,True
5710,2337,5178,2869,204,2014-04-02,3,47.47,142.41,3.0,0.0,3.0,2014-03-26,True
5711,2337,5179,2869,205,2014-04-02,3,45.37,136.11,3.0,0.0,3.0,2014-03-26,True
5712,2337,5180,2869,206,2014-04-02,3,49.64,148.93,3.0,0.0,3.0,2014-03-26,True
5713,2337,5181,2869,207,2014-04-02,3,45.37,136.11,3.0,0.0,3.0,2014-03-26,True
5714,2337,5182,2869,208,2014-04-02,3,43.27,129.81,3.0,0.0,3.0,2014-03-26,True
5715,2337,5183,2869,170,2014-04-02,3,47.54,142.63,3.0,0.0,3.0,2014-03-26,True
5716,2338,5184,2870,498,2014-04-02,550,32.77,18023.78,550.0,0.0,550.0,2014-03-26,True
5717,2338,5185,2870,496,2014-04-02,550,37.09,20397.3,550.0,0.0,550.0,2014-03-26,True
5718,2338,5186,2870,494,2014-04-02,550,43.04,23671.73,550.0,0.0,550.0,2014-03-26,True
5719,2339,5187,2871,203,2014-04-02,550,10.82,5948.25,550.0,0.0,550.0,2014-03-26,True
5720,2340,5188,2872,447,2014-04-02,550,82.83,45558.98,550.0,0.0,550.0,2014-03-26,True
5721,2340,5189,2872,446,2014-04-02,550,82.83,45558.98,550.0,55.0,495.0,2014-03-26,True
5722,2341,5190,2873,183,2014-04-02,1250,0.21,262.5,1250.0,0.0,1250.0,2014-03-26,True
5723,2341,5191,2873,197,2014-04-02,1250,0.21,262.5,1250.0,0.0,1250.0,2014-03-26,True
5724,2342,5192,2874,191,2014-04-02,3,49.64,148.93,3.0,0.0,3.0,2014-03-26,True
5725,2342,5193,2874,192,2014-04-02,3,44.32,132.96,3.0,0.0,3.0,2014-03-26,True
5726,2343,5194,2875,494,2014-04-02,550,42.51,23382.98,550.0,0.0,550.0,2014-03-26,True
5727,2343,5195,2875,501,2014-04-02,550,5.59,3072.3,550.0,0.0,550.0,2014-03-26,True
5728,2344,5196,2876,493,2014-04-02,60,15.74,944.37,60.0,0.0,60.0,2014-03-26,True
5729,2345,5197,2877,495,2014-04-03,550,43.46,23902.73,550.0,0.0,550.0,2014-03-27,True
5730,2345,5198,2877,497,2014-04-03,550,37.62,20691.83,523.0,0.0,523.0,2014-03-27,True
5731,2345,5199,2877,503,2014-04-03,550,6.53,3592.05,550.0,0.0,550.0,2014-03-27,True
5732,2345,5200,2877,502,2014-04-03,550,6.18,3401.48,550.0,0.0,550.0,2014-03-27,True
5733,2346,5201,2878,188,2014-04-03,550,29.58,16268.18,468.0,0.0,468.0,2014-03-27,True
5734,2346,5202,2878,189,2014-04-03,550,36.1,19854.45,550.0,0.0,550.0,2014-03-27,True
5735,2346,5203,2878,190,2014-04-03,550,48.58,26720.93,550.0,0.0,550.0,2014-03-27,True
5736,2347,5204,2879,498,2014-04-03,550,32.25,17735.03,550.0,0.0,550.0,2014-03-27,True
5737,2347,5205,2879,496,2014-04-03,550,36.56,20108.55,550.0,0.0,550.0,2014-03-27,True
5738,2348,5206,2880,190,2014-04-03,550,46.42,25531.28,550.0,0.0,550.0,2014-03-27,True
5739,2349,5207,2881,182,2014-04-03,3,41.3,123.89,3.0,0.0,3.0,2014-03-27,True
5740,2349,5208,2881,196,2014-04-03,3,37.02,111.07,3.0,0.0,3.0,2014-03-27,True
5741,2350,5209,2882,184,2014-04-03,3,41.92,125.75,3.0,0.0,3.0,2014-03-27,True
5742,2351,5210,2883,248,2014-04-03,3,50.26,150.79,3.0,0.0,3.0,2014-03-27,True
5743,2352,5211,2884,173,2014-04-03,3,47.75,143.26,3.0,0.0,3.0,2014-03-27,True
5744,2352,5212,2884,174,2014-04-03,3,43.48,130.44,3.0,0.0,3.0,2014-03-27,True
5745,2353,5213,2885,126,2014-04-03,550,16.09,8847.3,550.0,0.0,550.0,2014-03-27,True
5746,2354,5214,2886,186,2014-04-03,3,57.03,171.08,3.0,0.0,3.0,2014-03-27,True
5747,2355,5215,2887,117,2014-04-03,550,37.09,20397.3,550.0,0.0,550.0,2014-03-27,True
5748,2356,5216,2888,118,2014-04-03,550,26.6,14628.08,468.0,0.0,468.0,2014-03-27,True
5749,2357,5217,2889,188,2014-04-03,550,27.06,14882.18,550.0,0.0,550.0,2014-03-27,True
5750,2357,5218,2889,189,2014-04-03,550,33.58,18468.45,550.0,0.0,550.0,2014-03-27,True
5751,2357,5219,2889,190,2014-04-03,550,46.06,25334.93,550.0,0.0,550.0,2014-03-27,True
5752,2358,5220,2890,212,2014-04-03,3,47.47,142.41,3.0,0.0,3.0,2014-03-27,True
5753,2358,5221,2890,213,2014-04-03,3,45.37,136.11,3.0,0.0,3.0,2014-03-27,True
5754,2358,5222,2890,214,2014-04-03,3,49.64,148.93,3.0,0.0,3.0,2014-03-27,True
5755,2358,5223,2890,215,2014-04-03,3,45.37,136.11,3.0,0.0,3.0,2014-03-27,True
5756,2358,5224,2890,216,2014-04-03,3,43.27,129.81,3.0,0.0,3.0,2014-03-27,True
5757,2359,5225,2891,95,2014-04-03,3,41.3,123.89,3.0,0.0,3.0,2014-03-27,True
5758,2359,5226,2891,96,2014-04-03,3,37.02,111.07,3.0,0.0,3.0,2014-03-27,True
5759,2360,5227,2892,191,2014-04-03,3,47.47,142.41,3.0,0.0,3.0,2014-03-27,True
5760,2360,5228,2892,192,2014-04-03,3,42.8,128.39,3.0,0.0,3.0,2014-03-27,True
5761,2360,5229,2892,193,2014-04-03,60,25.42,1525.23,60.0,0.0,60.0,2014-03-27,True
5762,2361,5230,2893,70,2014-04-04,3,41.3,123.89,3.0,0.0,3.0,2014-03-28,True
5763,2361,5231,2893,105,2014-04-04,3,37.02,111.07,3.0,0.0,3.0,2014-03-28,True
5764,2361,5232,2893,106,2014-04-04,3,47.68,143.04,3.0,0.0,3.0,2014-03-28,True
5765,2361,5233,2893,107,2014-04-04,3,45.58,136.74,3.0,0.0,3.0,2014-03-28,True
5766,2362,5234,2894,6,2014-04-04,550,62.99,34644.23,550.0,82.0,468.0,2014-03-28,True
5767,2363,5235,2895,193,2014-04-04,60,26.37,1581.93,60.0,0.0,60.0,2014-03-28,True
5768,2364,5236,2896,121,2014-04-04,3,48.76,146.29,3.0,0.0,3.0,2014-03-28,True
5769,2365,5237,2897,156,2014-04-04,3,34.19,102.56,3.0,0.0,3.0,2014-03-28,True
5770,2366,5238,2898,194,2014-04-04,3,50.26,150.79,3.0,0.0,3.0,2014-03-28,True
5771,2367,5239,2899,119,2014-04-04,550,10.73,5902.05,550.0,0.0,550.0,2014-03-28,True
5772,2367,5240,2899,120,2014-04-04,550,14.12,7767.38,550.0,0.0,550.0,2014-03-28,True
5773,2368,5241,2900,151,2014-04-04,60,50.26,3015.81,60.0,0.0,60.0,2014-03-28,True
5774,2368,5242,2900,152,2014-04-04,60,57.15,3429.09,60.0,0.0,60.0,2014-03-28,True
5775,2368,5243,2900,153,2014-04-04,60,53.2,3192.21,60.0,0.0,60.0,2014-03-28,True
5776,2368,5244,2900,154,2014-04-04,60,63.69,3821.58,60.0,0.0,60.0,2014-03-28,True
5777,2368,5245,2900,155,2014-04-04,60,48.91,2934.54,60.0,0.0,60.0,2014-03-28,True
5778,2369,5246,2901,441,2014-04-04,550,21.09,11601.98,550.0,0.0,550.0,2014-03-28,True
5779,2369,5247,2901,438,2014-04-04,550,30.44,16741.73,550.0,0.0,550.0,2014-03-28,True
5780,2369,5248,2901,435,2014-04-04,550,40.94,22516.73,550.0,0.0,550.0,2014-03-28,True
5781,2369,5249,2901,442,2014-04-04,550,21.09,11601.98,550.0,0.0,550.0,2014-03-28,True
5782,2369,5250,2901,439,2014-04-04,550,30.44,16741.73,550.0,0.0,550.0,2014-03-28,True
5783,2370,5251,2902,111,2014-04-04,60,9.2,551.88,60.0,0.0,60.0,2014-03-28,True
5784,2371,5252,2903,132,2014-04-04,550,5.78,3176.25,550.0,0.0,550.0,2014-03-28,True
5785,2372,5253,2904,112,2014-04-04,550,23.39,12866.7,550.0,82.0,468.0,2014-03-28,True
5786,2372,5254,2904,113,2014-04-04,550,27.65,15205.58,550.0,0.0,550.0,2014-03-28,True
5787,2373,5255,2905,131,2014-04-04,550,3.49,1917.3,550.0,0.0,550.0,2014-03-28,True
5788,2374,5256,2906,162,2014-04-04,550,6.2,3407.25,550.0,0.0,550.0,2014-03-28,True
5789,2374,5257,2906,163,2014-04-04,550,1.47,808.5,550.0,0.0,550.0,2014-03-28,True
5790,2375,5258,2907,112,2014-04-04,550,22.17,12191.03,550.0,0.0,550.0,2014-03-28,True
5791,2375,5259,2907,113,2014-04-04,550,29.28,16106.48,523.0,0.0,523.0,2014-03-28,True
5792,2376,5260,2908,150,2014-04-04,3,19.98,59.94,3.0,0.0,3.0,2014-03-28,True
5793,2377,5261,2909,204,2014-04-07,3,41.17,123.51,3.0,0.0,3.0,2014-03-31,True
5794,2377,5262,2909,205,2014-04-07,3,39.07,117.21,3.0,0.0,3.0,2014-03-31,True
5795,2377,5263,2909,206,2014-04-07,3,43.34,130.03,3.0,0.0,3.0,2014-03-31,True
5796,2377,5264,2909,207,2014-04-07,3,39.07,117.21,3.0,0.0,3.0,2014-03-31,True
5797,2377,5265,2909,208,2014-04-07,3,36.97,110.91,3.0,0.0,3.0,2014-03-31,True
5798,2377,5266,2909,170,2014-04-07,3,41.24,123.73,3.0,0.0,3.0,2014-03-31,True
5799,2378,5267,2910,9,2014-04-07,550,31.49,17319.23,550.0,0.0,550.0,2014-03-31,True
5800,2378,5268,2910,7,2014-04-07,550,48.29,26559.23,550.0,0.0,550.0,2014-03-31,True
5801,2379,5269,2911,250,2014-04-07,3,43.34,130.03,3.0,0.0,3.0,2014-03-31,True
5802,2379,5270,2911,251,2014-04-07,3,39.07,117.21,3.0,0.0,3.0,2014-03-31,True
5803,2379,5271,2911,252,2014-04-07,3,36.97,110.91,3.0,0.0,3.0,2014-03-31,True
5804,2379,5272,2911,253,2014-04-07,3,41.24,123.73,3.0,0.0,3.0,2014-03-31,True
5805,2379,5273,2911,254,2014-04-07,3,36.97,110.91,3.0,0.0,3.0,2014-03-31,True
5806,2380,5274,2912,146,2014-04-07,550,5.81,3193.58,550.0,0.0,550.0,2014-03-31,True
5807,2380,5275,2912,147,2014-04-07,550,8.86,4874.1,550.0,55.0,495.0,2014-03-31,True
5808,2380,5276,2912,148,2014-04-07,550,10.47,5757.68,550.0,0.0,550.0,2014-03-31,True
5809,2381,5277,2913,211,2014-04-07,3,47.47,142.41,3.0,0.0,3.0,2014-03-31,True
5810,2382,5278,2914,115,2014-04-07,550,23.08,12693.45,550.0,82.0,468.0,2014-03-31,True
5811,2382,5279,2914,116,2014-04-07,550,29.27,16100.7,550.0,0.0,550.0,2014-03-31,True
5812,2383,5280,2915,214,2014-04-07,3,45.37,136.11,3.0,0.0,3.0,2014-03-31,True
5813,2383,5281,2915,215,2014-04-07,3,43.27,129.81,3.0,0.0,3.0,2014-03-31,True
5814,2383,5282,2915,216,2014-04-07,3,47.54,142.63,3.0,0.0,3.0,2014-03-31,True
5815,2384,5283,2916,109,2014-04-07,550,2.32,1276.28,550.0,0.0,550.0,2014-03-31,True
5816,2385,5284,2917,122,2014-04-07,550,3.64,2003.93,550.0,0.0,550.0,2014-03-31,True
5817,2386,5285,2918,440,2014-04-07,550,21.09,11601.98,468.0,0.0,468.0,2014-03-31,True
5818,2386,5286,2918,437,2014-04-07,550,30.44,16741.73,550.0,0.0,550.0,2014-03-31,True
5819,2386,5287,2918,435,2014-04-07,550,40.94,22516.73,550.0,0.0,550.0,2014-03-31,True
5820,2387,5288,2919,165,2014-04-07,60,3.6,216.09,60.0,0.0,60.0,2014-03-31,True
5821,2387,5289,2919,166,2014-04-07,60,3.98,238.77,60.0,0.0,60.0,2014-03-31,True
5822,2388,5290,2920,9,2014-04-07,550,31.49,17319.23,550.0,0.0,550.0,2014-03-31,True
5823,2388,5291,2920,7,2014-04-07,550,48.29,26559.23,550.0,0.0,550.0,2014-03-31,True
5824,2389,5292,2921,120,2014-04-07,550,12.97,7132.13,550.0,0.0,550.0,2014-03-31,True
5825,2390,5293,2922,441,2014-04-07,550,21.09,11601.98,550.0,0.0,550.0,2014-03-31,True
5826,2390,5294,2922,438,2014-04-07,550,30.44,16741.73,550.0,55.0,495.0,2014-03-31,True
5827,2391,5295,2923,434,2014-04-07,550,40.94,22516.73,550.0,0.0,550.0,2014-03-31,True
5828,2392,5296,2924,4,2014-04-07,550,62.99,34644.23,550.0,82.0,468.0,2014-03-31,True
5829,2393,5297,2925,76,2014-04-08,3,49.7,149.09,3.0,0.0,3.0,2014-04-01,True
5830,2393,5298,2925,77,2014-04-08,3,45.42,136.27,3.0,0.0,3.0,2014-04-01,True
5831,2393,5299,2925,78,2014-04-08,3,43.32,129.97,3.0,0.0,3.0,2014-04-01,True
5832,2394,5300,2926,73,2014-04-08,3,47.68,143.04,3.0,0.0,3.0,2014-04-01,True
5833,2395,5301,2927,115,2014-04-08,550,23.4,12872.48,550.0,0.0,550.0,2014-04-01,True
5834,2395,5302,2927,116,2014-04-08,550,27.87,15326.85,523.0,0.0,523.0,2014-04-01,True
5835,2396,5303,2928,123,2014-04-08,550,6.75,3713.33,468.0,0.0,468.0,2014-04-01,True
5836,2397,5304,2929,10,2014-04-09,550,31.49,17319.23,550.0,0.0,550.0,2014-04-02,True
5837,2397,5305,2929,8,2014-04-09,550,48.29,26559.23,550.0,0.0,550.0,2014-04-02,True
5838,2397,5306,2929,114,2014-04-09,550,36.28,19952.63,550.0,0.0,550.0,2014-04-02,True
5839,2398,5307,2930,151,2014-04-09,60,50.75,3044.79,60.0,0.0,60.0,2014-04-02,True
5840,2398,5308,2930,152,2014-04-09,60,58.26,3495.87,60.0,0.0,60.0,2014-04-02,True
5841,2398,5309,2930,153,2014-04-09,60,50.75,3044.79,60.0,0.0,60.0,2014-04-02,True
5842,2398,5310,2930,154,2014-04-09,60,62.93,3775.59,60.0,0.0,60.0,2014-04-02,True
5843,2398,5311,2930,155,2014-04-09,60,49.65,2979.27,60.0,0.0,60.0,2014-04-02,True
5844,2399,5312,2931,119,2014-04-09,550,10.38,5711.48,550.0,0.0,550.0,2014-04-02,True
5845,2400,5313,2932,92,2014-04-09,3,43.55,130.66,3.0,0.0,3.0,2014-04-02,True
5846,2400,5314,2932,93,2014-04-09,3,39.28,117.84,3.0,0.0,3.0,2014-04-02,True
5847,2400,5315,2932,94,2014-04-09,3,37.18,111.54,3.0,0.0,3.0,2014-04-02,True
5848,2401,5316,2933,149,2014-04-09,3,12.72,38.15,3.0,0.0,3.0,2014-04-02,True
5849,2401,5317,2933,150,2014-04-09,3,19.94,59.82,3.0,0.0,3.0,2014-04-02,True
5850,2402,5318,2934,124,2014-04-09,3,38.16,114.47,3.0,0.0,3.0,2014-04-02,True
5851,2403,5319,2935,110,2014-04-09,3,44.22,132.65,3.0,0.0,3.0,2014-04-02,True
5852,2404,5320,2936,10,2014-04-09,550,31.49,17319.23,550.0,550.0,0.0,2014-04-02,True
5853,2404,5321,2936,8,2014-04-09,550,48.29,26559.23,550.0,550.0,0.0,2014-04-02,True
5854,2405,5322,2937,167,2014-04-09,60,6.98,418.95,60.0,0.0,60.0,2014-04-02,True
5855,2406,5323,2938,236,2014-04-09,3,43.27,129.81,3.0,0.0,3.0,2014-04-02,True
5856,2406,5324,2938,237,2014-04-09,3,47.54,142.63,3.0,0.0,3.0,2014-04-02,True
5857,2406,5325,2938,238,2014-04-09,3,43.27,129.81,3.0,0.0,3.0,2014-04-02,True
5858,2406,5326,2938,239,2014-04-09,3,41.17,123.51,3.0,0.0,3.0,2014-04-02,True
5859,2407,5327,2939,165,2014-04-09,60,3.38,202.86,60.0,0.0,60.0,2014-04-02,True
5860,2407,5328,2939,166,2014-04-09,60,4.32,258.93,60.0,0.0,60.0,2014-04-02,True
5861,2408,5329,2940,255,2014-04-09,3,43.34,130.03,3.0,0.0,3.0,2014-04-02,True
5862,2408,5330,2940,256,2014-04-09,3,39.07,117.21,3.0,0.0,3.0,2014-04-02,True
5863,2408,5331,2940,301,2014-04-09,3,36.97,110.91,3.0,0.0,3.0,2014-04-02,True
5864,2408,5332,2940,302,2014-04-09,3,41.24,123.73,3.0,0.0,3.0,2014-04-02,True
5865,2409,5333,2941,149,2014-04-09,3,12.36,37.08,3.0,0.0,3.0,2014-04-02,True
5866,2410,5334,2942,118,2014-04-09,550,39.2,21558.08,550.0,0.0,550.0,2014-04-02,True
5867,2411,5335,2943,219,2014-04-09,3,36.97,110.91,3.0,0.0,3.0,2014-04-02,True
5868,2411,5336,2943,220,2014-04-09,3,34.87,104.61,3.0,0.0,3.0,2014-04-02,True
5869,2411,5337,2943,221,2014-04-09,3,39.14,117.43,3.0,0.0,3.0,2014-04-02,True
5870,2411,5338,2943,209,2014-04-09,3,47.58,142.73,3.0,0.0,3.0,2014-04-02,True
5871,2412,5339,2944,500,2014-04-09,550,34.87,19178.78,550.0,82.0,468.0,2014-04-02,True
5872,2412,5340,2944,499,2014-04-09,550,39.76,21869.93,550.0,0.0,550.0,2014-04-02,True
5873,2413,5341,2945,233,2014-04-10,3,49.85,149.56,3.0,0.0,3.0,2014-04-03,True
5874,2413,5342,2945,234,2014-04-10,3,45.58,136.74,3.0,0.0,3.0,2014-04-03,True
5875,2413,5343,2945,138,2014-04-10,3,43.48,130.44,3.0,0.0,3.0,2014-04-03,True
5876,2414,5344,2946,204,2014-04-10,3,47.58,142.73,3.0,0.0,3.0,2014-04-03,True
5877,2414,5345,2946,205,2014-04-10,3,45.48,136.43,3.0,0.0,3.0,2014-04-03,True
5878,2415,5346,2947,500,2014-04-10,550,34.35,18890.03,550.0,0.0,550.0,2014-04-03,True
5879,2415,5347,2947,499,2014-04-10,550,39.24,21581.18,523.0,0.0,523.0,2014-04-03,True
5880,2416,5348,2948,158,2014-04-10,3,43.27,129.81,3.0,0.0,3.0,2014-04-03,True
5881,2416,5349,2948,159,2014-04-10,3,41.17,123.51,3.0,0.0,3.0,2014-04-03,True
5882,2416,5350,2948,160,2014-04-10,3,45.44,136.33,3.0,0.0,3.0,2014-04-03,True
5883,2417,5351,2949,498,2014-04-10,550,32.77,18023.78,550.0,0.0,550.0,2014-04-03,True
5884,2417,5352,2949,496,2014-04-10,550,37.09,20397.3,550.0,0.0,550.0,2014-04-03,True
5885,2417,5353,2949,494,2014-04-10,550,43.04,23671.73,550.0,0.0,550.0,2014-04-03,True
5886,2418,5354,2950,203,2014-04-10,550,10.82,5948.25,550.0,0.0,550.0,2014-04-03,True
5887,2419,5355,2951,447,2014-04-10,550,82.83,45558.98,550.0,0.0,550.0,2014-04-03,True
5888,2419,5356,2951,446,2014-04-10,550,82.83,45558.98,550.0,0.0,550.0,2014-04-03,True
5889,2420,5357,2952,183,2014-04-10,1250,0.21,262.5,1250.0,0.0,1250.0,2014-04-03,True
5890,2420,5358,2952,197,2014-04-10,1250,0.21,262.5,1250.0,125.0,1125.0,2014-04-03,True
5891,2421,5359,2953,193,2014-04-10,60,28.7,1721.79,60.0,0.0,60.0,2014-04-03,True
5892,2422,5360,2954,494,2014-04-10,550,42.51,23382.98,550.0,82.0,468.0,2014-04-03,True
5893,2422,5361,2954,501,2014-04-10,550,5.59,3072.3,550.0,0.0,550.0,2014-04-03,True
5894,2423,5362,2955,493,2014-04-10,60,15.74,944.37,60.0,0.0,60.0,2014-04-03,True
5895,2424,5363,2956,495,2014-04-10,550,43.46,23902.73,550.0,0.0,550.0,2014-04-03,True
5896,2424,5364,2956,497,2014-04-10,550,37.62,20691.83,550.0,0.0,550.0,2014-04-03,True
5897,2425,5365,2957,188,2014-04-10,550,29.58,16268.18,550.0,0.0,550.0,2014-04-03,True
5898,2425,5366,2957,189,2014-04-10,550,36.1,19854.45,523.0,0.0,523.0,2014-04-03,True
5899,2425,5367,2957,190,2014-04-10,550,48.58,26720.93,550.0,0.0,550.0,2014-04-03,True
5900,2426,5368,2958,498,2014-04-10,550,32.25,17735.03,468.0,0.0,468.0,2014-04-03,True
5901,2426,5369,2958,496,2014-04-10,550,36.56,20108.55,550.0,0.0,550.0,2014-04-03,True
5902,2427,5370,2959,190,2014-04-10,550,46.42,25531.28,550.0,0.0,550.0,2014-04-03,True
5903,2428,5371,2960,168,2014-04-10,3,47.52,142.57,3.0,0.0,3.0,2014-04-03,True
5904,2428,5372,2960,169,2014-04-10,3,45.42,136.27,3.0,0.0,3.0,2014-04-03,True
5905,2428,5373,2960,157,2014-04-10,3,49.7,149.09,3.0,0.0,3.0,2014-04-03,True
5906,2428,5374,2960,171,2014-04-10,3,45.42,136.27,3.0,0.0,3.0,2014-04-03,True
5907,2428,5375,2960,172,2014-04-10,3,43.32,129.97,3.0,0.0,3.0,2014-04-03,True
5908,2429,5376,2961,184,2014-04-11,3,41.92,125.75,3.0,0.0,3.0,2014-04-04,True
5909,2430,5377,2962,248,2014-04-11,3,50.26,150.79,3.0,0.0,3.0,2014-04-04,True
5910,2431,5378,2963,175,2014-04-11,3,41.38,124.14,3.0,0.0,3.0,2014-04-04,True
5911,2431,5379,2963,176,2014-04-11,3,45.65,136.96,3.0,0.0,3.0,2014-04-04,True
5912,2431,5380,2963,177,2014-04-11,3,41.38,124.14,3.0,0.0,3.0,2014-04-04,True
5913,2431,5381,2963,178,2014-04-11,3,39.28,117.84,3.0,0.0,3.0,2014-04-04,True
5914,2432,5382,2964,126,2014-04-11,550,16.09,8847.3,550.0,82.0,468.0,2014-04-04,True
5915,2433,5383,2965,186,2014-04-11,3,57.03,171.08,3.0,0.0,3.0,2014-04-04,True
5916,2434,5384,2966,117,2014-04-11,550,37.09,20397.3,550.0,0.0,550.0,2014-04-04,True
5917,2435,5385,2967,118,2014-04-11,550,26.6,14628.08,550.0,0.0,550.0,2014-04-04,True
5918,2436,5386,2968,188,2014-04-11,550,27.06,14882.18,468.0,0.0,468.0,2014-04-04,True
5919,2436,5387,2968,189,2014-04-11,550,33.58,18468.45,550.0,0.0,550.0,2014-04-04,True
5920,2436,5388,2968,190,2014-04-11,550,46.06,25334.93,550.0,0.0,550.0,2014-04-04,True
5921,2437,5389,2969,217,2014-04-11,3,47.54,142.63,3.0,0.0,3.0,2014-04-04,True
5922,2437,5390,2969,218,2014-04-11,3,43.27,129.81,3.0,0.0,3.0,2014-04-04,True
5923,2437,5391,2969,219,2014-04-11,3,41.17,123.51,3.0,0.0,3.0,2014-04-04,True
5924,2437,5392,2969,220,2014-04-11,3,45.44,136.33,3.0,0.0,3.0,2014-04-04,True
5925,2437,5393,2969,221,2014-04-11,3,41.17,123.51,3.0,0.0,3.0,2014-04-04,True
5926,2437,5394,2969,209,2014-04-11,3,39.07,117.21,3.0,0.0,3.0,2014-04-04,True
5927,2438,5395,2970,231,2014-04-11,3,47.52,142.57,3.0,0.0,3.0,2014-04-04,True
5928,2438,5396,2970,232,2014-04-11,3,45.42,136.27,3.0,0.0,3.0,2014-04-04,True
5929,2438,5397,2970,233,2014-04-11,3,49.7,149.09,3.0,0.0,3.0,2014-04-04,True
5930,2438,5398,2970,234,2014-04-11,3,45.42,136.27,3.0,0.0,3.0,2014-04-04,True
5931,2438,5399,2970,138,2014-04-11,3,43.32,129.97,3.0,0.0,3.0,2014-04-04,True
5932,2439,5400,2971,191,2014-04-11,3,47.47,142.41,3.0,0.0,3.0,2014-04-04,True
5933,2439,5401,2971,192,2014-04-11,3,42.8,128.39,3.0,0.0,3.0,2014-04-04,True
5934,2439,5402,2971,193,2014-04-11,60,25.42,1525.23,60.0,0.0,60.0,2014-04-04,True
5935,2440,5403,2972,108,2014-04-11,3,49.85,149.56,3.0,0.0,3.0,2014-04-04,True
5936,2440,5404,2972,97,2014-04-11,3,45.58,136.74,3.0,0.0,3.0,2014-04-04,True
5937,2440,5405,2972,62,2014-04-11,3,43.48,130.44,3.0,0.0,3.0,2014-04-04,True
5938,2441,5406,2973,6,2014-04-11,550,62.99,34644.23,550.0,0.0,550.0,2014-04-04,True
5939,2442,5407,2974,191,2014-04-11,3,45.37,136.11,3.0,0.0,3.0,2014-04-04,True
5940,2442,5408,2974,192,2014-04-11,3,40.49,121.46,3.0,0.0,3.0,2014-04-04,True
5941,2443,5409,2975,121,2014-04-11,3,48.76,146.29,3.0,0.0,3.0,2014-04-04,True
5942,2444,5410,2976,156,2014-04-11,3,34.19,102.56,3.0,0.0,3.0,2014-04-04,True
5943,2445,5411,2977,194,2014-04-14,3,50.26,150.79,3.0,0.0,3.0,2014-04-07,True
5944,2446,5412,2978,119,2014-04-14,550,10.73,5902.05,468.0,0.0,468.0,2014-04-07,True
5945,2446,5413,2978,120,2014-04-14,550,14.12,7767.38,550.0,0.0,550.0,2014-04-07,True
5946,2447,5414,2979,151,2014-04-14,60,50.26,3015.81,60.0,0.0,60.0,2014-04-07,True
5947,2447,5415,2979,152,2014-04-14,60,57.15,3429.09,60.0,0.0,60.0,2014-04-07,True
5948,2447,5416,2979,153,2014-04-14,60,53.2,3192.21,60.0,0.0,60.0,2014-04-07,True
5949,2447,5417,2979,154,2014-04-14,60,63.69,3821.58,60.0,0.0,60.0,2014-04-07,True
5950,2447,5418,2979,155,2014-04-14,60,48.91,2934.54,60.0,0.0,60.0,2014-04-07,True
5951,2448,5419,2980,436,2014-04-14,550,40.94,22516.73,550.0,0.0,550.0,2014-04-07,True
5952,2449,5420,2981,111,2014-04-14,60,9.2,551.88,60.0,0.0,60.0,2014-04-07,True
5953,2450,5421,2982,162,2014-04-14,550,5.78,3176.25,550.0,0.0,550.0,2014-04-07,True
5954,2450,5422,2982,163,2014-04-14,550,1.16,635.25,550.0,55.0,495.0,2014-04-07,True
5955,2450,5423,2982,132,2014-04-14,550,5.78,3176.25,550.0,0.0,550.0,2014-04-07,True
5956,2451,5424,2983,112,2014-04-14,550,23.39,12866.7,550.0,0.0,550.0,2014-04-07,True
5957,2451,5425,2983,113,2014-04-14,550,27.65,15205.58,550.0,0.0,550.0,2014-04-07,True
5958,2452,5426,2984,164,2014-04-14,550,1.37,750.75,550.0,82.0,468.0,2014-04-07,True
5959,2452,5427,2984,5,2014-04-14,550,62.99,34644.23,550.0,0.0,550.0,2014-04-07,True
5960,2453,5428,2985,132,2014-04-14,550,6.2,3407.25,550.0,0.0,550.0,2014-04-07,True
5961,2454,5429,2986,112,2014-04-14,550,22.17,12191.03,550.0,0.0,550.0,2014-04-07,True
5962,2454,5430,2986,113,2014-04-14,550,29.28,16106.48,550.0,0.0,550.0,2014-04-07,True
5963,2455,5431,2987,150,2014-04-14,3,19.98,59.94,3.0,0.0,3.0,2014-04-07,True
5964,2456,5432,2988,158,2014-04-14,3,36.97,110.91,3.0,0.0,3.0,2014-04-07,True
5965,2456,5433,2988,159,2014-04-14,3,34.87,104.61,3.0,0.0,3.0,2014-04-07,True
5966,2456,5434,2988,160,2014-04-14,3,39.14,117.43,3.0,0.0,3.0,2014-04-07,True
5967,2457,5435,2989,9,2014-04-14,550,31.49,17319.23,550.0,0.0,550.0,2014-04-07,True
5968,2457,5436,2989,7,2014-04-14,550,48.29,26559.23,550.0,0.0,550.0,2014-04-07,True
5969,2458,5437,2990,255,2014-04-14,3,43.22,129.65,3.0,0.0,3.0,2014-04-07,True
5970,2458,5438,2990,256,2014-04-14,3,47.49,142.47,3.0,0.0,3.0,2014-04-07,True
5971,2458,5439,2990,301,2014-04-14,3,43.27,129.81,3.0,0.0,3.0,2014-04-07,True
5972,2458,5440,2990,302,2014-04-14,3,47.54,142.63,3.0,0.0,3.0,2014-04-07,True
5973,2459,5441,2991,135,2014-04-14,550,15.89,8737.58,550.0,0.0,550.0,2014-04-07,True
5974,2459,5442,2991,136,2014-04-14,550,11.67,6416.03,550.0,0.0,550.0,2014-04-07,True
5975,2459,5443,2991,137,2014-04-14,550,11.09,6098.4,550.0,0.0,550.0,2014-04-07,True
5976,2459,5444,2991,104,2014-04-14,550,15.89,8737.58,550.0,0.0,550.0,2014-04-07,True
5977,2459,5445,2991,139,2014-04-14,550,11.67,6416.03,550.0,0.0,550.0,2014-04-07,True
5978,2460,5446,2992,211,2014-04-14,3,47.47,142.41,3.0,0.0,3.0,2014-04-07,True
5979,2461,5447,2993,117,2014-04-16,550,34.98,19236.53,550.0,0.0,550.0,2014-04-09,True
5980,2462,5448,2994,217,2014-04-16,3,43.27,129.81,3.0,0.0,3.0,2014-04-09,True
5981,2462,5449,2994,218,2014-04-16,3,41.17,123.51,3.0,0.0,3.0,2014-04-09,True
5982,2463,5450,2995,109,2014-04-16,550,2.32,1276.28,550.0,0.0,550.0,2014-04-09,True
5983,2464,5451,2996,122,2014-04-16,550,3.64,2003.93,550.0,0.0,550.0,2014-04-09,True
5984,2465,5452,2997,440,2014-04-16,550,21.09,11601.98,550.0,0.0,550.0,2014-04-09,True
5985,2465,5453,2997,437,2014-04-16,550,30.44,16741.73,523.0,0.0,523.0,2014-04-09,True
5986,2465,5454,2997,435,2014-04-16,550,40.94,22516.73,550.0,0.0,550.0,2014-04-09,True
5987,2466,5455,2998,165,2014-04-16,60,3.6,216.09,51.0,0.0,51.0,2014-04-09,True
5988,2466,5456,2998,166,2014-04-16,60,3.98,238.77,60.0,0.0,60.0,2014-04-09,True
5989,2467,5457,2999,9,2014-04-16,550,31.49,17319.23,550.0,0.0,550.0,2014-04-09,True
5990,2467,5458,2999,7,2014-04-16,550,48.29,26559.23,550.0,0.0,550.0,2014-04-09,True
5991,2468,5459,3000,120,2014-04-16,550,12.97,7132.13,550.0,0.0,550.0,2014-04-09,True
5992,2469,5460,3001,441,2014-04-16,550,21.09,11601.98,550.0,0.0,550.0,2014-04-09,True
5993,2469,5461,3001,438,2014-04-16,550,30.44,16741.73,550.0,0.0,550.0,2014-04-09,True
5994,2470,5462,3002,434,2014-04-16,550,40.94,22516.73,550.0,0.0,550.0,2014-04-09,True
5995,2471,5463,3003,4,2014-04-16,550,62.99,34644.23,550.0,0.0,550.0,2014-04-09,True
5996,2472,5464,3004,79,2014-04-16,3,47.6,142.79,3.0,0.0,3.0,2014-04-09,True
5997,2472,5465,3004,80,2014-04-16,3,43.32,129.97,3.0,0.0,3.0,2014-04-09,True
5998,2473,5466,3005,73,2014-04-16,3,47.68,143.04,3.0,0.0,3.0,2014-04-09,True
5999,2474,5467,3006,115,2014-04-16,550,23.4,12872.48,550.0,0.0,550.0,2014-04-09,True
6000,2474,5468,3006,116,2014-04-16,550,27.87,15326.85,550.0,0.0,550.0,2014-04-09,True
6001,2475,5469,3007,123,2014-04-16,550,6.75,3713.33,550.0,0.0,550.0,2014-04-09,True
6002,2476,5470,3008,10,2014-04-16,550,31.49,17319.23,468.0,0.0,468.0,2014-04-09,True
6003,2476,5471,3008,8,2014-04-16,550,48.29,26559.23,550.0,0.0,550.0,2014-04-09,True
6004,2476,5472,3008,114,2014-04-16,550,36.28,19952.63,550.0,0.0,550.0,2014-04-09,True
6005,2477,5473,3009,151,2014-04-17,60,50.75,3044.79,60.0,0.0,60.0,2014-04-10,True
6006,2477,5474,3009,152,2014-04-17,60,58.26,3495.87,60.0,0.0,60.0,2014-04-10,True
6007,2477,5475,3009,153,2014-04-17,60,50.75,3044.79,60.0,0.0,60.0,2014-04-10,True
6008,2477,5476,3009,154,2014-04-17,60,62.93,3775.59,60.0,0.0,60.0,2014-04-10,True
6009,2477,5477,3009,155,2014-04-17,60,49.65,2979.27,60.0,0.0,60.0,2014-04-10,True
6010,2478,5478,3010,119,2014-04-17,550,10.38,5711.48,550.0,0.0,550.0,2014-04-10,True
6011,2479,5479,3011,95,2014-04-17,3,41.45,124.36,3.0,0.0,3.0,2014-04-10,True
6012,2479,5480,3011,96,2014-04-17,3,37.18,111.54,3.0,0.0,3.0,2014-04-10,True
6013,2480,5481,3012,149,2014-04-17,3,12.72,38.15,3.0,0.0,3.0,2014-04-10,True
6014,2480,5482,3012,150,2014-04-17,3,19.94,59.82,3.0,0.0,3.0,2014-04-10,True
6015,2481,5483,3013,124,2014-04-17,3,38.16,114.47,3.0,0.0,3.0,2014-04-10,True
6016,2482,5484,3014,110,2014-04-17,3,44.22,132.65,3.0,0.0,3.0,2014-04-10,True
6017,2483,5485,3015,10,2014-04-17,550,31.49,17319.23,550.0,0.0,550.0,2014-04-10,True
6018,2483,5486,3015,8,2014-04-17,550,48.29,26559.23,550.0,0.0,550.0,2014-04-10,True
6019,2484,5487,3016,167,2014-04-17,60,6.98,418.95,60.0,0.0,60.0,2014-04-10,True
6020,2485,5488,3017,240,2014-04-17,3,45.44,136.33,3.0,0.0,3.0,2014-04-10,True
6021,2485,5489,3017,241,2014-04-17,3,41.17,123.51,3.0,0.0,3.0,2014-04-10,True
6022,2485,5490,3017,242,2014-04-17,3,39.07,117.21,3.0,0.0,3.0,2014-04-10,True
6023,2485,5491,3017,85,2014-04-17,3,47.68,143.04,3.0,0.0,3.0,2014-04-10,True
6024,2485,5492,3017,98,2014-04-17,3,45.58,136.74,3.0,0.0,3.0,2014-04-10,True
6025,2485,5493,3017,99,2014-04-17,3,49.85,149.56,3.0,0.0,3.0,2014-04-10,True
6026,2485,5494,3017,100,2014-04-17,3,45.58,136.74,3.0,0.0,3.0,2014-04-10,True
6027,2485,5495,3017,101,2014-04-17,3,43.48,130.44,3.0,0.0,3.0,2014-04-10,True
6028,2485,5496,3017,102,2014-04-17,3,47.75,143.26,3.0,0.0,3.0,2014-04-10,True
6029,2485,5497,3017,103,2014-04-17,3,43.48,130.44,3.0,0.0,3.0,2014-04-10,True
6030,2485,5498,3017,70,2014-04-17,3,41.38,124.14,3.0,0.0,3.0,2014-04-10,True
6031,2485,5499,3017,105,2014-04-17,3,45.65,136.96,3.0,0.0,3.0,2014-04-10,True
6032,2485,5500,3017,106,2014-04-17,3,41.38,124.14,3.0,0.0,3.0,2014-04-10,True
6033,2485,5501,3017,107,2014-04-17,3,39.28,117.84,3.0,0.0,3.0,2014-04-10,True
6034,2485,5502,3017,108,2014-04-17,3,43.55,130.66,3.0,0.0,3.0,2014-04-10,True
6035,2485,5503,3017,97,2014-04-17,3,39.28,117.84,3.0,0.0,3.0,2014-04-10,True
6036,2485,5504,3017,62,2014-04-17,3,37.18,111.54,3.0,0.0,3.0,2014-04-10,True
6037,2485,5505,3017,69,2014-04-17,3,41.45,124.36,3.0,0.0,3.0,2014-04-10,True
6038,2485,5506,3017,68,2014-04-17,3,37.18,111.54,3.0,0.0,3.0,2014-04-10,True
6039,2485,5507,3017,67,2014-04-17,3,47.52,142.57,3.0,0.0,3.0,2014-04-10,True
6040,2485,5508,3017,66,2014-04-17,3,45.42,136.27,3.0,0.0,3.0,2014-04-10,True
6041,2485,5509,3017,65,2014-04-17,3,49.7,149.09,3.0,0.0,3.0,2014-04-10,True
6042,2485,5510,3017,64,2014-04-17,3,45.42,136.27,3.0,0.0,3.0,2014-04-10,True
6043,2485,5511,3017,63,2014-04-17,3,43.32,129.97,3.0,0.0,3.0,2014-04-10,True
6044,2485,5512,3017,61,2014-04-17,3,47.6,142.79,3.0,0.0,3.0,2014-04-10,True
6045,2485,5513,3017,71,2014-04-17,3,43.32,129.97,3.0,0.0,3.0,2014-04-10,True
6046,2486,5514,3018,165,2014-04-17,60,3.38,202.86,51.0,0.0,51.0,2014-04-10,True
6047,2486,5515,3018,166,2014-04-17,60,4.32,258.93,60.0,0.0,60.0,2014-04-10,True
6048,2487,5516,3019,236,2014-04-17,3,43.27,129.81,3.0,0.0,3.0,2014-04-10,True
6049,2487,5517,3019,237,2014-04-17,3,41.17,123.51,3.0,0.0,3.0,2014-04-10,True
6050,2487,5518,3019,238,2014-04-17,3,45.44,136.33,3.0,0.0,3.0,2014-04-10,True
6051,2487,5519,3019,239,2014-04-17,3,41.17,123.51,3.0,0.0,3.0,2014-04-10,True
6052,2487,5520,3019,240,2014-04-17,3,39.07,117.21,3.0,0.0,3.0,2014-04-10,True
6053,2487,5521,3019,241,2014-04-17,3,43.34,130.03,3.0,0.0,3.0,2014-04-10,True
6054,2488,5522,3020,149,2014-04-17,3,12.36,37.08,3.0,0.0,3.0,2014-04-10,True
6055,2489,5523,3021,118,2014-04-17,550,39.2,21558.08,550.0,0.0,550.0,2014-04-10,True
6056,2490,5524,3022,223,2014-04-17,3,45.48,136.43,3.0,0.0,3.0,2014-04-10,True
6057,2490,5525,3022,224,2014-04-17,3,49.75,149.25,3.0,0.0,3.0,2014-04-10,True
6058,2490,5526,3022,225,2014-04-17,3,45.48,136.43,3.0,0.0,3.0,2014-04-10,True
6059,2491,5527,3023,495,2014-04-17,550,43.98,24191.48,550.0,0.0,550.0,2014-04-10,True
6060,2491,5528,3023,497,2014-04-17,550,38.15,20980.58,550.0,0.0,550.0,2014-04-10,True
6061,2492,5529,3024,86,2014-04-17,3,47.75,143.26,3.0,0.0,3.0,2014-04-10,True
6062,2492,5530,3024,87,2014-04-17,3,43.48,130.44,3.0,0.0,3.0,2014-04-10,True
6063,2493,5531,3025,206,2014-04-18,3,49.75,149.25,3.0,0.0,3.0,2014-04-11,True
6064,2493,5532,3025,207,2014-04-18,3,45.48,136.43,3.0,0.0,3.0,2014-04-11,True
6065,2493,5533,3025,208,2014-04-18,3,43.38,130.13,3.0,0.0,3.0,2014-04-11,True
6066,2494,5534,3026,500,2014-04-18,550,34.35,18890.03,550.0,0.0,550.0,2014-04-11,True
6067,2494,5535,3026,499,2014-04-18,550,39.24,21581.18,550.0,0.0,550.0,2014-04-11,True
6068,2495,5536,3027,204,2014-04-18,3,47.47,142.41,3.0,0.0,3.0,2014-04-11,True
6069,2495,5537,3027,205,2014-04-18,3,45.37,136.11,3.0,0.0,3.0,2014-04-11,True
6070,2495,5538,3027,206,2014-04-18,3,49.64,148.93,3.0,0.0,3.0,2014-04-11,True
6071,2495,5539,3027,207,2014-04-18,3,45.37,136.11,3.0,0.0,3.0,2014-04-11,True
6072,2495,5540,3027,208,2014-04-18,3,43.27,129.81,3.0,0.0,3.0,2014-04-11,True
6073,2495,5541,3027,170,2014-04-18,3,47.54,142.63,3.0,0.0,3.0,2014-04-11,True
6074,2495,5542,3027,158,2014-04-18,3,43.27,129.81,3.0,0.0,3.0,2014-04-11,True
6075,2495,5543,3027,159,2014-04-18,3,41.17,123.51,3.0,0.0,3.0,2014-04-11,True
6076,2495,5544,3027,160,2014-04-18,3,45.44,136.33,3.0,0.0,3.0,2014-04-11,True
6077,2496,5545,3028,498,2014-04-18,550,32.77,18023.78,468.0,0.0,468.0,2014-04-11,True
6078,2496,5546,3028,496,2014-04-18,550,37.09,20397.3,550.0,0.0,550.0,2014-04-11,True
6079,2496,5547,3028,494,2014-04-18,550,43.04,23671.73,550.0,0.0,550.0,2014-04-11,True
6080,2497,5548,3029,203,2014-04-18,550,10.82,5948.25,550.0,0.0,550.0,2014-04-11,True
6081,2498,5549,3030,447,2014-04-18,550,82.83,45558.98,550.0,0.0,550.0,2014-04-11,True
6082,2498,5550,3030,446,2014-04-18,550,82.83,45558.98,550.0,0.0,550.0,2014-04-11,True
6083,2499,5551,3031,183,2014-04-18,1250,0.21,262.5,1250.0,0.0,1250.0,2014-04-11,True
6084,2499,5552,3031,197,2014-04-18,1250,0.21,262.5,1250.0,0.0,1250.0,2014-04-11,True
6085,2500,5553,3032,191,2014-04-18,3,49.64,148.93,3.0,0.0,3.0,2014-04-11,True
6086,2500,5554,3032,192,2014-04-18,3,44.32,132.96,3.0,0.0,3.0,2014-04-11,True
6087,2500,5555,3032,193,2014-04-18,60,28.7,1721.79,60.0,0.0,60.0,2014-04-11,True
6088,2501,5556,3033,494,2014-04-18,550,42.51,23382.98,550.0,0.0,550.0,2014-04-11,True
6089,2501,5557,3033,501,2014-04-18,550,5.59,3072.3,550.0,0.0,550.0,2014-04-11,True
6090,2502,5558,3034,493,2014-04-18,60,15.74,944.37,60.0,9.0,51.0,2014-04-11,True
6091,2503,5559,3035,503,2014-04-18,550,6.53,3592.05,550.0,0.0,550.0,2014-04-11,True
6092,2503,5560,3035,502,2014-04-18,550,6.18,3401.48,550.0,0.0,550.0,2014-04-11,True
6093,2504,5561,3036,188,2014-04-18,550,29.58,16268.18,550.0,550.0,0.0,2014-04-11,True
6094,2504,5562,3036,189,2014-04-18,550,36.1,19854.45,550.0,550.0,0.0,2014-04-11,True
6095,2505,5563,3037,498,2014-04-18,550,32.25,17735.03,550.0,0.0,550.0,2014-04-11,True
6096,2505,5564,3037,496,2014-04-18,550,36.56,20108.55,523.0,0.0,523.0,2014-04-11,True
6097,2506,5565,3038,190,2014-04-18,550,46.42,25531.28,468.0,0.0,468.0,2014-04-11,True
6098,2507,5566,3039,173,2014-04-18,3,47.6,142.79,3.0,0.0,3.0,2014-04-11,True
6099,2507,5567,3039,174,2014-04-18,3,43.32,129.97,3.0,0.0,3.0,2014-04-11,True
6100,2507,5568,3039,175,2014-04-18,3,41.22,123.67,3.0,0.0,3.0,2014-04-11,True
6101,2507,5569,3039,176,2014-04-18,3,45.5,136.49,3.0,0.0,3.0,2014-04-11,True
6102,2507,5570,3039,177,2014-04-18,3,41.22,123.67,3.0,0.0,3.0,2014-04-11,True
6103,2507,5571,3039,178,2014-04-18,3,39.12,117.37,3.0,0.0,3.0,2014-04-11,True
6104,2508,5572,3040,184,2014-04-18,3,41.92,125.75,3.0,0.0,3.0,2014-04-11,True
6105,2509,5573,3041,248,2014-04-21,3,50.26,150.79,3.0,0.0,3.0,2014-04-14,True
6106,2510,5574,3042,179,2014-04-21,3,43.55,130.66,3.0,0.0,3.0,2014-04-14,True
6107,2510,5575,3042,180,2014-04-21,3,39.28,117.84,3.0,0.0,3.0,2014-04-14,True
6108,2510,5576,3042,181,2014-04-21,3,37.18,111.54,3.0,0.0,3.0,2014-04-14,True
6109,2511,5577,3043,126,2014-04-21,550,16.09,8847.3,550.0,0.0,550.0,2014-04-14,True
6110,2512,5578,3044,186,2014-04-21,3,57.03,171.08,3.0,0.0,3.0,2014-04-14,True
6111,2513,5579,3045,117,2014-04-21,550,37.09,20397.3,550.0,0.0,550.0,2014-04-14,True
6112,2514,5580,3046,118,2014-04-21,550,26.6,14628.08,550.0,0.0,550.0,2014-04-14,True
6113,2515,5581,3047,188,2014-04-21,550,27.06,14882.18,550.0,0.0,550.0,2014-04-14,True
6114,2515,5582,3047,189,2014-04-21,550,33.58,18468.45,523.0,0.0,523.0,2014-04-14,True
6115,2515,5583,3047,190,2014-04-21,550,46.06,25334.93,550.0,0.0,550.0,2014-04-14,True
6116,2516,5584,3048,223,2014-04-21,3,43.34,130.03,3.0,0.0,3.0,2014-04-14,True
6117,2516,5585,3048,224,2014-04-21,3,39.07,117.21,3.0,0.0,3.0,2014-04-14,True
6118,2516,5586,3048,225,2014-04-21,3,36.97,110.91,3.0,0.0,3.0,2014-04-14,True
6119,2516,5587,3048,226,2014-04-21,3,41.24,123.73,3.0,0.0,3.0,2014-04-14,True
6120,2517,5588,3049,86,2014-04-21,3,47.6,142.79,3.0,0.0,3.0,2014-04-14,True
6121,2517,5589,3049,87,2014-04-21,3,43.32,129.97,3.0,0.0,3.0,2014-04-14,True
6122,2517,5590,3049,88,2014-04-21,3,41.22,123.67,3.0,0.0,3.0,2014-04-14,True
6123,2517,5591,3049,89,2014-04-21,3,45.5,136.49,3.0,0.0,3.0,2014-04-14,True
6124,2517,5592,3049,90,2014-04-21,3,41.22,123.67,3.0,0.0,3.0,2014-04-14,True
6125,2517,5593,3049,91,2014-04-21,3,39.12,117.37,3.0,0.0,3.0,2014-04-14,True
6126,2518,5594,3050,191,2014-04-21,3,47.47,142.41,3.0,0.0,3.0,2014-04-14,True
6127,2518,5595,3050,192,2014-04-21,3,42.8,128.39,3.0,0.0,3.0,2014-04-14,True
6128,2518,5596,3050,193,2014-04-21,60,25.42,1525.23,60.0,0.0,60.0,2014-04-14,True
6129,2519,5597,3051,69,2014-04-21,3,47.75,143.26,3.0,0.0,3.0,2014-04-14,True
6130,2519,5598,3051,68,2014-04-21,3,43.48,130.44,3.0,0.0,3.0,2014-04-14,True
6131,2519,5599,3051,67,2014-04-21,3,41.38,124.14,3.0,0.0,3.0,2014-04-14,True
6132,2519,5600,3051,66,2014-04-21,3,45.65,136.96,3.0,0.0,3.0,2014-04-14,True
6133,2519,5601,3051,65,2014-04-21,3,41.38,124.14,3.0,0.0,3.0,2014-04-14,True
6134,2520,5602,3052,6,2014-04-21,550,62.99,34644.23,550.0,0.0,550.0,2014-04-14,True
6135,2521,5603,3053,193,2014-04-21,60,26.37,1581.93,60.0,0.0,60.0,2014-04-14,True
6136,2522,5604,3054,121,2014-04-21,3,48.76,146.29,3.0,0.0,3.0,2014-04-14,True
6137,2523,5605,3055,156,2014-04-21,3,34.19,102.56,3.0,0.0,3.0,2014-04-14,True
6138,2524,5606,3056,194,2014-04-21,3,50.26,150.79,3.0,0.0,3.0,2014-04-14,True
6139,2525,5607,3057,119,2014-04-22,550,10.73,5902.05,550.0,0.0,550.0,2014-04-15,True
6140,2525,5608,3057,120,2014-04-22,550,14.12,7767.38,523.0,0.0,523.0,2014-04-15,True
6141,2526,5609,3058,151,2014-04-22,60,50.26,3015.81,51.0,0.0,51.0,2014-04-15,True
6142,2526,5610,3058,152,2014-04-22,60,57.15,3429.09,60.0,0.0,60.0,2014-04-15,True
6143,2526,5611,3058,153,2014-04-22,60,53.2,3192.21,60.0,0.0,60.0,2014-04-15,True
6144,2526,5612,3058,154,2014-04-22,60,63.69,3821.58,60.0,0.0,60.0,2014-04-15,True
6145,2527,5613,3059,440,2014-04-22,550,21.09,11601.98,550.0,0.0,550.0,2014-04-15,True
6146,2527,5614,3059,437,2014-04-22,550,30.44,16741.73,550.0,0.0,550.0,2014-04-15,True
6147,2527,5615,3059,434,2014-04-22,550,40.94,22516.73,550.0,0.0,550.0,2014-04-15,True
6148,2527,5616,3059,441,2014-04-22,550,21.09,11601.98,550.0,0.0,550.0,2014-04-15,True
6149,2527,5617,3059,438,2014-04-22,550,30.44,16741.73,550.0,0.0,550.0,2014-04-15,True
6150,2527,5618,3059,435,2014-04-22,550,40.94,22516.73,550.0,0.0,550.0,2014-04-15,True
6151,2528,5619,3060,111,2014-04-22,60,9.2,551.88,60.0,0.0,60.0,2014-04-15,True
6152,2529,5620,3061,162,2014-04-22,550,5.78,3176.25,550.0,0.0,550.0,2014-04-15,True
6153,2529,5621,3061,163,2014-04-22,550,1.16,635.25,550.0,0.0,550.0,2014-04-15,True
6154,2529,5622,3061,132,2014-04-22,550,5.78,3176.25,550.0,0.0,550.0,2014-04-15,True
6155,2530,5623,3062,112,2014-04-22,550,23.39,12866.7,550.0,0.0,550.0,2014-04-15,True
6156,2530,5624,3062,113,2014-04-22,550,27.65,15205.58,550.0,55.0,495.0,2014-04-15,True
6157,2531,5625,3063,131,2014-04-22,550,3.49,1917.3,550.0,0.0,550.0,2014-04-15,True
6158,2532,5626,3064,162,2014-04-22,550,6.2,3407.25,550.0,82.0,468.0,2014-04-15,True
6159,2532,5627,3064,163,2014-04-22,550,1.47,808.5,550.0,0.0,550.0,2014-04-15,True
6160,2533,5628,3065,112,2014-04-22,550,22.17,12191.03,550.0,0.0,550.0,2014-04-15,True
6161,2533,5629,3065,113,2014-04-22,550,29.28,16106.48,550.0,0.0,550.0,2014-04-15,True
6162,2534,5630,3066,150,2014-04-22,3,19.98,59.94,3.0,0.0,3.0,2014-04-15,True
6163,2535,5631,3067,204,2014-04-22,3,41.17,123.51,3.0,0.0,3.0,2014-04-15,True
6164,2535,5632,3067,205,2014-04-22,3,39.07,117.21,3.0,0.0,3.0,2014-04-15,True
6165,2535,5633,3067,206,2014-04-22,3,43.34,130.03,3.0,0.0,3.0,2014-04-15,True
6166,2535,5634,3067,207,2014-04-22,3,39.07,117.21,3.0,0.0,3.0,2014-04-15,True
6167,2535,5635,3067,208,2014-04-22,3,36.97,110.91,3.0,0.0,3.0,2014-04-15,True
6168,2535,5636,3067,170,2014-04-22,3,41.24,123.73,3.0,0.0,3.0,2014-04-15,True
6169,2535,5637,3067,158,2014-04-22,3,36.97,110.91,3.0,0.0,3.0,2014-04-15,True
6170,2535,5638,3067,159,2014-04-22,3,34.87,104.61,3.0,0.0,3.0,2014-04-15,True
6171,2535,5639,3067,160,2014-04-22,3,39.14,117.43,3.0,0.0,3.0,2014-04-15,True
6172,2536,5640,3068,9,2014-04-22,550,31.49,17319.23,468.0,0.0,468.0,2014-04-15,True
6173,2536,5641,3068,7,2014-04-22,550,48.29,26559.23,550.0,0.0,550.0,2014-04-15,True
6174,2537,5642,3069,236,2014-04-22,3,43.34,130.03,3.0,0.0,3.0,2014-04-15,True
6175,2537,5643,3069,237,2014-04-22,3,39.07,117.21,3.0,0.0,3.0,2014-04-15,True
6176,2537,5644,3069,238,2014-04-22,3,36.97,110.91,3.0,0.0,3.0,2014-04-15,True
6177,2537,5645,3069,239,2014-04-22,3,41.24,123.73,3.0,0.0,3.0,2014-04-15,True
6178,2537,5646,3069,240,2014-04-22,3,36.97,110.91,3.0,0.0,3.0,2014-04-15,True
6179,2537,5647,3069,241,2014-04-22,3,43.22,129.65,3.0,0.0,3.0,2014-04-15,True
6180,2538,5648,3070,140,2014-04-22,550,11.09,6098.4,550.0,0.0,550.0,2014-04-15,True
6181,2538,5649,3070,141,2014-04-22,550,8.76,4816.35,550.0,0.0,550.0,2014-04-15,True
6182,2538,5650,3070,142,2014-04-22,550,9.69,5330.33,550.0,0.0,550.0,2014-04-15,True
6183,2538,5651,3070,143,2014-04-22,550,6.88,3782.63,550.0,0.0,550.0,2014-04-15,True
6184,2538,5652,3070,144,2014-04-22,550,7.8,4290.83,550.0,0.0,550.0,2014-04-15,True
6185,2539,5653,3071,211,2014-04-22,3,47.47,142.41,3.0,0.0,3.0,2014-04-15,True
6186,2540,5654,3072,115,2014-04-22,550,23.08,12693.45,550.0,0.0,550.0,2014-04-15,True
6187,2540,5655,3072,116,2014-04-22,550,29.27,16100.7,550.0,55.0,495.0,2014-04-15,True
6188,2540,5656,3072,117,2014-04-22,550,34.98,19236.53,550.0,0.0,550.0,2014-04-15,True
6189,2541,5657,3073,442,2014-04-23,550,21.09,11601.98,550.0,0.0,550.0,2014-04-16,True
6190,2541,5658,3073,439,2014-04-23,550,30.44,16741.73,550.0,0.0,550.0,2014-04-16,True
6191,2541,5659,3073,436,2014-04-23,550,40.94,22516.73,550.0,27.0,523.0,2014-04-16,True
6192,2542,5660,3074,109,2014-04-23,550,2.32,1276.28,550.0,82.0,468.0,2014-04-16,True
6193,2543,5661,3075,122,2014-04-23,550,3.64,2003.93,550.0,0.0,550.0,2014-04-16,True
6194,2544,5662,3076,440,2014-04-23,550,21.09,11601.98,550.0,0.0,550.0,2014-04-16,True
6195,2544,5663,3076,437,2014-04-23,550,30.44,16741.73,550.0,0.0,550.0,2014-04-16,True
6196,2545,5664,3077,165,2014-04-23,60,3.6,216.09,60.0,0.0,60.0,2014-04-16,True
6197,2545,5665,3077,166,2014-04-23,60,3.98,238.77,57.0,0.0,57.0,2014-04-16,True
6198,2546,5666,3078,9,2014-04-23,550,31.49,17319.23,468.0,0.0,468.0,2014-04-16,True
6199,2546,5667,3078,7,2014-04-23,550,48.29,26559.23,550.0,0.0,550.0,2014-04-16,True
6200,2547,5668,3079,120,2014-04-23,550,12.97,7132.13,550.0,0.0,550.0,2014-04-16,True
6201,2548,5669,3080,441,2014-04-23,550,21.09,11601.98,550.0,0.0,550.0,2014-04-16,True
6202,2548,5670,3080,438,2014-04-23,550,30.44,16741.73,550.0,0.0,550.0,2014-04-16,True
6203,2549,5671,3081,434,2014-04-23,550,40.94,22516.73,550.0,0.0,550.0,2014-04-16,True
6204,2550,5672,3082,4,2014-04-23,550,62.99,34644.23,550.0,0.0,550.0,2014-04-16,True
6205,2551,5673,3083,81,2014-04-23,3,41.22,123.67,3.0,0.0,3.0,2014-04-16,True
6206,2551,5674,3083,82,2014-04-23,3,45.5,136.49,3.0,0.0,3.0,2014-04-16,True
6207,2551,5675,3083,83,2014-04-23,3,41.22,123.67,3.0,0.0,3.0,2014-04-16,True
6208,2551,5676,3083,84,2014-04-23,3,39.12,117.37,3.0,0.0,3.0,2014-04-16,True
6209,2552,5677,3084,73,2014-04-23,3,47.68,143.04,3.0,0.0,3.0,2014-04-16,True
6210,2553,5678,3085,115,2014-04-23,550,23.4,12872.48,550.0,0.0,550.0,2014-04-16,True
6211,2553,5679,3085,116,2014-04-23,550,27.87,15326.85,550.0,0.0,550.0,2014-04-16,True
6212,2554,5680,3086,123,2014-04-23,550,6.75,3713.33,550.0,0.0,550.0,2014-04-16,True
6213,2555,5681,3087,10,2014-04-23,550,31.49,17319.23,550.0,0.0,550.0,2014-04-16,True
6214,2555,5682,3087,8,2014-04-23,550,48.29,26559.23,523.0,0.0,523.0,2014-04-16,True
6215,2555,5683,3087,114,2014-04-23,550,36.28,19952.63,550.0,0.0,550.0,2014-04-16,True
6216,2556,5684,3088,151,2014-04-23,60,50.75,3044.79,51.0,0.0,51.0,2014-04-16,True
6217,2556,5685,3088,152,2014-04-23,60,58.26,3495.87,60.0,0.0,60.0,2014-04-16,True
6218,2556,5686,3088,153,2014-04-23,60,50.75,3044.79,60.0,0.0,60.0,2014-04-16,True
6219,2556,5687,3088,154,2014-04-23,60,62.93,3775.59,60.0,0.0,60.0,2014-04-16,True
6220,2557,5688,3089,119,2014-04-24,550,10.38,5711.48,550.0,0.0,550.0,2014-04-17,True
6221,2558,5689,3090,231,2014-04-24,3,47.68,143.04,3.0,0.0,3.0,2014-04-17,True
6222,2558,5690,3090,232,2014-04-24,3,45.58,136.74,3.0,0.0,3.0,2014-04-17,True
6223,2558,5691,3090,233,2014-04-24,3,49.85,149.56,3.0,0.0,3.0,2014-04-17,True
6224,2558,5692,3090,234,2014-04-24,3,45.58,136.74,3.0,0.0,3.0,2014-04-17,True
6225,2558,5693,3090,138,2014-04-24,3,43.48,130.44,3.0,0.0,3.0,2014-04-17,True
6226,2559,5694,3091,149,2014-04-24,3,12.72,38.15,3.0,0.0,3.0,2014-04-17,True
6227,2559,5695,3091,150,2014-04-24,3,19.94,59.82,3.0,0.0,3.0,2014-04-17,True
6228,2560,5696,3092,124,2014-04-24,3,38.16,114.47,3.0,0.0,3.0,2014-04-17,True
6229,2561,5697,3093,110,2014-04-24,3,44.22,132.65,3.0,0.0,3.0,2014-04-17,True
6230,2562,5698,3094,10,2014-04-24,550,31.49,17319.23,550.0,82.0,468.0,2014-04-17,True
6231,2562,5699,3094,8,2014-04-24,550,48.29,26559.23,550.0,0.0,550.0,2014-04-17,True
6232,2563,5700,3095,167,2014-04-24,60,6.98,418.95,60.0,0.0,60.0,2014-04-17,True
6233,2564,5701,3096,236,2014-04-24,3,43.27,129.81,3.0,0.0,3.0,2014-04-17,True
6234,2564,5702,3096,237,2014-04-24,3,47.54,142.63,3.0,0.0,3.0,2014-04-17,True
6235,2565,5703,3097,165,2014-04-24,60,3.38,202.86,60.0,0.0,60.0,2014-04-17,True
6236,2565,5704,3097,166,2014-04-24,60,4.32,258.93,57.0,0.0,57.0,2014-04-17,True
6237,2566,5705,3098,242,2014-04-24,3,39.07,117.21,3.0,0.0,3.0,2014-04-17,True
6238,2566,5706,3098,243,2014-04-24,3,36.97,110.91,3.0,0.0,3.0,2014-04-17,True
6239,2566,5707,3098,244,2014-04-24,3,41.24,123.73,3.0,0.0,3.0,2014-04-17,True
6240,2566,5708,3098,245,2014-04-24,3,36.97,110.91,3.0,0.0,3.0,2014-04-17,True
6241,2567,5709,3099,149,2014-04-24,3,12.36,37.08,3.0,0.0,3.0,2014-04-17,True
6242,2568,5710,3100,118,2014-04-24,550,39.2,21558.08,550.0,0.0,550.0,2014-04-17,True
6243,2569,5711,3101,226,2014-04-24,3,43.38,130.13,3.0,0.0,3.0,2014-04-17,True
6244,2569,5712,3101,227,2014-04-24,3,47.65,142.95,3.0,0.0,3.0,2014-04-17,True
6245,2569,5713,3101,228,2014-04-24,3,43.38,130.13,3.0,0.0,3.0,2014-04-17,True
6246,2569,5714,3101,229,2014-04-24,3,41.28,123.83,3.0,0.0,3.0,2014-04-17,True
6247,2569,5715,3101,230,2014-04-24,3,45.55,136.65,3.0,0.0,3.0,2014-04-17,True
6248,2570,5716,3102,500,2014-04-24,550,34.87,19178.78,550.0,0.0,550.0,2014-04-17,True
6249,2570,5717,3102,499,2014-04-24,550,39.76,21869.93,550.0,55.0,495.0,2014-04-17,True
6250,2570,5718,3102,495,2014-04-24,550,43.98,24191.48,550.0,0.0,550.0,2014-04-17,True
6251,2571,5719,3103,88,2014-04-24,3,41.38,124.14,3.0,0.0,3.0,2014-04-17,True
6252,2571,5720,3103,89,2014-04-24,3,45.65,136.96,3.0,0.0,3.0,2014-04-17,True
6253,2571,5721,3103,90,2014-04-24,3,41.38,124.14,3.0,0.0,3.0,2014-04-17,True
6254,2571,5722,3103,91,2014-04-24,3,39.28,117.84,3.0,0.0,3.0,2014-04-17,True
6255,2572,5723,3104,170,2014-04-24,3,47.65,142.95,3.0,0.0,3.0,2014-04-17,True
6256,2572,5724,3104,158,2014-04-24,3,43.38,130.13,3.0,0.0,3.0,2014-04-17,True
6257,2573,5725,3105,500,2014-04-25,550,34.35,18890.03,550.0,0.0,550.0,2014-04-18,True
6258,2573,5726,3105,499,2014-04-25,550,39.24,21581.18,550.0,0.0,550.0,2014-04-18,True
6259,2574,5727,3106,204,2014-04-25,3,47.47,142.41,3.0,0.0,3.0,2014-04-18,True
6260,2574,5728,3106,205,2014-04-25,3,45.37,136.11,3.0,0.0,3.0,2014-04-18,True
6261,2575,5729,3107,498,2014-04-25,550,32.77,18023.78,550.0,0.0,550.0,2014-04-18,True
6262,2575,5730,3107,496,2014-04-25,550,37.09,20397.3,523.0,0.0,523.0,2014-04-18,True
6263,2575,5731,3107,494,2014-04-25,550,43.04,23671.73,550.0,0.0,550.0,2014-04-18,True
6264,2576,5732,3108,203,2014-04-25,550,10.82,5948.25,468.0,0.0,468.0,2014-04-18,True
6265,2577,5733,3109,447,2014-04-25,550,82.83,45558.98,550.0,0.0,550.0,2014-04-18,True
6266,2577,5734,3109,446,2014-04-25,550,82.83,45558.98,550.0,0.0,550.0,2014-04-18,True
6267,2578,5735,3110,183,2014-04-25,1250,0.21,262.5,1250.0,0.0,1250.0,2014-04-18,True
6268,2578,5736,3110,197,2014-04-25,1250,0.21,262.5,1250.0,0.0,1250.0,2014-04-18,True
6269,2579,5737,3111,191,2014-04-25,3,49.64,148.93,3.0,0.0,3.0,2014-04-18,True
6270,2579,5738,3111,192,2014-04-25,3,44.32,132.96,3.0,0.0,3.0,2014-04-18,True
6271,2579,5739,3111,193,2014-04-25,60,28.7,1721.79,60.0,0.0,60.0,2014-04-18,True
6272,2580,5740,3112,494,2014-04-25,550,42.51,23382.98,550.0,0.0,550.0,2014-04-18,True
6273,2580,5741,3112,501,2014-04-25,550,5.59,3072.3,550.0,55.0,495.0,2014-04-18,True
6274,2581,5742,3113,493,2014-04-25,60,15.74,944.37,60.0,0.0,60.0,2014-04-18,True
6275,2582,5743,3114,495,2014-04-25,550,43.46,23902.73,550.0,82.0,468.0,2014-04-18,True
6276,2582,5744,3114,497,2014-04-25,550,37.62,20691.83,550.0,0.0,550.0,2014-04-18,True
6277,2583,5745,3115,190,2014-04-25,550,48.58,26720.93,550.0,0.0,550.0,2014-04-18,True
6278,2584,5746,3116,498,2014-04-25,550,32.25,17735.03,550.0,0.0,550.0,2014-04-18,True
6279,2584,5747,3116,496,2014-04-25,550,36.56,20108.55,550.0,0.0,550.0,2014-04-18,True
6280,2585,5748,3117,190,2014-04-25,550,46.42,25531.28,550.0,0.0,550.0,2014-04-18,True
6281,2586,5749,3118,179,2014-04-25,3,43.4,130.19,3.0,0.0,3.0,2014-04-18,True
6282,2586,5750,3118,180,2014-04-25,3,39.12,117.37,3.0,0.0,3.0,2014-04-18,True
6283,2586,5751,3118,181,2014-04-25,3,37.02,111.07,3.0,0.0,3.0,2014-04-18,True
6284,2586,5752,3118,182,2014-04-25,3,41.3,123.89,3.0,0.0,3.0,2014-04-18,True
6285,2587,5753,3119,184,2014-04-25,3,41.92,125.75,3.0,0.0,3.0,2014-04-18,True
6286,2588,5754,3120,248,2014-04-25,3,50.26,150.79,3.0,0.0,3.0,2014-04-18,True
6287,2589,5755,3121,182,2014-04-28,3,41.45,124.36,3.0,0.0,3.0,2014-04-21,True
6288,2589,5756,3121,196,2014-04-28,3,37.18,111.54,3.0,0.0,3.0,2014-04-21,True
6289,2590,5757,3122,126,2014-04-28,550,16.09,8847.3,550.0,0.0,550.0,2014-04-21,True
6290,2591,5758,3123,186,2014-04-28,3,57.03,171.08,3.0,0.0,3.0,2014-04-21,True
6291,2592,5759,3124,117,2014-04-28,550,37.09,20397.3,550.0,82.0,468.0,2014-04-21,True
6292,2593,5760,3125,118,2014-04-28,550,26.6,14628.08,550.0,0.0,550.0,2014-04-21,True
6293,2594,5761,3126,188,2014-04-28,550,27.06,14882.18,550.0,0.0,550.0,2014-04-21,True
6294,2594,5762,3126,189,2014-04-28,550,33.58,18468.45,550.0,0.0,550.0,2014-04-21,True
6295,2595,5763,3127,227,2014-04-28,3,36.97,110.91,3.0,0.0,3.0,2014-04-21,True
6296,2595,5764,3127,228,2014-04-28,3,34.87,104.61,3.0,0.0,3.0,2014-04-21,True
6297,2595,5765,3127,229,2014-04-28,3,39.14,117.43,3.0,0.0,3.0,2014-04-21,True
6298,2595,5766,3127,230,2014-04-28,3,47.58,142.73,3.0,0.0,3.0,2014-04-21,True
6299,2596,5767,3128,92,2014-04-28,3,43.4,130.19,3.0,0.0,3.0,2014-04-21,True
6300,2596,5768,3128,93,2014-04-28,3,39.12,117.37,3.0,0.0,3.0,2014-04-21,True
6301,2596,5769,3128,94,2014-04-28,3,37.02,111.07,3.0,0.0,3.0,2014-04-21,True
6302,2596,5770,3128,95,2014-04-28,3,41.3,123.89,3.0,0.0,3.0,2014-04-21,True
6303,2597,5771,3129,191,2014-04-28,3,47.47,142.41,3.0,0.0,3.0,2014-04-21,True
6304,2597,5772,3129,192,2014-04-28,3,42.8,128.39,3.0,0.0,3.0,2014-04-21,True
6305,2597,5773,3129,193,2014-04-28,60,25.42,1525.23,60.0,0.0,60.0,2014-04-21,True
6306,2598,5774,3130,64,2014-04-28,3,39.28,117.84,3.0,0.0,3.0,2014-04-21,True
6307,2598,5775,3130,63,2014-04-28,3,43.55,130.66,3.0,0.0,3.0,2014-04-21,True
6308,2598,5776,3130,61,2014-04-28,3,39.28,117.84,3.0,0.0,3.0,2014-04-21,True
6309,2598,5777,3130,71,2014-04-28,3,37.18,111.54,3.0,0.0,3.0,2014-04-21,True
6310,2598,5778,3130,72,2014-04-28,3,41.45,124.36,3.0,0.0,3.0,2014-04-21,True
6311,2599,5779,3131,6,2014-04-28,550,62.99,34644.23,550.0,0.0,550.0,2014-04-21,True
6312,2600,5780,3132,191,2014-04-28,3,45.37,136.11,3.0,0.0,3.0,2014-04-21,True
6313,2600,5781,3132,192,2014-04-28,3,40.49,121.46,3.0,0.0,3.0,2014-04-21,True
6314,2600,5782,3132,193,2014-04-28,60,26.37,1581.93,60.0,0.0,60.0,2014-04-21,True
6315,2601,5783,3133,121,2014-04-28,3,48.76,146.29,3.0,0.0,3.0,2014-04-21,True
6316,2602,5784,3134,156,2014-04-28,3,34.19,102.56,3.0,0.0,3.0,2014-04-21,True
6317,2603,5785,3135,194,2014-04-28,3,50.26,150.79,3.0,0.0,3.0,2014-04-21,True
6318,2604,5786,3136,119,2014-04-28,550,10.73,5902.05,550.0,550.0,0.0,2014-04-21,True
6319,2604,5787,3136,120,2014-04-28,550,14.12,7767.38,550.0,550.0,0.0,2014-04-21,True
6320,2605,5788,3137,155,2014-04-29,60,48.91,2934.54,60.0,0.0,60.0,2014-04-22,True
6321,2606,5789,3138,442,2014-04-29,550,21.09,11601.98,468.0,0.0,468.0,2014-04-22,True
6322,2606,5790,3138,439,2014-04-29,550,30.44,16741.73,550.0,0.0,550.0,2014-04-22,True
6323,2606,5791,3138,436,2014-04-29,550,40.94,22516.73,550.0,0.0,550.0,2014-04-22,True
6324,2607,5792,3139,111,2014-04-29,60,9.2,551.88,60.0,0.0,60.0,2014-04-22,True
6325,2608,5793,3140,162,2014-04-29,550,5.78,3176.25,550.0,0.0,550.0,2014-04-22,True
6326,2608,5794,3140,163,2014-04-29,550,1.16,635.25,550.0,0.0,550.0,2014-04-22,True
6327,2608,5795,3140,132,2014-04-29,550,5.78,3176.25,550.0,0.0,550.0,2014-04-22,True
6328,2609,5796,3141,112,2014-04-29,550,23.39,12866.7,550.0,0.0,550.0,2014-04-22,True
6329,2609,5797,3141,113,2014-04-29,550,27.65,15205.58,550.0,0.0,550.0,2014-04-22,True
6330,2610,5798,3142,164,2014-04-29,550,1.37,750.75,550.0,0.0,550.0,2014-04-22,True
6331,2610,5799,3142,5,2014-04-29,550,62.99,34644.23,550.0,55.0,495.0,2014-04-22,True
6332,2610,5800,3142,131,2014-04-29,550,3.49,1917.3,550.0,0.0,550.0,2014-04-22,True
6333,2611,5801,3143,132,2014-04-29,550,6.2,3407.25,550.0,0.0,550.0,2014-04-22,True
6334,2612,5802,3144,112,2014-04-29,550,22.17,12191.03,550.0,82.0,468.0,2014-04-22,True
6335,2612,5803,3144,113,2014-04-29,550,29.28,16106.48,550.0,0.0,550.0,2014-04-22,True
6336,2613,5804,3145,150,2014-04-29,3,19.98,59.94,3.0,0.0,3.0,2014-04-22,True
6337,2614,5805,3146,204,2014-04-29,3,41.17,123.51,3.0,0.0,3.0,2014-04-22,True
6338,2614,5806,3146,205,2014-04-29,3,39.07,117.21,3.0,0.0,3.0,2014-04-22,True
6339,2615,5807,3147,9,2014-04-29,550,31.49,17319.23,550.0,0.0,550.0,2014-04-22,True
6340,2615,5808,3147,7,2014-04-29,550,48.29,26559.23,523.0,0.0,523.0,2014-04-22,True
6341,2616,5809,3148,242,2014-04-29,3,47.49,142.47,3.0,0.0,3.0,2014-04-22,True
6342,2616,5810,3148,243,2014-04-29,3,43.27,129.81,3.0,0.0,3.0,2014-04-22,True
6343,2616,5811,3148,244,2014-04-29,3,47.54,142.63,3.0,0.0,3.0,2014-04-22,True
6344,2616,5812,3148,245,2014-04-29,3,43.27,129.81,3.0,0.0,3.0,2014-04-22,True
6345,2617,5813,3149,133,2014-04-29,550,8.76,4816.35,550.0,0.0,550.0,2014-04-22,True
6346,2617,5814,3149,146,2014-04-29,550,5.81,3193.58,550.0,0.0,550.0,2014-04-22,True
6347,2617,5815,3149,147,2014-04-29,550,8.86,4874.1,550.0,0.0,550.0,2014-04-22,True
6348,2617,5816,3149,148,2014-04-29,550,10.47,5757.68,550.0,0.0,550.0,2014-04-22,True
6349,2618,5817,3150,211,2014-04-29,3,47.47,142.41,3.0,0.0,3.0,2014-04-22,True
6350,2619,5818,3151,115,2014-04-29,550,23.08,12693.45,550.0,0.0,550.0,2014-04-22,True
6351,2619,5819,3151,116,2014-04-29,550,29.27,16100.7,550.0,0.0,550.0,2014-04-22,True
6352,2619,5820,3151,117,2014-04-29,550,34.98,19236.53,550.0,0.0,550.0,2014-04-22,True
6353,2620,5821,3152,212,2014-04-29,3,45.37,136.11,3.0,0.0,3.0,2014-04-22,True
6354,2620,5822,3152,213,2014-04-29,3,49.64,148.93,3.0,0.0,3.0,2014-04-22,True
6355,2620,5823,3152,214,2014-04-29,3,45.37,136.11,3.0,0.0,3.0,2014-04-22,True
6356,2621,5824,3153,109,2014-04-30,550,2.32,1276.28,550.0,0.0,550.0,2014-04-23,True
6357,2622,5825,3154,122,2014-04-30,550,3.64,2003.93,550.0,82.0,468.0,2014-04-23,True
6358,2623,5826,3155,435,2014-04-30,550,40.94,22516.73,550.0,0.0,550.0,2014-04-23,True
6359,2624,5827,3156,165,2014-04-30,60,3.6,216.09,60.0,0.0,60.0,2014-04-23,True
6360,2624,5828,3156,166,2014-04-30,60,3.98,238.77,60.0,0.0,60.0,2014-04-23,True
6361,2625,5829,3157,9,2014-04-30,550,31.49,17319.23,550.0,0.0,550.0,2014-04-23,True
6362,2625,5830,3157,7,2014-04-30,550,48.29,26559.23,523.0,0.0,523.0,2014-04-23,True
6363,2626,5831,3158,120,2014-04-30,550,12.97,7132.13,468.0,0.0,468.0,2014-04-23,True
6364,2627,5832,3159,441,2014-04-30,550,21.09,11601.98,550.0,0.0,550.0,2014-04-23,True
6365,2627,5833,3159,438,2014-04-30,550,30.44,16741.73,550.0,0.0,550.0,2014-04-23,True
6366,2628,5834,3160,434,2014-04-30,550,40.94,22516.73,550.0,0.0,550.0,2014-04-23,True
6367,2629,5835,3161,4,2014-04-30,550,62.99,34644.23,550.0,0.0,550.0,2014-04-23,True
6368,2630,5836,3162,145,2014-04-30,3,43.4,130.19,3.0,0.0,3.0,2014-04-23,True
6369,2630,5837,3162,134,2014-04-30,3,39.12,117.37,3.0,0.0,3.0,2014-04-23,True
6370,2631,5838,3163,73,2014-04-30,3,47.68,143.04,3.0,0.0,3.0,2014-04-23,True
6371,2632,5839,3164,115,2014-04-30,550,23.4,12872.48,550.0,82.0,468.0,2014-04-23,True
6372,2632,5840,3164,116,2014-04-30,550,27.87,15326.85,550.0,0.0,550.0,2014-04-23,True
6373,2633,5841,3165,123,2014-04-30,550,6.75,3713.33,550.0,0.0,550.0,2014-04-23,True
6374,2634,5842,3166,10,2014-04-30,550,31.49,17319.23,550.0,0.0,550.0,2014-04-23,True
6375,2634,5843,3166,8,2014-04-30,550,48.29,26559.23,550.0,0.0,550.0,2014-04-23,True
6376,2635,5844,3167,155,2014-04-30,60,49.65,2979.27,60.0,0.0,60.0,2014-04-23,True
6377,2636,5845,3168,119,2014-04-30,550,10.38,5711.48,468.0,0.0,468.0,2014-04-23,True
6378,2637,5846,3169,86,2014-05-01,3,47.75,143.26,3.0,0.0,3.0,2014-04-24,True
6379,2637,5847,3169,87,2014-05-01,3,43.48,130.44,3.0,0.0,3.0,2014-04-24,True
6380,2637,5848,3169,88,2014-05-01,3,41.38,124.14,3.0,0.0,3.0,2014-04-24,True
6381,2637,5849,3169,89,2014-05-01,3,45.65,136.96,3.0,0.0,3.0,2014-04-24,True
6382,2637,5850,3169,90,2014-05-01,3,41.38,124.14,3.0,0.0,3.0,2014-04-24,True
6383,2637,5851,3169,91,2014-05-01,3,39.28,117.84,3.0,0.0,3.0,2014-04-24,True
6384,2638,5852,3170,149,2014-05-01,3,12.72,38.15,3.0,0.0,3.0,2014-04-24,True
6385,2638,5853,3170,150,2014-05-01,3,19.94,59.82,3.0,0.0,3.0,2014-04-24,True
6386,2639,5854,3171,124,2014-05-01,3,38.16,114.47,3.0,0.0,3.0,2014-04-24,True
6387,2640,5855,3172,110,2014-05-01,3,44.22,132.65,3.0,0.0,3.0,2014-04-24,True
6388,2641,5856,3173,10,2014-05-01,550,31.49,17319.23,550.0,0.0,550.0,2014-04-24,True
6389,2641,5857,3173,8,2014-05-01,550,48.29,26559.23,550.0,0.0,550.0,2014-04-24,True
6390,2642,5858,3174,167,2014-05-01,60,6.98,418.95,60.0,9.0,51.0,2014-04-24,True
6391,2643,5859,3175,238,2014-05-01,3,43.27,129.81,3.0,0.0,3.0,2014-04-24,True
6392,2643,5860,3175,239,2014-05-01,3,41.17,123.51,3.0,0.0,3.0,2014-04-24,True
6393,2643,5861,3175,240,2014-05-01,3,45.44,136.33,3.0,0.0,3.0,2014-04-24,True
6394,2644,5862,3176,165,2014-05-01,60,3.38,202.86,60.0,0.0,60.0,2014-04-24,True
6395,2644,5863,3176,166,2014-05-01,60,4.32,258.93,60.0,0.0,60.0,2014-04-24,True
6396,2645,5864,3177,246,2014-05-01,3,43.22,129.65,3.0,0.0,3.0,2014-04-24,True
6397,2645,5865,3177,247,2014-05-01,3,47.49,142.47,3.0,0.0,3.0,2014-04-24,True
6398,2645,5866,3177,235,2014-05-01,3,43.27,129.81,3.0,0.0,3.0,2014-04-24,True
6399,2645,5867,3177,249,2014-05-01,3,47.54,142.63,3.0,0.0,3.0,2014-04-24,True
6400,2645,5868,3177,250,2014-05-01,3,43.27,129.81,3.0,0.0,3.0,2014-04-24,True
6401,2645,5869,3177,251,2014-05-01,3,41.17,123.51,3.0,0.0,3.0,2014-04-24,True
6402,2645,5870,3177,252,2014-05-01,3,45.44,136.33,3.0,0.0,3.0,2014-04-24,True
6403,2645,5871,3177,253,2014-05-01,3,41.17,123.51,3.0,0.0,3.0,2014-04-24,True
6404,2645,5872,3177,254,2014-05-01,3,39.07,117.21,3.0,0.0,3.0,2014-04-24,True
6405,2645,5873,3177,255,2014-05-01,3,43.34,130.03,3.0,0.0,3.0,2014-04-24,True
6406,2645,5874,3177,256,2014-05-01,3,39.07,117.21,3.0,0.0,3.0,2014-04-24,True
6407,2645,5875,3177,301,2014-05-01,3,36.97,110.91,3.0,0.0,3.0,2014-04-24,True
6408,2645,5876,3177,302,2014-05-01,3,41.24,123.73,3.0,0.0,3.0,2014-04-24,True
6409,2646,5877,3178,149,2014-05-01,3,12.36,37.08,3.0,0.0,3.0,2014-04-24,True
6410,2647,5878,3179,118,2014-05-01,550,39.2,21558.08,550.0,0.0,550.0,2014-04-24,True
6411,2648,5879,3180,212,2014-05-01,3,45.44,136.33,3.0,0.0,3.0,2014-04-24,True
6412,2648,5880,3180,213,2014-05-01,3,41.17,123.51,3.0,0.0,3.0,2014-04-24,True
6413,2648,5881,3180,214,2014-05-01,3,39.07,117.21,3.0,0.0,3.0,2014-04-24,True
6414,2648,5882,3180,215,2014-05-01,3,43.34,130.03,3.0,0.0,3.0,2014-04-24,True
6415,2648,5883,3180,216,2014-05-01,3,39.07,117.21,3.0,0.0,3.0,2014-04-24,True
6416,2649,5884,3181,497,2014-05-01,550,38.15,20980.58,550.0,0.0,550.0,2014-04-24,True
6417,2650,5885,3182,92,2014-05-01,3,43.55,130.66,3.0,0.0,3.0,2014-04-24,True
6418,2650,5886,3182,93,2014-05-01,3,39.28,117.84,3.0,0.0,3.0,2014-04-24,True
6419,2650,5887,3182,94,2014-05-01,3,37.18,111.54,3.0,0.0,3.0,2014-04-24,True
6420,2651,5888,3183,159,2014-05-01,3,41.28,123.83,3.0,0.0,3.0,2014-04-24,True
6421,2651,5889,3183,160,2014-05-01,3,45.55,136.65,3.0,0.0,3.0,2014-04-24,True
6422,2652,5890,3184,500,2014-05-01,550,34.35,18890.03,550.0,82.0,468.0,2014-04-24,True
6423,2652,5891,3184,499,2014-05-01,550,39.24,21581.18,550.0,0.0,550.0,2014-04-24,True
6424,2653,5892,3185,206,2014-05-02,3,49.64,148.93,3.0,0.0,3.0,2014-04-25,True
6425,2653,5893,3185,207,2014-05-02,3,45.37,136.11,3.0,0.0,3.0,2014-04-25,True
6426,2653,5894,3185,208,2014-05-02,3,43.27,129.81,3.0,0.0,3.0,2014-04-25,True
6427,2654,5895,3186,498,2014-05-02,550,32.77,18023.78,550.0,0.0,550.0,2014-04-25,True
6428,2654,5896,3186,496,2014-05-02,550,37.09,20397.3,550.0,0.0,550.0,2014-04-25,True
6429,2655,5897,3187,203,2014-05-02,550,10.82,5948.25,550.0,0.0,550.0,2014-04-25,True
6430,2656,5898,3188,447,2014-05-02,550,82.83,45558.98,468.0,0.0,468.0,2014-04-25,True
6431,2656,5899,3188,446,2014-05-02,550,82.83,45558.98,550.0,0.0,550.0,2014-04-25,True
6432,2657,5900,3189,183,2014-05-02,1250,0.21,262.5,1250.0,0.0,1250.0,2014-04-25,True
6433,2657,5901,3189,197,2014-05-02,1250,0.21,262.5,1250.0,0.0,1250.0,2014-04-25,True
6434,2658,5902,3190,191,2014-05-02,3,49.64,148.93,3.0,0.0,3.0,2014-04-25,True
6435,2658,5903,3190,192,2014-05-02,3,44.32,132.96,3.0,0.0,3.0,2014-04-25,True
6436,2658,5904,3190,193,2014-05-02,60,28.7,1721.79,60.0,0.0,60.0,2014-04-25,True
6437,2659,5905,3191,494,2014-05-02,550,42.51,23382.98,550.0,0.0,550.0,2014-04-25,True
6438,2659,5906,3191,501,2014-05-02,550,5.59,3072.3,550.0,0.0,550.0,2014-04-25,True
6439,2660,5907,3192,493,2014-05-02,60,15.74,944.37,60.0,0.0,60.0,2014-04-25,True
6440,2661,5908,3193,503,2014-05-02,550,6.53,3592.05,550.0,0.0,550.0,2014-04-25,True
6441,2661,5909,3193,502,2014-05-02,550,6.18,3401.48,550.0,0.0,550.0,2014-04-25,True
6442,2662,5910,3194,188,2014-05-02,550,29.58,16268.18,550.0,82.0,468.0,2014-04-25,True
6443,2662,5911,3194,189,2014-05-02,550,36.1,19854.45,550.0,0.0,550.0,2014-04-25,True
6444,2663,5912,3195,498,2014-05-02,550,32.25,17735.03,550.0,0.0,550.0,2014-04-25,True
6445,2663,5913,3195,496,2014-05-02,550,36.56,20108.55,550.0,0.0,550.0,2014-04-25,True
6446,2664,5914,3196,190,2014-05-02,550,46.42,25531.28,550.0,0.0,550.0,2014-04-25,True
6447,2665,5915,3197,196,2014-05-02,3,37.02,111.07,3.0,0.0,3.0,2014-04-25,True
6448,2666,5916,3198,184,2014-05-02,3,41.92,125.75,3.0,0.0,3.0,2014-04-25,True
6449,2667,5917,3199,248,2014-05-02,3,50.26,150.79,3.0,0.0,3.0,2014-04-25,True
6450,2668,5918,3200,168,2014-05-02,3,47.68,143.04,3.0,0.0,3.0,2014-04-25,True
6451,2668,5919,3200,169,2014-05-02,3,45.58,136.74,3.0,0.0,3.0,2014-04-25,True
6452,2668,5920,3200,157,2014-05-02,3,49.85,149.56,3.0,0.0,3.0,2014-04-25,True
6453,2668,5921,3200,171,2014-05-02,3,45.58,136.74,3.0,0.0,3.0,2014-04-25,True
6454,2668,5922,3200,172,2014-05-02,3,43.48,130.44,3.0,0.0,3.0,2014-04-25,True
6455,2669,5923,3201,126,2014-05-05,550,16.09,8847.3,550.0,0.0,550.0,2014-04-28,True
6456,2670,5924,3202,186,2014-05-05,3,57.03,171.08,3.0,0.0,3.0,2014-04-28,True
6457,2671,5925,3203,117,2014-05-05,550,37.09,20397.3,550.0,0.0,550.0,2014-04-28,True
6458,2672,5926,3204,118,2014-05-05,550,26.6,14628.08,550.0,82.0,468.0,2014-04-28,True
6459,2673,5927,3205,190,2014-05-05,550,46.06,25334.93,550.0,0.0,550.0,2014-04-28,True
6460,2674,5928,3206,212,2014-05-05,3,47.47,142.41,3.0,0.0,3.0,2014-04-28,True
6461,2674,5929,3206,213,2014-05-05,3,45.37,136.11,3.0,0.0,3.0,2014-04-28,True
6462,2675,5930,3207,96,2014-05-05,3,37.02,111.07,3.0,0.0,3.0,2014-04-28,True
6463,2676,5931,3208,191,2014-05-05,3,47.47,142.41,3.0,0.0,3.0,2014-04-28,True
6464,2676,5932,3208,192,2014-05-05,3,42.8,128.39,3.0,0.0,3.0,2014-04-28,True
6465,2676,5933,3208,193,2014-05-05,60,25.42,1525.23,60.0,0.0,60.0,2014-04-28,True
6466,2677,5934,3209,85,2014-05-05,3,41.22,123.67,3.0,0.0,3.0,2014-04-28,True
6467,2677,5935,3209,98,2014-05-05,3,45.5,136.49,3.0,0.0,3.0,2014-04-28,True
6468,2677,5936,3209,99,2014-05-05,3,41.22,123.67,3.0,0.0,3.0,2014-04-28,True
6469,2677,5937,3209,100,2014-05-05,3,39.12,117.37,3.0,0.0,3.0,2014-04-28,True
6470,2677,5938,3209,101,2014-05-05,3,43.4,130.19,3.0,0.0,3.0,2014-04-28,True
6471,2677,5939,3209,102,2014-05-05,3,39.12,117.37,3.0,0.0,3.0,2014-04-28,True
6472,2678,5940,3210,6,2014-05-05,550,62.99,34644.23,550.0,0.0,550.0,2014-04-28,True
6473,2679,5941,3211,191,2014-05-05,3,45.37,136.11,3.0,0.0,3.0,2014-04-28,True
6474,2679,5942,3211,192,2014-05-05,3,40.49,121.46,3.0,0.0,3.0,2014-04-28,True
6475,2679,5943,3211,193,2014-05-05,60,26.37,1581.93,60.0,0.0,60.0,2014-04-28,True
6476,2680,5944,3212,121,2014-05-05,3,48.76,146.29,3.0,0.0,3.0,2014-04-28,True
6477,2681,5945,3213,156,2014-05-05,3,34.19,102.56,3.0,0.0,3.0,2014-04-28,True
6478,2682,5946,3214,194,2014-05-05,3,50.26,150.79,3.0,0.0,3.0,2014-04-28,True
6479,2683,5947,3215,119,2014-05-05,550,10.73,5902.05,550.0,0.0,550.0,2014-04-28,True
6480,2683,5948,3215,120,2014-05-05,550,14.12,7767.38,550.0,0.0,550.0,2014-04-28,True
6481,2684,5949,3216,151,2014-05-05,60,50.26,3015.81,60.0,0.0,60.0,2014-04-28,True
6482,2684,5950,3216,152,2014-05-05,60,57.15,3429.09,60.0,0.0,60.0,2014-04-28,True
6483,2685,5951,3217,440,2014-05-06,550,21.09,11601.98,550.0,0.0,550.0,2014-04-29,True
6484,2685,5952,3217,437,2014-05-06,550,30.44,16741.73,523.0,0.0,523.0,2014-04-29,True
6485,2685,5953,3217,434,2014-05-06,550,40.94,22516.73,550.0,0.0,550.0,2014-04-29,True
6486,2685,5954,3217,441,2014-05-06,550,21.09,11601.98,550.0,0.0,550.0,2014-04-29,True
6487,2685,5955,3217,438,2014-05-06,550,30.44,16741.73,550.0,0.0,550.0,2014-04-29,True
6488,2685,5956,3217,435,2014-05-06,550,40.94,22516.73,550.0,0.0,550.0,2014-04-29,True
6489,2685,5957,3217,442,2014-05-06,550,21.09,11601.98,550.0,0.0,550.0,2014-04-29,True
6490,2685,5958,3217,439,2014-05-06,550,30.44,16741.73,550.0,0.0,550.0,2014-04-29,True
6491,2685,5959,3217,436,2014-05-06,550,40.94,22516.73,550.0,0.0,550.0,2014-04-29,True
6492,2686,5960,3218,111,2014-05-06,60,9.2,551.88,51.0,0.0,51.0,2014-04-29,True
6493,2687,5961,3219,162,2014-05-06,550,5.78,3176.25,550.0,0.0,550.0,2014-04-29,True
6494,2687,5962,3219,163,2014-05-06,550,1.16,635.25,550.0,0.0,550.0,2014-04-29,True
6495,2687,5963,3219,132,2014-05-06,550,5.78,3176.25,550.0,0.0,550.0,2014-04-29,True
6496,2688,5964,3220,112,2014-05-06,550,23.39,12866.7,550.0,0.0,550.0,2014-04-29,True
6497,2688,5965,3220,113,2014-05-06,550,27.65,15205.58,550.0,0.0,550.0,2014-04-29,True
6498,2689,5966,3221,164,2014-05-06,550,1.37,750.75,550.0,0.0,550.0,2014-04-29,True
6499,2689,5967,3221,5,2014-05-06,550,62.99,34644.23,550.0,0.0,550.0,2014-04-29,True
6500,2689,5968,3221,131,2014-05-06,550,3.49,1917.3,550.0,0.0,550.0,2014-04-29,True
6501,2690,5969,3222,162,2014-05-06,550,6.2,3407.25,550.0,0.0,550.0,2014-04-29,True
6502,2690,5970,3222,163,2014-05-06,550,1.47,808.5,550.0,55.0,495.0,2014-04-29,True
6503,2690,5971,3222,132,2014-05-06,550,6.2,3407.25,550.0,0.0,550.0,2014-04-29,True
6504,2691,5972,3223,112,2014-05-06,550,22.17,12191.03,550.0,0.0,550.0,2014-04-29,True
6505,2691,5973,3223,113,2014-05-06,550,29.28,16106.48,550.0,0.0,550.0,2014-04-29,True
6506,2692,5974,3224,150,2014-05-06,3,19.98,59.94,3.0,0.0,3.0,2014-04-29,True
6507,2693,5975,3225,206,2014-05-06,3,43.34,130.03,3.0,0.0,3.0,2014-04-29,True
6508,2693,5976,3225,207,2014-05-06,3,39.07,117.21,3.0,0.0,3.0,2014-04-29,True
6509,2693,5977,3225,208,2014-05-06,3,36.97,110.91,3.0,0.0,3.0,2014-04-29,True
6510,2694,5978,3226,9,2014-05-06,550,31.49,17319.23,550.0,0.0,550.0,2014-04-29,True
6511,2694,5979,3226,7,2014-05-06,550,48.29,26559.23,550.0,0.0,550.0,2014-04-29,True
6512,2695,5980,3227,246,2014-05-06,3,41.17,123.51,3.0,0.0,3.0,2014-04-29,True
6513,2695,5981,3227,247,2014-05-06,3,45.44,136.33,3.0,0.0,3.0,2014-04-29,True
6514,2695,5982,3227,235,2014-05-06,3,41.17,123.51,3.0,0.0,3.0,2014-04-29,True
6515,2695,5983,3227,249,2014-05-06,3,39.07,117.21,3.0,0.0,3.0,2014-04-29,True
6516,2695,5984,3227,250,2014-05-06,3,43.34,130.03,3.0,0.0,3.0,2014-04-29,True
6517,2695,5985,3227,251,2014-05-06,3,39.07,117.21,3.0,0.0,3.0,2014-04-29,True
6518,2695,5986,3227,252,2014-05-06,3,36.97,110.91,3.0,0.0,3.0,2014-04-29,True
6519,2695,5987,3227,253,2014-05-06,3,41.24,123.73,3.0,0.0,3.0,2014-04-29,True
6520,2695,5988,3227,254,2014-05-06,3,36.97,110.91,3.0,0.0,3.0,2014-04-29,True
6521,2695,5989,3227,255,2014-05-06,3,43.22,129.65,3.0,0.0,3.0,2014-04-29,True
6522,2695,5990,3227,256,2014-05-06,3,47.49,142.47,3.0,0.0,3.0,2014-04-29,True
6523,2695,5991,3227,301,2014-05-06,3,43.27,129.81,3.0,0.0,3.0,2014-04-29,True
6524,2695,5992,3227,302,2014-05-06,3,47.54,142.63,3.0,0.0,3.0,2014-04-29,True
6525,2696,5993,3228,135,2014-05-06,550,15.89,8737.58,468.0,0.0,468.0,2014-04-29,True
6526,2696,5994,3228,136,2014-05-06,550,11.67,6416.03,550.0,0.0,550.0,2014-04-29,True
6527,2696,5995,3228,137,2014-05-06,550,11.09,6098.4,550.0,0.0,550.0,2014-04-29,True
6528,2696,5996,3228,104,2014-05-06,550,15.89,8737.58,550.0,0.0,550.0,2014-04-29,True
6529,2697,5997,3229,211,2014-05-06,3,47.47,142.41,3.0,0.0,3.0,2014-04-29,True
6530,2698,5998,3230,115,2014-05-06,550,23.08,12693.45,550.0,0.0,550.0,2014-04-29,True
6531,2698,5999,3230,116,2014-05-06,550,29.27,16100.7,550.0,0.0,550.0,2014-04-29,True
6532,2698,6000,3230,117,2014-05-06,550,34.98,19236.53,550.0,0.0,550.0,2014-04-29,True
6533,2699,6001,3231,215,2014-05-06,3,43.27,129.81,3.0,0.0,3.0,2014-04-29,True
6534,2699,6002,3231,216,2014-05-06,3,47.54,142.63,3.0,0.0,3.0,2014-04-29,True
6535,2699,6003,3231,217,2014-05-06,3,43.27,129.81,3.0,0.0,3.0,2014-04-29,True
6536,2699,6004,3231,218,2014-05-06,3,41.17,123.51,3.0,0.0,3.0,2014-04-29,True
6537,2699,6005,3231,442,2014-05-06,550,21.09,11601.98,550.0,0.0,550.0,2014-04-29,True
6538,2700,6006,3232,109,2014-05-06,550,2.32,1276.28,550.0,0.0,550.0,2014-04-29,True
6539,2701,6007,3233,122,2014-05-07,550,3.64,2003.93,550.0,0.0,550.0,2014-04-30,True
6540,2702,6008,3234,440,2014-05-07,550,21.09,11601.98,550.0,82.0,468.0,2014-04-30,True
6541,2702,6009,3234,437,2014-05-07,550,30.44,16741.73,550.0,0.0,550.0,2014-04-30,True
6542,2703,6010,3235,165,2014-05-07,60,3.6,216.09,60.0,0.0,60.0,2014-04-30,True
6543,2703,6011,3235,166,2014-05-07,60,3.98,238.77,60.0,0.0,60.0,2014-04-30,True
6544,2704,6012,3236,9,2014-05-07,550,31.49,17319.23,550.0,550.0,0.0,2014-04-30,True
6545,2704,6013,3236,7,2014-05-07,550,48.29,26559.23,550.0,550.0,0.0,2014-04-30,True
6546,2705,6014,3237,120,2014-05-07,550,12.97,7132.13,550.0,0.0,550.0,2014-04-30,True
6547,2706,6015,3238,441,2014-05-07,550,21.09,11601.98,468.0,0.0,468.0,2014-04-30,True
6548,2706,6016,3238,438,2014-05-07,550,30.44,16741.73,550.0,0.0,550.0,2014-04-30,True
6549,2707,6017,3239,434,2014-05-07,550,40.94,22516.73,550.0,0.0,550.0,2014-04-30,True
6550,2708,6018,3240,4,2014-05-07,550,62.99,34644.23,550.0,0.0,550.0,2014-04-30,True
6551,2709,6019,3241,74,2014-05-07,3,47.52,142.57,3.0,0.0,3.0,2014-04-30,True
6552,2709,6020,3241,75,2014-05-07,3,45.42,136.27,3.0,0.0,3.0,2014-04-30,True
6553,2709,6021,3241,76,2014-05-07,3,49.7,149.09,3.0,0.0,3.0,2014-04-30,True
6554,2709,6022,3241,77,2014-05-07,3,45.42,136.27,3.0,0.0,3.0,2014-04-30,True
6555,2709,6023,3241,78,2014-05-07,3,43.32,129.97,3.0,0.0,3.0,2014-04-30,True
6556,2710,6024,3242,73,2014-05-07,3,47.68,143.04,3.0,0.0,3.0,2014-04-30,True
6557,2711,6025,3243,115,2014-05-07,550,23.4,12872.48,550.0,0.0,550.0,2014-04-30,True
6558,2711,6026,3243,116,2014-05-07,550,27.87,15326.85,550.0,0.0,550.0,2014-04-30,True
6559,2712,6027,3244,123,2014-05-07,550,6.75,3713.33,550.0,82.0,468.0,2014-04-30,True
6560,2713,6028,3245,114,2014-05-07,550,36.28,19952.63,550.0,0.0,550.0,2014-04-30,True
6561,2714,6029,3246,151,2014-05-07,60,50.75,3044.79,60.0,0.0,60.0,2014-04-30,True
6562,2714,6030,3246,152,2014-05-07,60,58.26,3495.87,60.0,0.0,60.0,2014-04-30,True
6563,2715,6031,3247,119,2014-05-07,550,10.38,5711.48,550.0,0.0,550.0,2014-04-30,True
6564,2716,6032,3248,92,2014-05-07,3,43.55,130.66,3.0,0.0,3.0,2014-04-30,True
6565,2716,6033,3248,93,2014-05-07,3,39.28,117.84,3.0,0.0,3.0,2014-04-30,True
6566,2716,6034,3248,94,2014-05-07,3,37.18,111.54,3.0,0.0,3.0,2014-04-30,True
6567,2716,6035,3248,95,2014-05-07,3,41.45,124.36,3.0,0.0,3.0,2014-04-30,True
6568,2717,6036,3249,149,2014-05-08,3,12.72,38.15,3.0,0.0,3.0,2014-05-01,True
6569,2717,6037,3249,150,2014-05-08,3,19.94,59.82,3.0,0.0,3.0,2014-05-01,True
6570,2718,6038,3250,124,2014-05-08,3,38.16,114.47,3.0,0.0,3.0,2014-05-01,True
6571,2719,6039,3251,110,2014-05-08,3,44.22,132.65,3.0,0.0,3.0,2014-05-01,True
6572,2720,6040,3252,10,2014-05-08,550,31.49,17319.23,550.0,0.0,550.0,2014-05-01,True
6573,2720,6041,3252,8,2014-05-08,550,48.29,26559.23,550.0,55.0,495.0,2014-05-01,True
6574,2721,6042,3253,167,2014-05-08,60,6.98,418.95,60.0,0.0,60.0,2014-05-01,True
6575,2722,6043,3254,241,2014-05-08,3,41.17,123.51,3.0,0.0,3.0,2014-05-01,True
6576,2722,6044,3254,242,2014-05-08,3,39.07,117.21,3.0,0.0,3.0,2014-05-01,True
6577,2723,6045,3255,165,2014-05-08,60,3.38,202.86,60.0,0.0,60.0,2014-05-01,True
6578,2723,6046,3255,166,2014-05-08,60,4.32,258.93,60.0,0.0,60.0,2014-05-01,True
6579,2724,6047,3256,236,2014-05-08,3,43.27,129.81,3.0,0.0,3.0,2014-05-01,True
6580,2724,6048,3256,237,2014-05-08,3,41.17,123.51,3.0,0.0,3.0,2014-05-01,True
6581,2725,6049,3257,149,2014-05-08,3,12.36,37.08,3.0,0.0,3.0,2014-05-01,True
6582,2726,6050,3258,118,2014-05-08,550,39.2,21558.08,468.0,0.0,468.0,2014-05-01,True
6583,2727,6051,3259,217,2014-05-08,3,36.97,110.91,3.0,0.0,3.0,2014-05-01,True
6584,2727,6052,3259,218,2014-05-08,3,41.24,123.73,3.0,0.0,3.0,2014-05-01,True
6585,2727,6053,3259,219,2014-05-08,3,36.97,110.91,3.0,0.0,3.0,2014-05-01,True
6586,2727,6054,3259,220,2014-05-08,3,34.87,104.61,3.0,0.0,3.0,2014-05-01,True
6587,2727,6055,3259,221,2014-05-08,3,39.14,117.43,3.0,0.0,3.0,2014-05-01,True
6588,2727,6056,3259,209,2014-05-08,3,47.58,142.73,3.0,0.0,3.0,2014-05-01,True
6589,2728,6057,3260,500,2014-05-08,550,34.87,19178.78,550.0,0.0,550.0,2014-05-01,True
6590,2728,6058,3260,499,2014-05-08,550,39.76,21869.93,550.0,0.0,550.0,2014-05-01,True
6591,2728,6059,3260,495,2014-05-08,550,43.98,24191.48,550.0,0.0,550.0,2014-05-01,True
6592,2728,6060,3260,497,2014-05-08,550,38.15,20980.58,550.0,0.0,550.0,2014-05-01,True
6593,2729,6061,3261,95,2014-05-08,3,41.45,124.36,3.0,0.0,3.0,2014-05-01,True
6594,2729,6062,3261,96,2014-05-08,3,37.18,111.54,3.0,0.0,3.0,2014-05-01,True
6595,2730,6063,3262,204,2014-05-08,3,47.58,142.73,3.0,0.0,3.0,2014-05-01,True
6596,2730,6064,3262,205,2014-05-08,3,45.48,136.43,3.0,0.0,3.0,2014-05-01,True
6597,2730,6065,3262,206,2014-05-08,3,49.75,149.25,3.0,0.0,3.0,2014-05-01,True
6598,2731,6066,3263,500,2014-05-08,550,34.35,18890.03,550.0,0.0,550.0,2014-05-01,True
6599,2731,6067,3263,499,2014-05-08,550,39.24,21581.18,550.0,0.0,550.0,2014-05-01,True
6600,2732,6068,3264,170,2014-05-08,3,47.54,142.63,3.0,0.0,3.0,2014-05-01,True
6601,2732,6069,3264,158,2014-05-08,3,43.27,129.81,3.0,0.0,3.0,2014-05-01,True
6602,2733,6070,3265,494,2014-05-09,550,43.04,23671.73,550.0,0.0,550.0,2014-05-02,True
6603,2734,6071,3266,203,2014-05-09,550,10.82,5948.25,550.0,0.0,550.0,2014-05-02,True
6604,2735,6072,3267,447,2014-05-09,550,82.83,45558.98,550.0,0.0,550.0,2014-05-02,True
6605,2735,6073,3267,446,2014-05-09,550,82.83,45558.98,523.0,0.0,523.0,2014-05-02,True
6606,2736,6074,3268,183,2014-05-09,1250,0.21,262.5,1063.0,0.0,1063.0,2014-05-02,True
6607,2736,6075,3268,197,2014-05-09,1250,0.21,262.5,1250.0,0.0,1250.0,2014-05-02,True
6608,2737,6076,3269,191,2014-05-09,3,49.64,148.93,3.0,0.0,3.0,2014-05-02,True
6609,2737,6077,3269,192,2014-05-09,3,44.32,132.96,3.0,0.0,3.0,2014-05-02,True
6610,2737,6078,3269,193,2014-05-09,60,28.7,1721.79,60.0,0.0,60.0,2014-05-02,True
6611,2738,6079,3270,494,2014-05-09,550,42.51,23382.98,550.0,0.0,550.0,2014-05-02,True
6612,2738,6080,3270,501,2014-05-09,550,5.59,3072.3,550.0,0.0,550.0,2014-05-02,True
6613,2739,6081,3271,493,2014-05-09,60,15.74,944.37,60.0,0.0,60.0,2014-05-02,True
6614,2740,6082,3272,495,2014-05-09,550,43.46,23902.73,550.0,0.0,550.0,2014-05-02,True
6615,2740,6083,3272,497,2014-05-09,550,37.62,20691.83,550.0,55.0,495.0,2014-05-02,True
6616,2740,6084,3272,503,2014-05-09,550,6.53,3592.05,550.0,0.0,550.0,2014-05-02,True
6617,2741,6085,3273,190,2014-05-09,550,48.58,26720.93,550.0,0.0,550.0,2014-05-02,True
6618,2742,6086,3274,498,2014-05-09,550,32.25,17735.03,550.0,82.0,468.0,2014-05-02,True
6619,2742,6087,3274,496,2014-05-09,550,36.56,20108.55,550.0,0.0,550.0,2014-05-02,True
6620,2743,6088,3275,190,2014-05-09,550,46.42,25531.28,550.0,0.0,550.0,2014-05-02,True
6621,2744,6089,3276,168,2014-05-09,3,47.52,142.57,3.0,0.0,3.0,2014-05-02,True
6622,2744,6090,3276,169,2014-05-09,3,45.42,136.27,3.0,0.0,3.0,2014-05-02,True
6623,2745,6091,3277,184,2014-05-09,3,41.92,125.75,3.0,0.0,3.0,2014-05-02,True
6624,2746,6092,3278,248,2014-05-09,3,50.26,150.79,3.0,0.0,3.0,2014-05-02,True
6625,2747,6093,3279,173,2014-05-09,3,47.75,143.26,3.0,0.0,3.0,2014-05-02,True
6626,2747,6094,3279,174,2014-05-09,3,43.48,130.44,3.0,0.0,3.0,2014-05-02,True
6627,2747,6095,3279,175,2014-05-09,3,41.38,124.14,3.0,0.0,3.0,2014-05-02,True
6628,2747,6096,3279,176,2014-05-09,3,45.65,136.96,3.0,0.0,3.0,2014-05-02,True
6629,2747,6097,3279,177,2014-05-09,3,41.38,124.14,3.0,0.0,3.0,2014-05-02,True
6630,2747,6098,3279,178,2014-05-09,3,39.28,117.84,3.0,0.0,3.0,2014-05-02,True
6631,2748,6099,3280,126,2014-05-09,550,16.09,8847.3,550.0,0.0,550.0,2014-05-02,True
6632,2749,6100,3281,186,2014-05-12,3,57.03,171.08,3.0,0.0,3.0,2014-05-05,True
6633,2750,6101,3282,117,2014-05-12,550,37.09,20397.3,550.0,0.0,550.0,2014-05-05,True
6634,2751,6102,3283,118,2014-05-12,550,26.6,14628.08,550.0,0.0,550.0,2014-05-05,True
6635,2752,6103,3284,188,2014-05-12,550,27.06,14882.18,550.0,82.0,468.0,2014-05-05,True
6636,2752,6104,3284,189,2014-05-12,550,33.58,18468.45,550.0,0.0,550.0,2014-05-05,True
6637,2753,6105,3285,214,2014-05-12,3,49.64,148.93,3.0,0.0,3.0,2014-05-05,True
6638,2753,6106,3285,215,2014-05-12,3,45.37,136.11,3.0,0.0,3.0,2014-05-05,True
6639,2753,6107,3285,216,2014-05-12,3,43.27,129.81,3.0,0.0,3.0,2014-05-05,True
6640,2754,6108,3286,231,2014-05-12,3,47.52,142.57,3.0,0.0,3.0,2014-05-05,True
6641,2754,6109,3286,232,2014-05-12,3,45.42,136.27,3.0,0.0,3.0,2014-05-05,True
6642,2755,6110,3287,191,2014-05-12,3,47.47,142.41,3.0,0.0,3.0,2014-05-05,True
6643,2755,6111,3287,192,2014-05-12,3,42.8,128.39,3.0,0.0,3.0,2014-05-05,True
6644,2755,6112,3287,193,2014-05-12,60,25.42,1525.23,60.0,0.0,60.0,2014-05-05,True
6645,2756,6113,3288,103,2014-05-12,3,37.02,111.07,3.0,0.0,3.0,2014-05-05,True
6646,2756,6114,3288,70,2014-05-12,3,41.3,123.89,3.0,0.0,3.0,2014-05-05,True
6647,2756,6115,3288,105,2014-05-12,3,37.02,111.07,3.0,0.0,3.0,2014-05-05,True
6648,2756,6116,3288,106,2014-05-12,3,47.68,143.04,3.0,0.0,3.0,2014-05-05,True
6649,2757,6117,3289,6,2014-05-12,550,62.99,34644.23,550.0,0.0,550.0,2014-05-05,True
6650,2758,6118,3290,191,2014-05-12,3,45.37,136.11,3.0,0.0,3.0,2014-05-05,True
6651,2758,6119,3290,192,2014-05-12,3,40.49,121.46,3.0,0.0,3.0,2014-05-05,True
6652,2758,6120,3290,193,2014-05-12,60,26.37,1581.93,60.0,0.0,60.0,2014-05-05,True
6653,2759,6121,3291,121,2014-05-12,3,48.76,146.29,3.0,0.0,3.0,2014-05-05,True
6654,2760,6122,3292,156,2014-05-12,3,34.19,102.56,3.0,0.0,3.0,2014-05-05,True
6655,2761,6123,3293,194,2014-05-12,3,50.26,150.79,3.0,0.0,3.0,2014-05-05,True
6656,2762,6124,3294,119,2014-05-12,550,10.73,5902.05,550.0,82.0,468.0,2014-05-05,True
6657,2762,6125,3294,120,2014-05-12,550,14.12,7767.38,550.0,0.0,550.0,2014-05-05,True
6658,2763,6126,3295,153,2014-05-12,60,53.2,3192.21,60.0,0.0,60.0,2014-05-05,True
6659,2763,6127,3295,154,2014-05-12,60,63.69,3821.58,60.0,0.0,60.0,2014-05-05,True
6660,2763,6128,3295,155,2014-05-12,60,48.91,2934.54,60.0,0.0,60.0,2014-05-05,True
6661,2764,6129,3296,440,2014-05-12,550,21.09,11601.98,550.0,0.0,550.0,2014-05-05,True
6662,2764,6130,3296,437,2014-05-12,550,30.44,16741.73,550.0,0.0,550.0,2014-05-05,True
6663,2765,6131,3297,111,2014-05-13,60,9.2,551.88,60.0,0.0,60.0,2014-05-06,True
6664,2766,6132,3298,162,2014-05-13,550,5.78,3176.25,468.0,0.0,468.0,2014-05-06,True
6665,2766,6133,3298,163,2014-05-13,550,1.16,635.25,550.0,0.0,550.0,2014-05-06,True
6666,2766,6134,3298,132,2014-05-13,550,5.78,3176.25,550.0,0.0,550.0,2014-05-06,True
6667,2767,6135,3299,112,2014-05-13,550,23.39,12866.7,550.0,0.0,550.0,2014-05-06,True
6668,2767,6136,3299,113,2014-05-13,550,27.65,15205.58,550.0,0.0,550.0,2014-05-06,True
6669,2768,6137,3300,164,2014-05-13,550,1.37,750.75,550.0,0.0,550.0,2014-05-06,True
6670,2768,6138,3300,5,2014-05-13,550,62.99,34644.23,550.0,0.0,550.0,2014-05-06,True
6671,2768,6139,3300,131,2014-05-13,550,3.49,1917.3,550.0,0.0,550.0,2014-05-06,True
6672,2769,6140,3301,162,2014-05-13,550,6.2,3407.25,550.0,0.0,550.0,2014-05-06,True
6673,2769,6141,3301,163,2014-05-13,550,1.47,808.5,550.0,0.0,550.0,2014-05-06,True
6674,2769,6142,3301,132,2014-05-13,550,6.2,3407.25,550.0,0.0,550.0,2014-05-06,True
6675,2770,6143,3302,112,2014-05-13,550,22.17,12191.03,550.0,0.0,550.0,2014-05-06,True
6676,2770,6144,3302,113,2014-05-13,550,29.28,16106.48,550.0,55.0,495.0,2014-05-06,True
6677,2771,6145,3303,150,2014-05-13,3,19.98,59.94,3.0,0.0,3.0,2014-05-06,True
6678,2772,6146,3304,170,2014-05-13,3,41.24,123.73,3.0,0.0,3.0,2014-05-06,True
6679,2772,6147,3304,158,2014-05-13,3,36.97,110.91,3.0,0.0,3.0,2014-05-06,True
6680,2773,6148,3305,9,2014-05-13,550,31.49,17319.23,550.0,0.0,550.0,2014-05-06,True
6681,2773,6149,3305,7,2014-05-13,550,48.29,26559.23,550.0,0.0,550.0,2014-05-06,True
6682,2774,6150,3306,236,2014-05-13,3,43.34,130.03,3.0,0.0,3.0,2014-05-06,True
6683,2774,6151,3306,237,2014-05-13,3,39.07,117.21,3.0,0.0,3.0,2014-05-06,True
6684,2775,6152,3307,139,2014-05-13,550,11.67,6416.03,550.0,0.0,550.0,2014-05-06,True
6685,2775,6153,3307,140,2014-05-13,550,11.09,6098.4,523.0,0.0,523.0,2014-05-06,True
6686,2775,6154,3307,141,2014-05-13,550,8.76,4816.35,550.0,0.0,550.0,2014-05-06,True
6687,2775,6155,3307,142,2014-05-13,550,9.69,5330.33,550.0,0.0,550.0,2014-05-06,True
6688,2775,6156,3307,143,2014-05-13,550,6.88,3782.63,550.0,0.0,550.0,2014-05-06,True
6689,2775,6157,3307,144,2014-05-13,550,7.8,4290.83,550.0,0.0,550.0,2014-05-06,True
6690,2775,6158,3307,133,2014-05-13,550,8.76,4816.35,550.0,0.0,550.0,2014-05-06,True
6691,2775,6159,3307,146,2014-05-13,550,5.81,3193.58,550.0,0.0,550.0,2014-05-06,True
6692,2775,6160,3307,147,2014-05-13,550,8.86,4874.1,550.0,0.0,550.0,2014-05-06,True
6693,2775,6161,3307,148,2014-05-13,550,10.47,5757.68,550.0,0.0,550.0,2014-05-06,True
6694,2776,6162,3308,211,2014-05-13,3,47.47,142.41,3.0,0.0,3.0,2014-05-06,True
6695,2777,6163,3309,115,2014-05-13,550,23.08,12693.45,550.0,0.0,550.0,2014-05-06,True
6696,2777,6164,3309,116,2014-05-13,550,29.27,16100.7,550.0,0.0,550.0,2014-05-06,True
6697,2777,6165,3309,117,2014-05-13,550,34.98,19236.53,550.0,0.0,550.0,2014-05-06,True
6698,2778,6166,3310,439,2014-05-13,550,30.44,16741.73,550.0,0.0,550.0,2014-05-06,True
6699,2778,6167,3310,436,2014-05-13,550,40.94,22516.73,550.0,0.0,550.0,2014-05-06,True
6700,2779,6168,3311,109,2014-05-13,550,2.32,1276.28,550.0,0.0,550.0,2014-05-06,True
6701,2780,6169,3312,122,2014-05-13,550,3.64,2003.93,550.0,0.0,550.0,2014-05-06,True
6702,2781,6170,3313,435,2014-05-14,550,40.94,22516.73,550.0,0.0,550.0,2014-05-07,True
6703,2782,6171,3314,165,2014-05-14,60,3.6,216.09,60.0,9.0,51.0,2014-05-07,True
6704,2782,6172,3314,166,2014-05-14,60,3.98,238.77,60.0,0.0,60.0,2014-05-07,True
6705,2783,6173,3315,9,2014-05-14,550,31.49,17319.23,550.0,0.0,550.0,2014-05-07,True
6706,2783,6174,3315,7,2014-05-14,550,48.29,26559.23,550.0,0.0,550.0,2014-05-07,True
6707,2784,6175,3316,120,2014-05-14,550,12.97,7132.13,550.0,0.0,550.0,2014-05-07,True
6708,2785,6176,3317,441,2014-05-14,550,21.09,11601.98,550.0,0.0,550.0,2014-05-07,True
6709,2785,6177,3317,438,2014-05-14,550,30.44,16741.73,523.0,0.0,523.0,2014-05-07,True
6710,2786,6178,3318,434,2014-05-14,550,40.94,22516.73,468.0,0.0,468.0,2014-05-07,True
6711,2787,6179,3319,4,2014-05-14,550,62.99,34644.23,550.0,0.0,550.0,2014-05-07,True
6712,2788,6180,3320,79,2014-05-14,3,47.6,142.79,3.0,0.0,3.0,2014-05-07,True
6713,2788,6181,3320,80,2014-05-14,3,43.32,129.97,3.0,0.0,3.0,2014-05-07,True
6714,2788,6182,3320,81,2014-05-14,3,41.22,123.67,3.0,0.0,3.0,2014-05-07,True
6715,2788,6183,3320,82,2014-05-14,3,45.5,136.49,3.0,0.0,3.0,2014-05-07,True
6716,2788,6184,3320,83,2014-05-14,3,41.22,123.67,3.0,0.0,3.0,2014-05-07,True
6717,2789,6185,3321,73,2014-05-14,3,47.68,143.04,3.0,0.0,3.0,2014-05-07,True
6718,2790,6186,3322,115,2014-05-14,550,23.4,12872.48,550.0,0.0,550.0,2014-05-07,True
6719,2790,6187,3322,116,2014-05-14,550,27.87,15326.85,550.0,55.0,495.0,2014-05-07,True
6720,2791,6188,3323,123,2014-05-14,550,6.75,3713.33,550.0,0.0,550.0,2014-05-07,True
6721,2792,6189,3324,10,2014-05-14,550,31.49,17319.23,550.0,82.0,468.0,2014-05-07,True
6722,2792,6190,3324,8,2014-05-14,550,48.29,26559.23,550.0,0.0,550.0,2014-05-07,True
6723,2793,6191,3325,153,2014-05-14,60,50.75,3044.79,60.0,0.0,60.0,2014-05-07,True
6724,2793,6192,3325,154,2014-05-14,60,62.93,3775.59,60.0,0.0,60.0,2014-05-07,True
6725,2793,6193,3325,155,2014-05-14,60,49.65,2979.27,60.0,0.0,60.0,2014-05-07,True
6726,2794,6194,3326,119,2014-05-14,550,10.38,5711.48,550.0,0.0,550.0,2014-05-07,True
6727,2795,6195,3327,96,2014-05-14,3,37.18,111.54,3.0,0.0,3.0,2014-05-07,True
6728,2796,6196,3328,149,2014-05-14,3,12.72,38.15,3.0,0.0,3.0,2014-05-07,True
6729,2796,6197,3328,150,2014-05-14,3,19.94,59.82,3.0,0.0,3.0,2014-05-07,True
6730,2797,6198,3329,124,2014-05-15,3,38.16,114.47,3.0,0.0,3.0,2014-05-08,True
6731,2798,6199,3330,110,2014-05-15,3,44.22,132.65,3.0,0.0,3.0,2014-05-08,True
6732,2799,6200,3331,10,2014-05-15,550,31.49,17319.23,550.0,0.0,550.0,2014-05-08,True
6733,2799,6201,3331,8,2014-05-15,550,48.29,26559.23,550.0,0.0,550.0,2014-05-08,True
6734,2800,6202,3332,167,2014-05-15,60,6.98,418.95,60.0,0.0,60.0,2014-05-08,True
6735,2801,6203,3333,85,2014-05-15,3,47.68,143.04,3.0,0.0,3.0,2014-05-08,True
6736,2801,6204,3333,98,2014-05-15,3,45.58,136.74,3.0,0.0,3.0,2014-05-08,True
6737,2801,6205,3333,99,2014-05-15,3,49.85,149.56,3.0,0.0,3.0,2014-05-08,True
6738,2801,6206,3333,100,2014-05-15,3,45.58,136.74,3.0,0.0,3.0,2014-05-08,True
6739,2802,6207,3334,165,2014-05-15,60,3.38,202.86,60.0,9.0,51.0,2014-05-08,True
6740,2802,6208,3334,166,2014-05-15,60,4.32,258.93,60.0,0.0,60.0,2014-05-08,True
6741,2803,6209,3335,238,2014-05-15,3,45.44,136.33,3.0,0.0,3.0,2014-05-08,True
6742,2803,6210,3335,239,2014-05-15,3,41.17,123.51,3.0,0.0,3.0,2014-05-08,True
6743,2803,6211,3335,240,2014-05-15,3,39.07,117.21,3.0,0.0,3.0,2014-05-08,True
6744,2804,6212,3336,149,2014-05-15,3,12.36,37.08,3.0,3.0,0.0,2014-05-08,True
6745,2805,6213,3337,118,2014-05-15,550,39.2,21558.08,550.0,0.0,550.0,2014-05-08,True
6746,2806,6214,3338,223,2014-05-15,3,45.48,136.43,3.0,0.0,3.0,2014-05-08,True
6747,2806,6215,3338,224,2014-05-15,3,49.75,149.25,3.0,0.0,3.0,2014-05-08,True
6748,2806,6216,3338,225,2014-05-15,3,45.48,136.43,3.0,0.0,3.0,2014-05-08,True
6749,2806,6217,3338,226,2014-05-15,3,43.38,130.13,3.0,0.0,3.0,2014-05-08,True
6750,2807,6218,3339,500,2014-05-15,550,34.87,19178.78,550.0,0.0,550.0,2014-05-08,True
6751,2807,6219,3339,499,2014-05-15,550,39.76,21869.93,550.0,0.0,550.0,2014-05-08,True
6752,2807,6220,3339,495,2014-05-15,550,43.98,24191.48,550.0,0.0,550.0,2014-05-08,True
6753,2807,6221,3339,497,2014-05-15,550,38.15,20980.58,550.0,0.0,550.0,2014-05-08,True
6754,2808,6222,3340,231,2014-05-15,3,47.68,143.04,3.0,0.0,3.0,2014-05-08,True
6755,2808,6223,3340,232,2014-05-15,3,45.58,136.74,3.0,0.0,3.0,2014-05-08,True
6756,2808,6224,3340,233,2014-05-15,3,49.85,149.56,3.0,0.0,3.0,2014-05-08,True
6757,2808,6225,3340,234,2014-05-15,3,45.58,136.74,3.0,0.0,3.0,2014-05-08,True
6758,2808,6226,3340,138,2014-05-15,3,43.48,130.44,3.0,0.0,3.0,2014-05-08,True
6759,2809,6227,3341,207,2014-05-15,3,45.48,136.43,3.0,0.0,3.0,2014-05-08,True
6760,2809,6228,3341,208,2014-05-15,3,43.38,130.13,3.0,0.0,3.0,2014-05-08,True
6761,2809,6229,3341,170,2014-05-15,3,47.65,142.95,3.0,0.0,3.0,2014-05-08,True
6762,2809,6230,3341,158,2014-05-15,3,43.38,130.13,3.0,0.0,3.0,2014-05-08,True
6763,2809,6231,3341,159,2014-05-15,3,41.28,123.83,3.0,0.0,3.0,2014-05-08,True
6764,2810,6232,3342,500,2014-05-15,550,34.35,18890.03,550.0,0.0,550.0,2014-05-08,True
6765,2810,6233,3342,499,2014-05-15,550,39.24,21581.18,550.0,55.0,495.0,2014-05-08,True
6766,2811,6234,3343,159,2014-05-15,3,41.17,123.51,3.0,0.0,3.0,2014-05-08,True
6767,2811,6235,3343,160,2014-05-15,3,45.44,136.33,3.0,0.0,3.0,2014-05-08,True
6768,2812,6236,3344,498,2014-05-15,550,32.77,18023.78,550.0,82.0,468.0,2014-05-08,True
6769,2812,6237,3344,496,2014-05-15,550,37.09,20397.3,550.0,0.0,550.0,2014-05-08,True
6770,2813,6238,3345,203,2014-05-16,550,10.82,5948.25,550.0,0.0,550.0,2014-05-09,True
6771,2814,6239,3346,447,2014-05-16,550,82.83,45558.98,550.0,0.0,550.0,2014-05-09,True
6772,2814,6240,3346,446,2014-05-16,550,82.83,45558.98,550.0,0.0,550.0,2014-05-09,True
6773,2815,6241,3347,183,2014-05-16,1250,0.21,262.5,1250.0,0.0,1250.0,2014-05-09,True
6774,2815,6242,3347,197,2014-05-16,1250,0.21,262.5,1188.0,0.0,1188.0,2014-05-09,True
6775,2816,6243,3348,191,2014-05-16,3,49.64,148.93,3.0,0.0,3.0,2014-05-09,True
6776,2816,6244,3348,192,2014-05-16,3,44.32,132.96,3.0,0.0,3.0,2014-05-09,True
6777,2816,6245,3348,193,2014-05-16,60,28.7,1721.79,60.0,0.0,60.0,2014-05-09,True
6778,2817,6246,3349,494,2014-05-16,550,42.51,23382.98,550.0,0.0,550.0,2014-05-09,True
6779,2817,6247,3349,501,2014-05-16,550,5.59,3072.3,550.0,0.0,550.0,2014-05-09,True
6780,2818,6248,3350,493,2014-05-16,60,15.74,944.37,60.0,0.0,60.0,2014-05-09,True
6781,2819,6249,3351,502,2014-05-16,550,6.18,3401.48,550.0,0.0,550.0,2014-05-09,True
6782,2820,6250,3352,188,2014-05-16,550,29.58,16268.18,550.0,0.0,550.0,2014-05-09,True
6783,2820,6251,3352,189,2014-05-16,550,36.1,19854.45,550.0,55.0,495.0,2014-05-09,True
6784,2820,6252,3352,190,2014-05-16,550,48.58,26720.93,550.0,0.0,550.0,2014-05-09,True
6785,2821,6253,3353,498,2014-05-16,550,32.25,17735.03,550.0,0.0,550.0,2014-05-09,True
6786,2821,6254,3353,496,2014-05-16,550,36.56,20108.55,550.0,0.0,550.0,2014-05-09,True
6787,2822,6255,3354,190,2014-05-16,550,46.42,25531.28,550.0,82.0,468.0,2014-05-09,True
6788,2823,6256,3355,157,2014-05-16,3,49.7,149.09,3.0,0.0,3.0,2014-05-09,True
6789,2823,6257,3355,171,2014-05-16,3,45.42,136.27,3.0,0.0,3.0,2014-05-09,True
6790,2823,6258,3355,172,2014-05-16,3,43.32,129.97,3.0,0.0,3.0,2014-05-09,True
6791,2824,6259,3356,184,2014-05-16,3,41.92,125.75,3.0,0.0,3.0,2014-05-09,True
6792,2825,6260,3357,248,2014-05-16,3,50.26,150.79,3.0,0.0,3.0,2014-05-09,True
6793,2826,6261,3358,179,2014-05-16,3,43.55,130.66,3.0,0.0,3.0,2014-05-09,True
6794,2826,6262,3358,180,2014-05-16,3,39.28,117.84,3.0,0.0,3.0,2014-05-09,True
6795,2826,6263,3358,181,2014-05-16,3,37.18,111.54,3.0,0.0,3.0,2014-05-09,True
6796,2826,6264,3358,182,2014-05-16,3,41.45,124.36,3.0,0.0,3.0,2014-05-09,True
6797,2827,6265,3359,126,2014-05-16,550,16.09,8847.3,550.0,0.0,550.0,2014-05-09,True
6798,2828,6266,3360,186,2014-05-16,3,57.03,171.08,3.0,0.0,3.0,2014-05-09,True
6799,2829,6267,3361,117,2014-05-17,550,37.09,20397.3,550.0,0.0,550.0,2014-05-10,True
6800,2830,6268,3362,118,2014-05-17,550,26.6,14628.08,550.0,0.0,550.0,2014-05-10,True
6801,2831,6269,3363,190,2014-05-17,550,46.06,25334.93,550.0,0.0,550.0,2014-05-10,True
6802,2832,6270,3364,217,2014-05-17,3,47.54,142.63,3.0,0.0,3.0,2014-05-10,True
6803,2832,6271,3364,218,2014-05-17,3,43.27,129.81,3.0,0.0,3.0,2014-05-10,True
6804,2833,6272,3365,233,2014-05-19,3,49.7,149.09,3.0,0.0,3.0,2014-05-12,True
6805,2833,6273,3365,234,2014-05-19,3,45.42,136.27,3.0,0.0,3.0,2014-05-12,True
6806,2833,6274,3365,138,2014-05-19,3,43.32,129.97,3.0,0.0,3.0,2014-05-12,True
6807,2834,6275,3366,191,2014-05-19,3,47.47,142.41,3.0,0.0,3.0,2014-05-12,True
6808,2834,6276,3366,192,2014-05-19,3,42.8,128.39,3.0,0.0,3.0,2014-05-12,True
6809,2835,6277,3367,107,2014-05-19,3,45.58,136.74,3.0,0.0,3.0,2014-05-12,True
6810,2835,6278,3367,108,2014-05-19,3,49.85,149.56,3.0,0.0,3.0,2014-05-12,True
6811,2835,6279,3367,97,2014-05-19,3,45.58,136.74,3.0,0.0,3.0,2014-05-12,True
6812,2835,6280,3367,62,2014-05-19,3,43.48,130.44,3.0,0.0,3.0,2014-05-12,True
6813,2835,6281,3367,69,2014-05-19,3,47.75,143.26,3.0,0.0,3.0,2014-05-12,True
6814,2835,6282,3367,68,2014-05-19,3,43.48,130.44,3.0,0.0,3.0,2014-05-12,True
6815,2835,6283,3367,67,2014-05-19,3,41.38,124.14,3.0,0.0,3.0,2014-05-12,True
6816,2835,6284,3367,66,2014-05-19,3,45.65,136.96,3.0,0.0,3.0,2014-05-12,True
6817,2835,6285,3367,65,2014-05-19,3,41.38,124.14,3.0,0.0,3.0,2014-05-12,True
6818,2835,6286,3367,64,2014-05-19,3,39.28,117.84,3.0,0.0,3.0,2014-05-12,True
6819,2835,6287,3367,63,2014-05-19,3,43.55,130.66,3.0,0.0,3.0,2014-05-12,True
6820,2835,6288,3367,61,2014-05-19,3,39.28,117.84,3.0,0.0,3.0,2014-05-12,True
6821,2835,6289,3367,71,2014-05-19,3,37.18,111.54,3.0,0.0,3.0,2014-05-12,True
6822,2835,6290,3367,72,2014-05-19,3,41.45,124.36,3.0,0.0,3.0,2014-05-12,True
6823,2836,6291,3368,6,2014-05-19,550,62.99,34644.23,468.0,0.0,468.0,2014-05-12,True
6824,2837,6292,3369,191,2014-05-19,3,45.37,136.11,3.0,0.0,3.0,2014-05-12,True
6825,2837,6293,3369,192,2014-05-19,3,40.49,121.46,3.0,0.0,3.0,2014-05-12,True
6826,2837,6294,3369,193,2014-05-19,60,26.37,1581.93,60.0,0.0,60.0,2014-05-12,True
6827,2838,6295,3370,121,2014-05-19,3,48.76,146.29,3.0,0.0,3.0,2014-05-12,True
6828,2839,6296,3371,156,2014-05-19,3,34.19,102.56,3.0,0.0,3.0,2014-05-12,True
6829,2840,6297,3372,194,2014-05-19,3,50.26,150.79,3.0,0.0,3.0,2014-05-12,True
6830,2841,6298,3373,119,2014-05-19,550,10.73,5902.05,550.0,0.0,550.0,2014-05-12,True
6831,2841,6299,3373,120,2014-05-19,550,14.12,7767.38,550.0,0.0,550.0,2014-05-12,True
6832,2842,6300,3374,151,2014-05-19,60,50.26,3015.81,60.0,9.0,51.0,2014-05-12,True
6833,2842,6301,3374,152,2014-05-19,60,57.15,3429.09,60.0,0.0,60.0,2014-05-12,True
6834,2843,6302,3375,434,2014-05-19,550,40.94,22516.73,550.0,0.0,550.0,2014-05-12,True
6835,2843,6303,3375,441,2014-05-19,550,21.09,11601.98,550.0,0.0,550.0,2014-05-12,True
6836,2843,6304,3375,438,2014-05-19,550,30.44,16741.73,550.0,0.0,550.0,2014-05-12,True
6837,2844,6305,3376,111,2014-05-19,60,9.2,551.88,60.0,0.0,60.0,2014-05-12,True
6838,2845,6306,3377,162,2014-05-19,550,5.78,3176.25,550.0,0.0,550.0,2014-05-12,True
6839,2845,6307,3377,163,2014-05-19,550,1.16,635.25,523.0,0.0,523.0,2014-05-12,True
6840,2845,6308,3377,132,2014-05-19,550,5.78,3176.25,550.0,0.0,550.0,2014-05-12,True
6841,2846,6309,3378,112,2014-05-19,550,23.39,12866.7,468.0,0.0,468.0,2014-05-12,True
6842,2846,6310,3378,113,2014-05-19,550,27.65,15205.58,550.0,0.0,550.0,2014-05-12,True
6843,2847,6311,3379,164,2014-05-19,550,1.37,750.75,550.0,0.0,550.0,2014-05-12,True
6844,2847,6312,3379,5,2014-05-19,550,62.99,34644.23,550.0,0.0,550.0,2014-05-12,True
6845,2847,6313,3379,131,2014-05-19,550,3.49,1917.3,550.0,0.0,550.0,2014-05-12,True
6846,2848,6314,3380,162,2014-05-19,550,6.2,3407.25,550.0,0.0,550.0,2014-05-12,True
6847,2848,6315,3380,163,2014-05-19,550,1.47,808.5,550.0,0.0,550.0,2014-05-12,True
6848,2848,6316,3380,132,2014-05-19,550,6.2,3407.25,550.0,0.0,550.0,2014-05-12,True
6849,2849,6317,3381,112,2014-05-20,550,22.17,12191.03,550.0,0.0,550.0,2014-05-13,True
6850,2849,6318,3381,113,2014-05-20,550,29.28,16106.48,550.0,0.0,550.0,2014-05-13,True
6851,2850,6319,3382,150,2014-05-20,3,19.98,59.94,3.0,0.0,3.0,2014-05-13,True
6852,2851,6320,3383,159,2014-05-20,3,34.87,104.61,3.0,0.0,3.0,2014-05-13,True
6853,2851,6321,3383,160,2014-05-20,3,39.14,117.43,3.0,0.0,3.0,2014-05-13,True
6854,2852,6322,3384,9,2014-05-20,550,31.49,17319.23,550.0,82.0,468.0,2014-05-13,True
6855,2852,6323,3384,7,2014-05-20,550,48.29,26559.23,550.0,0.0,550.0,2014-05-13,True
6856,2853,6324,3385,238,2014-05-22,3,36.97,110.91,3.0,0.0,3.0,2014-05-15,True
6857,2853,6325,3385,239,2014-05-22,3,41.24,123.73,3.0,0.0,3.0,2014-05-15,True
6858,2853,6326,3385,240,2014-05-22,3,36.97,110.91,3.0,0.0,3.0,2014-05-15,True
6859,2854,6327,3386,135,2014-05-22,550,15.89,8737.58,550.0,0.0,550.0,2014-05-15,True
6860,2854,6328,3386,136,2014-05-22,550,11.67,6416.03,550.0,0.0,550.0,2014-05-15,True
6861,2855,6329,3387,211,2014-05-22,3,47.47,142.41,3.0,0.0,3.0,2014-05-15,True
6862,2856,6330,3388,115,2014-05-22,550,23.08,12693.45,468.0,0.0,468.0,2014-05-15,True
6863,2856,6331,3388,116,2014-05-22,550,29.27,16100.7,550.0,0.0,550.0,2014-05-15,True
6864,2856,6332,3388,117,2014-05-22,550,34.98,19236.53,550.0,0.0,550.0,2014-05-15,True
6865,2857,6333,3389,212,2014-05-22,3,45.37,136.11,3.0,0.0,3.0,2014-05-15,True
6866,2857,6334,3389,213,2014-05-22,3,49.64,148.93,3.0,0.0,3.0,2014-05-15,True
6867,2857,6335,3389,214,2014-05-22,3,45.37,136.11,3.0,0.0,3.0,2014-05-15,True
6868,2857,6336,3389,215,2014-05-22,3,43.27,129.81,3.0,0.0,3.0,2014-05-15,True
6869,2857,6337,3389,216,2014-05-22,3,47.54,142.63,3.0,0.0,3.0,2014-05-15,True
6870,2857,6338,3389,217,2014-05-22,3,43.27,129.81,3.0,0.0,3.0,2014-05-15,True
6871,2858,6339,3390,109,2014-05-22,550,2.32,1276.28,550.0,0.0,550.0,2014-05-15,True
6872,2859,6340,3391,122,2014-05-22,550,3.64,2003.93,550.0,0.0,550.0,2014-05-15,True
6873,2860,6341,3392,440,2014-05-22,550,21.09,11601.98,550.0,0.0,550.0,2014-05-15,True
6874,2860,6342,3392,437,2014-05-22,550,30.44,16741.73,550.0,55.0,495.0,2014-05-15,True
6875,2860,6343,3392,435,2014-05-22,550,40.94,22516.73,550.0,0.0,550.0,2014-05-15,True
6876,2861,6344,3393,165,2014-05-22,60,3.6,216.09,60.0,0.0,60.0,2014-05-15,True
6877,2861,6345,3393,166,2014-05-22,60,3.98,238.77,60.0,0.0,60.0,2014-05-15,True
6878,2862,6346,3394,9,2014-05-22,550,31.49,17319.23,550.0,82.0,468.0,2014-05-15,True
6879,2862,6347,3394,7,2014-05-22,550,48.29,26559.23,550.0,0.0,550.0,2014-05-15,True
6880,2863,6348,3395,120,2014-05-22,550,12.97,7132.13,550.0,0.0,550.0,2014-05-15,True
6881,2864,6349,3396,441,2014-05-22,550,21.09,11601.98,550.0,0.0,550.0,2014-05-15,True
6882,2864,6350,3396,438,2014-05-22,550,30.44,16741.73,550.0,0.0,550.0,2014-05-15,True
6883,2865,6351,3397,434,2014-05-22,550,40.94,22516.73,550.0,0.0,550.0,2014-05-15,True
6884,2866,6352,3398,4,2014-05-22,550,62.99,34644.23,468.0,0.0,468.0,2014-05-15,True
6885,2867,6353,3399,84,2014-05-22,3,39.12,117.37,3.0,0.0,3.0,2014-05-15,True
6886,2867,6354,3399,145,2014-05-22,3,43.4,130.19,3.0,0.0,3.0,2014-05-15,True
6887,2867,6355,3399,134,2014-05-22,3,39.12,117.37,3.0,0.0,3.0,2014-05-15,True
6888,2868,6356,3400,73,2014-05-22,3,47.68,143.04,3.0,0.0,3.0,2014-05-15,True
6889,2869,6357,3401,115,2014-05-23,550,23.4,12872.48,550.0,0.0,550.0,2014-05-16,True
6890,2869,6358,3401,116,2014-05-23,550,27.87,15326.85,550.0,0.0,550.0,2014-05-16,True
6891,2870,6359,3402,123,2014-05-23,550,6.75,3713.33,550.0,0.0,550.0,2014-05-16,True
6892,2871,6360,3403,114,2014-05-23,550,36.28,19952.63,550.0,0.0,550.0,2014-05-16,True
6893,2872,6361,3404,151,2014-05-23,60,50.75,3044.79,60.0,9.0,51.0,2014-05-16,True
6894,2872,6362,3404,152,2014-05-23,60,58.26,3495.87,60.0,0.0,60.0,2014-05-16,True
6895,2873,6363,3405,119,2014-05-23,550,10.38,5711.48,550.0,0.0,550.0,2014-05-16,True
6896,2874,6364,3406,231,2014-05-23,3,47.68,143.04,3.0,0.0,3.0,2014-05-16,True
6897,2874,6365,3406,232,2014-05-23,3,45.58,136.74,3.0,0.0,3.0,2014-05-16,True
6898,2875,6366,3407,149,2014-05-23,3,12.72,38.15,3.0,0.0,3.0,2014-05-16,True
6899,2875,6367,3407,150,2014-05-23,3,19.94,59.82,3.0,0.0,3.0,2014-05-16,True
6900,2876,6368,3408,124,2014-05-23,3,38.16,114.47,3.0,0.0,3.0,2014-05-16,True
6901,2877,6369,3409,110,2014-05-23,3,44.22,132.65,3.0,0.0,3.0,2014-05-16,True
6902,2878,6370,3410,10,2014-05-23,550,31.49,17319.23,550.0,0.0,550.0,2014-05-16,True
6903,2878,6371,3410,8,2014-05-23,550,48.29,26559.23,550.0,0.0,550.0,2014-05-16,True
6904,2879,6372,3411,167,2014-05-23,60,6.98,418.95,60.0,0.0,60.0,2014-05-16,True
6905,2880,6373,3412,101,2014-05-23,3,43.48,130.44,3.0,0.0,3.0,2014-05-16,True
6906,2880,6374,3412,102,2014-05-23,3,47.75,143.26,3.0,0.0,3.0,2014-05-16,True
6907,2880,6375,3412,103,2014-05-23,3,43.48,130.44,3.0,0.0,3.0,2014-05-16,True
6908,2881,6376,3413,165,2014-05-23,60,3.38,202.86,60.0,0.0,60.0,2014-05-16,True
6909,2881,6377,3413,166,2014-05-23,60,4.32,258.93,60.0,0.0,60.0,2014-05-16,True
6910,2882,6378,3414,241,2014-05-23,3,43.34,130.03,3.0,0.0,3.0,2014-05-16,True
6911,2882,6379,3414,242,2014-05-23,3,39.07,117.21,3.0,0.0,3.0,2014-05-16,True
6912,2883,6380,3415,149,2014-05-23,3,12.36,37.08,3.0,0.0,3.0,2014-05-16,True
6913,2884,6381,3416,118,2014-05-23,550,39.2,21558.08,550.0,0.0,550.0,2014-05-16,True
6914,2885,6382,3417,227,2014-05-26,3,47.65,142.95,3.0,0.0,3.0,2014-05-19,True
6915,2885,6383,3417,228,2014-05-26,3,43.38,130.13,3.0,0.0,3.0,2014-05-19,True
6916,2885,6384,3417,229,2014-05-26,3,41.28,123.83,3.0,0.0,3.0,2014-05-19,True
6917,2885,6385,3417,230,2014-05-26,3,45.55,136.65,3.0,0.0,3.0,2014-05-19,True
6918,2886,6386,3418,500,2014-05-26,550,34.87,19178.78,468.0,0.0,468.0,2014-05-19,True
6919,2886,6387,3418,499,2014-05-26,550,39.76,21869.93,550.0,0.0,550.0,2014-05-19,True
6920,2886,6388,3418,495,2014-05-26,550,43.98,24191.48,550.0,0.0,550.0,2014-05-19,True
6921,2886,6389,3418,497,2014-05-26,550,38.15,20980.58,550.0,0.0,550.0,2014-05-19,True
6922,2887,6390,3419,86,2014-05-26,3,47.75,143.26,3.0,0.0,3.0,2014-05-19,True
6923,2887,6391,3419,87,2014-05-26,3,43.48,130.44,3.0,0.0,3.0,2014-05-19,True
6924,2887,6392,3419,88,2014-05-26,3,41.38,124.14,3.0,0.0,3.0,2014-05-19,True
6925,2887,6393,3419,89,2014-05-26,3,45.65,136.96,3.0,0.0,3.0,2014-05-19,True
6926,2887,6394,3419,90,2014-05-26,3,41.38,124.14,3.0,0.0,3.0,2014-05-19,True
6927,2887,6395,3419,91,2014-05-26,3,39.28,117.84,3.0,0.0,3.0,2014-05-19,True
6928,2888,6396,3420,160,2014-05-26,3,45.55,136.65,3.0,0.0,3.0,2014-05-19,True
6929,2889,6397,3421,500,2014-05-26,550,34.35,18890.03,550.0,0.0,550.0,2014-05-19,True
6930,2889,6398,3421,499,2014-05-26,550,39.24,21581.18,550.0,0.0,550.0,2014-05-19,True
6931,2890,6399,3422,204,2014-05-26,3,47.47,142.41,3.0,0.0,3.0,2014-05-19,True
6932,2890,6400,3422,205,2014-05-26,3,45.37,136.11,3.0,0.0,3.0,2014-05-19,True
6933,2890,6401,3422,206,2014-05-26,3,49.64,148.93,3.0,0.0,3.0,2014-05-19,True
6934,2891,6402,3423,494,2014-05-26,550,43.04,23671.73,550.0,0.0,550.0,2014-05-19,True
6935,2892,6403,3424,203,2014-05-26,550,10.82,5948.25,550.0,82.0,468.0,2014-05-19,True
6936,2893,6404,3425,447,2014-05-26,550,82.83,45558.98,550.0,0.0,550.0,2014-05-19,True
6937,2893,6405,3425,446,2014-05-26,550,82.83,45558.98,550.0,0.0,550.0,2014-05-19,True
6938,2894,6406,3426,183,2014-05-26,1250,0.21,262.5,1250.0,0.0,1250.0,2014-05-19,True
6939,2894,6407,3426,197,2014-05-26,1250,0.21,262.5,1250.0,0.0,1250.0,2014-05-19,True
6940,2895,6408,3427,191,2014-05-26,3,49.64,148.93,3.0,0.0,3.0,2014-05-19,True
6941,2895,6409,3427,192,2014-05-26,3,44.32,132.96,3.0,0.0,3.0,2014-05-19,True
6942,2895,6410,3427,193,2014-05-26,60,28.7,1721.79,60.0,0.0,60.0,2014-05-19,True
6943,2896,6411,3428,494,2014-05-26,550,42.51,23382.98,468.0,0.0,468.0,2014-05-19,True
6944,2896,6412,3428,501,2014-05-26,550,5.59,3072.3,550.0,0.0,550.0,2014-05-19,True
6945,2897,6413,3429,493,2014-05-26,60,15.74,944.37,60.0,0.0,60.0,2014-05-19,True
6946,2898,6414,3430,495,2014-05-26,550,43.46,23902.73,550.0,0.0,550.0,2014-05-19,True
6947,2898,6415,3430,497,2014-05-26,550,37.62,20691.83,550.0,0.0,550.0,2014-05-19,True
6948,2898,6416,3430,503,2014-05-26,550,6.53,3592.05,550.0,0.0,550.0,2014-05-19,True
6949,2898,6417,3430,502,2014-05-26,550,6.18,3401.48,550.0,0.0,550.0,2014-05-19,True
6950,2899,6418,3431,188,2014-05-26,550,29.58,16268.18,550.0,0.0,550.0,2014-05-19,True
6951,2899,6419,3431,189,2014-05-26,550,36.1,19854.45,550.0,0.0,550.0,2014-05-19,True
6952,2899,6420,3431,190,2014-05-26,550,48.58,26720.93,550.0,0.0,550.0,2014-05-19,True
6953,2900,6421,3432,498,2014-05-26,550,32.25,17735.03,550.0,0.0,550.0,2014-05-19,True
6954,2900,6422,3432,496,2014-05-26,550,36.56,20108.55,550.0,55.0,495.0,2014-05-19,True
6955,2901,6423,3433,190,2014-05-27,550,46.42,25531.28,550.0,0.0,550.0,2014-05-20,True
6956,2902,6424,3434,173,2014-05-27,3,47.6,142.79,3.0,0.0,3.0,2014-05-20,True
6957,2902,6425,3434,174,2014-05-27,3,43.32,129.97,3.0,0.0,3.0,2014-05-20,True
6958,2903,6426,3435,184,2014-05-27,3,41.92,125.75,3.0,0.0,3.0,2014-05-20,True
6959,2904,6427,3436,248,2014-05-27,3,50.26,150.79,3.0,3.0,0.0,2014-05-20,True
6960,2905,6428,3437,196,2014-05-27,3,37.18,111.54,3.0,0.0,3.0,2014-05-20,True
6961,2906,6429,3438,126,2014-05-27,550,16.09,8847.3,468.0,0.0,468.0,2014-05-20,True
6962,2907,6430,3439,186,2014-05-27,3,57.03,171.08,3.0,0.0,3.0,2014-05-20,True
6963,2908,6431,3440,117,2014-05-27,550,37.09,20397.3,550.0,0.0,550.0,2014-05-20,True
6964,2909,6432,3441,118,2014-05-27,550,26.6,14628.08,550.0,0.0,550.0,2014-05-20,True
6965,2910,6433,3442,188,2014-05-27,550,27.06,14882.18,550.0,0.0,550.0,2014-05-20,True
6966,2910,6434,3442,189,2014-05-27,550,33.58,18468.45,550.0,55.0,495.0,2014-05-20,True
6967,2910,6435,3442,190,2014-05-27,550,46.06,25334.93,550.0,0.0,550.0,2014-05-20,True
6968,2911,6436,3443,219,2014-05-27,3,41.17,123.51,3.0,0.0,3.0,2014-05-20,True
6969,2911,6437,3443,220,2014-05-27,3,45.44,136.33,3.0,0.0,3.0,2014-05-20,True
6970,2911,6438,3443,221,2014-05-27,3,41.17,123.51,3.0,0.0,3.0,2014-05-20,True
6971,2911,6439,3443,209,2014-05-27,3,39.07,117.21,3.0,0.0,3.0,2014-05-20,True
6972,2912,6440,3444,86,2014-05-27,3,47.6,142.79,3.0,0.0,3.0,2014-05-20,True
6973,2912,6441,3444,87,2014-05-27,3,43.32,129.97,3.0,0.0,3.0,2014-05-20,True
6974,2913,6442,3445,193,2014-05-27,60,25.42,1525.23,60.0,0.0,60.0,2014-05-20,True
6975,2914,6443,3446,85,2014-05-27,3,41.22,123.67,3.0,0.0,3.0,2014-05-20,True
6976,2914,6444,3446,98,2014-05-27,3,45.5,136.49,3.0,0.0,3.0,2014-05-20,True
6977,2915,6445,3447,6,2014-05-27,550,62.99,34644.23,550.0,0.0,550.0,2014-05-20,True
6978,2916,6446,3448,191,2014-05-27,3,45.37,136.11,3.0,0.0,3.0,2014-05-20,True
6979,2916,6447,3448,192,2014-05-27,3,40.49,121.46,3.0,0.0,3.0,2014-05-20,True
6980,2916,6448,3448,193,2014-05-27,60,26.37,1581.93,60.0,0.0,60.0,2014-05-20,True
6981,2917,6449,3449,121,2014-05-28,3,48.76,146.29,3.0,0.0,3.0,2014-05-21,True
6982,2918,6450,3450,156,2014-05-28,3,34.19,102.56,3.0,0.0,3.0,2014-05-21,True
6983,2919,6451,3451,194,2014-05-28,3,50.26,150.79,3.0,0.0,3.0,2014-05-21,True
6984,2920,6452,3452,119,2014-05-28,550,10.73,5902.05,550.0,0.0,550.0,2014-05-21,True
6985,2920,6453,3452,120,2014-05-28,550,14.12,7767.38,550.0,55.0,495.0,2014-05-21,True
6986,2921,6454,3453,153,2014-05-28,60,53.2,3192.21,60.0,0.0,60.0,2014-05-21,True
6987,2921,6455,3453,154,2014-05-28,60,63.69,3821.58,60.0,0.0,60.0,2014-05-21,True
6988,2921,6456,3453,155,2014-05-28,60,48.91,2934.54,60.0,3.0,57.0,2014-05-21,True
6989,2922,6457,3454,435,2014-05-28,550,40.94,22516.73,550.0,82.0,468.0,2014-05-21,True
6990,2922,6458,3454,442,2014-05-28,550,21.09,11601.98,550.0,0.0,550.0,2014-05-21,True
6991,2923,6459,3455,111,2014-05-28,60,9.2,551.88,60.0,0.0,60.0,2014-05-21,True
6992,2924,6460,3456,162,2014-05-28,550,5.78,3176.25,550.0,0.0,550.0,2014-05-21,True
6993,2924,6461,3456,163,2014-05-28,550,1.16,635.25,550.0,0.0,550.0,2014-05-21,True
6994,2925,6462,3457,112,2014-05-28,550,23.39,12866.7,550.0,0.0,550.0,2014-05-21,True
6995,2925,6463,3457,113,2014-05-28,550,27.65,15205.58,523.0,0.0,523.0,2014-05-21,True
6996,2926,6464,3458,164,2014-05-28,550,1.37,750.75,468.0,0.0,468.0,2014-05-21,True
6997,2926,6465,3458,5,2014-05-28,550,62.99,34644.23,550.0,0.0,550.0,2014-05-21,True
6998,2926,6466,3458,131,2014-05-28,550,3.49,1917.3,550.0,0.0,550.0,2014-05-21,True
6999,2927,6467,3459,162,2014-05-28,550,6.2,3407.25,550.0,0.0,550.0,2014-05-21,True
7000,2927,6468,3459,163,2014-05-28,550,1.47,808.5,550.0,0.0,550.0,2014-05-21,True
7001,2927,6469,3459,132,2014-05-28,550,6.2,3407.25,550.0,0.0,550.0,2014-05-21,True
7002,2928,6470,3460,112,2014-05-28,550,22.17,12191.03,550.0,0.0,550.0,2014-05-21,True
7003,2928,6471,3460,113,2014-05-28,550,29.28,16106.48,550.0,0.0,550.0,2014-05-21,True
7004,2929,6472,3461,150,2014-05-28,3,19.98,59.94,3.0,0.0,3.0,2014-05-21,True
7005,2930,6473,3462,204,2014-05-28,3,41.17,123.51,3.0,0.0,3.0,2014-05-21,True
7006,2930,6474,3462,205,2014-05-28,3,39.07,117.21,3.0,0.0,3.0,2014-05-21,True
7007,2930,6475,3462,206,2014-05-28,3,43.34,130.03,3.0,0.0,3.0,2014-05-21,True
7008,2931,6476,3463,9,2014-05-28,550,31.49,17319.23,550.0,0.0,550.0,2014-05-21,True
7009,2931,6477,3463,7,2014-05-28,550,48.29,26559.23,550.0,0.0,550.0,2014-05-21,True
7010,2932,6478,3464,241,2014-05-28,3,43.22,129.65,3.0,0.0,3.0,2014-05-21,True
7011,2932,6479,3464,242,2014-05-28,3,47.49,142.47,3.0,0.0,3.0,2014-05-21,True
7012,2933,6480,3465,137,2014-05-29,550,11.09,6098.4,550.0,0.0,550.0,2014-05-22,True
7013,2933,6481,3465,104,2014-05-29,550,15.89,8737.58,550.0,0.0,550.0,2014-05-22,True
7014,2933,6482,3465,139,2014-05-29,550,11.67,6416.03,550.0,0.0,550.0,2014-05-22,True
7015,2934,6483,3466,211,2014-05-29,3,47.47,142.41,3.0,0.0,3.0,2014-05-22,True
7016,2935,6484,3467,115,2014-05-29,550,23.08,12693.45,550.0,0.0,550.0,2014-05-22,True
7017,2935,6485,3467,116,2014-05-29,550,29.27,16100.7,523.0,0.0,523.0,2014-05-22,True
7018,2935,6486,3467,117,2014-05-29,550,34.98,19236.53,550.0,0.0,550.0,2014-05-22,True
7019,2936,6487,3468,218,2014-05-29,3,41.17,123.51,3.0,0.0,3.0,2014-05-22,True
7020,2936,6488,3468,442,2014-05-29,550,21.09,11601.98,550.0,0.0,550.0,2014-05-22,True
7021,2936,6489,3468,439,2014-05-29,550,30.44,16741.73,550.0,0.0,550.0,2014-05-22,True
7022,2936,6490,3468,436,2014-05-29,550,40.94,22516.73,550.0,0.0,550.0,2014-05-22,True
7023,2937,6491,3469,109,2014-05-29,550,2.32,1276.28,550.0,0.0,550.0,2014-05-22,True
7024,2938,6492,3470,122,2014-05-29,550,3.64,2003.93,550.0,0.0,550.0,2014-05-22,True
7025,2939,6493,3471,440,2014-05-29,550,21.09,11601.98,550.0,0.0,550.0,2014-05-22,True
7026,2939,6494,3471,437,2014-05-29,550,30.44,16741.73,550.0,0.0,550.0,2014-05-22,True
7027,2939,6495,3471,435,2014-05-29,550,40.94,22516.73,550.0,0.0,550.0,2014-05-22,True
7028,2940,6496,3472,165,2014-05-29,60,3.6,216.09,60.0,0.0,60.0,2014-05-22,True
7029,2940,6497,3472,166,2014-05-29,60,3.98,238.77,60.0,6.0,54.0,2014-05-22,True
7030,2941,6498,3473,9,2014-05-29,550,31.49,17319.23,550.0,0.0,550.0,2014-05-22,True
7031,2941,6499,3473,7,2014-05-29,550,48.29,26559.23,550.0,0.0,550.0,2014-05-22,True
7032,2942,6500,3474,120,2014-05-29,550,12.97,7132.13,550.0,82.0,468.0,2014-05-22,True
7033,2943,6501,3475,441,2014-05-29,550,21.09,11601.98,550.0,0.0,550.0,2014-05-22,True
7034,2943,6502,3475,438,2014-05-29,550,30.44,16741.73,550.0,0.0,550.0,2014-05-22,True
7035,2944,6503,3476,434,2014-05-29,550,40.94,22516.73,550.0,0.0,550.0,2014-05-22,True
7036,2945,6504,3477,4,2014-05-29,550,62.99,34644.23,550.0,0.0,550.0,2014-05-22,True
7037,2946,6505,3478,74,2014-05-29,3,47.52,142.57,3.0,0.0,3.0,2014-05-22,True
7038,2946,6506,3478,75,2014-05-29,3,45.42,136.27,3.0,0.0,3.0,2014-05-22,True
7039,2946,6507,3478,76,2014-05-29,3,49.7,149.09,3.0,0.0,3.0,2014-05-22,True
7040,2946,6508,3478,77,2014-05-29,3,45.42,136.27,3.0,0.0,3.0,2014-05-22,True
7041,2947,6509,3479,73,2014-05-29,3,47.68,143.04,3.0,0.0,3.0,2014-05-22,True
7042,2948,6510,3480,115,2014-05-29,550,23.4,12872.48,550.0,0.0,550.0,2014-05-22,True
7043,2948,6511,3480,116,2014-05-29,550,27.87,15326.85,550.0,0.0,550.0,2014-05-22,True
7044,2949,6512,3481,123,2014-05-30,550,6.75,3713.33,550.0,0.0,550.0,2014-05-23,True
7045,2950,6513,3482,10,2014-05-30,550,31.49,17319.23,550.0,0.0,550.0,2014-05-23,True
7046,2950,6514,3482,8,2014-05-30,550,48.29,26559.23,550.0,55.0,495.0,2014-05-23,True
7047,2950,6515,3482,114,2014-05-30,550,36.28,19952.63,550.0,0.0,550.0,2014-05-23,True
7048,2951,6516,3483,153,2014-05-30,60,50.75,3044.79,60.0,0.0,60.0,2014-05-23,True
7049,2951,6517,3483,154,2014-05-30,60,62.93,3775.59,60.0,0.0,60.0,2014-05-23,True
7050,2951,6518,3483,155,2014-05-30,60,49.65,2979.27,60.0,3.0,57.0,2014-05-23,True
7051,2952,6519,3484,119,2014-05-30,550,10.38,5711.48,550.0,82.0,468.0,2014-05-23,True
7052,2953,6520,3485,233,2014-05-30,3,49.85,149.56,3.0,0.0,3.0,2014-05-23,True
7053,2953,6521,3485,234,2014-05-30,3,45.58,136.74,3.0,0.0,3.0,2014-05-23,True
7054,2953,6522,3485,138,2014-05-30,3,43.48,130.44,3.0,0.0,3.0,2014-05-23,True
7055,2954,6523,3486,149,2014-05-30,3,12.72,38.15,3.0,0.0,3.0,2014-05-23,True
7056,2954,6524,3486,150,2014-05-30,3,19.94,59.82,3.0,0.0,3.0,2014-05-23,True
7057,2955,6525,3487,124,2014-05-30,3,38.16,114.47,3.0,0.0,3.0,2014-05-23,True
7058,2956,6526,3488,110,2014-05-30,3,44.22,132.65,3.0,0.0,3.0,2014-05-23,True
7059,2957,6527,3489,10,2014-05-30,550,31.49,17319.23,550.0,0.0,550.0,2014-05-23,True
7060,2957,6528,3489,8,2014-05-30,550,48.29,26559.23,550.0,0.0,550.0,2014-05-23,True
7061,2958,6529,3490,167,2014-05-30,60,6.98,418.95,60.0,0.0,60.0,2014-05-23,True
7062,2959,6530,3491,70,2014-05-30,3,41.38,124.14,3.0,0.0,3.0,2014-05-23,True
7063,2959,6531,3491,105,2014-05-30,3,45.65,136.96,3.0,0.0,3.0,2014-05-23,True
7064,2959,6532,3491,106,2014-05-30,3,41.38,124.14,3.0,0.0,3.0,2014-05-23,True
7065,2959,6533,3491,107,2014-05-30,3,39.28,117.84,3.0,0.0,3.0,2014-05-23,True
7066,2959,6534,3491,108,2014-05-30,3,43.55,130.66,3.0,0.0,3.0,2014-05-23,True
7067,2960,6535,3492,165,2014-05-30,60,3.38,202.86,60.0,0.0,60.0,2014-05-23,True
7068,2960,6536,3492,166,2014-05-30,60,4.32,258.93,60.0,6.0,54.0,2014-05-23,True
7069,2961,6537,3493,243,2014-05-30,3,36.97,110.91,3.0,0.0,3.0,2014-05-23,True
7070,2961,6538,3493,244,2014-05-30,3,41.24,123.73,3.0,0.0,3.0,2014-05-23,True
7071,2961,6539,3493,245,2014-05-30,3,36.97,110.91,3.0,0.0,3.0,2014-05-23,True
7072,2961,6540,3493,246,2014-05-30,3,43.22,129.65,3.0,0.0,3.0,2014-05-23,True
7073,2962,6541,3494,149,2014-05-30,3,12.36,37.08,3.0,0.0,3.0,2014-05-23,True
7074,2963,6542,3495,118,2014-05-30,550,39.2,21558.08,550.0,0.0,550.0,2014-05-23,True
7075,2964,6543,3496,212,2014-05-30,3,45.44,136.33,3.0,0.0,3.0,2014-05-23,True
7076,2964,6544,3496,213,2014-05-30,3,41.17,123.51,3.0,0.0,3.0,2014-05-23,True
7077,2965,6545,3497,500,2014-06-02,550,34.87,19178.78,550.0,0.0,550.0,2014-05-26,True
7078,2965,6546,3497,499,2014-06-02,550,39.76,21869.93,523.0,0.0,523.0,2014-05-26,True
7079,2965,6547,3497,495,2014-06-02,550,43.98,24191.48,550.0,0.0,550.0,2014-05-26,True
7080,2965,6548,3497,497,2014-06-02,550,38.15,20980.58,550.0,0.0,550.0,2014-05-26,True
7081,2966,6549,3498,92,2014-06-02,3,43.55,130.66,3.0,0.0,3.0,2014-05-26,True
7082,2966,6550,3498,93,2014-06-02,3,39.28,117.84,3.0,0.0,3.0,2014-05-26,True
7083,2966,6551,3498,94,2014-06-02,3,37.18,111.54,3.0,0.0,3.0,2014-05-26,True
7084,2966,6552,3498,95,2014-06-02,3,41.45,124.36,3.0,0.0,3.0,2014-05-26,True
7085,2967,6553,3499,204,2014-06-02,3,47.58,142.73,3.0,0.0,3.0,2014-05-26,True
7086,2967,6554,3499,205,2014-06-02,3,45.48,136.43,3.0,0.0,3.0,2014-05-26,True
7087,2967,6555,3499,206,2014-06-02,3,49.75,149.25,3.0,0.0,3.0,2014-05-26,True
7088,2967,6556,3499,207,2014-06-02,3,45.48,136.43,3.0,0.0,3.0,2014-05-26,True
7089,2967,6557,3499,208,2014-06-02,3,43.38,130.13,3.0,0.0,3.0,2014-05-26,True
7090,2967,6558,3499,170,2014-06-02,3,47.65,142.95,3.0,0.0,3.0,2014-05-26,True
7091,2968,6559,3500,500,2014-06-02,550,34.35,18890.03,550.0,0.0,550.0,2014-05-26,True
7092,2968,6560,3500,499,2014-06-02,550,39.24,21581.18,550.0,0.0,550.0,2014-05-26,True
7093,2969,6561,3501,207,2014-06-02,3,45.37,136.11,3.0,0.0,3.0,2014-05-26,True
7094,2969,6562,3501,208,2014-06-02,3,43.27,129.81,3.0,0.0,3.0,2014-05-26,True
7095,2969,6563,3501,170,2014-06-02,3,47.54,142.63,3.0,0.0,3.0,2014-05-26,True
7096,2969,6564,3501,158,2014-06-02,3,43.27,129.81,3.0,0.0,3.0,2014-05-26,True
7097,2969,6565,3501,159,2014-06-02,3,41.17,123.51,3.0,0.0,3.0,2014-05-26,True
7098,2970,6566,3502,498,2014-06-02,550,32.77,18023.78,550.0,0.0,550.0,2014-05-26,True
7099,2970,6567,3502,496,2014-06-02,550,37.09,20397.3,550.0,55.0,495.0,2014-05-26,True
7100,2970,6568,3502,494,2014-06-02,550,43.04,23671.73,550.0,0.0,550.0,2014-05-26,True
7101,2971,6569,3503,203,2014-06-02,550,10.82,5948.25,550.0,0.0,550.0,2014-05-26,True
7102,2972,6570,3504,447,2014-06-02,550,82.83,45558.98,550.0,82.0,468.0,2014-05-26,True
7103,2972,6571,3504,446,2014-06-02,550,82.83,45558.98,550.0,0.0,550.0,2014-05-26,True
7104,2973,6572,3505,183,2014-06-02,1250,0.21,262.5,1250.0,0.0,1250.0,2014-05-26,True
7105,2973,6573,3505,197,2014-06-02,1250,0.21,262.5,1250.0,0.0,1250.0,2014-05-26,True
7106,2974,6574,3506,191,2014-06-02,3,49.64,148.93,3.0,0.0,3.0,2014-05-26,True
7107,2974,6575,3506,192,2014-06-02,3,44.32,132.96,3.0,0.0,3.0,2014-05-26,True
7108,2975,6576,3507,494,2014-06-02,550,42.51,23382.98,550.0,0.0,550.0,2014-05-26,True
7109,2975,6577,3507,501,2014-06-02,550,5.59,3072.3,523.0,0.0,523.0,2014-05-26,True
7110,2976,6578,3508,493,2014-06-02,60,15.74,944.37,51.0,0.0,51.0,2014-05-26,True
7111,2977,6579,3509,495,2014-06-02,550,43.46,23902.73,550.0,0.0,550.0,2014-05-26,True
7112,2977,6580,3509,497,2014-06-02,550,37.62,20691.83,550.0,0.0,550.0,2014-05-26,True
7113,2977,6581,3509,503,2014-06-02,550,6.53,3592.05,550.0,0.0,550.0,2014-05-26,True
7114,2977,6582,3509,502,2014-06-02,550,6.18,3401.48,550.0,0.0,550.0,2014-05-26,True
7115,2978,6583,3510,188,2014-06-02,550,29.58,16268.18,550.0,0.0,550.0,2014-05-26,True
7116,2978,6584,3510,189,2014-06-02,550,36.1,19854.45,550.0,0.0,550.0,2014-05-26,True
7117,2978,6585,3510,190,2014-06-02,550,48.58,26720.93,550.0,0.0,550.0,2014-05-26,True
7118,2979,6586,3511,498,2014-06-02,550,32.25,17735.03,550.0,0.0,550.0,2014-05-26,True
7119,2979,6587,3511,496,2014-06-02,550,36.56,20108.55,550.0,0.0,550.0,2014-05-26,True
7120,2980,6588,3512,190,2014-06-02,550,46.42,25531.28,550.0,0.0,550.0,2014-05-26,True
7121,2981,6589,3513,175,2014-06-03,3,41.22,123.67,3.0,0.0,3.0,2014-05-27,True
7122,2981,6590,3513,176,2014-06-03,3,45.5,136.49,3.0,0.0,3.0,2014-05-27,True
7123,2981,6591,3513,177,2014-06-03,3,41.22,123.67,3.0,0.0,3.0,2014-05-27,True
7124,2981,6592,3513,178,2014-06-03,3,39.12,117.37,3.0,0.0,3.0,2014-05-27,True
7125,2982,6593,3514,184,2014-06-03,3,41.92,125.75,3.0,0.0,3.0,2014-05-27,True
7126,2983,6594,3515,248,2014-06-03,3,50.26,150.79,3.0,0.0,3.0,2014-05-27,True
7127,2984,6595,3516,168,2014-06-03,3,47.68,143.04,3.0,0.0,3.0,2014-05-27,True
7128,2984,6596,3516,169,2014-06-03,3,45.58,136.74,3.0,0.0,3.0,2014-05-27,True
7129,2985,6597,3517,126,2014-06-03,550,16.09,8847.3,550.0,0.0,550.0,2014-05-27,True
7130,2986,6598,3518,186,2014-06-03,3,57.03,171.08,3.0,0.0,3.0,2014-05-27,True
7131,2987,6599,3519,117,2014-06-03,550,37.09,20397.3,550.0,0.0,550.0,2014-05-27,True
7132,2988,6600,3520,118,2014-06-03,550,26.6,14628.08,550.0,0.0,550.0,2014-05-27,True
7133,2989,6601,3521,188,2014-06-03,550,27.06,14882.18,550.0,0.0,550.0,2014-05-27,True
7134,2989,6602,3521,189,2014-06-03,550,33.58,18468.45,550.0,0.0,550.0,2014-05-27,True
7135,2989,6603,3521,190,2014-06-03,550,46.06,25334.93,550.0,0.0,550.0,2014-05-27,True
7136,2990,6604,3522,223,2014-06-03,3,43.34,130.03,3.0,0.0,3.0,2014-05-27,True
7137,2990,6605,3522,224,2014-06-03,3,39.07,117.21,3.0,0.0,3.0,2014-05-27,True
7138,2990,6606,3522,225,2014-06-03,3,36.97,110.91,3.0,0.0,3.0,2014-05-27,True
7139,2991,6607,3523,88,2014-06-03,3,41.22,123.67,3.0,0.0,3.0,2014-05-27,True
7140,2991,6608,3523,89,2014-06-03,3,45.5,136.49,3.0,0.0,3.0,2014-05-27,True
7141,2991,6609,3523,90,2014-06-03,3,41.22,123.67,3.0,0.0,3.0,2014-05-27,True
7142,2991,6610,3523,91,2014-06-03,3,39.12,117.37,3.0,0.0,3.0,2014-05-27,True
7143,2992,6611,3524,191,2014-06-03,3,47.47,142.41,3.0,0.0,3.0,2014-05-27,True
7144,2992,6612,3524,192,2014-06-03,3,42.8,128.39,3.0,0.0,3.0,2014-05-27,True
7145,2993,6613,3525,99,2014-06-03,3,41.22,123.67,3.0,0.0,3.0,2014-05-27,True
7146,2993,6614,3525,100,2014-06-03,3,39.12,117.37,3.0,0.0,3.0,2014-05-27,True
7147,2993,6615,3525,101,2014-06-03,3,43.4,130.19,3.0,0.0,3.0,2014-05-27,True
7148,2994,6616,3526,6,2014-06-03,550,62.99,34644.23,550.0,0.0,550.0,2014-05-27,True
7149,2995,6617,3527,191,2014-06-03,3,45.37,136.11,3.0,0.0,3.0,2014-05-27,True
7150,2995,6618,3527,192,2014-06-03,3,40.49,121.46,3.0,0.0,3.0,2014-05-27,True
7151,2995,6619,3527,193,2014-06-03,60,26.37,1581.93,60.0,0.0,60.0,2014-05-27,True
7152,2996,6620,3528,121,2014-06-03,3,48.76,146.29,3.0,0.0,3.0,2014-05-27,True
7153,2997,6621,3529,156,2014-06-04,3,34.19,102.56,3.0,0.0,3.0,2014-05-28,True
7154,2998,6622,3530,194,2014-06-04,3,50.26,150.79,3.0,0.0,3.0,2014-05-28,True
7155,2999,6623,3531,119,2014-06-04,550,10.73,5902.05,550.0,0.0,550.0,2014-05-28,True
7156,2999,6624,3531,120,2014-06-04,550,14.12,7767.38,550.0,0.0,550.0,2014-05-28,True
7157,3000,6625,3532,151,2014-06-04,60,50.26,3015.81,60.0,0.0,60.0,2014-05-28,True
7158,3000,6626,3532,152,2014-06-04,60,57.15,3429.09,60.0,6.0,54.0,2014-05-28,True
7159,3000,6627,3532,153,2014-06-04,60,53.2,3192.21,60.0,0.0,60.0,2014-05-28,True
7160,3001,6628,3533,439,2014-06-04,550,30.44,16741.73,550.0,0.0,550.0,2014-05-28,True
7161,3001,6629,3533,436,2014-06-04,550,40.94,22516.73,550.0,0.0,550.0,2014-05-28,True
7162,3002,6630,3534,111,2014-06-04,60,9.2,551.88,60.0,9.0,51.0,2014-05-28,True
7163,3003,6631,3535,132,2014-06-04,550,5.78,3176.25,550.0,0.0,550.0,2014-05-28,True
7164,3004,6632,3536,112,2014-06-04,550,23.39,12866.7,550.0,550.0,0.0,2014-05-28,True
7165,3004,6633,3536,113,2014-06-04,550,27.65,15205.58,550.0,550.0,0.0,2014-05-28,True
7166,3005,6634,3537,164,2014-06-04,550,1.37,750.75,550.0,0.0,550.0,2014-05-28,True
7167,3005,6635,3537,5,2014-06-04,550,62.99,34644.23,523.0,0.0,523.0,2014-05-28,True
7168,3005,6636,3537,131,2014-06-04,550,3.49,1917.3,550.0,0.0,550.0,2014-05-28,True
7169,3006,6637,3538,162,2014-06-04,550,6.2,3407.25,468.0,0.0,468.0,2014-05-28,True
7170,3006,6638,3538,163,2014-06-04,550,1.47,808.5,550.0,0.0,550.0,2014-05-28,True
7171,3006,6639,3538,132,2014-06-04,550,6.2,3407.25,550.0,0.0,550.0,2014-05-28,True
7172,3007,6640,3539,112,2014-06-04,550,22.17,12191.03,550.0,0.0,550.0,2014-05-28,True
7173,3007,6641,3539,113,2014-06-04,550,29.28,16106.48,550.0,0.0,550.0,2014-05-28,True
7174,3008,6642,3540,150,2014-06-04,3,19.98,59.94,3.0,0.0,3.0,2014-05-28,True
7175,3009,6643,3541,207,2014-06-04,3,39.07,117.21,3.0,0.0,3.0,2014-05-28,True
7176,3009,6644,3541,208,2014-06-04,3,36.97,110.91,3.0,0.0,3.0,2014-05-28,True
7177,3009,6645,3541,170,2014-06-04,3,41.24,123.73,3.0,0.0,3.0,2014-05-28,True
7178,3009,6646,3541,158,2014-06-04,3,36.97,110.91,3.0,0.0,3.0,2014-05-28,True
7179,3009,6647,3541,159,2014-06-04,3,34.87,104.61,3.0,0.0,3.0,2014-05-28,True
7180,3010,6648,3542,9,2014-06-04,550,31.49,17319.23,550.0,0.0,550.0,2014-05-28,True
7181,3010,6649,3542,7,2014-06-04,550,48.29,26559.23,550.0,55.0,495.0,2014-05-28,True
7182,3011,6650,3543,243,2014-06-04,3,43.27,129.81,3.0,0.0,3.0,2014-05-28,True
7183,3011,6651,3543,244,2014-06-04,3,47.54,142.63,3.0,0.0,3.0,2014-05-28,True
7184,3011,6652,3543,245,2014-06-04,3,43.27,129.81,3.0,0.0,3.0,2014-05-28,True
7185,3011,6653,3543,246,2014-06-04,3,41.17,123.51,3.0,0.0,3.0,2014-05-28,True
7186,3012,6654,3544,140,2014-06-04,550,11.09,6098.4,550.0,82.0,468.0,2014-05-28,True
7187,3012,6655,3544,141,2014-06-04,550,8.76,4816.35,550.0,0.0,550.0,2014-05-28,True
7188,3013,6656,3545,211,2014-06-05,3,47.47,142.41,3.0,0.0,3.0,2014-05-29,True
7189,3014,6657,3546,115,2014-06-05,550,23.08,12693.45,550.0,0.0,550.0,2014-05-29,True
7190,3014,6658,3546,116,2014-06-05,550,29.27,16100.7,550.0,0.0,550.0,2014-05-29,True
7191,3015,6659,3547,212,2014-06-05,3,45.37,136.11,3.0,0.0,3.0,2014-05-29,True
7192,3015,6660,3547,213,2014-06-05,3,49.64,148.93,3.0,0.0,3.0,2014-05-29,True
7193,3015,6661,3547,214,2014-06-05,3,45.37,136.11,3.0,0.0,3.0,2014-05-29,True
7194,3015,6662,3547,215,2014-06-05,3,43.27,129.81,3.0,0.0,3.0,2014-05-29,True
7195,3015,6663,3547,216,2014-06-05,3,47.54,142.63,3.0,0.0,3.0,2014-05-29,True
7196,3015,6664,3547,217,2014-06-05,3,43.27,129.81,3.0,0.0,3.0,2014-05-29,True
7197,3015,6665,3547,218,2014-06-05,3,41.17,123.51,3.0,0.0,3.0,2014-05-29,True
7198,3015,6666,3547,442,2014-06-05,550,21.09,11601.98,550.0,0.0,550.0,2014-05-29,True
7199,3015,6667,3547,439,2014-06-05,550,30.44,16741.73,550.0,0.0,550.0,2014-05-29,True
7200,3015,6668,3547,436,2014-06-05,550,40.94,22516.73,550.0,0.0,550.0,2014-05-29,True
7201,3016,6669,3548,109,2014-06-05,550,2.32,1276.28,468.0,0.0,468.0,2014-05-29,True
7202,3017,6670,3549,122,2014-06-05,550,3.64,2003.93,550.0,0.0,550.0,2014-05-29,True
7203,3018,6671,3550,440,2014-06-05,550,21.09,11601.98,550.0,0.0,550.0,2014-05-29,True
7204,3018,6672,3550,437,2014-06-05,550,30.44,16741.73,550.0,0.0,550.0,2014-05-29,True
7205,3018,6673,3550,435,2014-06-05,550,40.94,22516.73,550.0,0.0,550.0,2014-05-29,True
7206,3019,6674,3551,165,2014-06-05,60,3.6,216.09,60.0,0.0,60.0,2014-05-29,True
7207,3019,6675,3551,166,2014-06-05,60,3.98,238.77,60.0,0.0,60.0,2014-05-29,True
7208,3020,6676,3552,9,2014-06-05,550,31.49,17319.23,550.0,0.0,550.0,2014-05-29,True
7209,3020,6677,3552,7,2014-06-05,550,48.29,26559.23,550.0,55.0,495.0,2014-05-29,True
7210,3021,6678,3553,120,2014-06-05,550,12.97,7132.13,550.0,0.0,550.0,2014-05-29,True
7211,3022,6679,3554,441,2014-06-05,550,21.09,11601.98,550.0,82.0,468.0,2014-05-29,True
7212,3022,6680,3554,438,2014-06-05,550,30.44,16741.73,550.0,0.0,550.0,2014-05-29,True
7213,3023,6681,3555,434,2014-06-05,550,40.94,22516.73,550.0,0.0,550.0,2014-05-29,True
7214,3024,6682,3556,4,2014-06-05,550,62.99,34644.23,550.0,0.0,550.0,2014-05-29,True
7215,3025,6683,3557,78,2014-06-05,3,43.32,129.97,3.0,0.0,3.0,2014-05-29,True
7216,3025,6684,3557,79,2014-06-05,3,47.6,142.79,3.0,0.0,3.0,2014-05-29,True
7217,3025,6685,3557,80,2014-06-05,3,43.32,129.97,3.0,0.0,3.0,2014-05-29,True
7218,3025,6686,3557,81,2014-06-05,3,41.22,123.67,3.0,0.0,3.0,2014-05-29,True
7219,3025,6687,3557,82,2014-06-05,3,45.5,136.49,3.0,0.0,3.0,2014-05-29,True
7220,3025,6688,3557,83,2014-06-05,3,41.22,123.67,3.0,0.0,3.0,2014-05-29,True
7221,3025,6689,3557,84,2014-06-05,3,39.12,117.37,3.0,0.0,3.0,2014-05-29,True
7222,3025,6690,3557,145,2014-06-05,3,43.4,130.19,3.0,0.0,3.0,2014-05-29,True
7223,3025,6691,3557,134,2014-06-05,3,39.12,117.37,3.0,0.0,3.0,2014-05-29,True
7224,3026,6692,3558,73,2014-06-05,3,47.68,143.04,3.0,0.0,3.0,2014-05-29,True
7225,3027,6693,3559,115,2014-06-05,550,23.4,12872.48,550.0,0.0,550.0,2014-05-29,True
7226,3027,6694,3559,116,2014-06-05,550,27.87,15326.85,550.0,0.0,550.0,2014-05-29,True
7227,3028,6695,3560,123,2014-06-05,550,6.75,3713.33,550.0,0.0,550.0,2014-05-29,True
7228,3029,6696,3561,10,2014-06-06,550,31.49,17319.23,550.0,0.0,550.0,2014-05-30,True
7229,3029,6697,3561,8,2014-06-06,550,48.29,26559.23,550.0,0.0,550.0,2014-05-30,True
7230,3029,6698,3561,114,2014-06-06,550,36.28,19952.63,550.0,0.0,550.0,2014-05-30,True
7231,3030,6699,3562,151,2014-06-06,60,50.75,3044.79,60.0,0.0,60.0,2014-05-30,True
7232,3030,6700,3562,152,2014-06-06,60,58.26,3495.87,60.0,6.0,54.0,2014-05-30,True
7233,3030,6701,3562,153,2014-06-06,60,50.75,3044.79,60.0,0.0,60.0,2014-05-30,True
7234,3031,6702,3563,119,2014-06-06,550,10.38,5711.48,550.0,0.0,550.0,2014-05-30,True
7235,3032,6703,3564,86,2014-06-06,3,47.75,143.26,3.0,0.0,3.0,2014-05-30,True
7236,3032,6704,3564,87,2014-06-06,3,43.48,130.44,3.0,0.0,3.0,2014-05-30,True
7237,3033,6705,3565,149,2014-06-06,3,12.72,38.15,3.0,0.0,3.0,2014-05-30,True
7238,3033,6706,3565,150,2014-06-06,3,19.94,59.82,3.0,0.0,3.0,2014-05-30,True
7239,3034,6707,3566,124,2014-06-06,3,38.16,114.47,3.0,0.0,3.0,2014-05-30,True
7240,3035,6708,3567,110,2014-06-06,3,44.22,132.65,3.0,0.0,3.0,2014-05-30,True
7241,3036,6709,3568,10,2014-06-06,550,31.49,17319.23,468.0,0.0,468.0,2014-05-30,True
7242,3036,6710,3568,8,2014-06-06,550,48.29,26559.23,550.0,0.0,550.0,2014-05-30,True
7243,3037,6711,3569,167,2014-06-06,60,6.98,418.95,60.0,0.0,60.0,2014-05-30,True
7244,3038,6712,3570,97,2014-06-06,3,39.28,117.84,3.0,0.0,3.0,2014-05-30,True
7245,3038,6713,3570,62,2014-06-06,3,37.18,111.54,3.0,0.0,3.0,2014-05-30,True
7246,3038,6714,3570,69,2014-06-06,3,41.45,124.36,3.0,0.0,3.0,2014-05-30,True
7247,3038,6715,3570,68,2014-06-06,3,37.18,111.54,3.0,0.0,3.0,2014-05-30,True
7248,3038,6716,3570,67,2014-06-06,3,47.52,142.57,3.0,0.0,3.0,2014-05-30,True
7249,3039,6717,3571,165,2014-06-06,60,3.38,202.86,60.0,0.0,60.0,2014-05-30,True
7250,3039,6718,3571,166,2014-06-06,60,4.32,258.93,60.0,0.0,60.0,2014-05-30,True
7251,3040,6719,3572,247,2014-06-06,3,47.49,142.47,3.0,0.0,3.0,2014-05-30,True
7252,3040,6720,3572,235,2014-06-06,3,43.27,129.81,3.0,0.0,3.0,2014-05-30,True
7253,3040,6721,3572,249,2014-06-06,3,47.54,142.63,3.0,0.0,3.0,2014-05-30,True
7254,3041,6722,3573,149,2014-06-06,3,12.36,37.08,3.0,0.0,3.0,2014-05-30,True
7255,3042,6723,3574,118,2014-06-06,550,39.2,21558.08,550.0,82.0,468.0,2014-05-30,True
7256,3043,6724,3575,214,2014-06-06,3,39.07,117.21,3.0,0.0,3.0,2014-05-30,True
7257,3043,6725,3575,215,2014-06-06,3,43.34,130.03,3.0,0.0,3.0,2014-05-30,True
7258,3043,6726,3575,216,2014-06-06,3,39.07,117.21,3.0,0.0,3.0,2014-05-30,True
7259,3044,6727,3576,500,2014-06-06,550,34.87,19178.78,550.0,0.0,550.0,2014-05-30,True
7260,3044,6728,3576,499,2014-06-06,550,39.76,21869.93,550.0,0.0,550.0,2014-05-30,True
7261,3045,6729,3577,96,2014-06-07,3,37.18,111.54,3.0,0.0,3.0,2014-05-31,True
7262,3046,6730,3578,158,2014-06-07,3,43.38,130.13,3.0,0.0,3.0,2014-05-31,True
7263,3046,6731,3578,159,2014-06-07,3,41.28,123.83,3.0,0.0,3.0,2014-05-31,True
7264,3046,6732,3578,160,2014-06-07,3,45.55,136.65,3.0,0.0,3.0,2014-05-31,True
7265,3047,6733,3579,500,2014-06-07,550,34.35,18890.03,550.0,0.0,550.0,2014-05-31,True
7266,3047,6734,3579,499,2014-06-07,550,39.24,21581.18,550.0,0.0,550.0,2014-05-31,True
7267,3048,6735,3580,160,2014-06-07,3,45.44,136.33,3.0,0.0,3.0,2014-05-31,True
7268,3049,6736,3581,498,2014-06-07,550,32.77,18023.78,550.0,0.0,550.0,2014-05-31,True
7269,3049,6737,3581,496,2014-06-07,550,37.09,20397.3,550.0,0.0,550.0,2014-05-31,True
7270,3049,6738,3581,494,2014-06-07,550,43.04,23671.73,550.0,0.0,550.0,2014-05-31,True
7271,3050,6739,3582,203,2014-06-07,550,10.82,5948.25,550.0,0.0,550.0,2014-05-31,True
7272,3051,6740,3583,447,2014-06-07,550,82.83,45558.98,550.0,0.0,550.0,2014-05-31,True
7273,3051,6741,3583,446,2014-06-07,550,82.83,45558.98,550.0,0.0,550.0,2014-05-31,True
7274,3052,6742,3584,183,2014-06-07,1250,0.21,262.5,1250.0,187.0,1063.0,2014-05-31,True
7275,3052,6743,3584,197,2014-06-07,1250,0.21,262.5,1250.0,0.0,1250.0,2014-05-31,True
7276,3053,6744,3585,193,2014-06-07,60,28.7,1721.79,60.0,0.0,60.0,2014-05-31,True
7277,3054,6745,3586,494,2014-06-07,550,42.51,23382.98,550.0,0.0,550.0,2014-05-31,True
7278,3054,6746,3586,501,2014-06-07,550,5.59,3072.3,550.0,0.0,550.0,2014-05-31,True
7279,3055,6747,3587,493,2014-06-07,60,15.74,944.37,60.0,0.0,60.0,2014-05-31,True
7280,3056,6748,3588,495,2014-06-07,550,43.46,23902.73,468.0,0.0,468.0,2014-05-31,True
7281,3056,6749,3588,497,2014-06-07,550,37.62,20691.83,550.0,0.0,550.0,2014-05-31,True
7282,3056,6750,3588,503,2014-06-07,550,6.53,3592.05,550.0,0.0,550.0,2014-05-31,True
7283,3056,6751,3588,502,2014-06-07,550,6.18,3401.48,550.0,0.0,550.0,2014-05-31,True
7284,3057,6752,3589,188,2014-06-07,550,29.58,16268.18,550.0,0.0,550.0,2014-05-31,True
7285,3057,6753,3589,189,2014-06-07,550,36.1,19854.45,550.0,0.0,550.0,2014-05-31,True
7286,3057,6754,3589,190,2014-06-07,550,48.58,26720.93,550.0,0.0,550.0,2014-05-31,True
7287,3058,6755,3590,498,2014-06-07,550,32.25,17735.03,550.0,0.0,550.0,2014-05-31,True
7288,3058,6756,3590,496,2014-06-07,550,36.56,20108.55,550.0,0.0,550.0,2014-05-31,True
7289,3059,6757,3591,190,2014-06-07,550,46.42,25531.28,550.0,0.0,550.0,2014-05-31,True
7290,3060,6758,3592,179,2014-06-07,3,43.4,130.19,3.0,0.0,3.0,2014-05-31,True
7291,3060,6759,3592,180,2014-06-07,3,39.12,117.37,3.0,0.0,3.0,2014-05-31,True
7292,3060,6760,3592,181,2014-06-07,3,37.02,111.07,3.0,0.0,3.0,2014-05-31,True
7293,3061,6761,3593,184,2014-06-09,3,41.92,125.75,3.0,0.0,3.0,2014-06-02,True
7294,3062,6762,3594,248,2014-06-09,3,50.26,150.79,3.0,0.0,3.0,2014-06-02,True
7295,3063,6763,3595,157,2014-06-09,3,49.85,149.56,3.0,0.0,3.0,2014-06-02,True
7296,3063,6764,3595,171,2014-06-09,3,45.58,136.74,3.0,0.0,3.0,2014-06-02,True
7297,3063,6765,3595,172,2014-06-09,3,43.48,130.44,3.0,0.0,3.0,2014-06-02,True
7298,3064,6766,3596,126,2014-06-09,550,16.09,8847.3,550.0,0.0,550.0,2014-06-02,True
7299,3065,6767,3597,186,2014-06-09,3,57.03,171.08,3.0,0.0,3.0,2014-06-02,True
7300,3066,6768,3598,117,2014-06-09,550,37.09,20397.3,468.0,0.0,468.0,2014-06-02,True
7301,3067,6769,3599,118,2014-06-09,550,26.6,14628.08,550.0,0.0,550.0,2014-06-02,True
7302,3068,6770,3600,188,2014-06-09,550,27.06,14882.18,550.0,0.0,550.0,2014-06-02,True
7303,3068,6771,3600,189,2014-06-09,550,33.58,18468.45,550.0,0.0,550.0,2014-06-02,True
7304,3068,6772,3600,190,2014-06-09,550,46.06,25334.93,550.0,0.0,550.0,2014-06-02,True
7305,3069,6773,3601,226,2014-06-09,3,41.24,123.73,3.0,0.0,3.0,2014-06-02,True
7306,3069,6774,3601,227,2014-06-09,3,36.97,110.91,3.0,0.0,3.0,2014-06-02,True
7307,3069,6775,3601,228,2014-06-09,3,34.87,104.61,3.0,0.0,3.0,2014-06-02,True
7308,3069,6776,3601,229,2014-06-09,3,39.14,117.43,3.0,0.0,3.0,2014-06-02,True
7309,3069,6777,3601,230,2014-06-09,3,47.58,142.73,3.0,0.0,3.0,2014-06-02,True
7310,3070,6778,3602,92,2014-06-09,3,43.4,130.19,3.0,0.0,3.0,2014-06-02,True
7311,3070,6779,3602,93,2014-06-09,3,39.12,117.37,3.0,0.0,3.0,2014-06-02,True
7312,3070,6780,3602,94,2014-06-09,3,37.02,111.07,3.0,0.0,3.0,2014-06-02,True
7313,3071,6781,3603,193,2014-06-09,60,25.42,1525.23,60.0,0.0,60.0,2014-06-02,True
7314,3072,6782,3604,102,2014-06-09,3,39.12,117.37,3.0,0.0,3.0,2014-06-02,True
7315,3072,6783,3604,103,2014-06-09,3,37.02,111.07,3.0,0.0,3.0,2014-06-02,True
7316,3073,6784,3605,6,2014-06-09,550,62.99,34644.23,550.0,0.0,550.0,2014-06-02,True
7317,3074,6785,3606,191,2014-06-09,3,45.37,136.11,3.0,0.0,3.0,2014-06-02,True
7318,3074,6786,3606,192,2014-06-09,3,40.49,121.46,3.0,0.0,3.0,2014-06-02,True
7319,3075,6787,3607,121,2014-06-09,3,48.76,146.29,3.0,0.0,3.0,2014-06-02,True
7320,3076,6788,3608,156,2014-06-09,3,34.19,102.56,3.0,0.0,3.0,2014-06-02,True
7321,3077,6789,3609,194,2014-06-10,3,50.26,150.79,3.0,0.0,3.0,2014-06-03,True
7322,3078,6790,3610,119,2014-06-10,550,10.73,5902.05,550.0,0.0,550.0,2014-06-03,True
7323,3078,6791,3610,120,2014-06-10,550,14.12,7767.38,550.0,0.0,550.0,2014-06-03,True
7324,3079,6792,3611,154,2014-06-10,60,63.69,3821.58,60.0,0.0,60.0,2014-06-03,True
7325,3079,6793,3611,155,2014-06-10,60,48.91,2934.54,60.0,0.0,60.0,2014-06-03,True
7326,3080,6794,3612,440,2014-06-10,550,21.09,11601.98,550.0,0.0,550.0,2014-06-03,True
7327,3080,6795,3612,437,2014-06-10,550,30.44,16741.73,550.0,55.0,495.0,2014-06-03,True
7328,3080,6796,3612,434,2014-06-10,550,40.94,22516.73,550.0,0.0,550.0,2014-06-03,True
7329,3081,6797,3613,111,2014-06-10,60,9.2,551.88,60.0,0.0,60.0,2014-06-03,True
7330,3082,6798,3614,162,2014-06-10,550,5.78,3176.25,550.0,82.0,468.0,2014-06-03,True
7331,3082,6799,3614,163,2014-06-10,550,1.16,635.25,550.0,0.0,550.0,2014-06-03,True
7332,3083,6800,3615,112,2014-06-10,550,23.39,12866.7,550.0,0.0,550.0,2014-06-03,True
7333,3083,6801,3615,113,2014-06-10,550,27.65,15205.58,550.0,0.0,550.0,2014-06-03,True
7334,3084,6802,3616,164,2014-06-10,550,1.37,750.75,550.0,0.0,550.0,2014-06-03,True
7335,3084,6803,3616,5,2014-06-10,550,62.99,34644.23,550.0,0.0,550.0,2014-06-03,True
7336,3085,6804,3617,162,2014-06-10,550,6.2,3407.25,550.0,0.0,550.0,2014-06-03,True
7337,3085,6805,3617,163,2014-06-10,550,1.47,808.5,523.0,0.0,523.0,2014-06-03,True
7338,3085,6806,3617,132,2014-06-10,550,6.2,3407.25,550.0,0.0,550.0,2014-06-03,True
7339,3086,6807,3618,112,2014-06-10,550,22.17,12191.03,468.0,0.0,468.0,2014-06-03,True
7340,3086,6808,3618,113,2014-06-10,550,29.28,16106.48,550.0,0.0,550.0,2014-06-03,True
7341,3087,6809,3619,150,2014-06-10,3,19.98,59.94,3.0,0.0,3.0,2014-06-03,True
7342,3088,6810,3620,160,2014-06-10,3,39.14,117.43,3.0,0.0,3.0,2014-06-03,True
7343,3089,6811,3621,9,2014-06-10,550,31.49,17319.23,550.0,0.0,550.0,2014-06-03,True
7344,3089,6812,3621,7,2014-06-10,550,48.29,26559.23,550.0,0.0,550.0,2014-06-03,True
7345,3090,6813,3622,247,2014-06-10,3,45.44,136.33,3.0,0.0,3.0,2014-06-03,True
7346,3090,6814,3622,235,2014-06-10,3,41.17,123.51,3.0,0.0,3.0,2014-06-03,True
7347,3090,6815,3622,249,2014-06-10,3,39.07,117.21,3.0,0.0,3.0,2014-06-03,True
7348,3091,6816,3623,142,2014-06-10,550,9.69,5330.33,550.0,0.0,550.0,2014-06-03,True
7349,3091,6817,3623,143,2014-06-10,550,6.88,3782.63,550.0,0.0,550.0,2014-06-03,True
7350,3091,6818,3623,144,2014-06-10,550,7.8,4290.83,550.0,27.0,523.0,2014-06-03,True
7351,3091,6819,3623,133,2014-06-10,550,8.76,4816.35,550.0,0.0,550.0,2014-06-03,True
7352,3092,6820,3624,211,2014-06-10,3,47.47,142.41,3.0,0.0,3.0,2014-06-03,True
7353,3093,6821,3625,117,2014-06-11,550,34.98,19236.53,550.0,0.0,550.0,2014-06-04,True
7354,3094,6822,3626,212,2014-06-11,3,45.37,136.11,3.0,0.0,3.0,2014-06-04,True
7355,3094,6823,3626,213,2014-06-11,3,49.64,148.93,3.0,0.0,3.0,2014-06-04,True
7356,3095,6824,3627,109,2014-06-11,550,2.32,1276.28,550.0,0.0,550.0,2014-06-04,True
7357,3096,6825,3628,122,2014-06-11,550,3.64,2003.93,468.0,0.0,468.0,2014-06-04,True
7358,3097,6826,3629,440,2014-06-11,550,21.09,11601.98,550.0,0.0,550.0,2014-06-04,True
7359,3097,6827,3629,437,2014-06-11,550,30.44,16741.73,550.0,0.0,550.0,2014-06-04,True
7360,3097,6828,3629,435,2014-06-11,550,40.94,22516.73,550.0,0.0,550.0,2014-06-04,True
7361,3098,6829,3630,165,2014-06-11,60,3.6,216.09,60.0,0.0,60.0,2014-06-04,True
7362,3098,6830,3630,166,2014-06-11,60,3.98,238.77,60.0,0.0,60.0,2014-06-04,True
7363,3099,6831,3631,9,2014-06-11,550,31.49,17319.23,550.0,0.0,550.0,2014-06-04,True
7364,3099,6832,3631,7,2014-06-11,550,48.29,26559.23,550.0,0.0,550.0,2014-06-04,True
7365,3100,6833,3632,120,2014-06-11,550,12.97,7132.13,550.0,0.0,550.0,2014-06-04,True
7366,3101,6834,3633,441,2014-06-11,550,21.09,11601.98,550.0,0.0,550.0,2014-06-04,True
7367,3101,6835,3633,438,2014-06-11,550,30.44,16741.73,550.0,0.0,550.0,2014-06-04,True
7368,3102,6836,3634,434,2014-06-11,550,40.94,22516.73,550.0,82.0,468.0,2014-06-04,True
7369,3103,6837,3635,4,2014-06-11,550,62.99,34644.23,550.0,0.0,550.0,2014-06-04,True
7370,3104,6838,3636,74,2014-06-11,3,47.52,142.57,3.0,3.0,0.0,2014-06-04,True
7371,3104,6839,3636,75,2014-06-11,3,45.42,136.27,3.0,3.0,0.0,2014-06-04,True
7372,3105,6840,3637,73,2014-06-11,3,47.68,143.04,3.0,0.0,3.0,2014-06-04,True
7373,3106,6841,3638,115,2014-06-11,550,23.4,12872.48,468.0,0.0,468.0,2014-06-04,True
7374,3106,6842,3638,116,2014-06-11,550,27.87,15326.85,550.0,0.0,550.0,2014-06-04,True
7375,3107,6843,3639,123,2014-06-11,550,6.75,3713.33,550.0,0.0,550.0,2014-06-04,True
7376,3108,6844,3640,10,2014-06-11,550,31.49,17319.23,550.0,0.0,550.0,2014-06-04,True
7377,3108,6845,3640,8,2014-06-11,550,48.29,26559.23,550.0,0.0,550.0,2014-06-04,True
7378,3108,6846,3640,114,2014-06-11,550,36.28,19952.63,550.0,0.0,550.0,2014-06-04,True
7379,3109,6847,3641,154,2014-06-12,60,62.93,3775.59,60.0,0.0,60.0,2014-06-05,True
7380,3109,6848,3641,155,2014-06-12,60,49.65,2979.27,60.0,0.0,60.0,2014-06-05,True
7381,3110,6849,3642,119,2014-06-12,550,10.38,5711.48,550.0,0.0,550.0,2014-06-05,True
7382,3111,6850,3643,88,2014-06-12,3,41.38,124.14,3.0,0.0,3.0,2014-06-05,True
7383,3111,6851,3643,89,2014-06-12,3,45.65,136.96,3.0,0.0,3.0,2014-06-05,True
7384,3111,6852,3643,90,2014-06-12,3,41.38,124.14,3.0,0.0,3.0,2014-06-05,True
7385,3111,6853,3643,91,2014-06-12,3,39.28,117.84,3.0,0.0,3.0,2014-06-05,True
7386,3112,6854,3644,149,2014-06-12,3,12.72,38.15,3.0,0.0,3.0,2014-06-05,True
7387,3112,6855,3644,150,2014-06-12,3,19.94,59.82,3.0,0.0,3.0,2014-06-05,True
7388,3113,6856,3645,124,2014-06-12,3,38.16,114.47,3.0,0.0,3.0,2014-06-05,True
7389,3114,6857,3646,110,2014-06-12,3,44.22,132.65,3.0,0.0,3.0,2014-06-05,True
7390,3115,6858,3647,10,2014-06-12,550,31.49,17319.23,550.0,0.0,550.0,2014-06-05,True
7391,3115,6859,3647,8,2014-06-12,550,48.29,26559.23,523.0,0.0,523.0,2014-06-05,True
7392,3116,6860,3648,167,2014-06-12,60,6.98,418.95,51.0,0.0,51.0,2014-06-05,True
7393,3117,6861,3649,66,2014-06-12,3,45.42,136.27,3.0,0.0,3.0,2014-06-05,True
7394,3117,6862,3649,65,2014-06-12,3,49.7,149.09,3.0,0.0,3.0,2014-06-05,True
7395,3117,6863,3649,64,2014-06-12,3,45.42,136.27,3.0,0.0,3.0,2014-06-05,True
7396,3117,6864,3649,63,2014-06-12,3,43.32,129.97,3.0,0.0,3.0,2014-06-05,True
7397,3117,6865,3649,61,2014-06-12,3,47.6,142.79,3.0,0.0,3.0,2014-06-05,True
7398,3117,6866,3649,71,2014-06-12,3,43.32,129.97,3.0,0.0,3.0,2014-06-05,True
7399,3118,6867,3650,165,2014-06-12,60,3.38,202.86,60.0,0.0,60.0,2014-06-05,True
7400,3118,6868,3650,166,2014-06-12,60,4.32,258.93,60.0,0.0,60.0,2014-06-05,True
7401,3119,6869,3651,250,2014-06-12,3,43.27,129.81,3.0,0.0,3.0,2014-06-05,True
7402,3119,6870,3651,251,2014-06-12,3,41.17,123.51,3.0,0.0,3.0,2014-06-05,True
7403,3119,6871,3651,252,2014-06-12,3,45.44,136.33,3.0,0.0,3.0,2014-06-05,True
7404,3119,6872,3651,253,2014-06-12,3,41.17,123.51,3.0,0.0,3.0,2014-06-05,True
7405,3119,6873,3651,254,2014-06-12,3,39.07,117.21,3.0,0.0,3.0,2014-06-05,True
7406,3120,6874,3652,149,2014-06-12,3,12.36,37.08,3.0,0.0,3.0,2014-06-05,True
7407,3121,6875,3653,118,2014-06-12,550,39.2,21558.08,550.0,0.0,550.0,2014-06-05,True
7408,3122,6876,3654,217,2014-06-12,3,36.97,110.91,3.0,0.0,3.0,2014-06-05,True
7409,3122,6877,3654,218,2014-06-12,3,41.24,123.73,3.0,0.0,3.0,2014-06-05,True
7410,3123,6878,3655,495,2014-06-12,550,43.98,24191.48,550.0,0.0,550.0,2014-06-05,True
7411,3123,6879,3655,497,2014-06-12,550,38.15,20980.58,550.0,0.0,550.0,2014-06-05,True
7412,3124,6880,3656,231,2014-06-12,3,47.68,143.04,3.0,0.0,3.0,2014-06-05,True
7413,3124,6881,3656,232,2014-06-12,3,45.58,136.74,3.0,0.0,3.0,2014-06-05,True
7414,3125,6882,3657,204,2014-06-13,3,47.58,142.73,3.0,0.0,3.0,2014-06-06,True
7415,3125,6883,3657,205,2014-06-13,3,45.48,136.43,3.0,0.0,3.0,2014-06-06,True
7416,3125,6884,3657,206,2014-06-13,3,49.75,149.25,3.0,0.0,3.0,2014-06-06,True
7417,3125,6885,3657,207,2014-06-13,3,45.48,136.43,3.0,0.0,3.0,2014-06-06,True
7418,3125,6886,3657,208,2014-06-13,3,43.38,130.13,3.0,0.0,3.0,2014-06-06,True
7419,3125,6887,3657,170,2014-06-13,3,47.65,142.95,3.0,0.0,3.0,2014-06-06,True
7420,3125,6888,3657,158,2014-06-13,3,43.38,130.13,3.0,0.0,3.0,2014-06-06,True
7421,3125,6889,3657,159,2014-06-13,3,41.28,123.83,3.0,0.0,3.0,2014-06-06,True
7422,3125,6890,3657,160,2014-06-13,3,45.55,136.65,3.0,0.0,3.0,2014-06-06,True
7423,3126,6891,3658,500,2014-06-13,550,34.35,18890.03,468.0,0.0,468.0,2014-06-06,True
7424,3126,6892,3658,499,2014-06-13,550,39.24,21581.18,550.0,0.0,550.0,2014-06-06,True
7425,3127,6893,3659,204,2014-06-13,3,47.47,142.41,3.0,0.0,3.0,2014-06-06,True
7426,3127,6894,3659,205,2014-06-13,3,45.37,136.11,3.0,0.0,3.0,2014-06-06,True
7427,3127,6895,3659,206,2014-06-13,3,49.64,148.93,3.0,0.0,3.0,2014-06-06,True
7428,3127,6896,3659,207,2014-06-13,3,45.37,136.11,3.0,0.0,3.0,2014-06-06,True
7429,3127,6897,3659,208,2014-06-13,3,43.27,129.81,3.0,0.0,3.0,2014-06-06,True
7430,3127,6898,3659,170,2014-06-13,3,47.54,142.63,3.0,0.0,3.0,2014-06-06,True
7431,3128,6899,3660,498,2014-06-13,550,32.77,18023.78,550.0,0.0,550.0,2014-06-06,True
7432,3128,6900,3660,496,2014-06-13,550,37.09,20397.3,550.0,0.0,550.0,2014-06-06,True
7433,3128,6901,3660,494,2014-06-13,550,43.04,23671.73,550.0,0.0,550.0,2014-06-06,True
7434,3129,6902,3661,203,2014-06-13,550,10.82,5948.25,550.0,0.0,550.0,2014-06-06,True
7435,3130,6903,3662,447,2014-06-13,550,82.83,45558.98,550.0,0.0,550.0,2014-06-06,True
7436,3130,6904,3662,446,2014-06-13,550,82.83,45558.98,550.0,55.0,495.0,2014-06-06,True
7437,3131,6905,3663,183,2014-06-13,1250,0.21,262.5,1250.0,0.0,1250.0,2014-06-06,True
7438,3131,6906,3663,197,2014-06-13,1250,0.21,262.5,1250.0,0.0,1250.0,2014-06-06,True
7439,3132,6907,3664,191,2014-06-13,3,49.64,148.93,3.0,0.0,3.0,2014-06-06,True
7440,3132,6908,3664,192,2014-06-13,3,44.32,132.96,3.0,0.0,3.0,2014-06-06,True
7441,3133,6909,3665,494,2014-06-13,550,42.51,23382.98,550.0,0.0,550.0,2014-06-06,True
7442,3133,6910,3665,501,2014-06-13,550,5.59,3072.3,550.0,0.0,550.0,2014-06-06,True
7443,3134,6911,3666,493,2014-06-13,60,15.74,944.37,60.0,0.0,60.0,2014-06-06,True
7444,3135,6912,3667,495,2014-06-13,550,43.46,23902.73,550.0,0.0,550.0,2014-06-06,True
7445,3135,6913,3667,497,2014-06-13,550,37.62,20691.83,523.0,0.0,523.0,2014-06-06,True
7446,3135,6914,3667,503,2014-06-13,550,6.53,3592.05,550.0,0.0,550.0,2014-06-06,True
7447,3135,6915,3667,502,2014-06-13,550,6.18,3401.48,550.0,0.0,550.0,2014-06-06,True
7448,3136,6916,3668,188,2014-06-13,550,29.58,16268.18,468.0,0.0,468.0,2014-06-06,True
7449,3136,6917,3668,189,2014-06-13,550,36.1,19854.45,550.0,0.0,550.0,2014-06-06,True
7450,3136,6918,3668,190,2014-06-13,550,48.58,26720.93,550.0,0.0,550.0,2014-06-06,True
7451,3137,6919,3669,498,2014-06-13,550,32.25,17735.03,550.0,0.0,550.0,2014-06-06,True
7452,3137,6920,3669,496,2014-06-13,550,36.56,20108.55,550.0,0.0,550.0,2014-06-06,True
7453,3138,6921,3670,190,2014-06-13,550,46.42,25531.28,550.0,0.0,550.0,2014-06-06,True
7454,3139,6922,3671,182,2014-06-13,3,41.3,123.89,3.0,0.0,3.0,2014-06-06,True
7455,3139,6923,3671,196,2014-06-13,3,37.02,111.07,3.0,0.0,3.0,2014-06-06,True
7456,3140,6924,3672,184,2014-06-13,3,41.92,125.75,3.0,0.0,3.0,2014-06-06,True
7457,3141,6925,3673,248,2014-06-14,3,50.26,150.79,3.0,0.0,3.0,2014-06-07,True
7458,3142,6926,3674,173,2014-06-14,3,47.75,143.26,3.0,0.0,3.0,2014-06-07,True
7459,3142,6927,3674,174,2014-06-14,3,43.48,130.44,3.0,0.0,3.0,2014-06-07,True
7460,3143,6928,3675,126,2014-06-14,550,16.09,8847.3,550.0,0.0,550.0,2014-06-07,True
7461,3144,6929,3676,186,2014-06-14,3,57.03,171.08,3.0,0.0,3.0,2014-06-07,True
7462,3145,6930,3677,117,2014-06-16,550,37.09,20397.3,550.0,0.0,550.0,2014-06-09,True
7463,3146,6931,3678,118,2014-06-16,550,26.6,14628.08,468.0,0.0,468.0,2014-06-09,True
7464,3147,6932,3679,188,2014-06-16,550,27.06,14882.18,550.0,0.0,550.0,2014-06-09,True
7465,3147,6933,3679,189,2014-06-16,550,33.58,18468.45,550.0,0.0,550.0,2014-06-09,True
7466,3147,6934,3679,190,2014-06-16,550,46.06,25334.93,550.0,0.0,550.0,2014-06-09,True
7467,3148,6935,3680,212,2014-06-16,3,47.47,142.41,3.0,0.0,3.0,2014-06-09,True
7468,3148,6936,3680,213,2014-06-16,3,45.37,136.11,3.0,0.0,3.0,2014-06-09,True
7469,3148,6937,3680,214,2014-06-16,3,49.64,148.93,3.0,0.0,3.0,2014-06-09,True
7470,3148,6938,3680,215,2014-06-16,3,45.37,136.11,3.0,0.0,3.0,2014-06-09,True
7471,3148,6939,3680,216,2014-06-16,3,43.27,129.81,3.0,0.0,3.0,2014-06-09,True
7472,3149,6940,3681,95,2014-06-16,3,41.3,123.89,3.0,0.0,3.0,2014-06-09,True
7473,3149,6941,3681,96,2014-06-16,3,37.02,111.07,3.0,0.0,3.0,2014-06-09,True
7474,3150,6942,3682,191,2014-06-16,3,47.47,142.41,3.0,0.0,3.0,2014-06-09,True
7475,3150,6943,3682,192,2014-06-16,3,42.8,128.39,3.0,0.0,3.0,2014-06-09,True
7476,3150,6944,3682,193,2014-06-16,60,25.42,1525.23,60.0,0.0,60.0,2014-06-09,True
7477,3151,6945,3683,70,2014-06-16,3,41.3,123.89,3.0,0.0,3.0,2014-06-09,True
7478,3151,6946,3683,105,2014-06-16,3,37.02,111.07,3.0,0.0,3.0,2014-06-09,True
7479,3151,6947,3683,106,2014-06-16,3,47.68,143.04,3.0,0.0,3.0,2014-06-09,True
7480,3151,6948,3683,107,2014-06-16,3,45.58,136.74,3.0,0.0,3.0,2014-06-09,True
7481,3152,6949,3684,6,2014-06-16,550,62.99,34644.23,550.0,82.0,468.0,2014-06-09,True
7482,3153,6950,3685,193,2014-06-16,60,26.37,1581.93,60.0,0.0,60.0,2014-06-09,True
7483,3154,6951,3686,121,2014-06-16,3,48.76,146.29,3.0,0.0,3.0,2014-06-09,True
7484,3155,6952,3687,156,2014-06-16,3,34.19,102.56,3.0,0.0,3.0,2014-06-09,True
7485,3156,6953,3688,194,2014-06-16,3,50.26,150.79,3.0,0.0,3.0,2014-06-09,True
7486,3157,6954,3689,119,2014-06-16,550,10.73,5902.05,550.0,0.0,550.0,2014-06-09,True
7487,3157,6955,3689,120,2014-06-16,550,14.12,7767.38,550.0,0.0,550.0,2014-06-09,True
7488,3158,6956,3690,151,2014-06-16,60,50.26,3015.81,60.0,0.0,60.0,2014-06-09,True
7489,3158,6957,3690,152,2014-06-16,60,57.15,3429.09,60.0,0.0,60.0,2014-06-09,True
7490,3158,6958,3690,153,2014-06-16,60,53.2,3192.21,60.0,0.0,60.0,2014-06-09,True
7491,3158,6959,3690,154,2014-06-16,60,63.69,3821.58,60.0,0.0,60.0,2014-06-09,True
7492,3158,6960,3690,155,2014-06-16,60,48.91,2934.54,60.0,0.0,60.0,2014-06-09,True
7493,3159,6961,3691,441,2014-06-16,550,21.09,11601.98,550.0,0.0,550.0,2014-06-09,True
7494,3159,6962,3691,438,2014-06-16,550,30.44,16741.73,550.0,0.0,550.0,2014-06-09,True
7495,3159,6963,3691,435,2014-06-16,550,40.94,22516.73,550.0,0.0,550.0,2014-06-09,True
7496,3159,6964,3691,442,2014-06-16,550,21.09,11601.98,550.0,0.0,550.0,2014-06-09,True
7497,3159,6965,3691,439,2014-06-16,550,30.44,16741.73,550.0,0.0,550.0,2014-06-09,True
7498,3160,6966,3692,111,2014-06-16,60,9.2,551.88,60.0,0.0,60.0,2014-06-09,True
7499,3161,6967,3693,132,2014-06-17,550,5.78,3176.25,550.0,0.0,550.0,2014-06-10,True
7500,3162,6968,3694,112,2014-06-17,550,23.39,12866.7,550.0,82.0,468.0,2014-06-10,True
7501,3162,6969,3694,113,2014-06-17,550,27.65,15205.58,550.0,0.0,550.0,2014-06-10,True
7502,3163,6970,3695,131,2014-06-17,550,3.49,1917.3,550.0,0.0,550.0,2014-06-10,True
7503,3164,6971,3696,162,2014-06-17,550,6.2,3407.25,550.0,0.0,550.0,2014-06-10,True
7504,3164,6972,3696,163,2014-06-17,550,1.47,808.5,550.0,0.0,550.0,2014-06-10,True
7505,3165,6973,3697,112,2014-06-17,550,22.17,12191.03,550.0,0.0,550.0,2014-06-10,True
7506,3165,6974,3697,113,2014-06-17,550,29.28,16106.48,523.0,0.0,523.0,2014-06-10,True
7507,3166,6975,3698,150,2014-06-17,3,19.98,59.94,3.0,0.0,3.0,2014-06-10,True
7508,3167,6976,3699,204,2014-06-17,3,41.17,123.51,3.0,0.0,3.0,2014-06-10,True
7509,3167,6977,3699,205,2014-06-17,3,39.07,117.21,3.0,0.0,3.0,2014-06-10,True
7510,3167,6978,3699,206,2014-06-17,3,43.34,130.03,3.0,0.0,3.0,2014-06-10,True
7511,3167,6979,3699,207,2014-06-17,3,39.07,117.21,3.0,0.0,3.0,2014-06-10,True
7512,3167,6980,3699,208,2014-06-17,3,36.97,110.91,3.0,0.0,3.0,2014-06-10,True
7513,3167,6981,3699,170,2014-06-17,3,41.24,123.73,3.0,0.0,3.0,2014-06-10,True
7514,3168,6982,3700,9,2014-06-17,550,31.49,17319.23,550.0,0.0,550.0,2014-06-10,True
7515,3168,6983,3700,7,2014-06-17,550,48.29,26559.23,550.0,0.0,550.0,2014-06-10,True
7516,3169,6984,3701,250,2014-06-17,3,43.34,130.03,3.0,0.0,3.0,2014-06-10,True
7517,3169,6985,3701,251,2014-06-17,3,39.07,117.21,3.0,0.0,3.0,2014-06-10,True
7518,3169,6986,3701,252,2014-06-17,3,36.97,110.91,3.0,0.0,3.0,2014-06-10,True
7519,3169,6987,3701,253,2014-06-17,3,41.24,123.73,3.0,0.0,3.0,2014-06-10,True
7520,3169,6988,3701,254,2014-06-17,3,36.97,110.91,3.0,0.0,3.0,2014-06-10,True
7521,3170,6989,3702,146,2014-06-17,550,5.81,3193.58,550.0,0.0,550.0,2014-06-10,True
7522,3170,6990,3702,147,2014-06-17,550,8.86,4874.1,550.0,55.0,495.0,2014-06-10,True
7523,3170,6991,3702,148,2014-06-17,550,10.47,5757.68,550.0,0.0,550.0,2014-06-10,True
7524,3171,6992,3703,211,2014-06-17,3,47.47,142.41,3.0,0.0,3.0,2014-06-10,True
7525,3172,6993,3704,115,2014-06-17,550,23.08,12693.45,550.0,82.0,468.0,2014-06-10,True
7526,3172,6994,3704,116,2014-06-17,550,29.27,16100.7,550.0,0.0,550.0,2014-06-10,True
7527,3173,6995,3705,214,2014-06-17,3,45.37,136.11,3.0,0.0,3.0,2014-06-10,True
7528,3173,6996,3705,215,2014-06-17,3,43.27,129.81,3.0,0.0,3.0,2014-06-10,True
7529,3173,6997,3705,216,2014-06-17,3,47.54,142.63,3.0,0.0,3.0,2014-06-10,True
7530,3174,6998,3706,109,2014-06-17,550,2.32,1276.28,550.0,0.0,550.0,2014-06-10,True
7531,3175,6999,3707,122,2014-06-17,550,3.64,2003.93,550.0,0.0,550.0,2014-06-10,True
7532,3176,7000,3708,440,2014-06-17,550,21.09,11601.98,468.0,0.0,468.0,2014-06-10,True
7533,3176,7001,3708,437,2014-06-17,550,30.44,16741.73,550.0,0.0,550.0,2014-06-10,True
7534,3176,7002,3708,435,2014-06-17,550,40.94,22516.73,550.0,0.0,550.0,2014-06-10,True
7535,3177,7003,3709,165,2014-06-18,60,3.6,216.09,60.0,0.0,60.0,2014-06-11,True
7536,3177,7004,3709,166,2014-06-18,60,3.98,238.77,60.0,0.0,60.0,2014-06-11,True
7537,3178,7005,3710,9,2014-06-18,550,31.49,17319.23,550.0,0.0,550.0,2014-06-11,True
7538,3178,7006,3710,7,2014-06-18,550,48.29,26559.23,550.0,0.0,550.0,2014-06-11,True
7539,3179,7007,3711,120,2014-06-18,550,12.97,7132.13,550.0,0.0,550.0,2014-06-11,True
7540,3180,7008,3712,441,2014-06-18,550,21.09,11601.98,550.0,0.0,550.0,2014-06-11,True
7541,3180,7009,3712,438,2014-06-18,550,30.44,16741.73,550.0,55.0,495.0,2014-06-11,True
7542,3181,7010,3713,434,2014-06-18,550,40.94,22516.73,550.0,0.0,550.0,2014-06-11,True
7543,3182,7011,3714,4,2014-06-18,550,62.99,34644.23,550.0,82.0,468.0,2014-06-11,True
7544,3183,7012,3715,76,2014-06-18,3,49.7,149.09,3.0,0.0,3.0,2014-06-11,True
7545,3183,7013,3715,77,2014-06-18,3,45.42,136.27,3.0,0.0,3.0,2014-06-11,True
7546,3183,7014,3715,78,2014-06-18,3,43.32,129.97,3.0,0.0,3.0,2014-06-11,True
7547,3184,7015,3716,73,2014-06-18,3,47.68,143.04,3.0,0.0,3.0,2014-06-11,True
7548,3185,7016,3717,115,2014-06-18,550,23.4,12872.48,550.0,0.0,550.0,2014-06-11,True
7549,3185,7017,3717,116,2014-06-18,550,27.87,15326.85,523.0,0.0,523.0,2014-06-11,True
7550,3186,7018,3718,123,2014-06-18,550,6.75,3713.33,468.0,0.0,468.0,2014-06-11,True
7551,3187,7019,3719,10,2014-06-18,550,31.49,17319.23,550.0,0.0,550.0,2014-06-11,True
7552,3187,7020,3719,8,2014-06-18,550,48.29,26559.23,550.0,0.0,550.0,2014-06-11,True
7553,3187,7021,3719,114,2014-06-18,550,36.28,19952.63,550.0,0.0,550.0,2014-06-11,True
7554,3188,7022,3720,151,2014-06-18,60,50.75,3044.79,60.0,0.0,60.0,2014-06-11,True
7555,3188,7023,3720,152,2014-06-18,60,58.26,3495.87,60.0,0.0,60.0,2014-06-11,True
7556,3188,7024,3720,153,2014-06-18,60,50.75,3044.79,60.0,0.0,60.0,2014-06-11,True
7557,3188,7025,3720,154,2014-06-18,60,62.93,3775.59,60.0,0.0,60.0,2014-06-11,True
7558,3188,7026,3720,155,2014-06-18,60,49.65,2979.27,60.0,0.0,60.0,2014-06-11,True
7559,3189,7027,3721,119,2014-06-18,550,10.38,5711.48,550.0,0.0,550.0,2014-06-11,True
7560,3190,7028,3722,92,2014-06-18,3,43.55,130.66,3.0,0.0,3.0,2014-06-11,True
7561,3190,7029,3722,93,2014-06-18,3,39.28,117.84,3.0,0.0,3.0,2014-06-11,True
7562,3190,7030,3722,94,2014-06-18,3,37.18,111.54,3.0,0.0,3.0,2014-06-11,True
7563,3191,7031,3723,149,2014-06-18,3,12.72,38.15,3.0,0.0,3.0,2014-06-11,True
7564,3191,7032,3723,150,2014-06-18,3,19.94,59.82,3.0,0.0,3.0,2014-06-11,True
7565,3192,7033,3724,124,2014-06-18,3,38.16,114.47,3.0,0.0,3.0,2014-06-11,True
7566,3193,7034,3725,110,2014-06-19,3,44.22,132.65,3.0,0.0,3.0,2014-06-12,True
7567,3194,7035,3726,10,2014-06-19,550,31.49,17319.23,550.0,0.0,550.0,2014-06-12,True
7568,3194,7036,3726,8,2014-06-19,550,48.29,26559.23,550.0,0.0,550.0,2014-06-12,True
7569,3195,7037,3727,167,2014-06-19,60,6.98,418.95,60.0,0.0,60.0,2014-06-12,True
7570,3196,7038,3728,236,2014-06-19,3,43.27,129.81,3.0,0.0,3.0,2014-06-12,True
7571,3196,7039,3728,237,2014-06-19,3,47.54,142.63,3.0,0.0,3.0,2014-06-12,True
7572,3196,7040,3728,238,2014-06-19,3,43.27,129.81,3.0,0.0,3.0,2014-06-12,True
7573,3196,7041,3728,239,2014-06-19,3,41.17,123.51,3.0,0.0,3.0,2014-06-12,True
7574,3197,7042,3729,165,2014-06-19,60,3.38,202.86,60.0,0.0,60.0,2014-06-12,True
7575,3197,7043,3729,166,2014-06-19,60,4.32,258.93,60.0,0.0,60.0,2014-06-12,True
7576,3198,7044,3730,255,2014-06-19,3,43.34,130.03,3.0,0.0,3.0,2014-06-12,True
7577,3198,7045,3730,256,2014-06-19,3,39.07,117.21,3.0,0.0,3.0,2014-06-12,True
7578,3198,7046,3730,301,2014-06-19,3,36.97,110.91,3.0,0.0,3.0,2014-06-12,True
7579,3198,7047,3730,302,2014-06-19,3,41.24,123.73,3.0,0.0,3.0,2014-06-12,True
7580,3199,7048,3731,149,2014-06-19,3,12.36,37.08,3.0,0.0,3.0,2014-06-12,True
7581,3200,7049,3732,118,2014-06-19,550,39.2,21558.08,550.0,0.0,550.0,2014-06-12,True
7582,3201,7050,3733,219,2014-06-19,3,36.97,110.91,3.0,0.0,3.0,2014-06-12,True
7583,3201,7051,3733,220,2014-06-19,3,34.87,104.61,3.0,0.0,3.0,2014-06-12,True
7584,3201,7052,3733,221,2014-06-19,3,39.14,117.43,3.0,0.0,3.0,2014-06-12,True
7585,3201,7053,3733,209,2014-06-19,3,47.58,142.73,3.0,0.0,3.0,2014-06-12,True
7586,3202,7054,3734,500,2014-06-19,550,34.87,19178.78,550.0,82.0,468.0,2014-06-12,True
7587,3202,7055,3734,499,2014-06-19,550,39.76,21869.93,550.0,0.0,550.0,2014-06-12,True
7588,3203,7056,3735,233,2014-06-19,3,49.85,149.56,3.0,0.0,3.0,2014-06-12,True
7589,3203,7057,3735,234,2014-06-19,3,45.58,136.74,3.0,0.0,3.0,2014-06-12,True
7590,3203,7058,3735,138,2014-06-19,3,43.48,130.44,3.0,0.0,3.0,2014-06-12,True
7591,3204,7059,3736,204,2014-06-19,3,47.58,142.73,3.0,3.0,0.0,2014-06-12,True
7592,3204,7060,3736,205,2014-06-19,3,45.48,136.43,3.0,3.0,0.0,2014-06-12,True
7593,3205,7061,3737,500,2014-06-19,550,34.35,18890.03,550.0,0.0,550.0,2014-06-12,True
7594,3205,7062,3737,499,2014-06-19,550,39.24,21581.18,523.0,0.0,523.0,2014-06-12,True
7595,3206,7063,3738,158,2014-06-19,3,43.27,129.81,3.0,0.0,3.0,2014-06-12,True
7596,3206,7064,3738,159,2014-06-19,3,41.17,123.51,3.0,0.0,3.0,2014-06-12,True
7597,3206,7065,3738,160,2014-06-19,3,45.44,136.33,3.0,0.0,3.0,2014-06-12,True
7598,3207,7066,3739,498,2014-06-19,550,32.77,18023.78,550.0,0.0,550.0,2014-06-12,True
7599,3207,7067,3739,496,2014-06-19,550,37.09,20397.3,550.0,0.0,550.0,2014-06-12,True
7600,3207,7068,3739,494,2014-06-19,550,43.04,23671.73,550.0,0.0,550.0,2014-06-12,True
7601,3208,7069,3740,203,2014-06-19,550,10.82,5948.25,550.0,0.0,550.0,2014-06-12,True
7602,3209,7070,3741,447,2014-06-20,550,82.83,45558.98,550.0,0.0,550.0,2014-06-13,True
7603,3209,7071,3741,446,2014-06-20,550,82.83,45558.98,550.0,0.0,550.0,2014-06-13,True
7604,3210,7072,3742,183,2014-06-20,1250,0.21,262.5,1250.0,0.0,1250.0,2014-06-13,True
7605,3210,7073,3742,197,2014-06-20,1250,0.21,262.5,1250.0,125.0,1125.0,2014-06-13,True
7606,3211,7074,3743,193,2014-06-20,60,28.7,1721.79,60.0,0.0,60.0,2014-06-13,True
7607,3212,7075,3744,494,2014-06-20,550,42.51,23382.98,550.0,82.0,468.0,2014-06-13,True
7608,3212,7076,3744,501,2014-06-20,550,5.59,3072.3,550.0,0.0,550.0,2014-06-13,True
7609,3213,7077,3745,493,2014-06-20,60,15.74,944.37,60.0,0.0,60.0,2014-06-13,True
7610,3214,7078,3746,495,2014-06-20,550,43.46,23902.73,550.0,0.0,550.0,2014-06-13,True
7611,3214,7079,3746,497,2014-06-20,550,37.62,20691.83,550.0,0.0,550.0,2014-06-13,True
7612,3215,7080,3747,188,2014-06-20,550,29.58,16268.18,550.0,0.0,550.0,2014-06-13,True
7613,3215,7081,3747,189,2014-06-20,550,36.1,19854.45,523.0,0.0,523.0,2014-06-13,True
7614,3215,7082,3747,190,2014-06-20,550,48.58,26720.93,550.0,0.0,550.0,2014-06-13,True
7615,3216,7083,3748,498,2014-06-20,550,32.25,17735.03,468.0,0.0,468.0,2014-06-13,True
7616,3216,7084,3748,496,2014-06-20,550,36.56,20108.55,550.0,0.0,550.0,2014-06-13,True
7617,3217,7085,3749,190,2014-06-20,550,46.42,25531.28,550.0,0.0,550.0,2014-06-13,True
7618,3218,7086,3750,168,2014-06-20,3,47.52,142.57,3.0,0.0,3.0,2014-06-13,True
7619,3218,7087,3750,169,2014-06-20,3,45.42,136.27,3.0,0.0,3.0,2014-06-13,True
7620,3218,7088,3750,157,2014-06-20,3,49.7,149.09,3.0,0.0,3.0,2014-06-13,True
7621,3218,7089,3750,171,2014-06-20,3,45.42,136.27,3.0,0.0,3.0,2014-06-13,True
7622,3218,7090,3750,172,2014-06-20,3,43.32,129.97,3.0,0.0,3.0,2014-06-13,True
7623,3219,7091,3751,184,2014-06-20,3,41.92,125.75,3.0,0.0,3.0,2014-06-13,True
7624,3220,7092,3752,248,2014-06-20,3,50.26,150.79,3.0,0.0,3.0,2014-06-13,True
7625,3221,7093,3753,175,2014-06-20,3,41.38,124.14,3.0,0.0,3.0,2014-06-13,True
7626,3221,7094,3753,176,2014-06-20,3,45.65,136.96,3.0,0.0,3.0,2014-06-13,True
7627,3221,7095,3753,177,2014-06-20,3,41.38,124.14,3.0,0.0,3.0,2014-06-13,True
7628,3221,7096,3753,178,2014-06-20,3,39.28,117.84,3.0,0.0,3.0,2014-06-13,True
7629,3222,7097,3754,126,2014-06-20,550,16.09,8847.3,550.0,82.0,468.0,2014-06-13,True
7630,3223,7098,3755,186,2014-06-20,3,57.03,171.08,3.0,0.0,3.0,2014-06-13,True
7631,3224,7099,3756,117,2014-06-20,550,37.09,20397.3,550.0,0.0,550.0,2014-06-13,True
7632,3225,7100,3757,118,2014-06-21,550,26.6,14628.08,550.0,0.0,550.0,2014-06-14,True
7633,3226,7101,3758,188,2014-06-21,550,27.06,14882.18,468.0,0.0,468.0,2014-06-14,True
7634,3226,7102,3758,189,2014-06-21,550,33.58,18468.45,550.0,0.0,550.0,2014-06-14,True
7635,3226,7103,3758,190,2014-06-21,550,46.06,25334.93,550.0,0.0,550.0,2014-06-14,True
7636,3227,7104,3759,217,2014-06-21,3,47.54,142.63,3.0,0.0,3.0,2014-06-14,True
7637,3227,7105,3759,218,2014-06-21,3,43.27,129.81,3.0,0.0,3.0,2014-06-14,True
7638,3227,7106,3759,219,2014-06-21,3,41.17,123.51,3.0,0.0,3.0,2014-06-14,True
7639,3227,7107,3759,220,2014-06-21,3,45.44,136.33,3.0,0.0,3.0,2014-06-14,True
7640,3227,7108,3759,221,2014-06-21,3,41.17,123.51,3.0,0.0,3.0,2014-06-14,True
7641,3227,7109,3759,209,2014-06-21,3,39.07,117.21,3.0,0.0,3.0,2014-06-14,True
7642,3228,7110,3760,231,2014-06-21,3,47.52,142.57,3.0,0.0,3.0,2014-06-14,True
7643,3228,7111,3760,232,2014-06-21,3,45.42,136.27,3.0,0.0,3.0,2014-06-14,True
7644,3228,7112,3760,233,2014-06-21,3,49.7,149.09,3.0,0.0,3.0,2014-06-14,True
7645,3228,7113,3760,234,2014-06-21,3,45.42,136.27,3.0,0.0,3.0,2014-06-14,True
7646,3228,7114,3760,138,2014-06-21,3,43.32,129.97,3.0,0.0,3.0,2014-06-14,True
7647,3229,7115,3761,191,2014-06-21,3,47.47,142.41,3.0,0.0,3.0,2014-06-14,True
7648,3229,7116,3761,192,2014-06-21,3,42.8,128.39,3.0,0.0,3.0,2014-06-14,True
7649,3229,7117,3761,193,2014-06-21,60,25.42,1525.23,60.0,0.0,60.0,2014-06-14,True
7650,3230,7118,3762,108,2014-06-21,3,49.85,149.56,3.0,0.0,3.0,2014-06-14,True
7651,3230,7119,3762,97,2014-06-21,3,45.58,136.74,3.0,0.0,3.0,2014-06-14,True
7652,3230,7120,3762,62,2014-06-21,3,43.48,130.44,3.0,0.0,3.0,2014-06-14,True
7653,3231,7121,3763,6,2014-06-21,550,62.99,34644.23,550.0,0.0,550.0,2014-06-14,True
7654,3232,7122,3764,191,2014-06-21,3,45.37,136.11,3.0,0.0,3.0,2014-06-14,True
7655,3232,7123,3764,192,2014-06-21,3,40.49,121.46,3.0,0.0,3.0,2014-06-14,True
7656,3233,7124,3765,121,2014-06-23,3,48.76,146.29,3.0,0.0,3.0,2014-06-16,True
7657,3234,7125,3766,156,2014-06-23,3,34.19,102.56,3.0,0.0,3.0,2014-06-16,True
7658,3235,7126,3767,194,2014-06-23,3,50.26,150.79,3.0,0.0,3.0,2014-06-16,True
7659,3236,7127,3768,119,2014-06-23,550,10.73,5902.05,468.0,0.0,468.0,2014-06-16,True
7660,3236,7128,3768,120,2014-06-23,550,14.12,7767.38,550.0,0.0,550.0,2014-06-16,True
7661,3237,7129,3769,151,2014-06-23,60,50.26,3015.81,60.0,0.0,60.0,2014-06-16,True
7662,3237,7130,3769,152,2014-06-23,60,57.15,3429.09,60.0,0.0,60.0,2014-06-16,True
7663,3237,7131,3769,153,2014-06-23,60,53.2,3192.21,60.0,0.0,60.0,2014-06-16,True
7664,3237,7132,3769,154,2014-06-23,60,63.69,3821.58,60.0,0.0,60.0,2014-06-16,True
7665,3237,7133,3769,155,2014-06-23,60,48.91,2934.54,60.0,0.0,60.0,2014-06-16,True
7666,3238,7134,3770,436,2014-06-23,550,40.94,22516.73,550.0,0.0,550.0,2014-06-16,True
7667,3239,7135,3771,111,2014-06-23,60,9.2,551.88,60.0,0.0,60.0,2014-06-16,True
7668,3240,7136,3772,162,2014-06-23,550,5.78,3176.25,550.0,0.0,550.0,2014-06-16,True
7669,3240,7137,3772,163,2014-06-23,550,1.16,635.25,550.0,55.0,495.0,2014-06-16,True
7670,3240,7138,3772,132,2014-06-23,550,5.78,3176.25,550.0,0.0,550.0,2014-06-16,True
7671,3241,7139,3773,112,2014-06-23,550,23.39,12866.7,550.0,0.0,550.0,2014-06-16,True
7672,3241,7140,3773,113,2014-06-23,550,27.65,15205.58,550.0,0.0,550.0,2014-06-16,True
7673,3242,7141,3774,164,2014-06-23,550,1.37,750.75,550.0,82.0,468.0,2014-06-16,True
7674,3242,7142,3774,5,2014-06-23,550,62.99,34644.23,550.0,0.0,550.0,2014-06-16,True
7675,3243,7143,3775,132,2014-06-23,550,6.2,3407.25,550.0,0.0,550.0,2014-06-16 00:00:00.000,True
7676,3244,7144,3776,112,2014-06-23,550,22.17,12191.03,550.0,0.0,550.0,2014-06-16 00:00:00.000,True
7677,3244,7145,3776,113,2014-06-23,550,29.28,16106.48,550.0,0.0,550.0,2014-06-16 00:00:00.000,True
7678,3245,7146,3777,150,2014-06-23,3,19.98,59.94,3.0,0.0,3.0,2014-06-16 00:00:00.000,True
7679,3246,7147,3778,158,2014-06-23,3,36.97,110.91,3.0,0.0,3.0,2014-06-16 00:00:00.000,True
7680,3246,7148,3778,159,2014-06-23,3,34.87,104.61,3.0,0.0,3.0,2014-06-16 00:00:00.000,True
7681,3246,7149,3778,160,2014-06-23,3,39.14,117.43,3.0,0.0,3.0,2014-06-16 00:00:00.000,True
7682,3247,7150,3779,9,2014-06-23,550,31.49,17319.23,550.0,0.0,550.0,2014-06-16 00:00:00.000,True
7683,3247,7151,3779,7,2014-06-23,550,48.29,26559.23,550.0,0.0,550.0,2014-06-16 00:00:00.000,True
7684,3248,7152,3780,255,2014-06-23,3,43.22,129.65,3.0,0.0,3.0,2014-06-16 00:00:00.000,True
7685,3248,7153,3780,256,2014-06-23,3,47.49,142.47,3.0,0.0,3.0,2014-06-16 00:00:00.000,True
7686,3248,7154,3780,301,2014-06-23,3,43.27,129.81,3.0,0.0,3.0,2014-06-16 00:00:00.000,True
7687,3248,7155,3780,302,2014-06-23,3,47.54,142.63,3.0,0.0,3.0,2014-06-16 00:00:00.000,True
7688,3249,7156,3781,135,2014-06-24,550,15.89,8737.58,550.0,0.0,550.0,2014-06-17 00:00:00.000,True
7689,3249,7157,3781,136,2014-06-24,550,11.67,6416.03,550.0,0.0,550.0,2014-06-17 00:00:00.000,True
7690,3249,7158,3781,137,2014-06-24,550,11.09,6098.4,550.0,0.0,550.0,2014-06-17 00:00:00.000,True
7691,3249,7159,3781,104,2014-06-24,550,15.89,8737.58,550.0,0.0,550.0,2014-06-17 00:00:00.000,True
7692,3249,7160,3781,139,2014-06-24,550,11.67,6416.03,550.0,0.0,550.0,2014-06-17 00:00:00.000,True
7693,3250,7161,3782,211,2014-06-24,3,47.47,142.41,3.0,0.0,3.0,2014-06-17 00:00:00.000,True
7694,3251,7162,3783,117,2014-06-24,550,34.98,19236.53,550.0,0.0,550.0,2014-06-17 00:00:00.000,True
7695,3252,7163,3784,217,2014-06-24,3,43.27,129.81,3.0,0.0,3.0,2014-06-17 00:00:00.000,True
7696,3252,7164,3784,218,2014-06-24,3,41.17,123.51,3.0,0.0,3.0,2014-06-17 00:00:00.000,True
7697,3253,7165,3785,109,2014-06-24,550,2.32,1276.28,550.0,0.0,550.0,2014-06-17 00:00:00.000,True
7698,3254,7166,3786,122,2014-06-24,550,3.64,2003.93,550.0,0.0,550.0,2014-06-17 00:00:00.000,True
7699,3255,7167,3787,440,2014-06-24,550,21.09,11601.98,550.0,0.0,550.0,2014-06-17 00:00:00.000,True
7700,3255,7168,3787,437,2014-06-24,550,30.44,16741.73,523.0,0.0,523.0,2014-06-17 00:00:00.000,True
7701,3255,7169,3787,435,2014-06-24,550,40.94,22516.73,550.0,0.0,550.0,2014-06-17 00:00:00.000,True
7702,3256,7170,3788,165,2014-06-24,60,3.6,216.09,51.0,0.0,51.0,2014-06-17 00:00:00.000,True
7703,3256,7171,3788,166,2014-06-24,60,3.98,238.77,60.0,0.0,60.0,2014-06-17 00:00:00.000,True
7704,3257,7172,3789,9,2014-06-24,550,31.49,17319.23,550.0,0.0,550.0,2014-06-17 00:00:00.000,True
7705,3257,7173,3789,7,2014-06-24,550,48.29,26559.23,550.0,0.0,550.0,2014-06-17 00:00:00.000,True
7706,3258,7174,3790,120,2014-06-24,550,12.97,7132.13,550.0,0.0,550.0,2014-06-17 00:00:00.000,True
7707,3259,7175,3791,441,2014-06-24,550,21.09,11601.98,550.0,0.0,550.0,2014-06-17 00:00:00.000,True
7708,3259,7176,3791,438,2014-06-24,550,30.44,16741.73,550.0,0.0,550.0,2014-06-17 00:00:00.000,True
7709,3260,7177,3792,434,2014-06-24,550,40.94,22516.73,550.0,0.0,550.0,2014-06-17 00:00:00.000,True
7710,3261,7178,3793,4,2014-06-24,550,62.99,34644.23,550.0,0.0,550.0,2014-06-17 00:00:00.000,True
7711,3262,7179,3794,79,2014-06-24,3,47.6,142.79,3.0,0.0,3.0,2014-06-17 00:00:00.000,True
7712,3262,7180,3794,80,2014-06-24,3,43.32,129.97,3.0,0.0,3.0,2014-06-17 00:00:00.000,True
7713,3263,7181,3795,73,2014-06-24,3,47.68,143.04,3.0,0.0,3.0,2014-06-17 00:00:00.000,True
7714,3264,7182,3796,115,2014-06-24,550,23.4,12872.48,550.0,0.0,550.0,2014-06-17 00:00:00.000,True
7715,3264,7183,3796,116,2014-06-24,550,27.87,15326.85,550.0,0.0,550.0,2014-06-17 00:00:00.000,True
7716,3265,7184,3797,123,2014-06-25,550,6.75,3713.33,550.0,0.0,550.0,2014-06-18 00:00:00.000,True
7717,3266,7185,3798,10,2014-06-25,550,31.49,17319.23,468.0,0.0,468.0,2014-06-18 00:00:00.000,True
7718,3266,7186,3798,8,2014-06-25,550,48.29,26559.23,550.0,0.0,550.0,2014-06-18 00:00:00.000,True
7719,3266,7187,3798,114,2014-06-25,550,36.28,19952.63,550.0,0.0,550.0,2014-06-18 00:00:00.000,True
7720,3267,7188,3799,151,2014-06-25,60,50.75,3044.79,60.0,0.0,60.0,2014-06-18 00:00:00.000,True
7721,3267,7189,3799,152,2014-06-25,60,58.26,3495.87,60.0,0.0,60.0,2014-06-18 00:00:00.000,True
7722,3267,7190,3799,153,2014-06-25,60,50.75,3044.79,60.0,0.0,60.0,2014-06-18 00:00:00.000,True
7723,3267,7191,3799,154,2014-06-25,60,62.93,3775.59,60.0,0.0,60.0,2014-06-18 00:00:00.000,True
7724,3267,7192,3799,155,2014-06-25,60,49.65,2979.27,60.0,0.0,60.0,2014-06-18 00:00:00.000,True
7725,3268,7193,3800,119,2014-06-25,550,10.38,5711.48,550.0,0.0,550.0,2014-06-18 00:00:00.000,True
7726,3269,7194,3801,95,2014-06-25,3,41.45,124.36,3.0,0.0,3.0,2014-06-18 00:00:00.000,True
7727,3269,7195,3801,96,2014-06-25,3,37.18,111.54,3.0,0.0,3.0,2014-06-18 00:00:00.000,True
7728,3270,7196,3802,149,2014-06-25,3,12.72,38.15,3.0,0.0,3.0,2014-06-18 00:00:00.000,True
7729,3270,7197,3802,150,2014-06-25,3,19.94,59.82,3.0,0.0,3.0,2014-06-18 00:00:00.000,True
7730,3271,7198,3803,124,2014-06-25,3,38.16,114.47,3.0,0.0,3.0,2014-06-18 00:00:00.000,True
7731,3272,7199,3804,110,2014-06-25,3,44.22,132.65,3.0,0.0,3.0,2014-06-18 00:00:00.000,True
7732,3273,7200,3805,10,2014-06-25,550,31.49,17319.23,550.0,0.0,550.0,2014-06-18 00:00:00.000,True
7733,3273,7201,3805,8,2014-06-25,550,48.29,26559.23,550.0,0.0,550.0,2014-06-18 00:00:00.000,True
7734,3274,7202,3806,167,2014-06-25,60,6.98,418.95,60.0,0.0,60.0,2014-06-18 00:00:00.000,True
7735,3275,7203,3807,240,2014-06-25,3,45.44,136.33,3.0,0.0,3.0,2014-06-18 00:00:00.000,True
7736,3275,7204,3807,241,2014-06-25,3,41.17,123.51,3.0,0.0,3.0,2014-06-18 00:00:00.000,True
7737,3275,7205,3807,242,2014-06-25,3,39.07,117.21,3.0,0.0,3.0,2014-06-18 00:00:00.000,True
7738,3275,7206,3807,85,2014-06-25,3,47.68,143.04,3.0,0.0,3.0,2014-06-18 00:00:00.000,True
7739,3275,7207,3807,98,2014-06-25,3,45.58,136.74,3.0,0.0,3.0,2014-06-18 00:00:00.000,True
7740,3275,7208,3807,99,2014-06-25,3,49.85,149.56,3.0,0.0,3.0,2014-06-18 00:00:00.000,True
7741,3275,7209,3807,100,2014-06-25,3,45.58,136.74,3.0,0.0,3.0,2014-06-18 00:00:00.000,True
7742,3275,7210,3807,101,2014-06-25,3,43.48,130.44,3.0,0.0,3.0,2014-06-18 00:00:00.000,True
7743,3275,7211,3807,102,2014-06-25,3,47.75,143.26,3.0,0.0,3.0,2014-06-18 00:00:00.000,True
7744,3275,7212,3807,103,2014-06-25,3,43.48,130.44,3.0,0.0,3.0,2014-06-18 00:00:00.000,True
7745,3275,7213,3807,70,2014-06-25,3,41.38,124.14,3.0,0.0,3.0,2014-06-18 00:00:00.000,True
7746,3275,7214,3807,105,2014-06-25,3,45.65,136.96,3.0,0.0,3.0,2014-06-18 00:00:00.000,True
7747,3275,7215,3807,106,2014-06-25,3,41.38,124.14,3.0,0.0,3.0,2014-06-18 00:00:00.000,True
7748,3275,7216,3807,107,2014-06-25,3,39.28,117.84,3.0,0.0,3.0,2014-06-18 00:00:00.000,True
7749,3275,7217,3807,108,2014-06-25,3,43.55,130.66,3.0,0.0,3.0,2014-06-18 00:00:00.000,True
7750,3275,7218,3807,97,2014-06-25,3,39.28,117.84,3.0,0.0,3.0,2014-06-18 00:00:00.000,True
7751,3275,7219,3807,62,2014-06-25,3,37.18,111.54,3.0,0.0,3.0,2014-06-18 00:00:00.000,True
7752,3275,7220,3807,69,2014-06-25,3,41.45,124.36,3.0,0.0,3.0,2014-06-18 00:00:00.000,True
7753,3275,7221,3807,68,2014-06-25,3,37.18,111.54,3.0,0.0,3.0,2014-06-18 00:00:00.000,True
7754,3275,7222,3807,67,2014-06-25,3,47.52,142.57,3.0,0.0,3.0,2014-06-18 00:00:00.000,True
7755,3275,7223,3807,66,2014-06-25,3,45.42,136.27,3.0,0.0,3.0,2014-06-18 00:00:00.000,True
7756,3275,7224,3807,65,2014-06-25,3,49.7,149.09,3.0,0.0,3.0,2014-06-18 00:00:00.000,True
7757,3275,7225,3807,64,2014-06-25,3,45.42,136.27,3.0,0.0,3.0,2014-06-18 00:00:00.000,True
7758,3275,7226,3807,63,2014-06-25,3,43.32,129.97,3.0,0.0,3.0,2014-06-18 00:00:00.000,True
7759,3275,7227,3807,61,2014-06-25,3,47.6,142.79,3.0,0.0,3.0,2014-06-18 00:00:00.000,True
7760,3275,7228,3807,71,2014-06-25,3,43.32,129.97,3.0,0.0,3.0,2014-06-18 00:00:00.000,True
7761,3276,7229,3808,165,2014-06-25,60,3.38,202.86,51.0,0.0,51.0,2014-06-18 00:00:00.000,True
7762,3276,7230,3808,166,2014-06-25,60,4.32,258.93,60.0,0.0,60.0,2014-06-18 00:00:00.000,True
7763,3277,7231,3809,236,2014-06-25,3,43.27,129.81,3.0,0.0,3.0,2014-06-18 00:00:00.000,True
7764,3277,7232,3809,237,2014-06-25,3,41.17,123.51,3.0,0.0,3.0,2014-06-18 00:00:00.000,True
7765,3277,7233,3809,238,2014-06-25,3,45.44,136.33,3.0,0.0,3.0,2014-06-18 00:00:00.000,True
7766,3277,7234,3809,239,2014-06-25,3,41.17,123.51,3.0,0.0,3.0,2014-06-18 00:00:00.000,True
7767,3277,7235,3809,240,2014-06-25,3,39.07,117.21,3.0,0.0,3.0,2014-06-18 00:00:00.000,True
7768,3277,7236,3809,241,2014-06-25,3,43.34,130.03,3.0,0.0,3.0,2014-06-18 00:00:00.000,True
7769,3278,7237,3810,149,2014-06-25,3,12.36,37.08,3.0,0.0,3.0,2014-06-18 00:00:00.000,True
7770,3279,7238,3811,118,2014-06-25,550,39.2,21558.08,550.0,0.0,550.0,2014-06-18 00:00:00.000,True
7771,3280,7239,3812,223,2014-06-25,3,45.48,136.43,3.0,0.0,3.0,2014-06-18 00:00:00.000,True
7772,3280,7240,3812,224,2014-06-25,3,49.75,149.25,3.0,0.0,3.0,2014-06-18 00:00:00.000,True
7773,3280,7241,3812,225,2014-06-25,3,45.48,136.43,3.0,0.0,3.0,2014-06-18 00:00:00.000,True
7774,3281,7242,3813,495,2014-06-26,550,43.98,24191.48,550.0,0.0,550.0,2014-06-19 00:00:00.000,True
7775,3281,7243,3813,497,2014-06-26,550,38.15,20980.58,550.0,0.0,550.0,2014-06-19 00:00:00.000,True
7776,3282,7244,3814,86,2014-06-26,3,47.75,143.26,3.0,0.0,3.0,2014-06-19 00:00:00.000,True
7777,3282,7245,3814,87,2014-06-26,3,43.48,130.44,3.0,0.0,3.0,2014-06-19 00:00:00.000,True
7778,3283,7246,3815,206,2014-06-26,3,49.75,149.25,3.0,0.0,3.0,2014-06-19 00:00:00.000,True
7779,3283,7247,3815,207,2014-06-26,3,45.48,136.43,3.0,0.0,3.0,2014-06-19 00:00:00.000,True
7780,3283,7248,3815,208,2014-06-26,3,43.38,130.13,3.0,0.0,3.0,2014-06-19 00:00:00.000,True
7781,3284,7249,3816,500,2014-06-26,550,34.35,18890.03,550.0,0.0,550.0,2014-06-19 00:00:00.000,True
7782,3284,7250,3816,499,2014-06-26,550,39.24,21581.18,550.0,0.0,550.0,2014-06-19 00:00:00.000,True
7783,3285,7251,3817,204,2014-06-26,3,47.47,142.41,3.0,0.0,3.0,2014-06-19 00:00:00.000,True
7784,3285,7252,3817,205,2014-06-26,3,45.37,136.11,3.0,0.0,3.0,2014-06-19 00:00:00.000,True
7785,3285,7253,3817,206,2014-06-26,3,49.64,148.93,3.0,0.0,3.0,2014-06-19 00:00:00.000,True
7786,3285,7254,3817,207,2014-06-26,3,45.37,136.11,3.0,0.0,3.0,2014-06-19 00:00:00.000,True
7787,3285,7255,3817,208,2014-06-26,3,43.27,129.81,3.0,0.0,3.0,2014-06-19 00:00:00.000,True
7788,3285,7256,3817,170,2014-06-26,3,47.54,142.63,3.0,0.0,3.0,2014-06-19 00:00:00.000,True
7789,3285,7257,3817,158,2014-06-26,3,43.27,129.81,3.0,0.0,3.0,2014-06-19 00:00:00.000,True
7790,3285,7258,3817,159,2014-06-26,3,41.17,123.51,3.0,0.0,3.0,2014-06-19 00:00:00.000,True
7791,3285,7259,3817,160,2014-06-26,3,45.44,136.33,3.0,0.0,3.0,2014-06-19 00:00:00.000,True
7792,3286,7260,3818,498,2014-06-26,550,32.77,18023.78,468.0,0.0,468.0,2014-06-19 00:00:00.000,True
7793,3286,7261,3818,496,2014-06-26,550,37.09,20397.3,550.0,0.0,550.0,2014-06-19 00:00:00.000,True
7794,3286,7262,3818,494,2014-06-26,550,43.04,23671.73,550.0,0.0,550.0,2014-06-19 00:00:00.000,True
7795,3287,7263,3819,203,2014-06-26,550,10.82,5948.25,550.0,0.0,550.0,2014-06-19 00:00:00.000,True
7796,3288,7264,3820,447,2014-06-26,550,82.83,45558.98,550.0,0.0,550.0,2014-06-19 00:00:00.000,True
7797,3288,7265,3820,446,2014-06-26,550,82.83,45558.98,550.0,0.0,550.0,2014-06-19 00:00:00.000,True
7798,3289,7266,3821,183,2014-06-26,1250,0.21,262.5,1250.0,0.0,1250.0,2014-06-19 00:00:00.000,True
7799,3289,7267,3821,197,2014-06-26,1250,0.21,262.5,1250.0,0.0,1250.0,2014-06-19 00:00:00.000,True
7800,3290,7268,3822,191,2014-06-26,3,49.64,148.93,3.0,0.0,3.0,2014-06-19 00:00:00.000,True
7801,3290,7269,3822,192,2014-06-26,3,44.32,132.96,3.0,0.0,3.0,2014-06-19 00:00:00.000,True
7802,3290,7270,3822,193,2014-06-26,60,28.7,1721.79,60.0,0.0,60.0,2014-06-19 00:00:00.000,True
7803,3291,7271,3823,494,2014-06-26,550,42.51,23382.98,550.0,0.0,550.0,2014-06-19 00:00:00.000,True
7804,3291,7272,3823,501,2014-06-26,550,5.59,3072.3,550.0,0.0,550.0,2014-06-19 00:00:00.000,True
7805,3292,7273,3824,493,2014-06-26,60,15.74,944.37,60.0,9.0,51.0,2014-06-19 00:00:00.000,True
7806,3293,7274,3825,503,2014-06-26,550,6.53,3592.05,550.0,0.0,550.0,2014-06-19 00:00:00.000,True
7807,3293,7275,3825,502,2014-06-26,550,6.18,3401.48,550.0,0.0,550.0,2014-06-19 00:00:00.000,True
7808,3294,7276,3826,188,2014-06-26,550,29.58,16268.18,550.0,0.0,550.0,2014-06-19 00:00:00.000,True
7809,3294,7277,3826,189,2014-06-26,550,36.1,19854.45,550.0,0.0,550.0,2014-06-19 00:00:00.000,True
7810,3295,7278,3827,498,2014-06-26,550,32.25,17735.03,550.0,0.0,550.0,2014-06-19 00:00:00.000,True
7811,3295,7279,3827,496,2014-06-26,550,36.56,20108.55,523.0,0.0,523.0,2014-06-19 00:00:00.000,True
7812,3296,7280,3828,190,2014-06-26,550,46.42,25531.28,468.0,0.0,468.0,2014-06-19 00:00:00.000,True
7813,3297,7281,3829,173,2014-06-27,3,47.6,142.79,3.0,0.0,3.0,2014-06-20 00:00:00.000,True
7814,3297,7282,3829,174,2014-06-27,3,43.32,129.97,3.0,0.0,3.0,2014-06-20 00:00:00.000,True
7815,3297,7283,3829,175,2014-06-27,3,41.22,123.67,3.0,0.0,3.0,2014-06-20 00:00:00.000,True
7816,3297,7284,3829,176,2014-06-27,3,45.5,136.49,3.0,0.0,3.0,2014-06-20 00:00:00.000,True
7817,3297,7285,3829,177,2014-06-27,3,41.22,123.67,3.0,0.0,3.0,2014-06-20 00:00:00.000,True
7818,3297,7286,3829,178,2014-06-27,3,39.12,117.37,3.0,0.0,3.0,2014-06-20 00:00:00.000,True
7819,3298,7287,3830,184,2014-06-27,3,41.92,125.75,3.0,0.0,3.0,2014-06-20 00:00:00.000,True
7820,3299,7288,3831,248,2014-06-27,3,50.26,150.79,3.0,0.0,3.0,2014-06-20 00:00:00.000,True
7821,3300,7289,3832,179,2014-06-27,3,43.55,130.66,3.0,0.0,3.0,2014-06-20 00:00:00.000,True
7822,3300,7290,3832,180,2014-06-27,3,39.28,117.84,3.0,0.0,3.0,2014-06-20 00:00:00.000,True
7823,3300,7291,3832,181,2014-06-27,3,37.18,111.54,3.0,0.0,3.0,2014-06-20 00:00:00.000,True
7824,3301,7292,3833,126,2014-06-27,550,16.09,8847.3,550.0,0.0,550.0,2014-06-20 00:00:00.000,True
7825,3302,7293,3834,186,2014-06-27,3,57.03,171.08,3.0,0.0,3.0,2014-06-20 00:00:00.000,True
7826,3303,7294,3835,117,2014-06-27,550,37.09,20397.3,550.0,0.0,550.0,2014-06-20 00:00:00.000,True
7827,3304,7295,3836,118,2014-06-27,550,26.6,14628.08,550.0,550.0,0.0,2014-06-20 00:00:00.000,True
7828,3305,7296,3837,188,2014-06-27,550,27.06,14882.18,550.0,0.0,550.0,2014-06-20 00:00:00.000,True
7829,3305,7297,3837,189,2014-06-27,550,33.58,18468.45,523.0,0.0,523.0,2014-06-20 00:00:00.000,True
7830,3305,7298,3837,190,2014-06-27,550,46.06,25334.93,550.0,0.0,550.0,2014-06-20 00:00:00.000,True
7831,3306,7299,3838,223,2014-06-27,3,43.34,130.03,3.0,0.0,3.0,2014-06-20 00:00:00.000,True
7832,3306,7300,3838,224,2014-06-27,3,39.07,117.21,3.0,0.0,3.0,2014-06-20 00:00:00.000,True
7833,3306,7301,3838,225,2014-06-27,3,36.97,110.91,3.0,0.0,3.0,2014-06-20 00:00:00.000,True
7834,3306,7302,3838,226,2014-06-27,3,41.24,123.73,3.0,0.0,3.0,2014-06-20 00:00:00.000,True
7835,3307,7303,3839,86,2014-06-27,3,47.6,142.79,3.0,0.0,3.0,2014-06-20 00:00:00.000,True
7836,3307,7304,3839,87,2014-06-27,3,43.32,129.97,3.0,0.0,3.0,2014-06-20 00:00:00.000,True
7837,3307,7305,3839,88,2014-06-27,3,41.22,123.67,3.0,0.0,3.0,2014-06-20 00:00:00.000,True
7838,3307,7306,3839,89,2014-06-27,3,45.5,136.49,3.0,0.0,3.0,2014-06-20 00:00:00.000,True
7839,3307,7307,3839,90,2014-06-27,3,41.22,123.67,3.0,0.0,3.0,2014-06-20 00:00:00.000,True
7840,3307,7308,3839,91,2014-06-27,3,39.12,117.37,3.0,0.0,3.0,2014-06-20 00:00:00.000,True
7841,3308,7309,3840,191,2014-06-27,3,47.47,142.41,3.0,0.0,3.0,2014-06-20 00:00:00.000,True
7842,3308,7310,3840,192,2014-06-27,3,42.8,128.39,3.0,0.0,3.0,2014-06-20 00:00:00.000,True
7843,3308,7311,3840,193,2014-06-27,60,25.42,1525.23,60.0,0.0,60.0,2014-06-20 00:00:00.000,True
7844,3309,7312,3841,69,2014-06-27,3,47.75,143.26,3.0,0.0,3.0,2014-06-20 00:00:00.000,True
7845,3309,7313,3841,68,2014-06-27,3,43.48,130.44,3.0,0.0,3.0,2014-06-20 00:00:00.000,True
7846,3309,7314,3841,67,2014-06-27,3,41.38,124.14,3.0,0.0,3.0,2014-06-20 00:00:00.000,True
7847,3309,7315,3841,66,2014-06-27,3,45.65,136.96,3.0,0.0,3.0,2014-06-20 00:00:00.000,True
7848,3309,7316,3841,65,2014-06-27,3,41.38,124.14,3.0,0.0,3.0,2014-06-20 00:00:00.000,True
7849,3310,7317,3842,6,2014-06-27,550,62.99,34644.23,550.0,0.0,550.0,2014-06-20 00:00:00.000,True
7850,3311,7318,3843,193,2014-06-27,60,26.37,1581.93,60.0,0.0,60.0,2014-06-20 00:00:00.000,True
7851,3312,7319,3844,121,2014-06-27,3,48.76,146.29,3.0,0.0,3.0,2014-06-20 00:00:00.000,True
7852,3313,7320,3845,156,2014-06-30,3,34.19,102.56,3.0,0.0,3.0,2014-06-23 00:00:00.000,True
7853,3314,7321,3846,194,2014-06-30,3,50.26,150.79,3.0,0.0,3.0,2014-06-23 00:00:00.000,True
7854,3315,7322,3847,119,2014-06-30,550,10.73,5902.05,550.0,0.0,550.0,2014-06-23 00:00:00.000,True
7855,3315,7323,3847,120,2014-06-30,550,14.12,7767.38,523.0,0.0,523.0,2014-06-23 00:00:00.000,True
7856,3316,7324,3848,151,2014-06-30,60,50.26,3015.81,51.0,0.0,51.0,2014-06-23 00:00:00.000,True
7857,3316,7325,3848,152,2014-06-30,60,57.15,3429.09,60.0,0.0,60.0,2014-06-23 00:00:00.000,True
7858,3316,7326,3848,153,2014-06-30,60,53.2,3192.21,60.0,0.0,60.0,2014-06-23 00:00:00.000,True
7859,3316,7327,3848,154,2014-06-30,60,63.69,3821.58,60.0,0.0,60.0,2014-06-23 00:00:00.000,True
7860,3317,7328,3849,440,2014-06-30,550,21.09,11601.98,550.0,0.0,550.0,2014-06-23 00:00:00.000,True
7861,3317,7329,3849,437,2014-06-30,550,30.44,16741.73,550.0,0.0,550.0,2014-06-23 00:00:00.000,True
7862,3317,7330,3849,434,2014-06-30,550,40.94,22516.73,550.0,0.0,550.0,2014-06-23 00:00:00.000,True
7863,3317,7331,3849,441,2014-06-30,550,21.09,11601.98,550.0,0.0,550.0,2014-06-23 00:00:00.000,True
7864,3317,7332,3849,438,2014-06-30,550,30.44,16741.73,550.0,0.0,550.0,2014-06-23 00:00:00.000,True
7865,3317,7333,3849,435,2014-06-30,550,40.94,22516.73,550.0,0.0,550.0,2014-06-23 00:00:00.000,True
7866,3318,7334,3850,111,2014-06-30,60,9.2,551.88,60.0,0.0,60.0,2014-06-23 00:00:00.000,True
7867,3319,7335,3851,162,2014-06-30,550,5.78,3176.25,550.0,0.0,550.0,2014-06-23 00:00:00.000,True
7868,3319,7336,3851,163,2014-06-30,550,1.16,635.25,550.0,0.0,550.0,2014-06-23 00:00:00.000,True
7869,3319,7337,3851,132,2014-06-30,550,5.78,3176.25,550.0,0.0,550.0,2014-06-23 00:00:00.000,True
7870,3320,7338,3852,112,2014-06-30,550,23.39,12866.7,550.0,0.0,550.0,2014-06-23 00:00:00.000,True
7871,3320,7339,3852,113,2014-06-30,550,27.65,15205.58,550.0,55.0,495.0,2014-06-23 00:00:00.000,True
7872,3321,7340,3853,131,2014-06-30,550,3.49,1917.3,550.0,0.0,550.0,2014-06-23 00:00:00.000,True
7873,3322,7341,3854,162,2014-06-30,550,6.2,3407.25,550.0,82.0,468.0,2014-06-23 00:00:00.000,True
7874,3322,7342,3854,163,2014-06-30,550,1.47,808.5,550.0,0.0,550.0,2014-06-23 00:00:00.000,True
7875,3323,7343,3855,112,2014-06-30,550,22.17,12191.03,550.0,0.0,550.0,2014-06-23 00:00:00.000,True
7876,3323,7344,3855,113,2014-06-30,550,29.28,16106.48,550.0,0.0,550.0,2014-06-23 00:00:00.000,True
7877,3324,7345,3856,150,2014-06-30,3,19.98,59.94,3.0,0.0,3.0,2014-06-23 00:00:00.000,True
7878,3325,7346,3857,204,2014-06-30,3,41.17,123.51,3.0,0.0,3.0,2014-06-23 00:00:00.000,True
7879,3325,7347,3857,205,2014-06-30,3,39.07,117.21,3.0,0.0,3.0,2014-06-23 00:00:00.000,True
7880,3325,7348,3857,206,2014-06-30,3,43.34,130.03,3.0,0.0,3.0,2014-06-23 00:00:00.000,True
7881,3325,7349,3857,207,2014-06-30,3,39.07,117.21,3.0,0.0,3.0,2014-06-23 00:00:00.000,True
7882,3325,7350,3857,208,2014-06-30,3,36.97,110.91,3.0,0.0,3.0,2014-06-23 00:00:00.000,True
7883,3325,7351,3857,170,2014-06-30,3,41.24,123.73,3.0,0.0,3.0,2014-06-23 00:00:00.000,True
7884,3325,7352,3857,158,2014-06-30,3,36.97,110.91,3.0,0.0,3.0,2014-06-23 00:00:00.000,True
7885,3325,7353,3857,159,2014-06-30,3,34.87,104.61,3.0,0.0,3.0,2014-06-23 00:00:00.000,True
7886,3325,7354,3857,160,2014-06-30,3,39.14,117.43,3.0,0.0,3.0,2014-06-23 00:00:00.000,True
7887,3326,7355,3858,9,2014-06-30,550,31.49,17319.23,468.0,0.0,468.0,2014-06-23 00:00:00.000,True
7888,3326,7356,3858,7,2014-06-30,550,48.29,26559.23,550.0,0.0,550.0,2014-06-23 00:00:00.000,True
7889,3327,7357,3859,236,2014-06-30,3,43.34,130.03,3.0,0.0,3.0,2014-06-23 00:00:00.000,True
7890,3327,7358,3859,237,2014-06-30,3,39.07,117.21,3.0,0.0,3.0,2014-06-23 00:00:00.000,True
7891,3327,7359,3859,238,2014-06-30,3,36.97,110.91,3.0,0.0,3.0,2014-06-23 00:00:00.000,True
7892,3327,7360,3859,239,2014-06-30,3,41.24,123.73,3.0,0.0,3.0,2014-06-23 00:00:00.000,True
7893,3327,7361,3859,240,2014-06-30,3,36.97,110.91,3.0,0.0,3.0,2014-06-23 00:00:00.000,True
7894,3327,7362,3859,241,2014-06-30,3,43.22,129.65,3.0,0.0,3.0,2014-06-23 00:00:00.000,True
7895,3328,7363,3860,140,2014-06-30,550,11.09,6098.4,550.0,0.0,550.0,2014-06-23 00:00:00.000,True
7896,3328,7364,3860,141,2014-06-30,550,8.76,4816.35,550.0,0.0,550.0,2014-06-23 00:00:00.000,True
7897,3328,7365,3860,142,2014-06-30,550,9.69,5330.33,550.0,0.0,550.0,2014-06-23 00:00:00.000,True
7898,3328,7366,3860,143,2014-06-30,550,6.88,3782.63,550.0,0.0,550.0,2014-06-23 00:00:00.000,True
7899,3328,7367,3860,144,2014-06-30,550,7.8,4290.83,550.0,0.0,550.0,2014-06-23 00:00:00.000,True
7900,3329,7368,3861,211,2014-07-01,3,47.47,142.41,3.0,0.0,3.0,2014-06-24 00:00:00.000,True
7901,3330,7369,3862,115,2014-07-01,550,23.08,12693.45,550.0,0.0,550.0,2014-06-24 00:00:00.000,True
7902,3330,7370,3862,116,2014-07-01,550,29.27,16100.7,550.0,55.0,495.0,2014-06-24 00:00:00.000,True
7903,3330,7371,3862,117,2014-07-01,550,34.98,19236.53,550.0,0.0,550.0,2014-06-24 00:00:00.000,True
7904,3331,7372,3863,442,2014-07-01,550,21.09,11601.98,550.0,0.0,550.0,2014-06-24 00:00:00.000,True
7905,3331,7373,3863,439,2014-07-01,550,30.44,16741.73,550.0,0.0,550.0,2014-06-24 00:00:00.000,True
7906,3331,7374,3863,436,2014-07-01,550,40.94,22516.73,550.0,27.0,523.0,2014-06-24 00:00:00.000,True
7907,3332,7375,3864,109,2014-07-01,550,2.32,1276.28,550.0,82.0,468.0,2014-06-24 00:00:00.000,True
7908,3333,7376,3865,122,2014-07-01,550,3.64,2003.93,550.0,0.0,550.0,2014-06-24 00:00:00.000,True
7909,3334,7377,3866,440,2014-07-01,550,21.09,11601.98,550.0,0.0,550.0,2014-06-24 00:00:00.000,True
7910,3334,7378,3866,437,2014-07-01,550,30.44,16741.73,550.0,0.0,550.0,2014-06-24 00:00:00.000,True
7911,3335,7379,3867,165,2014-07-01,60,3.6,216.09,60.0,0.0,60.0,2014-06-24 00:00:00.000,True
7912,3335,7380,3867,166,2014-07-01,60,3.98,238.77,57.0,0.0,57.0,2014-06-24 00:00:00.000,True
7913,3336,7381,3868,9,2014-07-01,550,31.49,17319.23,468.0,0.0,468.0,2014-06-24 00:00:00.000,True
7914,3336,7382,3868,7,2014-07-01,550,48.29,26559.23,550.0,0.0,550.0,2014-06-24 00:00:00.000,True
7915,3337,7383,3869,120,2014-07-01,550,12.97,7132.13,550.0,0.0,550.0,2014-06-24 00:00:00.000,True
7916,3338,7384,3870,441,2014-07-01,550,21.09,11601.98,550.0,0.0,550.0,2014-06-24 00:00:00.000,True
7917,3338,7385,3870,438,2014-07-01,550,30.44,16741.73,550.0,0.0,550.0,2014-06-24 00:00:00.000,True
7918,3339,7386,3871,434,2014-07-01,550,40.94,22516.73,550.0,0.0,550.0,2014-06-24 00:00:00.000,True
7919,3340,7387,3872,4,2014-07-01,550,62.99,34644.23,550.0,0.0,550.0,2014-06-24 00:00:00.000,True
7920,3341,7388,3873,81,2014-07-01,3,41.22,123.67,3.0,0.0,3.0,2014-06-24 00:00:00.000,True
7921,3341,7389,3873,82,2014-07-01,3,45.5,136.49,3.0,0.0,3.0,2014-06-24 00:00:00.000,True
7922,3341,7390,3873,83,2014-07-01,3,41.22,123.67,3.0,0.0,3.0,2014-06-24 00:00:00.000,True
7923,3341,7391,3873,84,2014-07-01,3,39.12,117.37,3.0,0.0,3.0,2014-06-24 00:00:00.000,True
7924,3342,7392,3874,73,2014-07-01,3,47.68,143.04,3.0,0.0,3.0,2014-06-24 00:00:00.000,True
7925,3343,7393,3875,115,2014-07-01,550,23.4,12872.48,550.0,0.0,550.0,2014-06-24 00:00:00.000,True
7926,3343,7394,3875,116,2014-07-01,550,27.87,15326.85,550.0,0.0,550.0,2014-06-24 00:00:00.000,True
7927,3344,7395,3876,123,2014-07-01,550,6.75,3713.33,550.0,0.0,550.0,2014-06-24 00:00:00.000,True
7928,3345,7396,3877,10,2014-07-02,550,31.49,17319.23,550.0,0.0,550.0,2014-06-25 00:00:00.000,True
7929,3345,7397,3877,8,2014-07-02,550,48.29,26559.23,523.0,0.0,523.0,2014-06-25 00:00:00.000,True
7930,3345,7398,3877,114,2014-07-02,550,36.28,19952.63,550.0,0.0,550.0,2014-06-25 00:00:00.000,True
7931,3346,7399,3878,151,2014-07-02,60,50.75,3044.79,51.0,0.0,51.0,2014-06-25 00:00:00.000,True
7932,3346,7400,3878,152,2014-07-02,60,58.26,3495.87,60.0,0.0,60.0,2014-06-25 00:00:00.000,True
7933,3346,7401,3878,153,2014-07-02,60,50.75,3044.79,60.0,0.0,60.0,2014-06-25 00:00:00.000,True
7934,3346,7402,3878,154,2014-07-02,60,62.93,3775.59,60.0,0.0,60.0,2014-06-25 00:00:00.000,True
7935,3347,7403,3879,119,2014-07-02,550,10.38,5711.48,550.0,0.0,550.0,2014-06-25 00:00:00.000,True
7936,3348,7404,3880,231,2014-07-02,3,47.68,143.04,3.0,0.0,3.0,2014-06-25 00:00:00.000,True
7937,3348,7405,3880,232,2014-07-02,3,45.58,136.74,3.0,0.0,3.0,2014-06-25 00:00:00.000,True
7938,3348,7406,3880,233,2014-07-02,3,49.85,149.56,3.0,0.0,3.0,2014-06-25 00:00:00.000,True
7939,3348,7407,3880,234,2014-07-02,3,45.58,136.74,3.0,0.0,3.0,2014-06-25 00:00:00.000,True
7940,3348,7408,3880,138,2014-07-02,3,43.48,130.44,3.0,0.0,3.0,2014-06-25 00:00:00.000,True
7941,3349,7409,3881,149,2014-07-02,3,12.72,38.15,3.0,0.0,3.0,2014-06-25 00:00:00.000,True
7942,3349,7410,3881,150,2014-07-02,3,19.94,59.82,3.0,0.0,3.0,2014-06-25 00:00:00.000,True
7943,3350,7411,3882,124,2014-07-02,3,38.16,114.47,3.0,0.0,3.0,2014-06-25 00:00:00.000,True
7944,3351,7412,3883,110,2014-07-02,3,44.22,132.65,3.0,0.0,3.0,2014-06-25 00:00:00.000,True
7945,3352,7413,3884,10,2014-07-02,550,31.49,17319.23,550.0,82.0,468.0,2014-06-25 00:00:00.000,True
7946,3352,7414,3884,8,2014-07-02,550,48.29,26559.23,550.0,0.0,550.0,2014-06-25 00:00:00.000,True
7947,3353,7415,3885,167,2014-07-02,60,6.98,418.95,60.0,0.0,60.0,2014-06-25 00:00:00.000,True
7948,3354,7416,3886,236,2014-07-02,3,43.27,129.81,3.0,0.0,3.0,2014-06-25 00:00:00.000,True
7949,3354,7417,3886,237,2014-07-02,3,47.54,142.63,3.0,0.0,3.0,2014-06-25 00:00:00.000,True
7950,3355,7418,3887,165,2014-07-02,60,3.38,202.86,60.0,0.0,60.0,2014-06-25 00:00:00.000,True
7951,3355,7419,3887,166,2014-07-02,60,4.32,258.93,57.0,0.0,57.0,2014-06-25 00:00:00.000,True
7952,3356,7420,3888,242,2014-07-02,3,39.07,117.21,3.0,0.0,3.0,2014-06-25 00:00:00.000,True
7953,3356,7421,3888,243,2014-07-02,3,36.97,110.91,3.0,0.0,3.0,2014-06-25 00:00:00.000,True
7954,3356,7422,3888,244,2014-07-02,3,41.24,123.73,3.0,0.0,3.0,2014-06-25 00:00:00.000,True
7955,3356,7423,3888,245,2014-07-02,3,36.97,110.91,3.0,0.0,3.0,2014-06-25 00:00:00.000,True
7956,3357,7424,3889,149,2014-07-02,3,12.36,37.08,3.0,0.0,3.0,2014-06-25 00:00:00.000,True
7957,3358,7425,3890,118,2014-07-02,550,39.2,21558.08,550.0,0.0,550.0,2014-06-25 00:00:00.000,True
7958,3359,7426,3891,226,2014-07-02,3,43.38,130.13,3.0,0.0,3.0,2014-06-25 00:00:00.000,True
7959,3359,7427,3891,227,2014-07-02,3,47.65,142.95,3.0,0.0,3.0,2014-06-25 00:00:00.000,True
7960,3359,7428,3891,228,2014-07-02,3,43.38,130.13,3.0,0.0,3.0,2014-06-25 00:00:00.000,True
7961,3359,7429,3891,229,2014-07-02,3,41.28,123.83,3.0,0.0,3.0,2014-06-25 00:00:00.000,True
7962,3359,7430,3891,230,2014-07-02,3,45.55,136.65,3.0,0.0,3.0,2014-06-25 00:00:00.000,True
7963,3360,7431,3892,500,2014-07-02,550,34.87,19178.78,550.0,0.0,550.0,2014-06-25 00:00:00.000,True
7964,3360,7432,3892,499,2014-07-02,550,39.76,21869.93,550.0,55.0,495.0,2014-06-25 00:00:00.000,True
7965,3360,7433,3892,495,2014-07-02,550,43.98,24191.48,550.0,0.0,550.0,2014-06-25 00:00:00.000,True
7966,3361,7434,3893,88,2014-07-03,3,41.38,124.14,3.0,0.0,3.0,2014-06-26 00:00:00.000,True
7967,3361,7435,3893,89,2014-07-03,3,45.65,136.96,3.0,0.0,3.0,2014-06-26 00:00:00.000,True
7968,3361,7436,3893,90,2014-07-03,3,41.38,124.14,3.0,0.0,3.0,2014-06-26 00:00:00.000,True
7969,3361,7437,3893,91,2014-07-03,3,39.28,117.84,3.0,0.0,3.0,2014-06-26 00:00:00.000,True
7970,3362,7438,3894,170,2014-07-03,3,47.65,142.95,3.0,0.0,3.0,2014-06-26 00:00:00.000,True
7971,3362,7439,3894,158,2014-07-03,3,43.38,130.13,3.0,0.0,3.0,2014-06-26 00:00:00.000,True
7972,3363,7440,3895,500,2014-07-03,550,34.35,18890.03,550.0,0.0,550.0,2014-06-26 00:00:00.000,True
7973,3363,7441,3895,499,2014-07-03,550,39.24,21581.18,550.0,0.0,550.0,2014-06-26 00:00:00.000,True
7974,3364,7442,3896,204,2014-07-03,3,47.47,142.41,3.0,0.0,3.0,2014-06-26 00:00:00.000,True
7975,3364,7443,3896,205,2014-07-03,3,45.37,136.11,3.0,0.0,3.0,2014-06-26 00:00:00.000,True
7976,3365,7444,3897,498,2014-07-03,550,32.77,18023.78,550.0,0.0,550.0,2014-06-26 00:00:00.000,True
7977,3365,7445,3897,496,2014-07-03,550,37.09,20397.3,523.0,0.0,523.0,2014-06-26 00:00:00.000,True
7978,3365,7446,3897,494,2014-07-03,550,43.04,23671.73,550.0,0.0,550.0,2014-06-26 00:00:00.000,True
7979,3366,7447,3898,203,2014-07-03,550,10.82,5948.25,468.0,0.0,468.0,2014-06-26 00:00:00.000,True
7980,3367,7448,3899,447,2014-07-03,550,82.83,45558.98,550.0,0.0,550.0,2014-06-26 00:00:00.000,True
7981,3367,7449,3899,446,2014-07-03,550,82.83,45558.98,550.0,0.0,550.0,2014-06-26 00:00:00.000,True
7982,3368,7450,3900,183,2014-07-03,1250,0.21,262.5,1250.0,0.0,1250.0,2014-06-26 00:00:00.000,True
7983,3368,7451,3900,197,2014-07-03,1250,0.21,262.5,1250.0,0.0,1250.0,2014-06-26 00:00:00.000,True
7984,3369,7452,3901,191,2014-07-03,3,49.64,148.93,3.0,0.0,3.0,2014-06-26 00:00:00.000,True
7985,3369,7453,3901,192,2014-07-03,3,44.32,132.96,3.0,0.0,3.0,2014-06-26 00:00:00.000,True
7986,3369,7454,3901,193,2014-07-03,60,28.7,1721.79,60.0,0.0,60.0,2014-06-26 00:00:00.000,True
7987,3370,7455,3902,494,2014-07-03,550,42.51,23382.98,550.0,0.0,550.0,2014-06-26 00:00:00.000,True
7988,3370,7456,3902,501,2014-07-03,550,5.59,3072.3,550.0,55.0,495.0,2014-06-26 00:00:00.000,True
7989,3371,7457,3903,493,2014-07-03,60,15.74,944.37,60.0,0.0,60.0,2014-06-26 00:00:00.000,True
7990,3372,7458,3904,495,2014-07-03,550,43.46,23902.73,550.0,82.0,468.0,2014-06-26 00:00:00.000,True
7991,3372,7459,3904,497,2014-07-03,550,37.62,20691.83,550.0,0.0,550.0,2014-06-26 00:00:00.000,True
7992,3373,7460,3905,190,2014-07-03,550,48.58,26720.93,550.0,0.0,550.0,2014-06-26 00:00:00.000,True
7993,3374,7461,3906,498,2014-07-03,550,32.25,17735.03,550.0,0.0,550.0,2014-06-26 00:00:00.000,True
7994,3374,7462,3906,496,2014-07-03,550,36.56,20108.55,550.0,0.0,550.0,2014-06-26 00:00:00.000,True
7995,3375,7463,3907,190,2014-07-03,550,46.42,25531.28,550.0,0.0,550.0,2014-06-26 00:00:00.000,True
7996,3376,7464,3908,179,2014-07-03,3,43.4,130.19,3.0,0.0,3.0,2014-06-26 00:00:00.000,True
7997,3376,7465,3908,180,2014-07-03,3,39.12,117.37,3.0,0.0,3.0,2014-06-26 00:00:00.000,True
7998,3376,7466,3908,181,2014-07-03,3,37.02,111.07,3.0,0.0,3.0,2014-06-26 00:00:00.000,True
7999,3376,7467,3908,182,2014-07-03,3,41.3,123.89,3.0,0.0,3.0,2014-06-26 00:00:00.000,True
8000,3377,7468,3909,184,2014-07-04,3,41.92,125.75,3.0,0.0,3.0,2014-06-27 00:00:00.000,True
8001,3378,7469,3910,248,2014-07-04,3,50.26,150.79,3.0,0.0,3.0,2014-06-27 00:00:00.000,True
8002,3379,7470,3911,182,2014-07-04,3,41.45,124.36,3.0,0.0,3.0,2014-06-27 00:00:00.000,True
8003,3379,7471,3911,196,2014-07-04,3,37.18,111.54,3.0,0.0,3.0,2014-06-27 00:00:00.000,True
8004,3380,7472,3912,126,2014-07-04,550,16.09,8847.3,550.0,0.0,550.0,2014-06-27 00:00:00.000,True
8005,3381,7473,3913,186,2014-07-04,3,57.03,171.08,3.0,0.0,3.0,2014-06-27 00:00:00.000,True
8006,3382,7474,3914,117,2014-07-04,550,37.09,20397.3,550.0,82.0,468.0,2014-06-27 00:00:00.000,True
8007,3383,7475,3915,118,2014-07-04,550,26.6,14628.08,550.0,0.0,550.0,2014-06-27 00:00:00.000,True
8008,3384,7476,3916,188,2014-07-04,550,27.06,14882.18,550.0,0.0,550.0,2014-06-27 00:00:00.000,True
8009,3384,7477,3916,189,2014-07-04,550,33.58,18468.45,550.0,0.0,550.0,2014-06-27 00:00:00.000,True
8010,3385,7478,3917,227,2014-07-04,3,36.97,110.91,3.0,0.0,3.0,2014-06-27 00:00:00.000,True
8011,3385,7479,3917,228,2014-07-04,3,34.87,104.61,3.0,0.0,3.0,2014-06-27 00:00:00.000,True
8012,3385,7480,3917,229,2014-07-04,3,39.14,117.43,3.0,0.0,3.0,2014-06-27 00:00:00.000,True
8013,3385,7481,3917,230,2014-07-04,3,47.58,142.73,3.0,0.0,3.0,2014-06-27 00:00:00.000,True
8014,3386,7482,3918,92,2014-07-04,3,43.4,130.19,3.0,0.0,3.0,2014-06-27 00:00:00.000,True
8015,3386,7483,3918,93,2014-07-04,3,39.12,117.37,3.0,0.0,3.0,2014-06-27 00:00:00.000,True
8016,3386,7484,3918,94,2014-07-04,3,37.02,111.07,3.0,0.0,3.0,2014-06-27 00:00:00.000,True
8017,3386,7485,3918,95,2014-07-04,3,41.3,123.89,3.0,0.0,3.0,2014-06-27 00:00:00.000,True
8018,3387,7486,3919,191,2014-07-04,3,47.47,142.41,3.0,0.0,3.0,2014-06-27 00:00:00.000,True
8019,3387,7487,3919,192,2014-07-04,3,42.8,128.39,3.0,0.0,3.0,2014-06-27 00:00:00.000,True
8020,3387,7488,3919,193,2014-07-04,60,25.42,1525.23,60.0,0.0,60.0,2014-06-27 00:00:00.000,True
8021,3388,7489,3920,64,2014-07-04,3,39.28,117.84,3.0,0.0,3.0,2014-06-27 00:00:00.000,True
8022,3388,7490,3920,63,2014-07-04,3,43.55,130.66,3.0,0.0,3.0,2014-06-27 00:00:00.000,True
8023,3388,7491,3920,61,2014-07-04,3,39.28,117.84,3.0,0.0,3.0,2014-06-27 00:00:00.000,True
8024,3388,7492,3920,71,2014-07-04,3,37.18,111.54,3.0,0.0,3.0,2014-06-27 00:00:00.000,True
8025,3388,7493,3920,72,2014-07-04,3,41.45,124.36,3.0,0.0,3.0,2014-06-27 00:00:00.000,True
8026,3389,7494,3921,6,2014-07-04,550,62.99,34644.23,550.0,0.0,550.0,2014-06-27 00:00:00.000,True
8027,3390,7495,3922,191,2014-07-04,3,45.37,136.11,3.0,0.0,3.0,2014-06-27 00:00:00.000,True
8028,3390,7496,3922,192,2014-07-04,3,40.49,121.46,3.0,0.0,3.0,2014-06-27 00:00:00.000,True
8029,3390,7497,3922,193,2014-07-04,60,26.37,1581.93,60.0,0.0,60.0,2014-06-27 00:00:00.000,True
8030,3391,7498,3923,121,2014-07-04,3,48.76,146.29,3.0,0.0,3.0,2014-06-27 00:00:00.000,True
8031,3392,7499,3924,156,2014-07-04,3,34.19,102.56,3.0,0.0,3.0,2014-06-27 00:00:00.000,True
8032,3393,7500,3925,194,2014-07-05,3,50.26,150.79,3.0,0.0,3.0,2014-06-28 00:00:00.000,True
8033,3394,7501,3926,119,2014-07-05,550,10.73,5902.05,550.0,0.0,550.0,2014-06-28 00:00:00.000,True
8034,3394,7502,3926,120,2014-07-05,550,14.12,7767.38,550.0,0.0,550.0,2014-06-28 00:00:00.000,True
8035,3395,7503,3927,155,2014-07-05,60,48.91,2934.54,60.0,0.0,60.0,2014-06-28 00:00:00.000,True
8036,3396,7504,3928,442,2014-07-05,550,21.09,11601.98,468.0,0.0,468.0,2014-06-28 00:00:00.000,True
8037,3396,7505,3928,439,2014-07-05,550,30.44,16741.73,550.0,0.0,550.0,2014-06-28 00:00:00.000,True
8038,3396,7506,3928,436,2014-07-05,550,40.94,22516.73,550.0,0.0,550.0,2014-06-28 00:00:00.000,True
8039,3397,7507,3929,111,2014-07-05,60,9.2,551.88,60.0,0.0,60.0,2014-06-28 00:00:00.000,True
8040,3398,7508,3930,162,2014-07-05,550,5.78,3176.25,550.0,0.0,550.0,2014-06-28 00:00:00.000,True
8041,3398,7509,3930,163,2014-07-05,550,1.16,635.25,550.0,0.0,550.0,2014-06-28 00:00:00.000,True
8042,3398,7510,3930,132,2014-07-05,550,5.78,3176.25,550.0,0.0,550.0,2014-06-28 00:00:00.000,True
8043,3399,7511,3931,112,2014-07-05,550,23.39,12866.7,550.0,0.0,550.0,2014-06-28 00:00:00.000,True
8044,3399,7512,3931,113,2014-07-05,550,27.65,15205.58,550.0,0.0,550.0,2014-06-28 00:00:00.000,True
8045,3400,7513,3932,164,2014-07-05,550,1.37,750.75,550.0,0.0,550.0,2014-06-28 00:00:00.000,True
8046,3400,7514,3932,5,2014-07-05,550,62.99,34644.23,550.0,55.0,495.0,2014-06-28 00:00:00.000,True
8047,3400,7515,3932,131,2014-07-05,550,3.49,1917.3,550.0,0.0,550.0,2014-06-28 00:00:00.000,True
8048,3401,7516,3933,132,2014-07-05,550,6.2,3407.25,550.0,0.0,550.0,2014-06-28 00:00:00.000,True
8049,3402,7517,3934,112,2014-07-05,550,22.17,12191.03,550.0,82.0,468.0,2014-06-28 00:00:00.000,True
8050,3402,7518,3934,113,2014-07-05,550,29.28,16106.48,550.0,0.0,550.0,2014-06-28 00:00:00.000,True
8051,3403,7519,3935,150,2014-07-05,3,19.98,59.94,3.0,0.0,3.0,2014-06-28 00:00:00.000,True
8052,3404,7520,3936,204,2014-07-05,3,41.17,123.51,3.0,3.0,0.0,2014-06-28 00:00:00.000,True
8053,3404,7521,3936,205,2014-07-05,3,39.07,117.21,3.0,3.0,0.0,2014-06-28 00:00:00.000,True
8054,3405,7522,3937,9,2014-07-05,550,31.49,17319.23,550.0,0.0,550.0,2014-06-28 00:00:00.000,True
8055,3405,7523,3937,7,2014-07-05,550,48.29,26559.23,523.0,0.0,523.0,2014-06-28 00:00:00.000,True
8056,3406,7524,3938,242,2014-07-05,3,47.49,142.47,3.0,0.0,3.0,2014-06-28 00:00:00.000,True
8057,3406,7525,3938,243,2014-07-05,3,43.27,129.81,3.0,0.0,3.0,2014-06-28 00:00:00.000,True
8058,3406,7526,3938,244,2014-07-05,3,47.54,142.63,3.0,0.0,3.0,2014-06-28 00:00:00.000,True
8059,3406,7527,3938,245,2014-07-05,3,43.27,129.81,3.0,0.0,3.0,2014-06-28 00:00:00.000,True
8060,3407,7528,3939,133,2014-07-05,550,8.76,4816.35,550.0,0.0,550.0,2014-06-28 00:00:00.000,True
8061,3407,7529,3939,146,2014-07-05,550,5.81,3193.58,550.0,0.0,550.0,2014-06-28 00:00:00.000,True
8062,3407,7530,3939,147,2014-07-05,550,8.86,4874.1,550.0,0.0,550.0,2014-06-28 00:00:00.000,True
8063,3407,7531,3939,148,2014-07-05,550,10.47,5757.68,550.0,0.0,550.0,2014-06-28 00:00:00.000,True
8064,3408,7532,3940,211,2014-07-05,3,47.47,142.41,3.0,0.0,3.0,2014-06-28 00:00:00.000,True
8065,3409,7533,3941,115,2014-07-06,550,23.08,12693.45,550.0,0.0,550.0,2014-06-29 00:00:00.000,True
8066,3409,7534,3941,116,2014-07-06,550,29.27,16100.7,550.0,0.0,550.0,2014-06-29 00:00:00.000,True
8067,3409,7535,3941,117,2014-07-06,550,34.98,19236.53,550.0,0.0,550.0,2014-06-29 00:00:00.000,True
8068,3410,7536,3942,212,2014-07-06,3,45.37,136.11,3.0,0.0,3.0,2014-06-29 00:00:00.000,True
8069,3410,7537,3942,213,2014-07-06,3,49.64,148.93,3.0,0.0,3.0,2014-06-29 00:00:00.000,True
8070,3410,7538,3942,214,2014-07-06,3,45.37,136.11,3.0,0.0,3.0,2014-06-29 00:00:00.000,True
8071,3411,7539,3943,109,2014-07-06,550,2.32,1276.28,550.0,0.0,550.0,2014-06-29 00:00:00.000,True
8072,3412,7540,3944,122,2014-07-06,550,3.64,2003.93,550.0,82.0,468.0,2014-06-29 00:00:00.000,True
8073,3413,7541,3945,435,2014-07-07,550,40.94,22516.73,550.0,0.0,550.0,2014-06-30 00:00:00.000,True
8074,3414,7542,3946,165,2014-07-07,60,3.6,216.09,60.0,0.0,60.0,2014-06-30 00:00:00.000,True
8075,3414,7543,3946,166,2014-07-07,60,3.98,238.77,60.0,0.0,60.0,2014-06-30 00:00:00.000,True
8076,3415,7544,3947,9,2014-07-07,550,31.49,17319.23,550.0,0.0,550.0,2014-06-30 00:00:00.000,True
8077,3415,7545,3947,7,2014-07-07,550,48.29,26559.23,523.0,0.0,523.0,2014-06-30 00:00:00.000,True
8078,3416,7546,3948,120,2014-07-07,550,12.97,7132.13,468.0,0.0,468.0,2014-06-30 00:00:00.000,True
8079,3417,7547,3949,441,2014-07-07,550,21.09,11601.98,550.0,0.0,550.0,2014-06-30 00:00:00.000,True
8080,3417,7548,3949,438,2014-07-07,550,30.44,16741.73,550.0,0.0,550.0,2014-06-30 00:00:00.000,True
8081,3418,7549,3950,434,2014-07-07,550,40.94,22516.73,550.0,0.0,550.0,2014-06-30 00:00:00.000,True
8082,3419,7550,3951,4,2014-07-07,550,62.99,34644.23,550.0,0.0,550.0,2014-06-30 00:00:00.000,True
8083,3420,7551,3952,145,2014-07-07,3,43.4,130.19,3.0,0.0,3.0,2014-06-30 00:00:00.000,True
8084,3420,7552,3952,134,2014-07-07,3,39.12,117.37,3.0,0.0,3.0,2014-06-30 00:00:00.000,True
8085,3421,7553,3953,73,2014-07-07,3,47.68,143.04,3.0,0.0,3.0,2014-06-30 00:00:00.000,True
8086,3422,7554,3954,115,2014-07-07,550,23.4,12872.48,550.0,82.0,468.0,2014-06-30 00:00:00.000,True
8087,3422,7555,3954,116,2014-07-07,550,27.87,15326.85,550.0,0.0,550.0,2014-06-30 00:00:00.000,True
8088,3423,7556,3955,123,2014-07-07,550,6.75,3713.33,550.0,0.0,550.0,2014-06-30 00:00:00.000,True
8089,3424,7557,3956,10,2014-07-07,550,31.49,17319.23,550.0,0.0,550.0,2014-06-30 00:00:00.000,True
8090,3424,7558,3956,8,2014-07-07,550,48.29,26559.23,550.0,0.0,550.0,2014-06-30 00:00:00.000,True
8091,3425,7559,3957,155,2014-07-07,60,49.65,2979.27,60.0,0.0,60.0,2014-06-30 00:00:00.000,True
8092,3426,7560,3958,119,2014-07-07,550,10.38,5711.48,468.0,0.0,468.0,2014-06-30 00:00:00.000,True
8093,3427,7561,3959,86,2014-07-07,3,47.75,143.26,3.0,0.0,3.0,2014-06-30 00:00:00.000,True
8094,3427,7562,3959,87,2014-07-07,3,43.48,130.44,3.0,0.0,3.0,2014-06-30 00:00:00.000,True
8095,3427,7563,3959,88,2014-07-07,3,41.38,124.14,3.0,0.0,3.0,2014-06-30 00:00:00.000,True
8096,3427,7564,3959,89,2014-07-07,3,45.65,136.96,3.0,0.0,3.0,2014-06-30 00:00:00.000,True
8097,3427,7565,3959,90,2014-07-07,3,41.38,124.14,3.0,0.0,3.0,2014-06-30 00:00:00.000,True
8098,3427,7566,3959,91,2014-07-07,3,39.28,117.84,3.0,0.0,3.0,2014-06-30 00:00:00.000,True
8099,3428,7567,3960,149,2014-07-07,3,12.72,38.15,3.0,0.0,3.0,2014-06-30 00:00:00.000,True
8100,3428,7568,3960,150,2014-07-07,3,19.94,59.82,3.0,0.0,3.0,2014-06-30 00:00:00.000,True
8101,3429,7569,3961,124,2014-07-08,3,38.16,114.47,3.0,0.0,3.0,2014-07-01 00:00:00.000,True
8102,3430,7570,3962,110,2014-07-08,3,44.22,132.65,3.0,0.0,3.0,2014-07-01 00:00:00.000,True
8103,3431,7571,3963,10,2014-07-08,550,31.49,17319.23,550.0,0.0,550.0,2014-07-01 00:00:00.000,True
8104,3431,7572,3963,8,2014-07-08,550,48.29,26559.23,550.0,0.0,550.0,2014-07-01 00:00:00.000,True
8105,3432,7573,3964,167,2014-07-08,60,6.98,418.95,60.0,9.0,51.0,2014-07-01 00:00:00.000,True
8106,3433,7574,3965,238,2014-07-08,3,43.27,129.81,3.0,0.0,3.0,2014-07-01 00:00:00.000,True
8107,3433,7575,3965,239,2014-07-08,3,41.17,123.51,3.0,0.0,3.0,2014-07-01 00:00:00.000,True
8108,3433,7576,3965,240,2014-07-08,3,45.44,136.33,3.0,0.0,3.0,2014-07-01 00:00:00.000,True
8109,3434,7577,3966,165,2014-07-08,60,3.38,202.86,60.0,0.0,60.0,2014-07-01 00:00:00.000,True
8110,3434,7578,3966,166,2014-07-08,60,4.32,258.93,60.0,0.0,60.0,2014-07-01 00:00:00.000,True
8111,3435,7579,3967,246,2014-07-08,3,43.22,129.65,3.0,0.0,3.0,2014-07-01 00:00:00.000,True
8112,3435,7580,3967,247,2014-07-08,3,47.49,142.47,3.0,0.0,3.0,2014-07-01 00:00:00.000,True
8113,3435,7581,3967,235,2014-07-08,3,43.27,129.81,3.0,0.0,3.0,2014-07-01 00:00:00.000,True
8114,3435,7582,3967,249,2014-07-08,3,47.54,142.63,3.0,0.0,3.0,2014-07-01 00:00:00.000,True
8115,3435,7583,3967,250,2014-07-08,3,43.27,129.81,3.0,0.0,3.0,2014-07-01 00:00:00.000,True
8116,3435,7584,3967,251,2014-07-08,3,41.17,123.51,3.0,0.0,3.0,2014-07-01 00:00:00.000,True
8117,3435,7585,3967,252,2014-07-08,3,45.44,136.33,3.0,0.0,3.0,2014-07-01 00:00:00.000,True
8118,3435,7586,3967,253,2014-07-08,3,41.17,123.51,3.0,0.0,3.0,2014-07-01 00:00:00.000,True
8119,3435,7587,3967,254,2014-07-08,3,39.07,117.21,3.0,0.0,3.0,2014-07-01 00:00:00.000,True
8120,3435,7588,3967,255,2014-07-08,3,43.34,130.03,3.0,0.0,3.0,2014-07-01 00:00:00.000,True
8121,3435,7589,3967,256,2014-07-08,3,39.07,117.21,3.0,0.0,3.0,2014-07-01 00:00:00.000,True
8122,3435,7590,3967,301,2014-07-08,3,36.97,110.91,3.0,0.0,3.0,2014-07-01 00:00:00.000,True
8123,3435,7591,3967,302,2014-07-08,3,41.24,123.73,3.0,0.0,3.0,2014-07-01 00:00:00.000,True
8124,3436,7592,3968,149,2014-07-08,3,12.36,37.08,3.0,0.0,3.0,2014-07-01 00:00:00.000,True
8125,3437,7593,3969,118,2014-07-08,550,39.2,21558.08,550.0,0.0,550.0,2014-07-01 00:00:00.000,True
8126,3438,7594,3970,212,2014-07-08,3,45.44,136.33,3.0,0.0,3.0,2014-07-01 00:00:00.000,True
8127,3438,7595,3970,213,2014-07-08,3,41.17,123.51,3.0,0.0,3.0,2014-07-01 00:00:00.000,True
8128,3438,7596,3970,214,2014-07-08,3,39.07,117.21,3.0,0.0,3.0,2014-07-01 00:00:00.000,True
8129,3438,7597,3970,215,2014-07-08,3,43.34,130.03,3.0,0.0,3.0,2014-07-01 00:00:00.000,True
8130,3438,7598,3970,216,2014-07-08,3,39.07,117.21,3.0,0.0,3.0,2014-07-01 00:00:00.000,True
8131,3439,7599,3971,497,2014-07-08,550,38.15,20980.58,550.0,0.0,550.0,2014-07-01 00:00:00.000,True
8132,3440,7600,3972,92,2014-07-08,3,43.55,130.66,3.0,0.0,3.0,2014-07-01 00:00:00.000,True
8133,3440,7601,3972,93,2014-07-08,3,39.28,117.84,3.0,0.0,3.0,2014-07-01 00:00:00.000,True
8134,3440,7602,3972,94,2014-07-08,3,37.18,111.54,3.0,0.0,3.0,2014-07-01 00:00:00.000,True
8135,3441,7603,3973,159,2014-07-08,3,41.28,123.83,3.0,0.0,3.0,2014-07-01 00:00:00.000,True
8136,3441,7604,3973,160,2014-07-08,3,45.55,136.65,3.0,0.0,3.0,2014-07-01 00:00:00.000,True
8137,3442,7605,3974,500,2014-07-08,550,34.35,18890.03,550.0,82.0,468.0,2014-07-01 00:00:00.000,True
8138,3442,7606,3974,499,2014-07-08,550,39.24,21581.18,550.0,0.0,550.0,2014-07-01 00:00:00.000,True
8139,3443,7607,3975,206,2014-07-08,3,49.64,148.93,3.0,0.0,3.0,2014-07-01 00:00:00.000,True
8140,3443,7608,3975,207,2014-07-08,3,45.37,136.11,3.0,0.0,3.0,2014-07-01 00:00:00.000,True
8141,3443,7609,3975,208,2014-07-08,3,43.27,129.81,3.0,0.0,3.0,2014-07-01 00:00:00.000,True
8142,3444,7610,3976,498,2014-07-08,550,32.77,18023.78,550.0,0.0,550.0,2014-07-01 00:00:00.000,True
8143,3444,7611,3976,496,2014-07-08,550,37.09,20397.3,550.0,0.0,550.0,2014-07-01 00:00:00.000,True
8144,3445,7612,3977,203,2014-07-09,550,10.82,5948.25,550.0,0.0,550.0,2014-07-02 00:00:00.000,True
8145,3446,7613,3978,447,2014-07-09,550,82.83,45558.98,468.0,0.0,468.0,2014-07-02 00:00:00.000,True
8146,3446,7614,3978,446,2014-07-09,550,82.83,45558.98,550.0,0.0,550.0,2014-07-02 00:00:00.000,True
8147,3447,7615,3979,183,2014-07-09,1250,0.21,262.5,1250.0,0.0,1250.0,2014-07-02 00:00:00.000,True
8148,3447,7616,3979,197,2014-07-09,1250,0.21,262.5,1250.0,0.0,1250.0,2014-07-02 00:00:00.000,True
8149,3448,7617,3980,191,2014-07-09,3,49.64,148.93,3.0,0.0,3.0,2014-07-02 00:00:00.000,True
8150,3448,7618,3980,192,2014-07-09,3,44.32,132.96,3.0,0.0,3.0,2014-07-02 00:00:00.000,True
8151,3448,7619,3980,193,2014-07-09,60,28.7,1721.79,60.0,0.0,60.0,2014-07-02 00:00:00.000,True
8152,3449,7620,3981,494,2014-07-09,550,42.51,23382.98,550.0,0.0,550.0,2014-07-02 00:00:00.000,True
8153,3449,7621,3981,501,2014-07-09,550,5.59,3072.3,550.0,0.0,550.0,2014-07-02 00:00:00.000,True
8154,3450,7622,3982,493,2014-07-09,60,15.74,944.37,60.0,0.0,60.0,2014-07-02 00:00:00.000,True
8155,3451,7623,3983,503,2014-07-09,550,6.53,3592.05,550.0,0.0,550.0,2014-07-02 00:00:00.000,True
8156,3451,7624,3983,502,2014-07-09,550,6.18,3401.48,550.0,0.0,550.0,2014-07-02 00:00:00.000,True
8157,3452,7625,3984,188,2014-07-09,550,29.58,16268.18,550.0,82.0,468.0,2014-07-02 00:00:00.000,True
8158,3452,7626,3984,189,2014-07-09,550,36.1,19854.45,550.0,0.0,550.0,2014-07-02 00:00:00.000,True
8159,3453,7627,3985,498,2014-07-09,550,32.25,17735.03,550.0,0.0,550.0,2014-07-02 00:00:00.000,True
8160,3453,7628,3985,496,2014-07-09,550,36.56,20108.55,550.0,0.0,550.0,2014-07-02 00:00:00.000,True
8161,3454,7629,3986,190,2014-07-09,550,46.42,25531.28,550.0,0.0,550.0,2014-07-02 00:00:00.000,True
8162,3455,7630,3987,196,2014-07-09,3,37.02,111.07,3.0,0.0,3.0,2014-07-02 00:00:00.000,True
8163,3456,7631,3988,184,2014-07-09,3,41.92,125.75,3.0,0.0,3.0,2014-07-02 00:00:00.000,True
8164,3457,7632,3989,248,2014-07-09,3,50.26,150.79,3.0,0.0,3.0,2014-07-02 00:00:00.000,True
8165,3458,7633,3990,168,2014-07-09,3,47.68,143.04,3.0,0.0,3.0,2014-07-02 00:00:00.000,True
8166,3458,7634,3990,169,2014-07-09,3,45.58,136.74,3.0,0.0,3.0,2014-07-02 00:00:00.000,True
8167,3458,7635,3990,157,2014-07-09,3,49.85,149.56,3.0,0.0,3.0,2014-07-02 00:00:00.000,True
8168,3458,7636,3990,171,2014-07-09,3,45.58,136.74,3.0,0.0,3.0,2014-07-02 00:00:00.000,True
8169,3458,7637,3990,172,2014-07-09,3,43.48,130.44,3.0,0.0,3.0,2014-07-02 00:00:00.000,True
8170,3459,7638,3991,126,2014-07-09,550,16.09,8847.3,550.0,0.0,550.0,2014-07-02 00:00:00.000,True
8171,3460,7639,3992,186,2014-07-09,3,57.03,171.08,3.0,0.0,3.0,2014-07-02 00:00:00.000,True
8172,3461,7640,3993,117,2014-07-10,550,37.09,20397.3,550.0,0.0,550.0,2014-07-03 00:00:00.000,True
8173,3462,7641,3994,118,2014-07-10,550,26.6,14628.08,550.0,82.0,468.0,2014-07-03 00:00:00.000,True
8174,3463,7642,3995,190,2014-07-10,550,46.06,25334.93,550.0,0.0,550.0,2014-07-03 00:00:00.000,True
8175,3464,7643,3996,212,2014-07-10,3,47.47,142.41,3.0,0.0,3.0,2014-07-03 00:00:00.000,True
8176,3464,7644,3996,213,2014-07-10,3,45.37,136.11,3.0,0.0,3.0,2014-07-03 00:00:00.000,True
8177,3465,7645,3997,96,2014-07-10,3,37.02,111.07,3.0,0.0,3.0,2014-07-03 00:00:00.000,True
8178,3466,7646,3998,191,2014-07-10,3,47.47,142.41,3.0,0.0,3.0,2014-07-03 00:00:00.000,True
8179,3466,7647,3998,192,2014-07-10,3,42.8,128.39,3.0,0.0,3.0,2014-07-03 00:00:00.000,True
8180,3466,7648,3998,193,2014-07-10,60,25.42,1525.23,60.0,0.0,60.0,2014-07-03 00:00:00.000,True
8181,3467,7649,3999,85,2014-07-10,3,41.22,123.67,3.0,0.0,3.0,2014-07-03 00:00:00.000,True
8182,3467,7650,3999,98,2014-07-10,3,45.5,136.49,3.0,0.0,3.0,2014-07-03 00:00:00.000,True
8183,3467,7651,3999,99,2014-07-10,3,41.22,123.67,3.0,0.0,3.0,2014-07-03 00:00:00.000,True
8184,3467,7652,3999,100,2014-07-10,3,39.12,117.37,3.0,0.0,3.0,2014-07-03 00:00:00.000,True
8185,3467,7653,3999,101,2014-07-10,3,43.4,130.19,3.0,0.0,3.0,2014-07-03 00:00:00.000,True
8186,3467,7654,3999,102,2014-07-10,3,39.12,117.37,3.0,0.0,3.0,2014-07-03 00:00:00.000,True
8187,3468,7655,4000,6,2014-07-10,550,62.99,34644.23,550.0,0.0,550.0,2014-07-03 00:00:00.000,True
8188,3469,7656,4001,191,2014-07-10,3,45.37,136.11,3.0,0.0,3.0,2014-07-03 00:00:00.000,True
8189,3469,7657,4001,192,2014-07-10,3,40.49,121.46,3.0,0.0,3.0,2014-07-03 00:00:00.000,True
8190,3469,7658,4001,193,2014-07-10,60,26.37,1581.93,60.0,0.0,60.0,2014-07-03 00:00:00.000,True
8191,3470,7659,4002,121,2014-07-10,3,48.76,146.29,3.0,0.0,3.0,2014-07-03 00:00:00.000,True
8192,3471,7660,4003,156,2014-07-10,3,34.19,102.56,3.0,0.0,3.0,2014-07-03 00:00:00.000,True
8193,3472,7661,4004,194,2014-07-10,3,50.26,150.79,3.0,0.0,3.0,2014-07-03 00:00:00.000,True
8194,3473,7662,4005,119,2014-07-10,550,10.73,5902.05,550.0,0.0,550.0,2014-07-03 00:00:00.000,True
8195,3473,7663,4005,120,2014-07-10,550,14.12,7767.38,550.0,0.0,550.0,2014-07-03 00:00:00.000,True
8196,3474,7664,4006,151,2014-07-10,60,50.26,3015.81,60.0,0.0,60.0,2014-07-03 00:00:00.000,True
8197,3474,7665,4006,152,2014-07-10,60,57.15,3429.09,60.0,0.0,60.0,2014-07-03 00:00:00.000,True
8198,3475,7666,4007,440,2014-07-10,550,21.09,11601.98,550.0,0.0,550.0,2014-07-03 00:00:00.000,True
8199,3475,7667,4007,437,2014-07-10,550,30.44,16741.73,523.0,0.0,523.0,2014-07-03 00:00:00.000,True
8200,3475,7668,4007,434,2014-07-10,550,40.94,22516.73,550.0,0.0,550.0,2014-07-03 00:00:00.000,True
8201,3475,7669,4007,441,2014-07-10,550,21.09,11601.98,550.0,0.0,550.0,2014-07-03 00:00:00.000,True
8202,3475,7670,4007,438,2014-07-10,550,30.44,16741.73,550.0,0.0,550.0,2014-07-03 00:00:00.000,True
8203,3475,7671,4007,435,2014-07-10,550,40.94,22516.73,550.0,0.0,550.0,2014-07-03 00:00:00.000,True
8204,3475,7672,4007,442,2014-07-10,550,21.09,11601.98,550.0,0.0,550.0,2014-07-03 00:00:00.000,True
8205,3475,7673,4007,439,2014-07-10,550,30.44,16741.73,550.0,0.0,550.0,2014-07-03 00:00:00.000,True
8206,3475,7674,4007,436,2014-07-10,550,40.94,22516.73,550.0,0.0,550.0,2014-07-03 00:00:00.000,True
8207,3476,7675,4008,111,2014-07-10,60,9.2,551.88,51.0,0.0,51.0,2014-07-03 00:00:00.000,True
8208,3477,7676,4009,162,2014-07-11,550,5.78,3176.25,550.0,0.0,550.0,2014-07-04 00:00:00.000,True
8209,3477,7677,4009,163,2014-07-11,550,1.16,635.25,550.0,0.0,550.0,2014-07-04 00:00:00.000,True
8210,3477,7678,4009,132,2014-07-11,550,5.78,3176.25,550.0,0.0,550.0,2014-07-04 00:00:00.000,True
8211,3478,7679,4010,112,2014-07-11,550,23.39,12866.7,550.0,0.0,550.0,2014-07-04 00:00:00.000,True
8212,3478,7680,4010,113,2014-07-11,550,27.65,15205.58,550.0,0.0,550.0,2014-07-04 00:00:00.000,True
8213,3479,7681,4011,164,2014-07-11,550,1.37,750.75,550.0,0.0,550.0,2014-07-04 00:00:00.000,True
8214,3479,7682,4011,5,2014-07-11,550,62.99,34644.23,550.0,0.0,550.0,2014-07-04 00:00:00.000,True
8215,3479,7683,4011,131,2014-07-11,550,3.49,1917.3,550.0,0.0,550.0,2014-07-04 00:00:00.000,True
8216,3480,7684,4012,162,2014-07-11,550,6.2,3407.25,550.0,0.0,550.0,2014-07-04 00:00:00.000,True
8217,3480,7685,4012,163,2014-07-11,550,1.47,808.5,550.0,55.0,495.0,2014-07-04 00:00:00.000,True
8218,3480,7686,4012,132,2014-07-11,550,6.2,3407.25,550.0,0.0,550.0,2014-07-04 00:00:00.000,True
8219,3481,7687,4013,112,2014-07-11,550,22.17,12191.03,550.0,0.0,550.0,2014-07-04 00:00:00.000,True
8220,3481,7688,4013,113,2014-07-11,550,29.28,16106.48,550.0,0.0,550.0,2014-07-04 00:00:00.000,True
8221,3482,7689,4014,150,2014-07-11,3,19.98,59.94,3.0,0.0,3.0,2014-07-04 00:00:00.000,True
8222,3483,7690,4015,206,2014-07-11,3,43.34,130.03,3.0,0.0,3.0,2014-07-04 00:00:00.000,True
8223,3483,7691,4015,207,2014-07-11,3,39.07,117.21,3.0,0.0,3.0,2014-07-04 00:00:00.000,True
8224,3483,7692,4015,208,2014-07-11,3,36.97,110.91,3.0,0.0,3.0,2014-07-04 00:00:00.000,True
8225,3484,7693,4016,9,2014-07-11,550,31.49,17319.23,550.0,0.0,550.0,2014-07-04 00:00:00.000,True
8226,3484,7694,4016,7,2014-07-11,550,48.29,26559.23,550.0,0.0,550.0,2014-07-04 00:00:00.000,True
8227,3485,7695,4017,246,2014-07-11,3,41.17,123.51,3.0,0.0,3.0,2014-07-04 00:00:00.000,True
8228,3485,7696,4017,247,2014-07-11,3,45.44,136.33,3.0,0.0,3.0,2014-07-04 00:00:00.000,True
8229,3485,7697,4017,235,2014-07-11,3,41.17,123.51,3.0,0.0,3.0,2014-07-04 00:00:00.000,True
8230,3485,7698,4017,249,2014-07-11,3,39.07,117.21,3.0,0.0,3.0,2014-07-04 00:00:00.000,True
8231,3485,7699,4017,250,2014-07-11,3,43.34,130.03,3.0,0.0,3.0,2014-07-04 00:00:00.000,True
8232,3485,7700,4017,251,2014-07-11,3,39.07,117.21,3.0,0.0,3.0,2014-07-04 00:00:00.000,True
8233,3485,7701,4017,252,2014-07-11,3,36.97,110.91,3.0,0.0,3.0,2014-07-04 00:00:00.000,True
8234,3485,7702,4017,253,2014-07-11,3,41.24,123.73,3.0,0.0,3.0,2014-07-04 00:00:00.000,True
8235,3485,7703,4017,254,2014-07-11,3,36.97,110.91,3.0,0.0,3.0,2014-07-04 00:00:00.000,True
8236,3485,7704,4017,255,2014-07-11,3,43.22,129.65,3.0,0.0,3.0,2014-07-04 00:00:00.000,True
8237,3485,7705,4017,256,2014-07-11,3,47.49,142.47,3.0,0.0,3.0,2014-07-04 00:00:00.000,True
8238,3485,7706,4017,301,2014-07-11,3,43.27,129.81,3.0,0.0,3.0,2014-07-04 00:00:00.000,True
8239,3485,7707,4017,302,2014-07-11,3,47.54,142.63,3.0,0.0,3.0,2014-07-04 00:00:00.000,True
8240,3486,7708,4018,135,2014-07-11,550,15.89,8737.58,468.0,0.0,468.0,2014-07-04 00:00:00.000,True
8241,3486,7709,4018,136,2014-07-11,550,11.67,6416.03,550.0,0.0,550.0,2014-07-04 00:00:00.000,True
8242,3486,7710,4018,137,2014-07-11,550,11.09,6098.4,550.0,0.0,550.0,2014-07-04 00:00:00.000,True
8243,3486,7711,4018,104,2014-07-11,550,15.89,8737.58,550.0,0.0,550.0,2014-07-04 00:00:00.000,True
8244,3487,7712,4019,211,2014-07-11,3,47.47,142.41,3.0,0.0,3.0,2014-07-04 00:00:00.000,True
8245,3488,7713,4020,115,2014-07-11,550,23.08,12693.45,550.0,0.0,550.0,2014-07-04 00:00:00.000,True
8246,3488,7714,4020,116,2014-07-11,550,29.27,16100.7,550.0,0.0,550.0,2014-07-04 00:00:00.000,True
8247,3488,7715,4020,117,2014-07-11,550,34.98,19236.53,550.0,0.0,550.0,2014-07-04 00:00:00.000,True
8248,3489,7716,4021,215,2014-07-11,3,43.27,129.81,3.0,0.0,3.0,2014-07-04 00:00:00.000,True
8249,3489,7717,4021,216,2014-07-11,3,47.54,142.63,3.0,0.0,3.0,2014-07-04 00:00:00.000,True
8250,3489,7718,4021,217,2014-07-11,3,43.27,129.81,3.0,0.0,3.0,2014-07-04 00:00:00.000,True
8251,3489,7719,4021,218,2014-07-11,3,41.17,123.51,3.0,0.0,3.0,2014-07-04 00:00:00.000,True
8252,3489,7720,4021,442,2014-07-11,550,21.09,11601.98,550.0,0.0,550.0,2014-07-04 00:00:00.000,True
8253,3490,7721,4022,109,2014-07-11,550,2.32,1276.28,550.0,0.0,550.0,2014-07-04 00:00:00.000,True
8254,3491,7722,4023,122,2014-07-11,550,3.64,2003.93,550.0,0.0,550.0,2014-07-04 00:00:00.000,True
8255,3492,7723,4024,440,2014-07-11,550,21.09,11601.98,550.0,82.0,468.0,2014-07-04 00:00:00.000,True
8256,3492,7724,4024,437,2014-07-11,550,30.44,16741.73,550.0,0.0,550.0,2014-07-04 00:00:00.000,True
8257,3493,7725,4025,165,2014-07-12,60,3.6,216.09,60.0,0.0,60.0,2014-07-05 00:00:00.000,True
8258,3493,7726,4025,166,2014-07-12,60,3.98,238.77,60.0,0.0,60.0,2014-07-05 00:00:00.000,True
8259,3494,7727,4026,9,2014-07-12,550,31.49,17319.23,550.0,0.0,550.0,2014-07-05 00:00:00.000,True
8260,3494,7728,4026,7,2014-07-12,550,48.29,26559.23,550.0,0.0,550.0,2014-07-05 00:00:00.000,True
8261,3495,7729,4027,120,2014-07-12,550,12.97,7132.13,550.0,0.0,550.0,2014-07-05 00:00:00.000,True
8262,3496,7730,4028,441,2014-07-12,550,21.09,11601.98,468.0,0.0,468.0,2014-07-05 00:00:00.000,True
8263,3496,7731,4028,438,2014-07-12,550,30.44,16741.73,550.0,0.0,550.0,2014-07-05 00:00:00.000,True
8264,3497,7732,4029,434,2014-07-12,550,40.94,22516.73,550.0,0.0,550.0,2014-07-05 00:00:00.000,True
8265,3498,7733,4030,4,2014-07-12,550,62.99,34644.23,550.0,0.0,550.0,2014-07-05 00:00:00.000,True
8266,3499,7734,4031,74,2014-07-12,3,47.52,142.57,3.0,0.0,3.0,2014-07-05 00:00:00.000,True
8267,3499,7735,4031,75,2014-07-12,3,45.42,136.27,3.0,0.0,3.0,2014-07-05 00:00:00.000,True
8268,3499,7736,4031,76,2014-07-12,3,49.7,149.09,3.0,0.0,3.0,2014-07-05 00:00:00.000,True
8269,3499,7737,4031,77,2014-07-12,3,45.42,136.27,3.0,0.0,3.0,2014-07-05 00:00:00.000,True
8270,3499,7738,4031,78,2014-07-12,3,43.32,129.97,3.0,0.0,3.0,2014-07-05 00:00:00.000,True
8271,3500,7739,4032,73,2014-07-12,3,47.68,143.04,3.0,0.0,3.0,2014-07-05 00:00:00.000,True
8272,3501,7740,4033,115,2014-07-12,550,23.4,12872.48,550.0,0.0,550.0,2014-07-05 00:00:00.000,True
8273,3501,7741,4033,116,2014-07-12,550,27.87,15326.85,550.0,0.0,550.0,2014-07-05 00:00:00.000,True
8274,3502,7742,4034,123,2014-07-12,550,6.75,3713.33,550.0,82.0,468.0,2014-07-05 00:00:00.000,True
8275,3503,7743,4035,114,2014-07-12,550,36.28,19952.63,550.0,0.0,550.0,2014-07-05 00:00:00.000,True
8276,3504,7744,4036,151,2014-07-12,60,50.75,3044.79,60.0,60.0,0.0,2014-07-05 00:00:00.000,True
8277,3504,7745,4036,152,2014-07-12,60,58.26,3495.87,60.0,60.0,0.0,2014-07-05 00:00:00.000,True
8278,3505,7746,4037,119,2014-07-14,550,10.38,5711.48,550.0,0.0,550.0,2014-07-07 00:00:00.000,True
8279,3506,7747,4038,92,2014-07-14,3,43.55,130.66,3.0,0.0,3.0,2014-07-07 00:00:00.000,True
8280,3506,7748,4038,93,2014-07-14,3,39.28,117.84,3.0,0.0,3.0,2014-07-07 00:00:00.000,True
8281,3506,7749,4038,94,2014-07-14,3,37.18,111.54,3.0,0.0,3.0,2014-07-07 00:00:00.000,True
8282,3506,7750,4038,95,2014-07-14,3,41.45,124.36,3.0,0.0,3.0,2014-07-07 00:00:00.000,True
8283,3507,7751,4039,149,2014-07-14,3,12.72,38.15,3.0,0.0,3.0,2014-07-07 00:00:00.000,True
8284,3507,7752,4039,150,2014-07-14,3,19.94,59.82,3.0,0.0,3.0,2014-07-07 00:00:00.000,True
8285,3508,7753,4040,124,2014-07-14,3,38.16,114.47,3.0,0.0,3.0,2014-07-07 00:00:00.000,True
8286,3509,7754,4041,110,2014-07-14,3,44.22,132.65,3.0,0.0,3.0,2014-07-07 00:00:00.000,True
8287,3510,7755,4042,10,2014-07-14,550,31.49,17319.23,550.0,0.0,550.0,2014-07-07 00:00:00.000,True
8288,3510,7756,4042,8,2014-07-14,550,48.29,26559.23,550.0,55.0,495.0,2014-07-07 00:00:00.000,True
8289,3511,7757,4043,167,2014-07-14,60,6.98,418.95,60.0,0.0,60.0,2014-07-07 00:00:00.000,True
8290,3512,7758,4044,241,2014-07-14,3,41.17,123.51,3.0,0.0,3.0,2014-07-07 00:00:00.000,True
8291,3512,7759,4044,242,2014-07-14,3,39.07,117.21,3.0,0.0,3.0,2014-07-07 00:00:00.000,True
8292,3513,7760,4045,165,2014-07-14,60,3.38,202.86,60.0,0.0,60.0,2014-07-07 00:00:00.000,True
8293,3513,7761,4045,166,2014-07-14,60,4.32,258.93,60.0,0.0,60.0,2014-07-07 00:00:00.000,True
8294,3514,7762,4046,236,2014-07-14,3,43.27,129.81,3.0,0.0,3.0,2014-07-07 00:00:00.000,True
8295,3514,7763,4046,237,2014-07-14,3,41.17,123.51,3.0,0.0,3.0,2014-07-07 00:00:00.000,True
8296,3515,7764,4047,149,2014-07-14,3,12.36,37.08,3.0,0.0,3.0,2014-07-07 00:00:00.000,True
8297,3516,7765,4048,118,2014-07-14,550,39.2,21558.08,468.0,0.0,468.0,2014-07-07 00:00:00.000,True
8298,3517,7766,4049,217,2014-07-14,3,36.97,110.91,3.0,0.0,3.0,2014-07-07 00:00:00.000,True
8299,3517,7767,4049,218,2014-07-14,3,41.24,123.73,3.0,0.0,3.0,2014-07-07 00:00:00.000,True
8300,3517,7768,4049,219,2014-07-14,3,36.97,110.91,3.0,0.0,3.0,2014-07-07 00:00:00.000,True
8301,3517,7769,4049,220,2014-07-14,3,34.87,104.61,3.0,0.0,3.0,2014-07-07 00:00:00.000,True
8302,3517,7770,4049,221,2014-07-14,3,39.14,117.43,3.0,0.0,3.0,2014-07-07 00:00:00.000,True
8303,3517,7771,4049,209,2014-07-14,3,47.58,142.73,3.0,0.0,3.0,2014-07-07 00:00:00.000,True
8304,3518,7772,4050,500,2014-07-14,550,34.87,19178.78,550.0,0.0,550.0,2014-07-07 00:00:00.000,True
8305,3518,7773,4050,499,2014-07-14,550,39.76,21869.93,550.0,0.0,550.0,2014-07-07 00:00:00.000,True
8306,3518,7774,4050,495,2014-07-14,550,43.98,24191.48,550.0,0.0,550.0,2014-07-07 00:00:00.000,True
8307,3518,7775,4050,497,2014-07-14,550,38.15,20980.58,550.0,0.0,550.0,2014-07-07 00:00:00.000,True
8308,3519,7776,4051,95,2014-07-14,3,41.45,124.36,3.0,0.0,3.0,2014-07-07 00:00:00.000,True
8309,3519,7777,4051,96,2014-07-14,3,37.18,111.54,3.0,0.0,3.0,2014-07-07 00:00:00.000,True
8310,3520,7778,4052,204,2014-07-14,3,47.58,142.73,3.0,0.0,3.0,2014-07-07 00:00:00.000,True
8311,3520,7779,4052,205,2014-07-14,3,45.48,136.43,3.0,0.0,3.0,2014-07-07 00:00:00.000,True
8312,3520,7780,4052,206,2014-07-14,3,49.75,149.25,3.0,0.0,3.0,2014-07-07 00:00:00.000,True
8313,3521,7781,4053,500,2014-07-15,550,34.35,18890.03,550.0,0.0,550.0,2014-07-08 00:00:00.000,True
8314,3521,7782,4053,499,2014-07-15,550,39.24,21581.18,550.0,0.0,550.0,2014-07-08 00:00:00.000,True
8315,3522,7783,4054,170,2014-07-15,3,47.54,142.63,3.0,0.0,3.0,2014-07-08 00:00:00.000,True
8316,3522,7784,4054,158,2014-07-15,3,43.27,129.81,3.0,0.0,3.0,2014-07-08 00:00:00.000,True
8317,3523,7785,4055,494,2014-07-15,550,43.04,23671.73,550.0,0.0,550.0,2014-07-08 00:00:00.000,True
8318,3524,7786,4056,203,2014-07-15,550,10.82,5948.25,550.0,0.0,550.0,2014-07-08 00:00:00.000,True
8319,3525,7787,4057,447,2014-07-15,550,82.83,45558.98,550.0,0.0,550.0,2014-07-08 00:00:00.000,True
8320,3525,7788,4057,446,2014-07-15,550,82.83,45558.98,523.0,0.0,523.0,2014-07-08 00:00:00.000,True
8321,3526,7789,4058,183,2014-07-15,1250,0.21,262.5,1063.0,0.0,1063.0,2014-07-08 00:00:00.000,True
8322,3526,7790,4058,197,2014-07-15,1250,0.21,262.5,1250.0,0.0,1250.0,2014-07-08 00:00:00.000,True
8323,3527,7791,4059,191,2014-07-15,3,49.64,148.93,3.0,0.0,3.0,2014-07-08 00:00:00.000,True
8324,3527,7792,4059,192,2014-07-15,3,44.32,132.96,3.0,0.0,3.0,2014-07-08 00:00:00.000,True
8325,3527,7793,4059,193,2014-07-15,60,28.7,1721.79,60.0,0.0,60.0,2014-07-08 00:00:00.000,True
8326,3528,7794,4060,494,2014-07-15,550,42.51,23382.98,550.0,0.0,550.0,2014-07-08 00:00:00.000,True
8327,3528,7795,4060,501,2014-07-15,550,5.59,3072.3,550.0,0.0,550.0,2014-07-08 00:00:00.000,True
8328,3529,7796,4061,493,2014-07-15,60,15.74,944.37,60.0,0.0,60.0,2014-07-08 00:00:00.000,True
8329,3530,7797,4062,495,2014-07-15,550,43.46,23902.73,550.0,0.0,550.0,2014-07-08 00:00:00.000,True
8330,3530,7798,4062,497,2014-07-15,550,37.62,20691.83,550.0,55.0,495.0,2014-07-08 00:00:00.000,True
8331,3530,7799,4062,503,2014-07-15,550,6.53,3592.05,550.0,0.0,550.0,2014-07-08 00:00:00.000,True
8332,3531,7800,4063,190,2014-07-15,550,48.58,26720.93,550.0,0.0,550.0,2014-07-08 00:00:00.000,True
8333,3532,7801,4064,498,2014-07-15,550,32.25,17735.03,550.0,82.0,468.0,2014-07-08 00:00:00.000,True
8334,3532,7802,4064,496,2014-07-15,550,36.56,20108.55,550.0,0.0,550.0,2014-07-08 00:00:00.000,True
8335,3533,7803,4065,190,2014-07-15,550,46.42,25531.28,550.0,0.0,550.0,2014-07-08 00:00:00.000,True
8336,3534,7804,4066,168,2014-07-15,3,47.52,142.57,3.0,0.0,3.0,2014-07-08 00:00:00.000,True
8337,3534,7805,4066,169,2014-07-15,3,45.42,136.27,3.0,0.0,3.0,2014-07-08 00:00:00.000,True
8338,3535,7806,4067,184,2014-07-15,3,41.92,125.75,3.0,0.0,3.0,2014-07-08 00:00:00.000,True
8339,3536,7807,4068,248,2014-07-15,3,50.26,150.79,3.0,0.0,3.0,2014-07-08 00:00:00.000,True
8340,3537,7808,4069,173,2014-07-16,3,47.75,143.26,3.0,0.0,3.0,2014-07-09 00:00:00.000,True
8341,3537,7809,4069,174,2014-07-16,3,43.48,130.44,3.0,0.0,3.0,2014-07-09 00:00:00.000,True
8342,3537,7810,4069,175,2014-07-16,3,41.38,124.14,3.0,0.0,3.0,2014-07-09 00:00:00.000,True
8343,3537,7811,4069,176,2014-07-16,3,45.65,136.96,3.0,0.0,3.0,2014-07-09 00:00:00.000,True
8344,3537,7812,4069,177,2014-07-16,3,41.38,124.14,3.0,0.0,3.0,2014-07-09 00:00:00.000,True
8345,3537,7813,4069,178,2014-07-16,3,39.28,117.84,3.0,0.0,3.0,2014-07-09 00:00:00.000,True
8346,3538,7814,4070,126,2014-07-16,550,16.09,8847.3,550.0,0.0,550.0,2014-07-09 00:00:00.000,True
8347,3539,7815,4071,186,2014-07-16,3,57.03,171.08,3.0,0.0,3.0,2014-07-09 00:00:00.000,True
8348,3540,7816,4072,117,2014-07-16,550,37.09,20397.3,550.0,0.0,550.0,2014-07-09 00:00:00.000,True
8349,3541,7817,4073,118,2014-07-16,550,26.6,14628.08,550.0,0.0,550.0,2014-07-09 00:00:00.000,True
8350,3542,7818,4074,188,2014-07-16,550,27.06,14882.18,550.0,82.0,468.0,2014-07-09 00:00:00.000,True
8351,3542,7819,4074,189,2014-07-16,550,33.58,18468.45,550.0,0.0,550.0,2014-07-09 00:00:00.000,True
8352,3543,7820,4075,214,2014-07-16,3,49.64,148.93,3.0,0.0,3.0,2014-07-09 00:00:00.000,True
8353,3543,7821,4075,215,2014-07-16,3,45.37,136.11,3.0,0.0,3.0,2014-07-09 00:00:00.000,True
8354,3543,7822,4075,216,2014-07-16,3,43.27,129.81,3.0,0.0,3.0,2014-07-09 00:00:00.000,True
8355,3544,7823,4076,231,2014-07-16,3,47.52,142.57,3.0,0.0,3.0,2014-07-09 00:00:00.000,True
8356,3544,7824,4076,232,2014-07-16,3,45.42,136.27,3.0,0.0,3.0,2014-07-09 00:00:00.000,True
8357,3545,7825,4077,191,2014-07-16,3,47.47,142.41,3.0,0.0,3.0,2014-07-09 00:00:00.000,True
8358,3545,7826,4077,192,2014-07-16,3,42.8,128.39,3.0,0.0,3.0,2014-07-09 00:00:00.000,True
8359,3545,7827,4077,193,2014-07-16,60,25.42,1525.23,60.0,0.0,60.0,2014-07-09 00:00:00.000,True
8360,3546,7828,4078,103,2014-07-16,3,37.02,111.07,3.0,0.0,3.0,2014-07-09 00:00:00.000,True
8361,3546,7829,4078,70,2014-07-16,3,41.3,123.89,3.0,0.0,3.0,2014-07-09 00:00:00.000,True
8362,3546,7830,4078,105,2014-07-16,3,37.02,111.07,3.0,0.0,3.0,2014-07-09 00:00:00.000,True
8363,3546,7831,4078,106,2014-07-16,3,47.68,143.04,3.0,0.0,3.0,2014-07-09 00:00:00.000,True
8364,3547,7832,4079,6,2014-07-16,550,62.99,34644.23,550.0,0.0,550.0,2014-07-09 00:00:00.000,True
8365,3548,7833,4080,191,2014-07-16,3,45.37,136.11,3.0,0.0,3.0,2014-07-09 00:00:00.000,True
8366,3548,7834,4080,192,2014-07-16,3,40.49,121.46,3.0,0.0,3.0,2014-07-09 00:00:00.000,True
8367,3548,7835,4080,193,2014-07-16,60,26.37,1581.93,60.0,0.0,60.0,2014-07-09 00:00:00.000,True
8368,3549,7836,4081,121,2014-07-16,3,48.76,146.29,3.0,0.0,3.0,2014-07-09 00:00:00.000,True
8369,3550,7837,4082,156,2014-07-16,3,34.19,102.56,3.0,0.0,3.0,2014-07-09 00:00:00.000,True
8370,3551,7838,4083,194,2014-07-16,3,50.26,150.79,3.0,0.0,3.0,2014-07-09 00:00:00.000,True
8371,3552,7839,4084,119,2014-07-16,550,10.73,5902.05,550.0,82.0,468.0,2014-07-09 00:00:00.000,True
8372,3552,7840,4084,120,2014-07-16,550,14.12,7767.38,550.0,0.0,550.0,2014-07-09 00:00:00.000,True
8373,3553,7841,4085,153,2014-07-17,60,53.2,3192.21,60.0,0.0,60.0,2014-07-10 00:00:00.000,True
8374,3553,7842,4085,154,2014-07-17,60,63.69,3821.58,60.0,0.0,60.0,2014-07-10 00:00:00.000,True
8375,3553,7843,4085,155,2014-07-17,60,48.91,2934.54,60.0,0.0,60.0,2014-07-10 00:00:00.000,True
8376,3554,7844,4086,440,2014-07-17,550,21.09,11601.98,550.0,0.0,550.0,2014-07-10 00:00:00.000,True
8377,3554,7845,4086,437,2014-07-17,550,30.44,16741.73,550.0,0.0,550.0,2014-07-10 00:00:00.000,True
8378,3555,7846,4087,111,2014-07-17,60,9.2,551.88,60.0,0.0,60.0,2014-07-10 00:00:00.000,True
8379,3556,7847,4088,162,2014-07-17,550,5.78,3176.25,468.0,0.0,468.0,2014-07-10 00:00:00.000,True
8380,3556,7848,4088,163,2014-07-17,550,1.16,635.25,550.0,0.0,550.0,2014-07-10 00:00:00.000,True
8381,3556,7849,4088,132,2014-07-17,550,5.78,3176.25,550.0,0.0,550.0,2014-07-10 00:00:00.000,True
8382,3557,7850,4089,112,2014-07-17,550,23.39,12866.7,550.0,0.0,550.0,2014-07-10 00:00:00.000,True
8383,3557,7851,4089,113,2014-07-17,550,27.65,15205.58,550.0,0.0,550.0,2014-07-10 00:00:00.000,True
8384,3558,7852,4090,164,2014-07-17,550,1.37,750.75,550.0,0.0,550.0,2014-07-10 00:00:00.000,True
8385,3558,7853,4090,5,2014-07-17,550,62.99,34644.23,550.0,0.0,550.0,2014-07-10 00:00:00.000,True
8386,3558,7854,4090,131,2014-07-17,550,3.49,1917.3,550.0,0.0,550.0,2014-07-10 00:00:00.000,True
8387,3559,7855,4091,162,2014-07-17,550,6.2,3407.25,550.0,0.0,550.0,2014-07-10 00:00:00.000,True
8388,3559,7856,4091,163,2014-07-17,550,1.47,808.5,550.0,0.0,550.0,2014-07-10 00:00:00.000,True
8389,3559,7857,4091,132,2014-07-17,550,6.2,3407.25,550.0,0.0,550.0,2014-07-10 00:00:00.000,True
8390,3560,7858,4092,112,2014-07-17,550,22.17,12191.03,550.0,0.0,550.0,2014-07-10 00:00:00.000,True
8391,3560,7859,4092,113,2014-07-17,550,29.28,16106.48,550.0,55.0,495.0,2014-07-10 00:00:00.000,True
8392,3561,7860,4093,150,2014-07-17,3,19.98,59.94,3.0,0.0,3.0,2014-07-10 00:00:00.000,True
8393,3562,7861,4094,170,2014-07-17,3,41.24,123.73,3.0,0.0,3.0,2014-07-10 00:00:00.000,True
8394,3562,7862,4094,158,2014-07-17,3,36.97,110.91,3.0,0.0,3.0,2014-07-10 00:00:00.000,True
8395,3563,7863,4095,9,2014-07-17,550,31.49,17319.23,550.0,0.0,550.0,2014-07-10 00:00:00.000,True
8396,3563,7864,4095,7,2014-07-17,550,48.29,26559.23,550.0,0.0,550.0,2014-07-10 00:00:00.000,True
8397,3564,7865,4096,236,2014-07-17,3,43.34,130.03,3.0,0.0,3.0,2014-07-10 00:00:00.000,True
8398,3564,7866,4096,237,2014-07-17,3,39.07,117.21,3.0,0.0,3.0,2014-07-10 00:00:00.000,True
8399,3565,7867,4097,139,2014-07-17,550,11.67,6416.03,550.0,0.0,550.0,2014-07-10 00:00:00.000,True
8400,3565,7868,4097,140,2014-07-17,550,11.09,6098.4,523.0,0.0,523.0,2014-07-10 00:00:00.000,True
8401,3565,7869,4097,141,2014-07-17,550,8.76,4816.35,550.0,0.0,550.0,2014-07-10 00:00:00.000,True
8402,3565,7870,4097,142,2014-07-17,550,9.69,5330.33,550.0,0.0,550.0,2014-07-10 00:00:00.000,True
8403,3565,7871,4097,143,2014-07-17,550,6.88,3782.63,550.0,0.0,550.0,2014-07-10 00:00:00.000,True
8404,3565,7872,4097,144,2014-07-17,550,7.8,4290.83,550.0,0.0,550.0,2014-07-10 00:00:00.000,True
8405,3565,7873,4097,133,2014-07-17,550,8.76,4816.35,550.0,0.0,550.0,2014-07-10 00:00:00.000,True
8406,3565,7874,4097,146,2014-07-17,550,5.81,3193.58,550.0,0.0,550.0,2014-07-10 00:00:00.000,True
8407,3565,7875,4097,147,2014-07-17,550,8.86,4874.1,550.0,0.0,550.0,2014-07-10 00:00:00.000,True
8408,3565,7876,4097,148,2014-07-17,550,10.47,5757.68,550.0,0.0,550.0,2014-07-10 00:00:00.000,True
8409,3566,7877,4098,211,2014-07-17,3,47.47,142.41,3.0,0.0,3.0,2014-07-10 00:00:00.000,True
8410,3567,7878,4099,115,2014-07-17,550,23.08,12693.45,550.0,0.0,550.0,2014-07-10 00:00:00.000,True
8411,3567,7879,4099,116,2014-07-17,550,29.27,16100.7,550.0,0.0,550.0,2014-07-10 00:00:00.000,True
8412,3567,7880,4099,117,2014-07-17,550,34.98,19236.53,550.0,0.0,550.0,2014-07-10 00:00:00.000,True
8413,3568,7881,4100,439,2014-07-17,550,30.44,16741.73,550.0,0.0,550.0,2014-07-10 00:00:00.000,True
8414,3568,7882,4100,436,2014-07-17,550,40.94,22516.73,550.0,0.0,550.0,2014-07-10 00:00:00.000,True
8415,3569,7883,4101,109,2014-07-18,550,2.32,1276.28,550.0,0.0,550.0,2014-07-11 00:00:00.000,True
8416,3570,7884,4102,122,2014-07-18,550,3.64,2003.93,550.0,0.0,550.0,2014-07-11 00:00:00.000,True
8417,3571,7885,4103,435,2014-07-18,550,40.94,22516.73,550.0,0.0,550.0,2014-07-11 00:00:00.000,True
8418,3572,7886,4104,165,2014-07-18,60,3.6,216.09,60.0,9.0,51.0,2014-07-11 00:00:00.000,True
8419,3572,7887,4104,166,2014-07-18,60,3.98,238.77,60.0,0.0,60.0,2014-07-11 00:00:00.000,True
8420,3573,7888,4105,9,2014-07-18,550,31.49,17319.23,550.0,0.0,550.0,2014-07-11 00:00:00.000,True
8421,3573,7889,4105,7,2014-07-18,550,48.29,26559.23,550.0,0.0,550.0,2014-07-11 00:00:00.000,True
8422,3574,7890,4106,120,2014-07-18,550,12.97,7132.13,550.0,0.0,550.0,2014-07-11 00:00:00.000,True
8423,3575,7891,4107,441,2014-07-18,550,21.09,11601.98,550.0,0.0,550.0,2014-07-11 00:00:00.000,True
8424,3575,7892,4107,438,2014-07-18,550,30.44,16741.73,523.0,0.0,523.0,2014-07-11 00:00:00.000,True
8425,3576,7893,4108,434,2014-07-18,550,40.94,22516.73,468.0,0.0,468.0,2014-07-11 00:00:00.000,True
8426,3577,7894,4109,4,2014-07-18,550,62.99,34644.23,550.0,0.0,550.0,2014-07-11 00:00:00.000,True
8427,3578,7895,4110,79,2014-07-18,3,47.6,142.79,3.0,0.0,3.0,2014-07-11 00:00:00.000,True
8428,3578,7896,4110,80,2014-07-18,3,43.32,129.97,3.0,0.0,3.0,2014-07-11 00:00:00.000,True
8429,3578,7897,4110,81,2014-07-18,3,41.22,123.67,3.0,0.0,3.0,2014-07-11 00:00:00.000,True
8430,3578,7898,4110,82,2014-07-18,3,45.5,136.49,3.0,0.0,3.0,2014-07-11 00:00:00.000,True
8431,3578,7899,4110,83,2014-07-18,3,41.22,123.67,3.0,0.0,3.0,2014-07-11 00:00:00.000,True
8432,3579,7900,4111,73,2014-07-18,3,47.68,143.04,3.0,0.0,3.0,2014-07-11 00:00:00.000,True
8433,3580,7901,4112,115,2014-07-18,550,23.4,12872.48,550.0,0.0,550.0,2014-07-11 00:00:00.000,True
8434,3580,7902,4112,116,2014-07-18,550,27.87,15326.85,550.0,55.0,495.0,2014-07-11 00:00:00.000,True
8435,3581,7903,4113,123,2014-07-18,550,6.75,3713.33,550.0,0.0,550.0,2014-07-11 00:00:00.000,True
8436,3582,7904,4114,10,2014-07-18,550,31.49,17319.23,550.0,82.0,468.0,2014-07-11 00:00:00.000,True
8437,3582,7905,4114,8,2014-07-18,550,48.29,26559.23,550.0,0.0,550.0,2014-07-11 00:00:00.000,True
8438,3583,7906,4115,153,2014-07-18,60,50.75,3044.79,60.0,0.0,60.0,2014-07-11 00:00:00.000,True
8439,3583,7907,4115,154,2014-07-18,60,62.93,3775.59,60.0,0.0,60.0,2014-07-11 00:00:00.000,True
8440,3583,7908,4115,155,2014-07-18,60,49.65,2979.27,60.0,0.0,60.0,2014-07-11 00:00:00.000,True
8441,3584,7909,4116,119,2014-07-18,550,10.38,5711.48,550.0,0.0,550.0,2014-07-11 00:00:00.000,True
8442,3585,7910,4117,96,2014-07-21,3,37.18,111.54,3.0,0.0,3.0,2014-07-14 00:00:00.000,True
8443,3586,7911,4118,149,2014-07-21,3,12.72,38.15,3.0,0.0,3.0,2014-07-14 00:00:00.000,True
8444,3586,7912,4118,150,2014-07-21,3,19.94,59.82,3.0,0.0,3.0,2014-07-14 00:00:00.000,True
8445,3587,7913,4119,124,2014-07-21,3,38.16,114.47,3.0,0.0,3.0,2014-07-14 00:00:00.000,True
8446,3588,7914,4120,110,2014-07-21,3,44.22,132.65,3.0,0.0,3.0,2014-07-14 00:00:00.000,True
8447,3589,7915,4121,10,2014-07-21,550,31.49,17319.23,550.0,0.0,550.0,2014-07-14 00:00:00.000,True
8448,3589,7916,4121,8,2014-07-21,550,48.29,26559.23,550.0,0.0,550.0,2014-07-14 00:00:00.000,True
8449,3590,7917,4122,167,2014-07-21,60,6.98,418.95,60.0,0.0,60.0,2014-07-14 00:00:00.000,True
8450,3591,7918,4123,85,2014-07-21,3,47.68,143.04,3.0,0.0,3.0,2014-07-14 00:00:00.000,True
8451,3591,7919,4123,98,2014-07-21,3,45.58,136.74,3.0,0.0,3.0,2014-07-14 00:00:00.000,True
8452,3591,7920,4123,99,2014-07-21,3,49.85,149.56,3.0,0.0,3.0,2014-07-14 00:00:00.000,True
8453,3591,7921,4123,100,2014-07-21,3,45.58,136.74,3.0,0.0,3.0,2014-07-14 00:00:00.000,True
8454,3592,7922,4124,165,2014-07-21,60,3.38,202.86,60.0,9.0,51.0,2014-07-14 00:00:00.000,True
8455,3592,7923,4124,166,2014-07-21,60,4.32,258.93,60.0,0.0,60.0,2014-07-14 00:00:00.000,True
8456,3593,7924,4125,238,2014-07-21,3,45.44,136.33,3.0,0.0,3.0,2014-07-14 00:00:00.000,True
8457,3593,7925,4125,239,2014-07-21,3,41.17,123.51,3.0,0.0,3.0,2014-07-14 00:00:00.000,True
8458,3593,7926,4125,240,2014-07-21,3,39.07,117.21,3.0,0.0,3.0,2014-07-14 00:00:00.000,True
8459,3594,7927,4126,149,2014-07-21,3,12.36,37.08,3.0,0.0,3.0,2014-07-14 00:00:00.000,True
8460,3595,7928,4127,118,2014-07-21,550,39.2,21558.08,550.0,0.0,550.0,2014-07-14 00:00:00.000,True
8461,3596,7929,4128,223,2014-07-21,3,45.48,136.43,3.0,0.0,3.0,2014-07-14 00:00:00.000,True
8462,3596,7930,4128,224,2014-07-21,3,49.75,149.25,3.0,0.0,3.0,2014-07-14 00:00:00.000,True
8463,3596,7931,4128,225,2014-07-21,3,45.48,136.43,3.0,0.0,3.0,2014-07-14 00:00:00.000,True
8464,3596,7932,4128,226,2014-07-21,3,43.38,130.13,3.0,0.0,3.0,2014-07-14 00:00:00.000,True
8465,3597,7933,4129,500,2014-07-21,550,34.87,19178.78,550.0,0.0,550.0,2014-07-14 00:00:00.000,True
8466,3597,7934,4129,499,2014-07-21,550,39.76,21869.93,550.0,0.0,550.0,2014-07-14 00:00:00.000,True
8467,3597,7935,4129,495,2014-07-21,550,43.98,24191.48,550.0,0.0,550.0,2014-07-14 00:00:00.000,True
8468,3597,7936,4129,497,2014-07-21,550,38.15,20980.58,550.0,0.0,550.0,2014-07-14 00:00:00.000,True
11301,3598,7937,4130,231,2014-07-21,3,47.68,143.04,3.0,0.0,3.0,2014-07-14 00:00:00.000,True
11302,3598,7938,4130,232,2014-07-21,3,45.58,136.74,3.0,0.0,3.0,2014-07-14 00:00:00.000,True
11303,3598,7939,4130,233,2014-07-21,3,49.85,149.56,3.0,0.0,3.0,2014-07-14 00:00:00.000,True
11304,3598,7940,4130,234,2014-07-21,3,45.58,136.74,3.0,0.0,3.0,2014-07-14 00:00:00.000,True
11305,3598,7941,4130,138,2014-07-21,3,43.48,130.44,3.0,0.0,3.0,2014-07-14 00:00:00.000,True
11306,3599,7942,4131,207,2014-07-21,3,45.48,136.43,3.0,0.0,3.0,2014-07-14 00:00:00.000,True
11307,3599,7943,4131,208,2014-07-21,3,43.38,130.13,3.0,0.0,3.0,2014-07-14 00:00:00.000,True
11308,3599,7944,4131,170,2014-07-21,3,47.65,142.95,3.0,0.0,3.0,2014-07-14 00:00:00.000,True
11309,3599,7945,4131,158,2014-07-21,3,43.38,130.13,3.0,0.0,3.0,2014-07-14 00:00:00.000,True
11310,3599,7946,4131,159,2014-07-21,3,41.28,123.83,3.0,0.0,3.0,2014-07-14 00:00:00.000,True
11311,3600,7947,4132,500,2014-07-21,550,34.35,18890.03,550.0,0.0,550.0,2014-07-14 00:00:00.000,True
11312,3600,7948,4132,499,2014-07-21,550,39.24,21581.18,550.0,55.0,495.0,2014-07-14 00:00:00.000,True
11313,3601,7949,4133,159,2014-07-22,3,41.17,123.51,3.0,0.0,3.0,2014-07-15 00:00:00.000,True
11314,3601,7950,4133,160,2014-07-22,3,45.44,136.33,3.0,0.0,3.0,2014-07-15 00:00:00.000,True
11315,3602,7951,4134,498,2014-07-22,550,32.77,18023.78,550.0,82.0,468.0,2014-07-15 00:00:00.000,True
11316,3602,7952,4134,496,2014-07-22,550,37.09,20397.3,550.0,0.0,550.0,2014-07-15 00:00:00.000,True
11317,3603,7953,4135,203,2014-07-22,550,10.82,5948.25,550.0,0.0,550.0,2014-07-15 00:00:00.000,True
11318,3604,7954,4136,447,2014-07-22,550,82.83,45558.98,550.0,550.0,0.0,2014-07-15 00:00:00.000,True
11319,3604,7955,4136,446,2014-07-22,550,82.83,45558.98,550.0,550.0,0.0,2014-07-15 00:00:00.000,True
11320,3605,7956,4137,183,2014-07-22,1250,0.21,262.5,1250.0,0.0,1250.0,2014-07-15 00:00:00.000,True
11321,3605,7957,4137,197,2014-07-22,1250,0.21,262.5,1188.0,0.0,1188.0,2014-07-15 00:00:00.000,True
11322,3606,7958,4138,191,2014-07-22,3,49.64,148.93,3.0,0.0,3.0,2014-07-15 00:00:00.000,True
11323,3606,7959,4138,192,2014-07-22,3,44.32,132.96,3.0,0.0,3.0,2014-07-15 00:00:00.000,True
11324,3606,7960,4138,193,2014-07-22,60,28.7,1721.79,60.0,0.0,60.0,2014-07-15 00:00:00.000,True
11325,3607,7961,4139,494,2014-07-22,550,42.51,23382.98,550.0,0.0,550.0,2014-07-15 00:00:00.000,True
11326,3607,7962,4139,501,2014-07-22,550,5.59,3072.3,550.0,0.0,550.0,2014-07-15 00:00:00.000,True
11327,3608,7963,4140,493,2014-07-22,60,15.74,944.37,60.0,0.0,60.0,2014-07-15 00:00:00.000,True
11328,3609,7964,4141,502,2014-07-22,550,6.18,3401.48,550.0,0.0,550.0,2014-07-15 00:00:00.000,True
11329,3610,7965,4142,188,2014-07-22,550,29.58,16268.18,550.0,0.0,550.0,2014-07-15 00:00:00.000,True
11330,3610,7966,4142,189,2014-07-22,550,36.1,19854.45,550.0,55.0,495.0,2014-07-15 00:00:00.000,True
11331,3610,7967,4142,190,2014-07-22,550,48.58,26720.93,550.0,0.0,550.0,2014-07-15 00:00:00.000,True
11332,3611,7968,4143,498,2014-07-22,550,32.25,17735.03,550.0,0.0,550.0,2014-07-15 00:00:00.000,True
11333,3611,7969,4143,496,2014-07-22,550,36.56,20108.55,550.0,0.0,550.0,2014-07-15 00:00:00.000,True
11334,3612,7970,4144,190,2014-07-22,550,46.42,25531.28,550.0,82.0,468.0,2014-07-15 00:00:00.000,True
11335,3613,7971,4145,157,2014-07-22,3,49.7,149.09,3.0,0.0,3.0,2014-07-15 00:00:00.000,True
11336,3613,7972,4145,171,2014-07-22,3,45.42,136.27,3.0,0.0,3.0,2014-07-15 00:00:00.000,True
11337,3613,7973,4145,172,2014-07-22,3,43.32,129.97,3.0,0.0,3.0,2014-07-15 00:00:00.000,True
11338,3614,7974,4146,184,2014-07-22,3,41.92,125.75,3.0,0.0,3.0,2014-07-15 00:00:00.000,True
11339,3615,7975,4147,248,2014-07-22,3,50.26,150.79,3.0,0.0,3.0,2014-07-15 00:00:00.000,True
11340,3616,7976,4148,179,2014-07-22,3,43.55,130.66,3.0,0.0,3.0,2014-07-15 00:00:00.000,True
11341,3616,7977,4148,180,2014-07-22,3,39.28,117.84,3.0,0.0,3.0,2014-07-15 00:00:00.000,True
11342,3616,7978,4148,181,2014-07-22,3,37.18,111.54,3.0,0.0,3.0,2014-07-15 00:00:00.000,True
11343,3616,7979,4148,182,2014-07-22,3,41.45,124.36,3.0,0.0,3.0,2014-07-15 00:00:00.000,True
11344,3617,7980,4149,126,2014-07-23,550,16.09,8847.3,550.0,0.0,550.0,2014-07-16 00:00:00.000,True
11345,3618,7981,4150,186,2014-07-23,3,57.03,171.08,3.0,0.0,3.0,2014-07-16 00:00:00.000,True
11346,3619,7982,4151,117,2014-07-23,550,37.09,20397.3,550.0,0.0,550.0,2014-07-16 00:00:00.000,True
11347,3620,7983,4152,118,2014-07-23,550,26.6,14628.08,550.0,0.0,550.0,2014-07-16 00:00:00.000,True
11348,3621,7984,4153,190,2014-07-23,550,46.06,25334.93,550.0,0.0,550.0,2014-07-16 00:00:00.000,True
11349,3622,7985,4154,217,2014-07-23,3,47.54,142.63,3.0,0.0,3.0,2014-07-16 00:00:00.000,True
11350,3622,7986,4154,218,2014-07-23,3,43.27,129.81,3.0,0.0,3.0,2014-07-16 00:00:00.000,True
11351,3623,7987,4155,233,2014-07-23,3,49.7,149.09,3.0,0.0,3.0,2014-07-16 00:00:00.000,True
11352,3623,7988,4155,234,2014-07-23,3,45.42,136.27,3.0,0.0,3.0,2014-07-16 00:00:00.000,True
11353,3623,7989,4155,138,2014-07-23,3,43.32,129.97,3.0,0.0,3.0,2014-07-16 00:00:00.000,True
11354,3624,7990,4156,191,2014-07-23,3,47.47,142.41,3.0,0.0,3.0,2014-07-16 00:00:00.000,True
11355,3624,7991,4156,192,2014-07-23,3,42.8,128.39,3.0,0.0,3.0,2014-07-16 00:00:00.000,True
11356,3625,7992,4157,107,2014-07-23,3,45.58,136.74,3.0,0.0,3.0,2014-07-16 00:00:00.000,True
11357,3625,7993,4157,108,2014-07-23,3,49.85,149.56,3.0,0.0,3.0,2014-07-16 00:00:00.000,True
11358,3625,7994,4157,97,2014-07-23,3,45.58,136.74,3.0,0.0,3.0,2014-07-16 00:00:00.000,True
11359,3625,7995,4157,62,2014-07-23,3,43.48,130.44,3.0,0.0,3.0,2014-07-16 00:00:00.000,True
11360,3625,7996,4157,69,2014-07-23,3,47.75,143.26,3.0,0.0,3.0,2014-07-16 00:00:00.000,True
11361,3625,7997,4157,68,2014-07-23,3,43.48,130.44,3.0,0.0,3.0,2014-07-16 00:00:00.000,True
11362,3625,7998,4157,67,2014-07-23,3,41.38,124.14,3.0,0.0,3.0,2014-07-16 00:00:00.000,True
11363,3625,7999,4157,66,2014-07-23,3,45.65,136.96,3.0,0.0,3.0,2014-07-16 00:00:00.000,True
11364,3625,8000,4157,65,2014-07-23,3,41.38,124.14,3.0,0.0,3.0,2014-07-16 00:00:00.000,True
11365,3625,8001,4157,64,2014-07-23,3,39.28,117.84,3.0,0.0,3.0,2014-07-16 00:00:00.000,True
11366,3625,8002,4157,63,2014-07-23,3,43.55,130.66,3.0,0.0,3.0,2014-07-16 00:00:00.000,True
11367,3625,8003,4157,61,2014-07-23,3,39.28,117.84,3.0,0.0,3.0,2014-07-16 00:00:00.000,True
11368,3625,8004,4157,71,2014-07-23,3,37.18,111.54,3.0,0.0,3.0,2014-07-16 00:00:00.000,True
11369,3625,8005,4157,72,2014-07-23,3,41.45,124.36,3.0,0.0,3.0,2014-07-16 00:00:00.000,True
11370,3626,8006,4158,6,2014-07-23,550,62.99,34644.23,468.0,0.0,468.0,2014-07-16 00:00:00.000,True
11371,3627,8007,4159,191,2014-07-23,3,45.37,136.11,3.0,0.0,3.0,2014-07-16 00:00:00.000,True
11372,3627,8008,4159,192,2014-07-23,3,40.49,121.46,3.0,0.0,3.0,2014-07-16 00:00:00.000,True
11373,3627,8009,4159,193,2014-07-23,60,26.37,1581.93,60.0,0.0,60.0,2014-07-16 00:00:00.000,True
11374,3628,8010,4160,121,2014-07-23,3,48.76,146.29,3.0,0.0,3.0,2014-07-16 00:00:00.000,True
11375,3629,8011,4161,156,2014-07-23,3,34.19,102.56,3.0,0.0,3.0,2014-07-16 00:00:00.000,True
11376,3630,8012,4162,194,2014-07-23,3,50.26,150.79,3.0,0.0,3.0,2014-07-16 00:00:00.000,True
11377,3631,8013,4163,119,2014-07-23,550,10.73,5902.05,550.0,0.0,550.0,2014-07-16 00:00:00.000,True
11378,3631,8014,4163,120,2014-07-23,550,14.12,7767.38,550.0,0.0,550.0,2014-07-16 00:00:00.000,True
11379,3632,8015,4164,151,2014-07-23,60,50.26,3015.81,60.0,9.0,51.0,2014-07-16 00:00:00.000,True
11380,3632,8016,4164,152,2014-07-23,60,57.15,3429.09,60.0,0.0,60.0,2014-07-16 00:00:00.000,True
11381,3633,8017,4165,434,2014-07-24,550,40.94,22516.73,550.0,0.0,550.0,2014-07-17 00:00:00.000,True
11382,3633,8018,4165,441,2014-07-24,550,21.09,11601.98,550.0,0.0,550.0,2014-07-17 00:00:00.000,True
11383,3633,8019,4165,438,2014-07-24,550,30.44,16741.73,550.0,0.0,550.0,2014-07-17 00:00:00.000,True
11384,3634,8020,4166,111,2014-07-24,60,9.2,551.88,60.0,0.0,60.0,2014-07-17 00:00:00.000,True
11385,3635,8021,4167,162,2014-07-24,550,5.78,3176.25,550.0,0.0,550.0,2014-07-17 00:00:00.000,True
11386,3635,8022,4167,163,2014-07-24,550,1.16,635.25,523.0,0.0,523.0,2014-07-17 00:00:00.000,True
11387,3635,8023,4167,132,2014-07-24,550,5.78,3176.25,550.0,0.0,550.0,2014-07-17 00:00:00.000,True
11388,3636,8024,4168,112,2014-07-24,550,23.39,12866.7,468.0,0.0,468.0,2014-07-17 00:00:00.000,True
11389,3636,8025,4168,113,2014-07-24,550,27.65,15205.58,550.0,0.0,550.0,2014-07-17 00:00:00.000,True
11390,3637,8026,4169,164,2014-07-24,550,1.37,750.75,550.0,0.0,550.0,2014-07-17 00:00:00.000,True
11391,3637,8027,4169,5,2014-07-24,550,62.99,34644.23,550.0,0.0,550.0,2014-07-17 00:00:00.000,True
11392,3637,8028,4169,131,2014-07-24,550,3.49,1917.3,550.0,0.0,550.0,2014-07-17 00:00:00.000,True
11393,3638,8029,4170,162,2014-07-24,550,6.2,3407.25,550.0,0.0,550.0,2014-07-17 00:00:00.000,True
11394,3638,8030,4170,163,2014-07-24,550,1.47,808.5,550.0,0.0,550.0,2014-07-17 00:00:00.000,True
11395,3638,8031,4170,132,2014-07-24,550,6.2,3407.25,550.0,0.0,550.0,2014-07-17 00:00:00.000,True
11396,3639,8032,4171,112,2014-07-24,550,22.17,12191.03,550.0,0.0,550.0,2014-07-17 00:00:00.000,True
11397,3639,8033,4171,113,2014-07-24,550,29.28,16106.48,550.0,0.0,550.0,2014-07-17 00:00:00.000,True
11398,3640,8034,4172,150,2014-07-24,3,19.98,59.94,3.0,0.0,3.0,2014-07-17 00:00:00.000,True
11399,3641,8035,4173,159,2014-07-24,3,34.87,104.61,3.0,0.0,3.0,2014-07-17 00:00:00.000,True
11400,3641,8036,4173,160,2014-07-24,3,39.14,117.43,3.0,0.0,3.0,2014-07-17 00:00:00.000,True
11401,3642,8037,4174,9,2014-07-24,550,31.49,17319.23,550.0,82.0,468.0,2014-07-17 00:00:00.000,True
11402,3642,8038,4174,7,2014-07-24,550,48.29,26559.23,550.0,0.0,550.0,2014-07-17 00:00:00.000,True
11403,3643,8039,4175,238,2014-07-24,3,36.97,110.91,3.0,0.0,3.0,2014-07-17 00:00:00.000,True
11404,3643,8040,4175,239,2014-07-24,3,41.24,123.73,3.0,0.0,3.0,2014-07-17 00:00:00.000,True
11405,3643,8041,4175,240,2014-07-24,3,36.97,110.91,3.0,0.0,3.0,2014-07-17 00:00:00.000,True
11406,3644,8042,4176,135,2014-07-24,550,15.89,8737.58,550.0,0.0,550.0,2014-07-17 00:00:00.000,True
11407,3644,8043,4176,136,2014-07-24,550,11.67,6416.03,550.0,0.0,550.0,2014-07-17 00:00:00.000,True
11408,3645,8044,4177,211,2014-07-24,3,47.47,142.41,3.0,0.0,3.0,2014-07-17 00:00:00.000,True
11409,3646,8045,4178,115,2014-07-24,550,23.08,12693.45,468.0,0.0,468.0,2014-07-17 00:00:00.000,True
11410,3646,8046,4178,116,2014-07-24,550,29.27,16100.7,550.0,0.0,550.0,2014-07-17 00:00:00.000,True
11411,3646,8047,4178,117,2014-07-24,550,34.98,19236.53,550.0,0.0,550.0,2014-07-17 00:00:00.000,True
11412,3647,8048,4179,212,2014-07-24,3,45.37,136.11,3.0,0.0,3.0,2014-07-17 00:00:00.000,True
11413,3647,8049,4179,213,2014-07-24,3,49.64,148.93,3.0,0.0,3.0,2014-07-17 00:00:00.000,True
11414,3647,8050,4179,214,2014-07-24,3,45.37,136.11,3.0,0.0,3.0,2014-07-17 00:00:00.000,True
11415,3647,8051,4179,215,2014-07-24,3,43.27,129.81,3.0,0.0,3.0,2014-07-17 00:00:00.000,True
11416,3647,8052,4179,216,2014-07-24,3,47.54,142.63,3.0,0.0,3.0,2014-07-17 00:00:00.000,True
11417,3647,8053,4179,217,2014-07-24,3,43.27,129.81,3.0,0.0,3.0,2014-07-17 00:00:00.000,True
11418,3648,8054,4180,109,2014-07-24,550,2.32,1276.28,550.0,0.0,550.0,2014-07-17 00:00:00.000,True
11419,3649,8055,4181,122,2014-07-25,550,3.64,2003.93,550.0,0.0,550.0,2014-07-18 00:00:00.000,True
11420,3650,8056,4182,440,2014-07-25,550,21.09,11601.98,550.0,0.0,550.0,2014-07-18 00:00:00.000,True
11421,3650,8057,4182,437,2014-07-25,550,30.44,16741.73,550.0,55.0,495.0,2014-07-18 00:00:00.000,True
11422,3650,8058,4182,435,2014-07-25,550,40.94,22516.73,550.0,0.0,550.0,2014-07-18 00:00:00.000,True
11423,3651,8059,4183,165,2014-07-25,60,3.6,216.09,60.0,0.0,60.0,2014-07-18 00:00:00.000,True
11424,3651,8060,4183,166,2014-07-25,60,3.98,238.77,60.0,0.0,60.0,2014-07-18 00:00:00.000,True
11425,3652,8061,4184,9,2014-07-25,550,31.49,17319.23,550.0,82.0,468.0,2014-07-18 00:00:00.000,True
11426,3652,8062,4184,7,2014-07-25,550,48.29,26559.23,550.0,0.0,550.0,2014-07-18 00:00:00.000,True
11427,3653,8063,4185,120,2014-07-25,550,12.97,7132.13,550.0,0.0,550.0,2014-07-18 00:00:00.000,True
11428,3654,8064,4186,441,2014-07-25,550,21.09,11601.98,550.0,0.0,550.0,2014-07-18 00:00:00.000,True
11429,3654,8065,4186,438,2014-07-25,550,30.44,16741.73,550.0,0.0,550.0,2014-07-18 00:00:00.000,True
11430,3655,8066,4187,434,2014-07-25,550,40.94,22516.73,550.0,0.0,550.0,2014-07-18 00:00:00.000,True
11431,3656,8067,4188,4,2014-07-25,550,62.99,34644.23,468.0,0.0,468.0,2014-07-18 00:00:00.000,True
11432,3657,8068,4189,84,2014-07-25,3,39.12,117.37,3.0,0.0,3.0,2014-07-18 00:00:00.000,True
11433,3657,8069,4189,145,2014-07-25,3,43.4,130.19,3.0,0.0,3.0,2014-07-18 00:00:00.000,True
11434,3657,8070,4189,134,2014-07-25,3,39.12,117.37,3.0,0.0,3.0,2014-07-18 00:00:00.000,True
11435,3658,8071,4190,73,2014-07-25,3,47.68,143.04,3.0,0.0,3.0,2014-07-18 00:00:00.000,True
11436,3659,8072,4191,115,2014-07-25,550,23.4,12872.48,550.0,0.0,550.0,2014-07-18 00:00:00.000,True
11437,3659,8073,4191,116,2014-07-25,550,27.87,15326.85,550.0,0.0,550.0,2014-07-18 00:00:00.000,True
11438,3660,8074,4192,123,2014-07-25,550,6.75,3713.33,550.0,0.0,550.0,2014-07-18 00:00:00.000,True
11439,3661,8075,4193,114,2014-07-25,550,36.28,19952.63,550.0,0.0,550.0,2014-07-18 00:00:00.000,True
11440,3662,8076,4194,151,2014-07-25,60,50.75,3044.79,60.0,9.0,51.0,2014-07-18 00:00:00.000,True
11441,3662,8077,4194,152,2014-07-25,60,58.26,3495.87,60.0,0.0,60.0,2014-07-18 00:00:00.000,True
11442,3663,8078,4195,119,2014-07-25,550,10.38,5711.48,550.0,0.0,550.0,2014-07-18 00:00:00.000,True
11443,3664,8079,4196,231,2014-07-25,3,47.68,143.04,3.0,0.0,3.0,2014-07-18 00:00:00.000,True
11444,3664,8080,4196,232,2014-07-25,3,45.58,136.74,3.0,0.0,3.0,2014-07-18 00:00:00.000,True
11445,3665,8081,4197,149,2014-07-26,3,12.72,38.15,3.0,0.0,3.0,2014-07-19 00:00:00.000,True
11446,3665,8082,4197,150,2014-07-26,3,19.94,59.82,3.0,0.0,3.0,2014-07-19 00:00:00.000,True
11447,3666,8083,4198,124,2014-07-26,3,38.16,114.47,3.0,0.0,3.0,2014-07-19 00:00:00.000,True
11448,3667,8084,4199,110,2014-07-26,3,44.22,132.65,3.0,0.0,3.0,2014-07-19 00:00:00.000,True
11449,3668,8085,4200,10,2014-07-26,550,31.49,17319.23,550.0,0.0,550.0,2014-07-19 00:00:00.000,True
11450,3668,8086,4200,8,2014-07-26,550,48.29,26559.23,550.0,0.0,550.0,2014-07-19 00:00:00.000,True
11451,3669,8087,4201,167,2014-07-26,60,6.98,418.95,60.0,0.0,60.0,2014-07-19 00:00:00.000,True
11452,3670,8088,4202,101,2014-07-26,3,43.48,130.44,3.0,0.0,3.0,2014-07-19 00:00:00.000,True
11453,3670,8089,4202,102,2014-07-26,3,47.75,143.26,3.0,0.0,3.0,2014-07-19 00:00:00.000,True
11454,3670,8090,4202,103,2014-07-26,3,43.48,130.44,3.0,0.0,3.0,2014-07-19 00:00:00.000,True
11455,3671,8091,4203,165,2014-07-26,60,3.38,202.86,60.0,0.0,60.0,2014-07-19 00:00:00.000,True
11456,3671,8092,4203,166,2014-07-26,60,4.32,258.93,60.0,0.0,60.0,2014-07-19 00:00:00.000,True
11457,3672,8093,4204,241,2014-07-26,3,43.34,130.03,3.0,0.0,3.0,2014-07-19 00:00:00.000,True
11458,3672,8094,4204,242,2014-07-26,3,39.07,117.21,3.0,0.0,3.0,2014-07-19 00:00:00.000,True
11459,3673,8095,4205,149,2014-07-26,3,12.36,37.08,3.0,0.0,3.0,2014-07-19 00:00:00.000,True
11460,3674,8096,4206,118,2014-07-26,550,39.2,21558.08,550.0,0.0,550.0,2014-07-19 00:00:00.000,True
11461,3675,8097,4207,227,2014-07-26,3,47.65,142.95,3.0,0.0,3.0,2014-07-19 00:00:00.000,True
11462,3675,8098,4207,228,2014-07-26,3,43.38,130.13,3.0,0.0,3.0,2014-07-19 00:00:00.000,True
11463,3675,8099,4207,229,2014-07-26,3,41.28,123.83,3.0,0.0,3.0,2014-07-19 00:00:00.000,True
11464,3675,8100,4207,230,2014-07-26,3,45.55,136.65,3.0,0.0,3.0,2014-07-19 00:00:00.000,True
11465,3676,8101,4208,500,2014-07-26,550,34.87,19178.78,468.0,0.0,468.0,2014-07-19 00:00:00.000,True
11466,3676,8102,4208,499,2014-07-26,550,39.76,21869.93,550.0,0.0,550.0,2014-07-19 00:00:00.000,True
11467,3676,8103,4208,495,2014-07-26,550,43.98,24191.48,550.0,0.0,550.0,2014-07-19 00:00:00.000,True
11468,3676,8104,4208,497,2014-07-26,550,38.15,20980.58,550.0,0.0,550.0,2014-07-19 00:00:00.000,True
11469,3677,8105,4209,86,2014-07-26,3,47.75,143.26,3.0,0.0,3.0,2014-07-19 00:00:00.000,True
11470,3677,8106,4209,87,2014-07-26,3,43.48,130.44,3.0,0.0,3.0,2014-07-19 00:00:00.000,True
11471,3677,8107,4209,88,2014-07-26,3,41.38,124.14,3.0,0.0,3.0,2014-07-19 00:00:00.000,True
11472,3677,8108,4209,89,2014-07-26,3,45.65,136.96,3.0,0.0,3.0,2014-07-19 00:00:00.000,True
11473,3677,8109,4209,90,2014-07-26,3,41.38,124.14,3.0,0.0,3.0,2014-07-19 00:00:00.000,True
11474,3677,8110,4209,91,2014-07-26,3,39.28,117.84,3.0,0.0,3.0,2014-07-19 00:00:00.000,True
11475,3678,8111,4210,160,2014-07-26,3,45.55,136.65,3.0,0.0,3.0,2014-07-19 00:00:00.000,True
11476,3679,8112,4211,500,2014-07-26,550,34.35,18890.03,550.0,0.0,550.0,2014-07-19 00:00:00.000,True
11477,3679,8113,4211,499,2014-07-26,550,39.24,21581.18,550.0,0.0,550.0,2014-07-19 00:00:00.000,True
11478,3680,8114,4212,204,2014-07-26,3,47.47,142.41,3.0,0.0,3.0,2014-07-19 00:00:00.000,True
11479,3680,8115,4212,205,2014-07-26,3,45.37,136.11,3.0,0.0,3.0,2014-07-19 00:00:00.000,True
11480,3680,8116,4212,206,2014-07-26,3,49.64,148.93,3.0,0.0,3.0,2014-07-19 00:00:00.000,True
11481,3681,8117,4213,494,2014-07-28,550,43.04,23671.73,550.0,0.0,550.0,2014-07-21 00:00:00.000,True
11482,3682,8118,4214,203,2014-07-28,550,10.82,5948.25,550.0,82.0,468.0,2014-07-21 00:00:00.000,True
11483,3683,8119,4215,447,2014-07-28,550,82.83,45558.98,550.0,0.0,550.0,2014-07-21 00:00:00.000,True
11484,3683,8120,4215,446,2014-07-28,550,82.83,45558.98,550.0,0.0,550.0,2014-07-21 00:00:00.000,True
11485,3684,8121,4216,183,2014-07-28,1250,0.21,262.5,1250.0,0.0,1250.0,2014-07-21 00:00:00.000,True
11486,3684,8122,4216,197,2014-07-28,1250,0.21,262.5,1250.0,0.0,1250.0,2014-07-21 00:00:00.000,True
11487,3685,8123,4217,191,2014-07-28,3,49.64,148.93,3.0,0.0,3.0,2014-07-21 00:00:00.000,True
11488,3685,8124,4217,192,2014-07-28,3,44.32,132.96,3.0,0.0,3.0,2014-07-21 00:00:00.000,True
11489,3685,8125,4217,193,2014-07-28,60,28.7,1721.79,60.0,0.0,60.0,2014-07-21 00:00:00.000,True
11490,3686,8126,4218,494,2014-07-28,550,42.51,23382.98,468.0,0.0,468.0,2014-07-21 00:00:00.000,True
11491,3686,8127,4218,501,2014-07-28,550,5.59,3072.3,550.0,0.0,550.0,2014-07-21 00:00:00.000,True
11492,3687,8128,4219,493,2014-07-28,60,15.74,944.37,60.0,0.0,60.0,2014-07-21 00:00:00.000,True
11493,3688,8129,4220,495,2014-07-28,550,43.46,23902.73,550.0,0.0,550.0,2014-07-21 00:00:00.000,True
11494,3688,8130,4220,497,2014-07-28,550,37.62,20691.83,550.0,0.0,550.0,2014-07-21 00:00:00.000,True
11495,3688,8131,4220,503,2014-07-28,550,6.53,3592.05,550.0,0.0,550.0,2014-07-21 00:00:00.000,True
11496,3688,8132,4220,502,2014-07-28,550,6.18,3401.48,550.0,0.0,550.0,2014-07-21 00:00:00.000,True
11497,3689,8133,4221,188,2014-07-28,550,29.58,16268.18,550.0,0.0,550.0,2014-07-21 00:00:00.000,True
11498,3689,8134,4221,189,2014-07-28,550,36.1,19854.45,550.0,0.0,550.0,2014-07-21 00:00:00.000,True
11499,3689,8135,4221,190,2014-07-28,550,48.58,26720.93,550.0,0.0,550.0,2014-07-21 00:00:00.000,True
11500,3690,8136,4222,498,2014-07-28,550,32.25,17735.03,550.0,0.0,550.0,2014-07-21 00:00:00.000,True
11501,3690,8137,4222,496,2014-07-28,550,36.56,20108.55,550.0,55.0,495.0,2014-07-21 00:00:00.000,True
11502,3691,8138,4223,190,2014-07-28,550,46.42,25531.28,550.0,0.0,550.0,2014-07-21 00:00:00.000,True
11503,3692,8139,4224,173,2014-07-28,3,47.6,142.79,3.0,0.0,3.0,2014-07-21 00:00:00.000,True
11504,3692,8140,4224,174,2014-07-28,3,43.32,129.97,3.0,0.0,3.0,2014-07-21 00:00:00.000,True
11505,3693,8141,4225,184,2014-07-28,3,41.92,125.75,3.0,0.0,3.0,2014-07-21 00:00:00.000,True
11506,3694,8142,4226,248,2014-07-28,3,50.26,150.79,3.0,0.0,3.0,2014-07-21 00:00:00.000,True
11507,3695,8143,4227,196,2014-07-28,3,37.18,111.54,3.0,0.0,3.0,2014-07-21 00:00:00.000,True
11508,3696,8144,4228,126,2014-07-28,550,16.09,8847.3,468.0,0.0,468.0,2014-07-21 00:00:00.000,True
11509,3697,8145,4229,186,2014-07-29,3,57.03,171.08,3.0,0.0,3.0,2014-07-22 00:00:00.000,True
11510,3698,8146,4230,117,2014-07-29,550,37.09,20397.3,550.0,0.0,550.0,2014-07-22 00:00:00.000,True
11511,3699,8147,4231,118,2014-07-29,550,26.6,14628.08,550.0,0.0,550.0,2014-07-22 00:00:00.000,True
11512,3700,8148,4232,188,2014-07-29,550,27.06,14882.18,550.0,0.0,550.0,2014-07-22 00:00:00.000,True
11513,3700,8149,4232,189,2014-07-29,550,33.58,18468.45,550.0,55.0,495.0,2014-07-22 00:00:00.000,True
11514,3700,8150,4232,190,2014-07-29,550,46.06,25334.93,550.0,0.0,550.0,2014-07-22 00:00:00.000,True
11515,3701,8151,4233,219,2014-07-29,3,41.17,123.51,3.0,0.0,3.0,2014-07-22 00:00:00.000,True
11516,3701,8152,4233,220,2014-07-29,3,45.44,136.33,3.0,0.0,3.0,2014-07-22 00:00:00.000,True
11517,3701,8153,4233,221,2014-07-29,3,41.17,123.51,3.0,0.0,3.0,2014-07-22 00:00:00.000,True
11518,3701,8154,4233,209,2014-07-29,3,39.07,117.21,3.0,0.0,3.0,2014-07-22 00:00:00.000,True
11519,3702,8155,4234,86,2014-07-29,3,47.6,142.79,3.0,0.0,3.0,2014-07-22 00:00:00.000,True
11520,3702,8156,4234,87,2014-07-29,3,43.32,129.97,3.0,0.0,3.0,2014-07-22 00:00:00.000,True
11521,3703,8157,4235,193,2014-07-29,60,25.42,1525.23,60.0,0.0,60.0,2014-07-22 00:00:00.000,True
11522,3704,8158,4236,85,2014-07-29,3,41.22,123.67,3.0,3.0,0.0,2014-07-22 00:00:00.000,True
11523,3704,8159,4236,98,2014-07-29,3,45.5,136.49,3.0,3.0,0.0,2014-07-22 00:00:00.000,True
11524,3705,8160,4237,6,2014-07-29,550,62.99,34644.23,550.0,0.0,550.0,2014-07-22 00:00:00.000,True
11525,3706,8161,4238,191,2014-07-29,3,45.37,136.11,3.0,0.0,3.0,2014-07-22 00:00:00.000,True
11526,3706,8162,4238,192,2014-07-29,3,40.49,121.46,3.0,0.0,3.0,2014-07-22 00:00:00.000,True
11527,3706,8163,4238,193,2014-07-29,60,26.37,1581.93,60.0,0.0,60.0,2014-07-22 00:00:00.000,True
11528,3707,8164,4239,121,2014-07-29,3,48.76,146.29,3.0,0.0,3.0,2014-07-22 00:00:00.000,True
11529,3708,8165,4240,156,2014-07-29,3,34.19,102.56,3.0,0.0,3.0,2014-07-22 00:00:00.000,True
11530,3709,8166,4241,194,2014-07-29,3,50.26,150.79,3.0,0.0,3.0,2014-07-22 00:00:00.000,True
11531,3710,8167,4242,119,2014-07-29,550,10.73,5902.05,550.0,0.0,550.0,2014-07-22 00:00:00.000,True
11532,3710,8168,4242,120,2014-07-29,550,14.12,7767.38,550.0,55.0,495.0,2014-07-22 00:00:00.000,True
11533,3711,8169,4243,153,2014-07-29,60,53.2,3192.21,60.0,0.0,60.0,2014-07-22 00:00:00.000,True
11534,3711,8170,4243,154,2014-07-29,60,63.69,3821.58,60.0,0.0,60.0,2014-07-22 00:00:00.000,True
11535,3711,8171,4243,155,2014-07-29,60,48.91,2934.54,60.0,3.0,57.0,2014-07-22 00:00:00.000,True
11536,3712,8172,4244,435,2014-07-29,550,40.94,22516.73,550.0,82.0,468.0,2014-07-22 00:00:00.000,True
11537,3712,8173,4244,442,2014-07-29,550,21.09,11601.98,550.0,0.0,550.0,2014-07-22 00:00:00.000,True
11538,3713,8174,4245,111,2014-07-30,60,9.2,551.88,60.0,0.0,60.0,2014-07-23 00:00:00.000,True
11539,3714,8175,4246,162,2014-07-30,550,5.78,3176.25,550.0,0.0,550.0,2014-07-23 00:00:00.000,True
11540,3714,8176,4246,163,2014-07-30,550,1.16,635.25,550.0,0.0,550.0,2014-07-23 00:00:00.000,True
11541,3715,8177,4247,112,2014-07-30,550,23.39,12866.7,550.0,0.0,550.0,2014-07-23 00:00:00.000,True
11542,3715,8178,4247,113,2014-07-30,550,27.65,15205.58,523.0,0.0,523.0,2014-07-23 00:00:00.000,True
11543,3716,8179,4248,164,2014-07-30,550,1.37,750.75,468.0,0.0,468.0,2014-07-23 00:00:00.000,True
11544,3716,8180,4248,5,2014-07-30,550,62.99,34644.23,550.0,0.0,550.0,2014-07-23 00:00:00.000,True
11545,3716,8181,4248,131,2014-07-30,550,3.49,1917.3,550.0,0.0,550.0,2014-07-23 00:00:00.000,True
11546,3717,8182,4249,162,2014-07-30,550,6.2,3407.25,550.0,0.0,550.0,2014-07-23 00:00:00.000,True
11547,3717,8183,4249,163,2014-07-30,550,1.47,808.5,550.0,0.0,550.0,2014-07-23 00:00:00.000,True
11548,3717,8184,4249,132,2014-07-30,550,6.2,3407.25,550.0,0.0,550.0,2014-07-23 00:00:00.000,True
11549,3718,8185,4250,112,2014-07-30,550,22.17,12191.03,550.0,0.0,550.0,2014-07-23 00:00:00.000,True
11550,3718,8186,4250,113,2014-07-30,550,29.28,16106.48,550.0,0.0,550.0,2014-07-23 00:00:00.000,True
11551,3719,8187,4251,150,2014-07-30,3,19.98,59.94,3.0,0.0,3.0,2014-07-23 00:00:00.000,True
11552,3720,8188,4252,204,2014-07-30,3,41.17,123.51,3.0,0.0,3.0,2014-07-23 00:00:00.000,True
11553,3720,8189,4252,205,2014-07-30,3,39.07,117.21,3.0,0.0,3.0,2014-07-23 00:00:00.000,True
11554,3720,8190,4252,206,2014-07-30,3,43.34,130.03,3.0,0.0,3.0,2014-07-23 00:00:00.000,True
11555,3721,8191,4253,9,2014-07-30,550,31.49,17319.23,550.0,0.0,550.0,2014-07-23 00:00:00.000,True
11556,3721,8192,4253,7,2014-07-30,550,48.29,26559.23,550.0,0.0,550.0,2014-07-23 00:00:00.000,True
11557,3722,8193,4254,241,2014-07-30,3,43.22,129.65,3.0,0.0,3.0,2014-07-23 00:00:00.000,True
11558,3722,8194,4254,242,2014-07-30,3,47.49,142.47,3.0,0.0,3.0,2014-07-23 00:00:00.000,True
11559,3723,8195,4255,137,2014-07-30,550,11.09,6098.4,550.0,0.0,550.0,2014-07-23 00:00:00.000,True
11560,3723,8196,4255,104,2014-07-30,550,15.89,8737.58,550.0,0.0,550.0,2014-07-23 00:00:00.000,True
11561,3723,8197,4255,139,2014-07-30,550,11.67,6416.03,550.0,0.0,550.0,2014-07-23 00:00:00.000,True
11562,3724,8198,4256,211,2014-07-30,3,47.47,142.41,3.0,0.0,3.0,2014-07-23 00:00:00.000,True
11563,3725,8199,4257,115,2014-07-30,550,23.08,12693.45,550.0,0.0,550.0,2014-07-23 00:00:00.000,True
11564,3725,8200,4257,116,2014-07-30,550,29.27,16100.7,523.0,0.0,523.0,2014-07-23 00:00:00.000,True
11565,3725,8201,4257,117,2014-07-30,550,34.98,19236.53,550.0,0.0,550.0,2014-07-23 00:00:00.000,True
11566,3726,8202,4258,218,2014-07-30,3,41.17,123.51,3.0,0.0,3.0,2014-07-23 00:00:00.000,True
11567,3726,8203,4258,442,2014-07-30,550,21.09,11601.98,550.0,0.0,550.0,2014-07-23 00:00:00.000,True
11568,3726,8204,4258,439,2014-07-30,550,30.44,16741.73,550.0,0.0,550.0,2014-07-23 00:00:00.000,True
11569,3726,8205,4258,436,2014-07-30,550,40.94,22516.73,550.0,0.0,550.0,2014-07-23 00:00:00.000,True
11570,3727,8206,4259,109,2014-07-30,550,2.32,1276.28,550.0,0.0,550.0,2014-07-23 00:00:00.000,True
11571,3728,8207,4260,122,2014-07-30,550,3.64,2003.93,550.0,0.0,550.0,2014-07-23 00:00:00.000,True
11572,3729,8208,4261,440,2014-07-31,550,21.09,11601.98,550.0,0.0,550.0,2014-07-24 00:00:00.000,True
11573,3729,8209,4261,437,2014-07-31,550,30.44,16741.73,550.0,0.0,550.0,2014-07-24 00:00:00.000,True
11574,3729,8210,4261,435,2014-07-31,550,40.94,22516.73,550.0,0.0,550.0,2014-07-24 00:00:00.000,True
11575,3730,8211,4262,165,2014-07-31,60,3.6,216.09,60.0,0.0,60.0,2014-07-24 00:00:00.000,True
11576,3730,8212,4262,166,2014-07-31,60,3.98,238.77,60.0,6.0,54.0,2014-07-24 00:00:00.000,True
11577,3731,8213,4263,9,2014-07-31,550,31.49,17319.23,550.0,0.0,550.0,2014-07-24 00:00:00.000,True
11578,3731,8214,4263,7,2014-07-31,550,48.29,26559.23,550.0,0.0,550.0,2014-07-24 00:00:00.000,True
11579,3732,8215,4264,120,2014-07-31,550,12.97,7132.13,550.0,82.0,468.0,2014-07-24 00:00:00.000,True
11580,3733,8216,4265,441,2014-07-31,550,21.09,11601.98,550.0,0.0,550.0,2014-07-24 00:00:00.000,True
11581,3733,8217,4265,438,2014-07-31,550,30.44,16741.73,550.0,0.0,550.0,2014-07-24 00:00:00.000,True
11582,3734,8218,4266,434,2014-07-31,550,40.94,22516.73,550.0,0.0,550.0,2014-07-24 00:00:00.000,True
11583,3735,8219,4267,4,2014-07-31,550,62.99,34644.23,550.0,0.0,550.0,2014-07-24 00:00:00.000,True
11584,3736,8220,4268,74,2014-07-31,3,47.52,142.57,3.0,0.0,3.0,2014-07-24 00:00:00.000,True
11585,3736,8221,4268,75,2014-07-31,3,45.42,136.27,3.0,0.0,3.0,2014-07-24 00:00:00.000,True
11586,3736,8222,4268,76,2014-07-31,3,49.7,149.09,3.0,0.0,3.0,2014-07-24 00:00:00.000,True
11587,3736,8223,4268,77,2014-07-31,3,45.42,136.27,3.0,0.0,3.0,2014-07-24 00:00:00.000,True
11588,3737,8224,4269,73,2014-07-31,3,47.68,143.04,3.0,0.0,3.0,2014-07-24 00:00:00.000,True
11589,3738,8225,4270,115,2014-07-31,550,23.4,12872.48,550.0,0.0,550.0,2014-07-24 00:00:00.000,True
11590,3738,8226,4270,116,2014-07-31,550,27.87,15326.85,550.0,0.0,550.0,2014-07-24 00:00:00.000,True
11591,3739,8227,4271,123,2014-07-31,550,6.75,3713.33,550.0,0.0,550.0,2014-07-24 00:00:00.000,True
11592,3740,8228,4272,10,2014-07-31,550,31.49,17319.23,550.0,0.0,550.0,2014-07-24 00:00:00.000,True
11593,3740,8229,4272,8,2014-07-31,550,48.29,26559.23,550.0,55.0,495.0,2014-07-24 00:00:00.000,True
11594,3740,8230,4272,114,2014-07-31,550,36.28,19952.63,550.0,0.0,550.0,2014-07-24 00:00:00.000,True
11595,3741,8231,4273,153,2014-07-31,60,50.75,3044.79,60.0,0.0,60.0,2014-07-24 00:00:00.000,True
11596,3741,8232,4273,154,2014-07-31,60,62.93,3775.59,60.0,0.0,60.0,2014-07-24 00:00:00.000,True
11597,3741,8233,4273,155,2014-07-31,60,49.65,2979.27,60.0,3.0,57.0,2014-07-24 00:00:00.000,True
11598,3742,8234,4274,119,2014-07-31,550,10.38,5711.48,550.0,82.0,468.0,2014-07-24 00:00:00.000,True
11599,3743,8235,4275,233,2014-07-31,3,49.85,149.56,3.0,0.0,3.0,2014-07-24 00:00:00.000,True
11600,3743,8236,4275,234,2014-07-31,3,45.58,136.74,3.0,0.0,3.0,2014-07-24 00:00:00.000,True
11601,3743,8237,4275,138,2014-07-31,3,43.48,130.44,3.0,0.0,3.0,2014-07-24 00:00:00.000,True
11602,3744,8238,4276,149,2014-07-31,3,12.72,38.15,3.0,0.0,3.0,2014-07-24 00:00:00.000,True
11603,3744,8239,4276,150,2014-07-31,3,19.94,59.82,3.0,0.0,3.0,2014-07-24 00:00:00.000,True
11604,3745,8240,4277,124,2014-08-01,3,38.16,114.47,3.0,0.0,3.0,2014-07-25 00:00:00.000,True
11605,3746,8241,4278,110,2014-08-01,3,44.22,132.65,3.0,0.0,3.0,2014-07-25 00:00:00.000,True
11606,3747,8242,4279,10,2014-08-01,550,31.49,17319.23,550.0,0.0,550.0,2014-07-25 00:00:00.000,True
11607,3747,8243,4279,8,2014-08-01,550,48.29,26559.23,550.0,0.0,550.0,2014-07-25 00:00:00.000,True
11608,3748,8244,4280,167,2014-08-01,60,6.98,418.95,60.0,0.0,60.0,2014-07-25 00:00:00.000,True
11609,3749,8245,4281,70,2014-08-01,3,41.38,124.14,3.0,0.0,3.0,2014-07-25 00:00:00.000,True
11610,3749,8246,4281,105,2014-08-01,3,45.65,136.96,3.0,0.0,3.0,2014-07-25 00:00:00.000,True
11611,3749,8247,4281,106,2014-08-01,3,41.38,124.14,3.0,0.0,3.0,2014-07-25 00:00:00.000,True
11612,3749,8248,4281,107,2014-08-01,3,39.28,117.84,3.0,0.0,3.0,2014-07-25 00:00:00.000,True
11613,3749,8249,4281,108,2014-08-01,3,43.55,130.66,3.0,0.0,3.0,2014-07-25 00:00:00.000,True
11614,3750,8250,4282,165,2014-08-01,60,3.38,202.86,60.0,0.0,60.0,2014-07-25 00:00:00.000,True
11615,3750,8251,4282,166,2014-08-01,60,4.32,258.93,60.0,6.0,54.0,2014-07-25 00:00:00.000,True
11616,3751,8252,4283,243,2014-08-01,3,36.97,110.91,3.0,0.0,3.0,2014-07-25 00:00:00.000,True
11617,3751,8253,4283,244,2014-08-01,3,41.24,123.73,3.0,0.0,3.0,2014-07-25 00:00:00.000,True
11618,3751,8254,4283,245,2014-08-01,3,36.97,110.91,3.0,0.0,3.0,2014-07-25 00:00:00.000,True
11619,3751,8255,4283,246,2014-08-01,3,43.22,129.65,3.0,0.0,3.0,2014-07-25 00:00:00.000,True
11620,3752,8256,4284,149,2014-08-01,3,12.36,37.08,3.0,0.0,3.0,2014-07-25 00:00:00.000,True
11621,3753,8257,4285,118,2014-08-01,550,39.2,21558.08,550.0,0.0,550.0,2014-07-25 00:00:00.000,True
11622,3754,8258,4286,212,2014-08-01,3,45.44,136.33,3.0,0.0,3.0,2014-07-25 00:00:00.000,True
11623,3754,8259,4286,213,2014-08-01,3,41.17,123.51,3.0,0.0,3.0,2014-07-25 00:00:00.000,True
11624,3755,8260,4287,500,2014-08-01,550,34.87,19178.78,550.0,0.0,550.0,2014-07-25 00:00:00.000,True
11625,3755,8261,4287,499,2014-08-01,550,39.76,21869.93,523.0,0.0,523.0,2014-07-25 00:00:00.000,True
11626,3755,8262,4287,495,2014-08-01,550,43.98,24191.48,550.0,0.0,550.0,2014-07-25 00:00:00.000,True
11627,3755,8263,4287,497,2014-08-01,550,38.15,20980.58,550.0,0.0,550.0,2014-07-25 00:00:00.000,True
11628,3756,8264,4288,92,2014-08-01,3,43.55,130.66,3.0,0.0,3.0,2014-07-25 00:00:00.000,True
11629,3756,8265,4288,93,2014-08-01,3,39.28,117.84,3.0,0.0,3.0,2014-07-25 00:00:00.000,True
11630,3756,8266,4288,94,2014-08-01,3,37.18,111.54,3.0,0.0,3.0,2014-07-25 00:00:00.000,True
11631,3756,8267,4288,95,2014-08-01,3,41.45,124.36,3.0,0.0,3.0,2014-07-25 00:00:00.000,True
11632,3757,8268,4289,204,2014-08-01,3,47.58,142.73,3.0,0.0,3.0,2014-07-25 00:00:00.000,True
11633,3757,8269,4289,205,2014-08-01,3,45.48,136.43,3.0,0.0,3.0,2014-07-25 00:00:00.000,True
11634,3757,8270,4289,206,2014-08-01,3,49.75,149.25,3.0,0.0,3.0,2014-07-25 00:00:00.000,True
11635,3757,8271,4289,207,2014-08-01,3,45.48,136.43,3.0,0.0,3.0,2014-07-25 00:00:00.000,True
11636,3757,8272,4289,208,2014-08-01,3,43.38,130.13,3.0,0.0,3.0,2014-07-25 00:00:00.000,True
11637,3757,8273,4289,170,2014-08-01,3,47.65,142.95,3.0,0.0,3.0,2014-07-25 00:00:00.000,True
11638,3758,8274,4290,500,2014-08-01,550,34.35,18890.03,550.0,0.0,550.0,2014-07-25 00:00:00.000,True
11639,3758,8275,4290,499,2014-08-01,550,39.24,21581.18,550.0,0.0,550.0,2014-07-25 00:00:00.000,True
11640,3759,8276,4291,207,2014-08-01,3,45.37,136.11,3.0,0.0,3.0,2014-07-25 00:00:00.000,True
11641,3759,8277,4291,208,2014-08-01,3,43.27,129.81,3.0,0.0,3.0,2014-07-25 00:00:00.000,True
11642,3759,8278,4291,170,2014-08-01,3,47.54,142.63,3.0,0.0,3.0,2014-07-25 00:00:00.000,True
11643,3759,8279,4291,158,2014-08-01,3,43.27,129.81,3.0,0.0,3.0,2014-07-25 00:00:00.000,True
11644,3759,8280,4291,159,2014-08-01,3,41.17,123.51,3.0,0.0,3.0,2014-07-25 00:00:00.000,True
11645,3760,8281,4292,498,2014-08-01,550,32.77,18023.78,550.0,0.0,550.0,2014-07-25 00:00:00.000,True
11646,3760,8282,4292,496,2014-08-01,550,37.09,20397.3,550.0,55.0,495.0,2014-07-25 00:00:00.000,True
11647,3760,8283,4292,494,2014-08-01,550,43.04,23671.73,550.0,0.0,550.0,2014-07-25 00:00:00.000,True
11648,3761,8284,4293,203,2014-08-02,550,10.82,5948.25,550.0,0.0,550.0,2014-07-26 00:00:00.000,True
11649,3762,8285,4294,447,2014-08-02,550,82.83,45558.98,550.0,82.0,468.0,2014-07-26 00:00:00.000,True
11650,3762,8286,4294,446,2014-08-02,550,82.83,45558.98,550.0,0.0,550.0,2014-07-26 00:00:00.000,True
11651,3763,8287,4295,183,2014-08-02,1250,0.21,262.5,1250.0,0.0,1250.0,2014-07-26 00:00:00.000,True
11652,3763,8288,4295,197,2014-08-02,1250,0.21,262.5,1250.0,0.0,1250.0,2014-07-26 00:00:00.000,True
11653,3764,8289,4296,191,2014-08-02,3,49.64,148.93,3.0,0.0,3.0,2014-07-26 00:00:00.000,True
11654,3764,8290,4296,192,2014-08-02,3,44.32,132.96,3.0,0.0,3.0,2014-07-26 00:00:00.000,True
11655,3765,8291,4297,494,2014-08-02,550,42.51,23382.98,550.0,0.0,550.0,2014-07-26 00:00:00.000,True
11656,3765,8292,4297,501,2014-08-02,550,5.59,3072.3,523.0,0.0,523.0,2014-07-26 00:00:00.000,True
11657,3766,8293,4298,493,2014-08-02,60,15.74,944.37,51.0,0.0,51.0,2014-07-26 00:00:00.000,True
11658,3767,8294,4299,495,2014-08-02,550,43.46,23902.73,550.0,0.0,550.0,2014-07-26 00:00:00.000,True
11659,3767,8295,4299,497,2014-08-02,550,37.62,20691.83,550.0,0.0,550.0,2014-07-26 00:00:00.000,True
11660,3767,8296,4299,503,2014-08-02,550,6.53,3592.05,550.0,0.0,550.0,2014-07-26 00:00:00.000,True
11661,3767,8297,4299,502,2014-08-02,550,6.18,3401.48,550.0,0.0,550.0,2014-07-26 00:00:00.000,True
11662,3768,8298,4300,188,2014-08-02,550,29.58,16268.18,550.0,0.0,550.0,2014-07-26 00:00:00.000,True
11663,3768,8299,4300,189,2014-08-02,550,36.1,19854.45,550.0,0.0,550.0,2014-07-26 00:00:00.000,True
11664,3768,8300,4300,190,2014-08-02,550,48.58,26720.93,550.0,0.0,550.0,2014-07-26 00:00:00.000,True
11665,3769,8301,4301,498,2014-08-02,550,32.25,17735.03,550.0,0.0,550.0,2014-07-26 00:00:00.000,True
11666,3769,8302,4301,496,2014-08-02,550,36.56,20108.55,550.0,0.0,550.0,2014-07-26 00:00:00.000,True
11667,3770,8303,4302,190,2014-08-02,550,46.42,25531.28,550.0,0.0,550.0,2014-07-26 00:00:00.000,True
11668,3771,8304,4303,175,2014-08-02,3,41.22,123.67,3.0,0.0,3.0,2014-07-26 00:00:00.000,True
11669,3771,8305,4303,176,2014-08-02,3,45.5,136.49,3.0,0.0,3.0,2014-07-26 00:00:00.000,True
11670,3771,8306,4303,177,2014-08-02,3,41.22,123.67,3.0,0.0,3.0,2014-07-26 00:00:00.000,True
11671,3771,8307,4303,178,2014-08-02,3,39.12,117.37,3.0,0.0,3.0,2014-07-26 00:00:00.000,True
11672,3772,8308,4304,184,2014-08-02,3,41.92,125.75,3.0,0.0,3.0,2014-07-26 00:00:00.000,True
11673,3773,8309,4305,248,2014-08-02,3,50.26,150.79,3.0,0.0,3.0,2014-07-26 00:00:00.000,True
11674,3774,8310,4306,168,2014-08-02,3,47.68,143.04,3.0,0.0,3.0,2014-07-26 00:00:00.000,True
11675,3774,8311,4306,169,2014-08-02,3,45.58,136.74,3.0,0.0,3.0,2014-07-26 00:00:00.000,True
11676,3775,8312,4307,126,2014-08-02,550,16.09,8847.3,550.0,0.0,550.0,2014-07-26 00:00:00.000,True
11677,3776,8313,4308,186,2014-08-02,3,57.03,171.08,3.0,0.0,3.0,2014-07-26 00:00:00.000,True
11678,3777,8314,4309,117,2014-08-04,550,37.09,20397.3,550.0,0.0,550.0,2014-07-28 00:00:00.000,True
11679,3778,8315,4310,118,2014-08-04,550,26.6,14628.08,550.0,0.0,550.0,2014-07-28 00:00:00.000,True
11680,3779,8316,4311,188,2014-08-04,550,27.06,14882.18,550.0,0.0,550.0,2014-07-28 00:00:00.000,True
11681,3779,8317,4311,189,2014-08-04,550,33.58,18468.45,550.0,0.0,550.0,2014-07-28 00:00:00.000,True
11682,3779,8318,4311,190,2014-08-04,550,46.06,25334.93,550.0,0.0,550.0,2014-07-28 00:00:00.000,True
11683,3780,8319,4312,223,2014-08-04,3,43.34,130.03,3.0,0.0,3.0,2014-07-28 00:00:00.000,True
11684,3780,8320,4312,224,2014-08-04,3,39.07,117.21,3.0,0.0,3.0,2014-07-28 00:00:00.000,True
11685,3780,8321,4312,225,2014-08-04,3,36.97,110.91,3.0,0.0,3.0,2014-07-28 00:00:00.000,True
11686,3781,8322,4313,88,2014-08-04,3,41.22,123.67,3.0,0.0,3.0,2014-07-28 00:00:00.000,True
11687,3781,8323,4313,89,2014-08-04,3,45.5,136.49,3.0,0.0,3.0,2014-07-28 00:00:00.000,True
11688,3781,8324,4313,90,2014-08-04,3,41.22,123.67,3.0,0.0,3.0,2014-07-28 00:00:00.000,True
11689,3781,8325,4313,91,2014-08-04,3,39.12,117.37,3.0,0.0,3.0,2014-07-28 00:00:00.000,True
11690,3782,8326,4314,191,2014-08-04,3,47.47,142.41,3.0,0.0,3.0,2014-07-28 00:00:00.000,True
11691,3782,8327,4314,192,2014-08-04,3,42.8,128.39,3.0,0.0,3.0,2014-07-28 00:00:00.000,True
11692,3783,8328,4315,99,2014-08-04,3,41.22,123.67,3.0,0.0,3.0,2014-07-28 00:00:00.000,True
11693,3783,8329,4315,100,2014-08-04,3,39.12,117.37,3.0,0.0,3.0,2014-07-28 00:00:00.000,True
11694,3783,8330,4315,101,2014-08-04,3,43.4,130.19,3.0,0.0,3.0,2014-07-28 00:00:00.000,True
11695,3784,8331,4316,6,2014-08-04,550,62.99,34644.23,550.0,0.0,550.0,2014-07-28 00:00:00.000,True
11696,3785,8332,4317,191,2014-08-04,3,45.37,136.11,3.0,0.0,3.0,2014-07-28 00:00:00.000,True
11697,3785,8333,4317,192,2014-08-04,3,40.49,121.46,3.0,0.0,3.0,2014-07-28 00:00:00.000,True
11698,3785,8334,4317,193,2014-08-04,60,26.37,1581.93,60.0,0.0,60.0,2014-07-28 00:00:00.000,True
11699,3786,8335,4318,121,2014-08-04,3,48.76,146.29,3.0,0.0,3.0,2014-07-28 00:00:00.000,True
11700,3787,8336,4319,156,2014-08-04,3,34.19,102.56,3.0,0.0,3.0,2014-07-28 00:00:00.000,True
11701,3788,8337,4320,194,2014-08-04,3,50.26,150.79,3.0,0.0,3.0,2014-07-28 00:00:00.000,True
11702,3789,8338,4321,119,2014-08-04,550,10.73,5902.05,550.0,0.0,550.0,2014-07-28 00:00:00.000,True
11703,3789,8339,4321,120,2014-08-04,550,14.12,7767.38,550.0,0.0,550.0,2014-07-28 00:00:00.000,True
11704,3790,8340,4322,151,2014-08-04,60,50.26,3015.81,60.0,0.0,60.0,2014-07-28 00:00:00.000,True
11705,3790,8341,4322,152,2014-08-04,60,57.15,3429.09,60.0,6.0,54.0,2014-07-28 00:00:00.000,True
11706,3790,8342,4322,153,2014-08-04,60,53.2,3192.21,60.0,0.0,60.0,2014-07-28 00:00:00.000,True
11707,3791,8343,4323,439,2014-08-04,550,30.44,16741.73,550.0,0.0,550.0,2014-07-28 00:00:00.000,True
11708,3791,8344,4323,436,2014-08-04,550,40.94,22516.73,550.0,0.0,550.0,2014-07-28 00:00:00.000,True
11709,3792,8345,4324,111,2014-08-04,60,9.2,551.88,60.0,9.0,51.0,2014-07-28 00:00:00.000,True
11710,3793,8346,4325,132,2014-08-05,550,5.78,3176.25,550.0,0.0,550.0,2014-07-29 00:00:00.000,True
11711,3794,8347,4326,112,2014-08-05,550,23.39,12866.7,550.0,0.0,550.0,2014-07-29 00:00:00.000,True
11712,3794,8348,4326,113,2014-08-05,550,27.65,15205.58,550.0,0.0,550.0,2014-07-29 00:00:00.000,True
11713,3795,8349,4327,164,2014-08-05,550,1.37,750.75,550.0,0.0,550.0,2014-07-29 00:00:00.000,True
11714,3795,8350,4327,5,2014-08-05,550,62.99,34644.23,523.0,0.0,523.0,2014-07-29 00:00:00.000,True
11715,3795,8351,4327,131,2014-08-05,550,3.49,1917.3,550.0,0.0,550.0,2014-07-29 00:00:00.000,True
11716,3796,8352,4328,162,2014-08-05,550,6.2,3407.25,468.0,0.0,468.0,2014-07-29 00:00:00.000,True
11717,3796,8353,4328,163,2014-08-05,550,1.47,808.5,550.0,0.0,550.0,2014-07-29 00:00:00.000,True
11718,3796,8354,4328,132,2014-08-05,550,6.2,3407.25,550.0,0.0,550.0,2014-07-29 00:00:00.000,True
11719,3797,8355,4329,112,2014-08-05,550,22.17,12191.03,550.0,0.0,550.0,2014-07-29 00:00:00.000,True
11720,3797,8356,4329,113,2014-08-05,550,29.28,16106.48,550.0,0.0,550.0,2014-07-29 00:00:00.000,True
11721,3798,8357,4330,150,2014-08-05,3,19.98,59.94,3.0,0.0,3.0,2014-07-29 00:00:00.000,True
11722,3799,8358,4331,207,2014-08-05,3,39.07,117.21,3.0,0.0,3.0,2014-07-29 00:00:00.000,True
11723,3799,8359,4331,208,2014-08-05,3,36.97,110.91,3.0,0.0,3.0,2014-07-29 00:00:00.000,True
11724,3799,8360,4331,170,2014-08-05,3,41.24,123.73,3.0,0.0,3.0,2014-07-29 00:00:00.000,True
11725,3799,8361,4331,158,2014-08-05,3,36.97,110.91,3.0,0.0,3.0,2014-07-29 00:00:00.000,True
11726,3799,8362,4331,159,2014-08-05,3,34.87,104.61,3.0,0.0,3.0,2014-07-29 00:00:00.000,True
11727,3800,8363,4332,9,2014-08-05,550,31.49,17319.23,550.0,0.0,550.0,2014-07-29 00:00:00.000,True
11728,3800,8364,4332,7,2014-08-05,550,48.29,26559.23,550.0,55.0,495.0,2014-07-29 00:00:00.000,True
11729,3801,8365,4333,243,2014-08-05,3,43.27,129.81,3.0,0.0,3.0,2014-07-29 00:00:00.000,True
11730,3801,8366,4333,244,2014-08-05,3,47.54,142.63,3.0,0.0,3.0,2014-07-29 00:00:00.000,True
11731,3801,8367,4333,245,2014-08-05,3,43.27,129.81,3.0,0.0,3.0,2014-07-29 00:00:00.000,True
11732,3801,8368,4333,246,2014-08-05,3,41.17,123.51,3.0,0.0,3.0,2014-07-29 00:00:00.000,True
11733,3802,8369,4334,140,2014-08-05,550,11.09,6098.4,550.0,82.0,468.0,2014-07-29 00:00:00.000,True
11734,3802,8370,4334,141,2014-08-05,550,8.76,4816.35,550.0,0.0,550.0,2014-07-29 00:00:00.000,True
11735,3803,8371,4335,211,2014-08-05,3,47.47,142.41,3.0,0.0,3.0,2014-07-29 00:00:00.000,True
11736,3804,8372,4336,115,2014-08-05,550,23.08,12693.45,550.0,0.0,550.0,2014-07-29 00:00:00.000,True
11737,3804,8373,4336,116,2014-08-05,550,29.27,16100.7,550.0,0.0,550.0,2014-07-29 00:00:00.000,True
11738,3805,8374,4337,212,2014-08-05,3,45.37,136.11,3.0,0.0,3.0,2014-07-29 00:00:00.000,True
11739,3805,8375,4337,213,2014-08-05,3,49.64,148.93,3.0,0.0,3.0,2014-07-29 00:00:00.000,True
11740,3805,8376,4337,214,2014-08-05,3,45.37,136.11,3.0,0.0,3.0,2014-07-29 00:00:00.000,True
11741,3805,8377,4337,215,2014-08-05,3,43.27,129.81,3.0,0.0,3.0,2014-07-29 00:00:00.000,True
11742,3805,8378,4337,216,2014-08-05,3,47.54,142.63,3.0,0.0,3.0,2014-07-29 00:00:00.000,True
11743,3805,8379,4337,217,2014-08-05,3,43.27,129.81,3.0,0.0,3.0,2014-07-29 00:00:00.000,True
11744,3805,8380,4337,218,2014-08-05,3,41.17,123.51,3.0,0.0,3.0,2014-07-29 00:00:00.000,True
11745,3805,8381,4337,442,2014-08-05,550,21.09,11601.98,550.0,0.0,550.0,2014-07-29 00:00:00.000,True
11746,3805,8382,4337,439,2014-08-05,550,30.44,16741.73,550.0,0.0,550.0,2014-07-29 00:00:00.000,True
11747,3805,8383,4337,436,2014-08-05,550,40.94,22516.73,550.0,0.0,550.0,2014-07-29 00:00:00.000,True
11748,3806,8384,4338,109,2014-08-05,550,2.32,1276.28,468.0,0.0,468.0,2014-07-29 00:00:00.000,True
11749,3807,8385,4339,122,2014-08-05,550,3.64,2003.93,550.0,0.0,550.0,2014-07-29 00:00:00.000,True
11750,3808,8386,4340,440,2014-08-05,550,21.09,11601.98,550.0,0.0,550.0,2014-07-29 00:00:00.000,True
11751,3808,8387,4340,437,2014-08-05,550,30.44,16741.73,550.0,0.0,550.0,2014-07-29 00:00:00.000,True
11752,3808,8388,4340,435,2014-08-05,550,40.94,22516.73,550.0,0.0,550.0,2014-07-29 00:00:00.000,True
11753,3809,8389,4341,165,2014-08-06,60,3.6,216.09,60.0,0.0,60.0,2014-07-30 00:00:00.000,True
11754,3809,8390,4341,166,2014-08-06,60,3.98,238.77,60.0,0.0,60.0,2014-07-30 00:00:00.000,True
11755,3810,8391,4342,9,2014-08-06,550,31.49,17319.23,550.0,0.0,550.0,2014-07-30 00:00:00.000,True
11756,3810,8392,4342,7,2014-08-06,550,48.29,26559.23,550.0,55.0,495.0,2014-07-30 00:00:00.000,True
11757,3811,8393,4343,120,2014-08-06,550,12.97,7132.13,550.0,0.0,550.0,2014-07-30 00:00:00.000,True
11758,3812,8394,4344,441,2014-08-06,550,21.09,11601.98,550.0,82.0,468.0,2014-07-30 00:00:00.000,True
11759,3812,8395,4344,438,2014-08-06,550,30.44,16741.73,550.0,0.0,550.0,2014-07-30 00:00:00.000,True
11760,3813,8396,4345,434,2014-08-06,550,40.94,22516.73,550.0,0.0,550.0,2014-07-30 00:00:00.000,True
11761,3814,8397,4346,4,2014-08-06,550,62.99,34644.23,550.0,0.0,550.0,2014-07-30 00:00:00.000,True
11762,3815,8398,4347,78,2014-08-06,3,43.32,129.97,3.0,0.0,3.0,2014-07-30 00:00:00.000,True
11763,3815,8399,4347,79,2014-08-06,3,47.6,142.79,3.0,0.0,3.0,2014-07-30 00:00:00.000,True
11764,3815,8400,4347,80,2014-08-06,3,43.32,129.97,3.0,0.0,3.0,2014-07-30 00:00:00.000,True
11765,3815,8401,4347,81,2014-08-06,3,41.22,123.67,3.0,0.0,3.0,2014-07-30 00:00:00.000,True
11766,3815,8402,4347,82,2014-08-06,3,45.5,136.49,3.0,0.0,3.0,2014-07-30 00:00:00.000,True
11767,3815,8403,4347,83,2014-08-06,3,41.22,123.67,3.0,0.0,3.0,2014-07-30 00:00:00.000,True
11768,3815,8404,4347,84,2014-08-06,3,39.12,117.37,3.0,0.0,3.0,2014-07-30 00:00:00.000,True
11769,3815,8405,4347,145,2014-08-06,3,43.4,130.19,3.0,0.0,3.0,2014-07-30 00:00:00.000,True
11770,3815,8406,4347,134,2014-08-06,3,39.12,117.37,3.0,0.0,3.0,2014-07-30 00:00:00.000,True
11771,3816,8407,4348,73,2014-08-06,3,47.68,143.04,3.0,0.0,3.0,2014-07-30 00:00:00.000,True
11772,3817,8408,4349,115,2014-08-06,550,23.4,12872.48,550.0,0.0,550.0,2014-07-30 00:00:00.000,True
11773,3817,8409,4349,116,2014-08-06,550,27.87,15326.85,550.0,0.0,550.0,2014-07-30 00:00:00.000,True
11774,3818,8410,4350,123,2014-08-06,550,6.75,3713.33,550.0,0.0,550.0,2014-07-30 00:00:00.000,True
11775,3819,8411,4351,10,2014-08-06,550,31.49,17319.23,550.0,0.0,550.0,2014-07-30 00:00:00.000,True
11776,3819,8412,4351,8,2014-08-06,550,48.29,26559.23,550.0,0.0,550.0,2014-07-30 00:00:00.000,True
11777,3819,8413,4351,114,2014-08-06,550,36.28,19952.63,550.0,0.0,550.0,2014-07-30 00:00:00.000,True
11778,3820,8414,4352,151,2014-08-06,60,50.75,3044.79,60.0,0.0,60.0,2014-07-30 00:00:00.000,True
11779,3820,8415,4352,152,2014-08-06,60,58.26,3495.87,60.0,6.0,54.0,2014-07-30 00:00:00.000,True
11780,3820,8416,4352,153,2014-08-06,60,50.75,3044.79,60.0,0.0,60.0,2014-07-30 00:00:00.000,True
11781,3821,8417,4353,119,2014-08-06,550,10.38,5711.48,550.0,0.0,550.0,2014-07-30 00:00:00.000,True
11782,3822,8418,4354,86,2014-08-06,3,47.75,143.26,3.0,0.0,3.0,2014-07-30 00:00:00.000,True
11783,3822,8419,4354,87,2014-08-06,3,43.48,130.44,3.0,0.0,3.0,2014-07-30 00:00:00.000,True
11784,3823,8420,4355,149,2014-08-06,3,12.72,38.15,3.0,0.0,3.0,2014-07-30 00:00:00.000,True
11785,3823,8421,4355,150,2014-08-06,3,19.94,59.82,3.0,0.0,3.0,2014-07-30 00:00:00.000,True
11786,3824,8422,4356,124,2014-08-06,3,38.16,114.47,3.0,0.0,3.0,2014-07-30 00:00:00.000,True
11787,3825,8423,4357,110,2014-08-07,3,44.22,132.65,3.0,0.0,3.0,2014-07-31 00:00:00.000,True
11788,3826,8424,4358,10,2014-08-07,550,31.49,17319.23,468.0,0.0,468.0,2014-07-31 00:00:00.000,True
11789,3826,8425,4358,8,2014-08-07,550,48.29,26559.23,550.0,0.0,550.0,2014-07-31 00:00:00.000,True
11790,3827,8426,4359,167,2014-08-07,60,6.98,418.95,60.0,0.0,60.0,2014-07-31 00:00:00.000,True
11791,3828,8427,4360,97,2014-08-07,3,39.28,117.84,3.0,0.0,3.0,2014-07-31 00:00:00.000,True
11792,3828,8428,4360,62,2014-08-07,3,37.18,111.54,3.0,0.0,3.0,2014-07-31 00:00:00.000,True
11793,3828,8429,4360,69,2014-08-07,3,41.45,124.36,3.0,0.0,3.0,2014-07-31 00:00:00.000,True
11794,3828,8430,4360,68,2014-08-07,3,37.18,111.54,3.0,0.0,3.0,2014-07-31 00:00:00.000,True
11795,3828,8431,4360,67,2014-08-07,3,47.52,142.57,3.0,0.0,3.0,2014-07-31 00:00:00.000,True
11796,3829,8432,4361,165,2014-08-07,60,3.38,202.86,60.0,0.0,60.0,2014-07-31 00:00:00.000,True
11797,3829,8433,4361,166,2014-08-07,60,4.32,258.93,60.0,0.0,60.0,2014-07-31 00:00:00.000,True
11798,3830,8434,4362,247,2014-08-07,3,47.49,142.47,3.0,0.0,3.0,2014-07-31 00:00:00.000,True
11799,3830,8435,4362,235,2014-08-07,3,43.27,129.81,3.0,0.0,3.0,2014-07-31 00:00:00.000,True
11800,3830,8436,4362,249,2014-08-07,3,47.54,142.63,3.0,0.0,3.0,2014-07-31 00:00:00.000,True
11801,3831,8437,4363,149,2014-08-07,3,12.36,37.08,3.0,0.0,3.0,2014-07-31 00:00:00.000,True
11802,3832,8438,4364,118,2014-08-07,550,39.2,21558.08,550.0,82.0,468.0,2014-07-31 00:00:00.000,True
11803,3833,8439,4365,214,2014-08-07,3,39.07,117.21,3.0,0.0,3.0,2014-07-31 00:00:00.000,True
11804,3833,8440,4365,215,2014-08-07,3,43.34,130.03,3.0,0.0,3.0,2014-07-31 00:00:00.000,True
11805,3833,8441,4365,216,2014-08-07,3,39.07,117.21,3.0,0.0,3.0,2014-07-31 00:00:00.000,True
11806,3834,8442,4366,500,2014-08-07,550,34.87,19178.78,550.0,0.0,550.0,2014-07-31 00:00:00.000,True
11807,3834,8443,4366,499,2014-08-07,550,39.76,21869.93,550.0,0.0,550.0,2014-07-31 00:00:00.000,True
11808,3835,8444,4367,96,2014-08-07,3,37.18,111.54,3.0,0.0,3.0,2014-07-31 00:00:00.000,True
11809,3836,8445,4368,158,2014-08-07,3,43.38,130.13,3.0,0.0,3.0,2014-07-31 00:00:00.000,True
11810,3836,8446,4368,159,2014-08-07,3,41.28,123.83,3.0,0.0,3.0,2014-07-31 00:00:00.000,True
11811,3836,8447,4368,160,2014-08-07,3,45.55,136.65,3.0,0.0,3.0,2014-07-31 00:00:00.000,True
11812,3837,8448,4369,500,2014-08-07,550,34.35,18890.03,550.0,0.0,550.0,2014-07-31 00:00:00.000,True
11813,3837,8449,4369,499,2014-08-07,550,39.24,21581.18,550.0,0.0,550.0,2014-07-31 00:00:00.000,True
11814,3838,8450,4370,160,2014-08-07,3,45.44,136.33,3.0,0.0,3.0,2014-07-31 00:00:00.000,True
11815,3839,8451,4371,498,2014-08-07,550,32.77,18023.78,550.0,0.0,550.0,2014-07-31 00:00:00.000,True
11816,3839,8452,4371,496,2014-08-07,550,37.09,20397.3,550.0,0.0,550.0,2014-07-31 00:00:00.000,True
11817,3839,8453,4371,494,2014-08-07,550,43.04,23671.73,550.0,0.0,550.0,2014-07-31 00:00:00.000,True
11818,3840,8454,4372,203,2014-08-07,550,10.82,5948.25,550.0,0.0,550.0,2014-07-31 00:00:00.000,True
11819,3841,8455,4373,447,2014-08-08,550,82.83,45558.98,550.0,0.0,550.0,2014-08-01 00:00:00.000,True
11820,3841,8456,4373,446,2014-08-08,550,82.83,45558.98,550.0,0.0,550.0,2014-08-01 00:00:00.000,True
11821,3842,8457,4374,183,2014-08-08,1250,0.21,262.5,1250.0,187.0,1063.0,2014-08-01 00:00:00.000,True
11822,3842,8458,4374,197,2014-08-08,1250,0.21,262.5,1250.0,0.0,1250.0,2014-08-01 00:00:00.000,True
11823,3843,8459,4375,193,2014-08-08,60,28.7,1721.79,60.0,0.0,60.0,2014-08-01 00:00:00.000,True
11824,3844,8460,4376,494,2014-08-08,550,42.51,23382.98,550.0,0.0,550.0,2014-08-01 00:00:00.000,True
11825,3844,8461,4376,501,2014-08-08,550,5.59,3072.3,550.0,0.0,550.0,2014-08-01 00:00:00.000,True
11826,3845,8462,4377,493,2014-08-08,60,15.74,944.37,60.0,0.0,60.0,2014-08-01 00:00:00.000,True
11827,3846,8463,4378,495,2014-08-08,550,43.46,23902.73,468.0,0.0,468.0,2014-08-01 00:00:00.000,True
11828,3846,8464,4378,497,2014-08-08,550,37.62,20691.83,550.0,0.0,550.0,2014-08-01 00:00:00.000,True
11829,3846,8465,4378,503,2014-08-08,550,6.53,3592.05,550.0,0.0,550.0,2014-08-01 00:00:00.000,True
11830,3846,8466,4378,502,2014-08-08,550,6.18,3401.48,550.0,0.0,550.0,2014-08-01 00:00:00.000,True
11831,3847,8467,4379,188,2014-08-08,550,29.58,16268.18,550.0,0.0,550.0,2014-08-01 00:00:00.000,True
11832,3847,8468,4379,189,2014-08-08,550,36.1,19854.45,550.0,0.0,550.0,2014-08-01 00:00:00.000,True
11833,3847,8469,4379,190,2014-08-08,550,48.58,26720.93,550.0,0.0,550.0,2014-08-01 00:00:00.000,True
11834,3848,8470,4380,498,2014-08-08,550,32.25,17735.03,550.0,0.0,550.0,2014-08-01 00:00:00.000,True
11835,3848,8471,4380,496,2014-08-08,550,36.56,20108.55,550.0,0.0,550.0,2014-08-01 00:00:00.000,True
11836,3849,8472,4381,190,2014-08-08,550,46.42,25531.28,550.0,0.0,550.0,2014-08-01 00:00:00.000,True
11837,3850,8473,4382,179,2014-08-08,3,43.4,130.19,3.0,0.0,3.0,2014-08-01 00:00:00.000,True
11838,3850,8474,4382,180,2014-08-08,3,39.12,117.37,3.0,0.0,3.0,2014-08-01 00:00:00.000,True
11839,3850,8475,4382,181,2014-08-08,3,37.02,111.07,3.0,0.0,3.0,2014-08-01 00:00:00.000,True
11840,3851,8476,4383,184,2014-08-08,3,41.92,125.75,3.0,0.0,3.0,2014-08-01 00:00:00.000,True
11841,3852,8477,4384,248,2014-08-08,3,50.26,150.79,3.0,0.0,3.0,2014-08-01 00:00:00.000,True
11842,3853,8478,4385,157,2014-08-08,3,49.85,149.56,3.0,0.0,3.0,2014-08-01 00:00:00.000,True
11843,3853,8479,4385,171,2014-08-08,3,45.58,136.74,3.0,0.0,3.0,2014-08-01 00:00:00.000,True
11844,3853,8480,4385,172,2014-08-08,3,43.48,130.44,3.0,0.0,3.0,2014-08-01 00:00:00.000,True
11845,3854,8481,4386,126,2014-08-08,550,16.09,8847.3,550.0,0.0,550.0,2014-08-01 00:00:00.000,True
11846,3855,8482,4387,186,2014-08-08,3,57.03,171.08,3.0,0.0,3.0,2014-08-01 00:00:00.000,True
11847,3856,8483,4388,117,2014-08-08,550,37.09,20397.3,468.0,0.0,468.0,2014-08-01 00:00:00.000,True
11848,3857,8484,4389,118,2014-08-09,550,26.6,14628.08,550.0,0.0,550.0,2014-08-02 00:00:00.000,True
11849,3858,8485,4390,188,2014-08-09,550,27.06,14882.18,550.0,0.0,550.0,2014-08-02 00:00:00.000,True
11850,3858,8486,4390,189,2014-08-09,550,33.58,18468.45,550.0,0.0,550.0,2014-08-02 00:00:00.000,True
11851,3858,8487,4390,190,2014-08-09,550,46.06,25334.93,550.0,0.0,550.0,2014-08-02 00:00:00.000,True
11852,3859,8488,4391,226,2014-08-09,3,41.24,123.73,3.0,0.0,3.0,2014-08-02 00:00:00.000,True
11853,3859,8489,4391,227,2014-08-09,3,36.97,110.91,3.0,0.0,3.0,2014-08-02 00:00:00.000,True
11854,3859,8490,4391,228,2014-08-09,3,34.87,104.61,3.0,0.0,3.0,2014-08-02 00:00:00.000,True
11855,3859,8491,4391,229,2014-08-09,3,39.14,117.43,3.0,0.0,3.0,2014-08-02 00:00:00.000,True
11856,3859,8492,4391,230,2014-08-09,3,47.58,142.73,3.0,0.0,3.0,2014-08-02 00:00:00.000,True
11857,3860,8493,4392,92,2014-08-09,3,43.4,130.19,3.0,0.0,3.0,2014-08-02 00:00:00.000,True
11858,3860,8494,4392,93,2014-08-09,3,39.12,117.37,3.0,0.0,3.0,2014-08-02 00:00:00.000,True
11859,3860,8495,4392,94,2014-08-09,3,37.02,111.07,3.0,0.0,3.0,2014-08-02 00:00:00.000,True
11860,3861,8496,4393,193,2014-08-09,60,25.42,1525.23,60.0,0.0,60.0,2014-08-02 00:00:00.000,True
11861,3862,8497,4394,102,2014-08-09,3,39.12,117.37,3.0,0.0,3.0,2014-08-02 00:00:00.000,True
11862,3862,8498,4394,103,2014-08-09,3,37.02,111.07,3.0,0.0,3.0,2014-08-02 00:00:00.000,True
11863,3863,8499,4395,6,2014-08-09,550,62.99,34644.23,550.0,0.0,550.0,2014-08-02 00:00:00.000,True
11864,3864,8500,4396,191,2014-08-09,3,45.37,136.11,3.0,0.0,3.0,2014-08-02 00:00:00.000,True
11865,3864,8501,4396,192,2014-08-09,3,40.49,121.46,3.0,0.0,3.0,2014-08-02 00:00:00.000,True
11866,3865,8502,4397,121,2014-08-09,3,48.76,146.29,3.0,0.0,3.0,2014-08-02 00:00:00.000,True
11867,3866,8503,4398,156,2014-08-09,3,34.19,102.56,3.0,0.0,3.0,2014-08-02 00:00:00.000,True
11868,3867,8504,4399,194,2014-08-09,3,50.26,150.79,3.0,0.0,3.0,2014-08-02 00:00:00.000,True
11869,3868,8505,4400,119,2014-08-09,550,10.73,5902.05,550.0,0.0,550.0,2014-08-02 00:00:00.000,True
11870,3868,8506,4400,120,2014-08-09,550,14.12,7767.38,550.0,0.0,550.0,2014-08-02 00:00:00.000,True
11871,3869,8507,4401,154,2014-08-09,60,63.69,3821.58,60.0,0.0,60.0,2014-08-02 00:00:00.000,True
11872,3869,8508,4401,155,2014-08-09,60,48.91,2934.54,60.0,0.0,60.0,2014-08-02 00:00:00.000,True
11873,3870,8509,4402,440,2014-08-09,550,21.09,11601.98,550.0,0.0,550.0,2014-08-02 00:00:00.000,True
11874,3870,8510,4402,437,2014-08-09,550,30.44,16741.73,550.0,55.0,495.0,2014-08-02 00:00:00.000,True
11875,3870,8511,4402,434,2014-08-09,550,40.94,22516.73,550.0,0.0,550.0,2014-08-02 00:00:00.000,True
11876,3871,8512,4403,111,2014-08-09,60,9.2,551.88,60.0,0.0,60.0,2014-08-02 00:00:00.000,True
11877,3872,8513,4404,162,2014-08-09,550,5.78,3176.25,550.0,82.0,468.0,2014-08-02 00:00:00.000,True
11878,3872,8514,4404,163,2014-08-09,550,1.16,635.25,550.0,0.0,550.0,2014-08-02 00:00:00.000,True
11879,3873,8515,4405,112,2014-08-10,550,23.39,12866.7,550.0,0.0,550.0,2014-08-03 00:00:00.000,True
11880,3873,8516,4405,113,2014-08-10,550,27.65,15205.58,550.0,0.0,550.0,2014-08-03 00:00:00.000,True
11881,3874,8517,4406,164,2014-08-10,550,1.37,750.75,550.0,0.0,550.0,2014-08-03 00:00:00.000,True
11882,3874,8518,4406,5,2014-08-10,550,62.99,34644.23,550.0,0.0,550.0,2014-08-03 00:00:00.000,True
11883,3875,8519,4407,162,2014-08-10,550,6.2,3407.25,550.0,0.0,550.0,2014-08-03 00:00:00.000,True
11884,3875,8520,4407,163,2014-08-10,550,1.47,808.5,523.0,0.0,523.0,2014-08-03 00:00:00.000,True
11885,3875,8521,4407,132,2014-08-10,550,6.2,3407.25,550.0,0.0,550.0,2014-08-03 00:00:00.000,True
11886,3876,8522,4408,112,2014-08-10,550,22.17,12191.03,468.0,0.0,468.0,2014-08-03 00:00:00.000,True
11887,3876,8523,4408,113,2014-08-10,550,29.28,16106.48,550.0,0.0,550.0,2014-08-03 00:00:00.000,True
11888,3877,8524,4409,150,2014-08-10,3,19.98,59.94,3.0,0.0,3.0,2014-08-03 00:00:00.000,True
11889,3878,8525,4410,160,2014-08-10,3,39.14,117.43,3.0,0.0,3.0,2014-08-03 00:00:00.000,True
11890,3879,8526,4411,9,2014-08-10,550,31.49,17319.23,550.0,0.0,550.0,2014-08-03 00:00:00.000,True
11891,3879,8527,4411,7,2014-08-10,550,48.29,26559.23,550.0,0.0,550.0,2014-08-03 00:00:00.000,True
11892,3880,8528,4412,247,2014-08-10,3,45.44,136.33,3.0,0.0,3.0,2014-08-03 00:00:00.000,True
11893,3880,8529,4412,235,2014-08-10,3,41.17,123.51,3.0,0.0,3.0,2014-08-03 00:00:00.000,True
11894,3880,8530,4412,249,2014-08-10,3,39.07,117.21,3.0,0.0,3.0,2014-08-03 00:00:00.000,True
11895,3881,8531,4413,142,2014-08-10,550,9.69,5330.33,550.0,0.0,550.0,2014-08-03 00:00:00.000,True
11896,3881,8532,4413,143,2014-08-10,550,6.88,3782.63,550.0,0.0,550.0,2014-08-03 00:00:00.000,True
11897,3881,8533,4413,144,2014-08-10,550,7.8,4290.83,550.0,27.0,523.0,2014-08-03 00:00:00.000,True
11898,3881,8534,4413,133,2014-08-10,550,8.76,4816.35,550.0,0.0,550.0,2014-08-03 00:00:00.000,True
11899,3882,8535,4414,211,2014-08-10,3,47.47,142.41,3.0,0.0,3.0,2014-08-03 00:00:00.000,True
11900,3883,8536,4415,117,2014-08-10,550,34.98,19236.53,550.0,0.0,550.0,2014-08-03 00:00:00.000,True
11901,3884,8537,4416,212,2014-08-10,3,45.37,136.11,3.0,0.0,3.0,2014-08-03 00:00:00.000,True
11902,3884,8538,4416,213,2014-08-10,3,49.64,148.93,3.0,0.0,3.0,2014-08-03 00:00:00.000,True
11903,3885,8539,4417,109,2014-08-10,550,2.32,1276.28,550.0,0.0,550.0,2014-08-03 00:00:00.000,True
11904,3886,8540,4418,122,2014-08-10,550,3.64,2003.93,468.0,0.0,468.0,2014-08-03 00:00:00.000,True
11905,3887,8541,4419,440,2014-08-10,550,21.09,11601.98,550.0,0.0,550.0,2014-08-03 00:00:00.000,True
11906,3887,8542,4419,437,2014-08-10,550,30.44,16741.73,550.0,0.0,550.0,2014-08-03 00:00:00.000,True
11907,3887,8543,4419,435,2014-08-10,550,40.94,22516.73,550.0,0.0,550.0,2014-08-03 00:00:00.000,True
11908,3888,8544,4420,165,2014-08-10,60,3.6,216.09,60.0,0.0,60.0,2014-08-03 00:00:00.000,True
11909,3888,8545,4420,166,2014-08-10,60,3.98,238.77,60.0,0.0,60.0,2014-08-03 00:00:00.000,True
11910,3889,8546,4421,9,2014-08-11,550,31.49,17319.23,550.0,0.0,550.0,2014-08-04 00:00:00.000,True
11911,3889,8547,4421,7,2014-08-11,550,48.29,26559.23,550.0,0.0,550.0,2014-08-04 00:00:00.000,True
11912,3890,8548,4422,120,2014-08-11,550,12.97,7132.13,550.0,0.0,550.0,2014-08-04 00:00:00.000,True
11913,3891,8549,4423,441,2014-08-11,550,21.09,11601.98,550.0,0.0,550.0,2014-08-04 00:00:00.000,True
11914,3891,8550,4423,438,2014-08-11,550,30.44,16741.73,550.0,0.0,550.0,2014-08-04 00:00:00.000,True
11915,3892,8551,4424,434,2014-08-11,550,40.94,22516.73,550.0,82.0,468.0,2014-08-04 00:00:00.000,True
11916,3893,8552,4425,4,2014-08-11,550,62.99,34644.23,550.0,0.0,550.0,2014-08-04 00:00:00.000,True
11917,3894,8553,4426,74,2014-08-11,3,47.52,142.57,3.0,0.0,3.0,2014-08-04 00:00:00.000,True
11918,3894,8554,4426,75,2014-08-11,3,45.42,136.27,3.0,0.0,3.0,2014-08-04 00:00:00.000,True
11919,3895,8555,4427,73,2014-08-11,3,47.68,143.04,3.0,0.0,3.0,2014-08-04 00:00:00.000,True
11920,3896,8556,4428,115,2014-08-11,550,23.4,12872.48,468.0,0.0,468.0,2014-08-04 00:00:00.000,True
11921,3896,8557,4428,116,2014-08-11,550,27.87,15326.85,550.0,0.0,550.0,2014-08-04 00:00:00.000,True
11922,3897,8558,4429,123,2014-08-11,550,6.75,3713.33,550.0,0.0,550.0,2014-08-04 00:00:00.000,True
11923,3898,8559,4430,10,2014-08-11,550,31.49,17319.23,550.0,0.0,550.0,2014-08-04 00:00:00.000,True
11924,3898,8560,4430,8,2014-08-11,550,48.29,26559.23,550.0,0.0,550.0,2014-08-04 00:00:00.000,True
11925,3898,8561,4430,114,2014-08-11,550,36.28,19952.63,550.0,0.0,550.0,2014-08-04 00:00:00.000,True
11926,3899,8562,4431,154,2014-08-11,60,62.93,3775.59,60.0,0.0,60.0,2014-08-04 00:00:00.000,True
11927,3899,8563,4431,155,2014-08-11,60,49.65,2979.27,60.0,0.0,60.0,2014-08-04 00:00:00.000,True
11928,3900,8564,4432,119,2014-08-11,550,10.38,5711.48,550.0,0.0,550.0,2014-08-04 00:00:00.000,True
11929,3901,8565,4433,88,2014-08-11,3,41.38,124.14,3.0,0.0,3.0,2014-08-04 00:00:00.000,True
11930,3901,8566,4433,89,2014-08-11,3,45.65,136.96,3.0,0.0,3.0,2014-08-04 00:00:00.000,True
11931,3901,8567,4433,90,2014-08-11,3,41.38,124.14,3.0,0.0,3.0,2014-08-04 00:00:00.000,True
11932,3901,8568,4433,91,2014-08-11,3,39.28,117.84,3.0,0.0,3.0,2014-08-04 00:00:00.000,True
11933,3902,8569,4434,149,2014-08-11,3,12.72,38.15,3.0,0.0,3.0,2014-08-04 00:00:00.000,True
11934,3902,8570,4434,150,2014-08-11,3,19.94,59.82,3.0,0.0,3.0,2014-08-04 00:00:00.000,True
11935,3903,8571,4435,124,2014-08-11,3,38.16,114.47,3.0,0.0,3.0,2014-08-04 00:00:00.000,True
11936,3904,8572,4436,110,2014-08-11,3,44.22,132.65,3.0,0.0,3.0,2014-08-04 00:00:00.000,True
11937,3905,8573,4437,10,2014-08-12,550,31.49,17319.23,550.0,0.0,550.0,2014-08-05 00:00:00.000,True
11938,3905,8574,4437,8,2014-08-12,550,48.29,26559.23,523.0,0.0,523.0,2014-08-05 00:00:00.000,True
11939,3906,8575,4438,167,2014-08-12,60,6.98,418.95,51.0,0.0,51.0,2014-08-05 00:00:00.000,True
11940,3907,8576,4439,66,2014-08-12,3,45.42,136.27,3.0,0.0,3.0,2014-08-05 00:00:00.000,True
11941,3907,8577,4439,65,2014-08-12,3,49.7,149.09,3.0,0.0,3.0,2014-08-05 00:00:00.000,True
11942,3907,8578,4439,64,2014-08-12,3,45.42,136.27,3.0,0.0,3.0,2014-08-05 00:00:00.000,True
11943,3907,8579,4439,63,2014-08-12,3,43.32,129.97,3.0,0.0,3.0,2014-08-05 00:00:00.000,True
11944,3907,8580,4439,61,2014-08-12,3,47.6,142.79,3.0,0.0,3.0,2014-08-05 00:00:00.000,True
11945,3907,8581,4439,71,2014-08-12,3,43.32,129.97,3.0,0.0,3.0,2014-08-05 00:00:00.000,True
11946,3908,8582,4440,165,2014-08-12,60,3.38,202.86,60.0,0.0,60.0,2014-08-05 00:00:00.000,True
11947,3908,8583,4440,166,2014-08-12,60,4.32,258.93,60.0,0.0,60.0,2014-08-05 00:00:00.000,True
11948,3909,8584,4441,250,2014-08-12,3,43.27,129.81,3.0,0.0,3.0,2014-08-05 00:00:00.000,True
11949,3909,8585,4441,251,2014-08-12,3,41.17,123.51,3.0,0.0,3.0,2014-08-05 00:00:00.000,True
11950,3909,8586,4441,252,2014-08-12,3,45.44,136.33,3.0,0.0,3.0,2014-08-05 00:00:00.000,True
11951,3909,8587,4441,253,2014-08-12,3,41.17,123.51,3.0,0.0,3.0,2014-08-05 00:00:00.000,True
11952,3909,8588,4441,254,2014-08-12,3,39.07,117.21,3.0,0.0,3.0,2014-08-05 00:00:00.000,True
11953,3910,8589,4442,149,2014-08-12,3,12.36,37.08,3.0,0.0,3.0,2014-08-05 00:00:00.000,True
11954,3911,8590,4443,118,2014-08-12,550,39.2,21558.08,550.0,0.0,550.0,2014-08-05 00:00:00.000,True
11955,3912,8591,4444,217,2014-08-12,3,36.97,110.91,3.0,0.0,3.0,2014-08-05 00:00:00.000,True
11956,3912,8592,4444,218,2014-08-12,3,41.24,123.73,3.0,0.0,3.0,2014-08-05 00:00:00.000,True
11957,3913,8593,4445,495,2014-08-12,550,43.98,24191.48,550.0,0.0,550.0,2014-08-05 00:00:00.000,True
11958,3913,8594,4445,497,2014-08-12,550,38.15,20980.58,550.0,0.0,550.0,2014-08-05 00:00:00.000,True
11959,3914,8595,4446,231,2014-08-12,3,47.68,143.04,3.0,0.0,3.0,2014-08-05 00:00:00.000,True
11960,3914,8596,4446,232,2014-08-12,3,45.58,136.74,3.0,0.0,3.0,2014-08-05 00:00:00.000,True
11961,3915,8597,4447,204,2014-08-12,3,47.58,142.73,3.0,0.0,3.0,2014-08-05 00:00:00.000,True
11962,3915,8598,4447,205,2014-08-12,3,45.48,136.43,3.0,0.0,3.0,2014-08-05 00:00:00.000,True
11963,3915,8599,4447,206,2014-08-12,3,49.75,149.25,3.0,0.0,3.0,2014-08-05 00:00:00.000,True
11964,3915,8600,4447,207,2014-08-12,3,45.48,136.43,3.0,0.0,3.0,2014-08-05 00:00:00.000,True
11965,3915,8601,4447,208,2014-08-12,3,43.38,130.13,3.0,0.0,3.0,2014-08-05 00:00:00.000,True
11966,3915,8602,4447,170,2014-08-12,3,47.65,142.95,3.0,0.0,3.0,2014-08-05 00:00:00.000,True
11967,3915,8603,4447,158,2014-08-12,3,43.38,130.13,3.0,0.0,3.0,2014-08-05 00:00:00.000,True
11968,3915,8604,4447,159,2014-08-12,3,41.28,123.83,3.0,0.0,3.0,2014-08-05 00:00:00.000,True
11969,3915,8605,4447,160,2014-08-12,3,45.55,136.65,3.0,0.0,3.0,2014-08-05 00:00:00.000,True
11970,3916,8606,4448,500,2014-08-12,550,34.35,18890.03,468.0,0.0,468.0,2014-08-05 00:00:00.000,True
11971,3916,8607,4448,499,2014-08-12,550,39.24,21581.18,550.0,0.0,550.0,2014-08-05 00:00:00.000,True
11972,3917,8608,4449,204,2014-08-12,3,47.47,142.41,3.0,0.0,3.0,2014-08-05 00:00:00.000,True
11973,3917,8609,4449,205,2014-08-12,3,45.37,136.11,3.0,0.0,3.0,2014-08-05 00:00:00.000,True
11974,3917,8610,4449,206,2014-08-12,3,49.64,148.93,3.0,0.0,3.0,2014-08-05 00:00:00.000,True
11975,3917,8611,4449,207,2014-08-12,3,45.37,136.11,3.0,0.0,3.0,2014-08-05 00:00:00.000,True
11976,3917,8612,4449,208,2014-08-12,3,43.27,129.81,3.0,0.0,3.0,2014-08-05 00:00:00.000,True
11977,3917,8613,4449,170,2014-08-12,3,47.54,142.63,3.0,0.0,3.0,2014-08-05 00:00:00.000,True
11978,3918,8614,4450,498,2014-08-12,550,32.77,18023.78,550.0,0.0,550.0,2014-08-05 00:00:00.000,True
11979,3918,8615,4450,496,2014-08-12,550,37.09,20397.3,550.0,0.0,550.0,2014-08-05 00:00:00.000,True
11980,3918,8616,4450,494,2014-08-12,550,43.04,23671.73,550.0,0.0,550.0,2014-08-05 00:00:00.000,True
11981,3919,8617,4451,203,2014-08-12,550,10.82,5948.25,550.0,0.0,550.0,2014-08-05 00:00:00.000,True
11982,3920,8618,4452,447,2014-08-12,550,82.83,45558.98,550.0,0.0,550.0,2014-08-05 00:00:00.000,True
11983,3920,8619,4452,446,2014-08-12,550,82.83,45558.98,550.0,55.0,495.0,2014-08-05 00:00:00.000,True
11984,3921,8620,4453,183,2014-08-13,1250,0.21,262.5,1250.0,0.0,1250.0,2014-08-06 00:00:00.000,True
11985,3921,8621,4453,197,2014-08-13,1250,0.21,262.5,1250.0,0.0,1250.0,2014-08-06 00:00:00.000,True
11986,3922,8622,4454,191,2014-08-13,3,49.64,148.93,3.0,0.0,3.0,2014-08-06 00:00:00.000,True
11987,3922,8623,4454,192,2014-08-13,3,44.32,132.96,3.0,0.0,3.0,2014-08-06 00:00:00.000,True
11988,3923,8624,4455,494,2014-08-13,550,42.51,23382.98,550.0,0.0,550.0,2014-08-06 00:00:00.000,True
11989,3923,8625,4455,501,2014-08-13,550,5.59,3072.3,550.0,0.0,550.0,2014-08-06 00:00:00.000,True
11990,3924,8626,4456,493,2014-08-13,60,15.74,944.37,60.0,0.0,60.0,2014-08-06 00:00:00.000,True
11991,3925,8627,4457,495,2014-08-13,550,43.46,23902.73,550.0,0.0,550.0,2014-08-06 00:00:00.000,True
11992,3925,8628,4457,497,2014-08-13,550,37.62,20691.83,523.0,0.0,523.0,2014-08-06 00:00:00.000,True
11993,3925,8629,4457,503,2014-08-13,550,6.53,3592.05,550.0,0.0,550.0,2014-08-06 00:00:00.000,True
11994,3925,8630,4457,502,2014-08-13,550,6.18,3401.48,550.0,0.0,550.0,2014-08-06 00:00:00.000,True
11995,3926,8631,4458,188,2014-08-13,550,29.58,16268.18,468.0,0.0,468.0,2014-08-06 00:00:00.000,True
11996,3926,8632,4458,189,2014-08-13,550,36.1,19854.45,550.0,0.0,550.0,2014-08-06 00:00:00.000,True
11997,3926,8633,4458,190,2014-08-13,550,48.58,26720.93,550.0,0.0,550.0,2014-08-06 00:00:00.000,True
11998,3927,8634,4459,498,2014-08-13,550,32.25,17735.03,550.0,0.0,550.0,2014-08-06 00:00:00.000,True
11999,3927,8635,4459,496,2014-08-13,550,36.56,20108.55,550.0,0.0,550.0,2014-08-06 00:00:00.000,True
12000,3928,8636,4460,190,2014-08-13,550,46.42,25531.28,550.0,0.0,550.0,2014-08-06 00:00:00.000,True
12001,3929,8637,4461,182,2014-08-13,3,41.3,123.89,3.0,0.0,3.0,2014-08-06 00:00:00.000,True
12002,3929,8638,4461,196,2014-08-13,3,37.02,111.07,3.0,0.0,3.0,2014-08-06 00:00:00.000,True
12003,3930,8639,4462,184,2014-08-13,3,41.92,125.75,3.0,0.0,3.0,2014-08-06 00:00:00.000,True
12004,3931,8640,4463,248,2014-08-13,3,50.26,150.79,3.0,0.0,3.0,2014-08-06 00:00:00.000,True
12005,3932,8641,4464,173,2014-08-13,3,47.75,143.26,3.0,0.0,3.0,2014-08-06 00:00:00.000,True
12006,3932,8642,4464,174,2014-08-13,3,43.48,130.44,3.0,0.0,3.0,2014-08-06 00:00:00.000,True
12007,3933,8643,4465,126,2014-08-13,550,16.09,8847.3,550.0,0.0,550.0,2014-08-06 00:00:00.000,True
12008,3934,8644,4466,186,2014-08-13,3,57.03,171.08,3.0,0.0,3.0,2014-08-06 00:00:00.000,True
12009,3935,8645,4467,117,2014-08-13,550,37.09,20397.3,550.0,0.0,550.0,2014-08-06 00:00:00.000,True
12010,3936,8646,4468,118,2014-08-13,550,26.6,14628.08,468.0,0.0,468.0,2014-08-06 00:00:00.000,True
12011,3937,8647,4469,188,2014-08-14,550,27.06,14882.18,550.0,0.0,550.0,2014-08-07 00:00:00.000,True
12012,3937,8648,4469,189,2014-08-14,550,33.58,18468.45,550.0,0.0,550.0,2014-08-07 00:00:00.000,True
12013,3937,8649,4469,190,2014-08-14,550,46.06,25334.93,550.0,0.0,550.0,2014-08-07 00:00:00.000,True
12014,3938,8650,4470,212,2014-08-14,3,47.47,142.41,3.0,0.0,3.0,2014-08-07 00:00:00.000,True
12015,3938,8651,4470,213,2014-08-14,3,45.37,136.11,3.0,0.0,3.0,2014-08-07 00:00:00.000,True
12016,3938,8652,4470,214,2014-08-14,3,49.64,148.93,3.0,0.0,3.0,2014-08-07 00:00:00.000,True
12017,3938,8653,4470,215,2014-08-14,3,45.37,136.11,3.0,0.0,3.0,2014-08-07 00:00:00.000,True
12018,3938,8654,4470,216,2014-08-14,3,43.27,129.81,3.0,0.0,3.0,2014-08-07 00:00:00.000,True
12019,3939,8655,4471,95,2014-08-14,3,41.3,123.89,3.0,0.0,3.0,2014-08-07 00:00:00.000,True
12020,3939,8656,4471,96,2014-08-14,3,37.02,111.07,3.0,0.0,3.0,2014-08-07 00:00:00.000,True
12021,3940,8657,4472,191,2014-08-14,3,47.47,142.41,3.0,0.0,3.0,2014-08-07 00:00:00.000,True
12022,3940,8658,4472,192,2014-08-14,3,42.8,128.39,3.0,0.0,3.0,2014-08-07 00:00:00.000,True
12023,3940,8659,4472,193,2014-08-14,60,25.42,1525.23,60.0,0.0,60.0,2014-08-07 00:00:00.000,True
12024,3941,8660,4473,70,2014-08-14,3,41.3,123.89,3.0,0.0,3.0,2014-08-07 00:00:00.000,True
12025,3941,8661,4473,105,2014-08-14,3,37.02,111.07,3.0,0.0,3.0,2014-08-07 00:00:00.000,True
12026,3941,8662,4473,106,2014-08-14,3,47.68,143.04,3.0,0.0,3.0,2014-08-07 00:00:00.000,True
12027,3941,8663,4473,107,2014-08-14,3,45.58,136.74,3.0,0.0,3.0,2014-08-07 00:00:00.000,True
12028,3942,8664,4474,6,2014-08-14,550,62.99,34644.23,550.0,82.0,468.0,2014-08-07 00:00:00.000,True
12029,3943,8665,4475,193,2014-08-14,60,26.37,1581.93,60.0,0.0,60.0,2014-08-07 00:00:00.000,True
12030,3944,8666,4476,121,2014-08-14,3,48.76,146.29,3.0,0.0,3.0,2014-08-07 00:00:00.000,True
12031,3945,8667,4477,156,2014-08-14,3,34.19,102.56,3.0,0.0,3.0,2014-08-07 00:00:00.000,True
12032,3946,8668,4478,194,2014-08-14,3,50.26,150.79,3.0,0.0,3.0,2014-08-07 00:00:00.000,True
12033,3947,8669,4479,119,2014-08-14,550,10.73,5902.05,550.0,0.0,550.0,2014-08-07 00:00:00.000,True
12034,3947,8670,4479,120,2014-08-14,550,14.12,7767.38,550.0,0.0,550.0,2014-08-07 00:00:00.000,True
12035,3948,8671,4480,151,2014-08-14,60,50.26,3015.81,60.0,0.0,60.0,2014-08-07 00:00:00.000,True
12036,3948,8672,4480,152,2014-08-14,60,57.15,3429.09,60.0,0.0,60.0,2014-08-07 00:00:00.000,True
12037,3948,8673,4480,153,2014-08-14,60,53.2,3192.21,60.0,0.0,60.0,2014-08-07 00:00:00.000,True
12038,3948,8674,4480,154,2014-08-14,60,63.69,3821.58,60.0,0.0,60.0,2014-08-07 00:00:00.000,True
12039,3948,8675,4480,155,2014-08-14,60,48.91,2934.54,60.0,0.0,60.0,2014-08-07 00:00:00.000,True
12040,3949,8676,4481,441,2014-08-14,550,21.09,11601.98,550.0,0.0,550.0,2014-08-07 00:00:00.000,True
12041,3949,8677,4481,438,2014-08-14,550,30.44,16741.73,550.0,0.0,550.0,2014-08-07 00:00:00.000,True
12042,3949,8678,4481,435,2014-08-14,550,40.94,22516.73,550.0,0.0,550.0,2014-08-07 00:00:00.000,True
12043,3949,8679,4481,442,2014-08-14,550,21.09,11601.98,550.0,0.0,550.0,2014-08-07 00:00:00.000,True
12044,3949,8680,4481,439,2014-08-14,550,30.44,16741.73,550.0,0.0,550.0,2014-08-07 00:00:00.000,True
12045,3950,8681,4482,111,2014-08-14,60,9.2,551.88,60.0,0.0,60.0,2014-08-07 00:00:00.000,True
12046,3951,8682,4483,132,2014-08-14,550,5.78,3176.25,550.0,0.0,550.0,2014-08-07 00:00:00.000,True
12047,3952,8683,4484,112,2014-08-14,550,23.39,12866.7,550.0,82.0,468.0,2014-08-07 00:00:00.000,True
12048,3952,8684,4484,113,2014-08-14,550,27.65,15205.58,550.0,0.0,550.0,2014-08-07 00:00:00.000,True
12049,3953,8685,4485,131,2014-08-15,550,3.49,1917.3,550.0,0.0,550.0,2014-08-08 00:00:00.000,True
12050,3954,8686,4486,162,2014-08-15,550,6.2,3407.25,550.0,0.0,550.0,2014-08-08 00:00:00.000,True
12051,3954,8687,4486,163,2014-08-15,550,1.47,808.5,550.0,0.0,550.0,2014-08-08 00:00:00.000,True
12052,3955,8688,4487,112,2014-08-15,550,22.17,12191.03,550.0,0.0,550.0,2014-08-08 00:00:00.000,True
12053,3955,8689,4487,113,2014-08-15,550,29.28,16106.48,523.0,0.0,523.0,2014-08-08 00:00:00.000,True
12054,3956,8690,4488,150,2014-08-15,3,19.98,59.94,3.0,0.0,3.0,2014-08-08 00:00:00.000,True
12055,3957,8691,4489,204,2014-08-15,3,41.17,123.51,3.0,0.0,3.0,2014-08-08 00:00:00.000,True
12056,3957,8692,4489,205,2014-08-15,3,39.07,117.21,3.0,0.0,3.0,2014-08-08 00:00:00.000,True
12057,3957,8693,4489,206,2014-08-15,3,43.34,130.03,3.0,0.0,3.0,2014-08-08 00:00:00.000,True
12058,3957,8694,4489,207,2014-08-15,3,39.07,117.21,3.0,0.0,3.0,2014-08-08 00:00:00.000,True
12059,3957,8695,4489,208,2014-08-15,3,36.97,110.91,3.0,0.0,3.0,2014-08-08 00:00:00.000,True
12060,3957,8696,4489,170,2014-08-15,3,41.24,123.73,3.0,0.0,3.0,2014-08-08 00:00:00.000,True
12061,3958,8697,4490,9,2014-08-15,550,31.49,17319.23,550.0,0.0,550.0,2014-08-08 00:00:00.000,True
12062,3958,8698,4490,7,2014-08-15,550,48.29,26559.23,550.0,0.0,550.0,2014-08-08 00:00:00.000,True
12063,3959,8699,4491,250,2014-08-15,3,43.34,130.03,3.0,0.0,3.0,2014-08-08 00:00:00.000,True
12064,3959,8700,4491,251,2014-08-15,3,39.07,117.21,3.0,0.0,3.0,2014-08-08 00:00:00.000,True
12065,3959,8701,4491,252,2014-08-15,3,36.97,110.91,3.0,0.0,3.0,2014-08-08 00:00:00.000,True
12066,3959,8702,4491,253,2014-08-15,3,41.24,123.73,3.0,0.0,3.0,2014-08-08 00:00:00.000,True
12067,3959,8703,4491,254,2014-08-15,3,36.97,110.91,3.0,0.0,3.0,2014-08-08 00:00:00.000,True
12068,3960,8704,4492,146,2014-08-15,550,5.81,3193.58,550.0,0.0,550.0,2014-08-08 00:00:00.000,True
12069,3960,8705,4492,147,2014-08-15,550,8.86,4874.1,550.0,55.0,495.0,2014-08-08 00:00:00.000,True
12070,3960,8706,4492,148,2014-08-15,550,10.47,5757.68,550.0,0.0,550.0,2014-08-08 00:00:00.000,True
12071,3961,8707,4493,211,2014-08-15,3,47.47,142.41,3.0,0.0,3.0,2014-08-08 00:00:00.000,True
12072,3962,8708,4494,115,2014-08-15,550,23.08,12693.45,550.0,82.0,468.0,2014-08-08 00:00:00.000,True
12073,3962,8709,4494,116,2014-08-15,550,29.27,16100.7,550.0,0.0,550.0,2014-08-08 00:00:00.000,True
12074,3963,8710,4495,214,2014-08-15,3,45.37,136.11,3.0,0.0,3.0,2014-08-08 00:00:00.000,True
12075,3963,8711,4495,215,2014-08-15,3,43.27,129.81,3.0,0.0,3.0,2014-08-08 00:00:00.000,True
12076,3963,8712,4495,216,2014-08-15,3,47.54,142.63,3.0,0.0,3.0,2014-08-08 00:00:00.000,True
12077,3964,8713,4496,109,2014-08-15,550,2.32,1276.28,550.0,0.0,550.0,2014-08-08 00:00:00.000,True
12078,3965,8714,4497,122,2014-08-15,550,3.64,2003.93,550.0,0.0,550.0,2014-08-08 00:00:00.000,True
12079,3966,8715,4498,440,2014-08-15,550,21.09,11601.98,468.0,0.0,468.0,2014-08-08 00:00:00.000,True
12080,3966,8716,4498,437,2014-08-15,550,30.44,16741.73,550.0,0.0,550.0,2014-08-08 00:00:00.000,True
12081,3966,8717,4498,435,2014-08-15,550,40.94,22516.73,550.0,0.0,550.0,2014-08-08 00:00:00.000,True
12082,3967,8718,4499,165,2014-08-15,60,3.6,216.09,60.0,0.0,60.0,2014-08-08 00:00:00.000,True
12083,3967,8719,4499,166,2014-08-15,60,3.98,238.77,60.0,0.0,60.0,2014-08-08 00:00:00.000,True
12084,3968,8720,4500,9,2014-08-15,550,31.49,17319.23,550.0,0.0,550.0,2014-08-08 00:00:00.000,True
12085,3968,8721,4500,7,2014-08-15,550,48.29,26559.23,550.0,0.0,550.0,2014-08-08 00:00:00.000,True
12086,3969,8722,4501,120,2014-08-16,550,12.97,7132.13,550.0,0.0,550.0,2014-08-09 00:00:00.000,True
12087,3970,8723,4502,441,2014-08-16,550,21.09,11601.98,550.0,0.0,550.0,2014-08-09 00:00:00.000,True
12088,3970,8724,4502,438,2014-08-16,550,30.44,16741.73,550.0,55.0,495.0,2014-08-09 00:00:00.000,True
12089,3971,8725,4503,434,2014-08-16,550,40.94,22516.73,550.0,0.0,550.0,2014-08-09 00:00:00.000,True
12090,3972,8726,4504,4,2014-08-16,550,62.99,34644.23,550.0,82.0,468.0,2014-08-09 00:00:00.000,True
12091,3973,8727,4505,76,2014-08-16,3,49.7,149.09,3.0,0.0,3.0,2014-08-09 00:00:00.000,True
12092,3973,8728,4505,77,2014-08-16,3,45.42,136.27,3.0,0.0,3.0,2014-08-09 00:00:00.000,True
12093,3973,8729,4505,78,2014-08-16,3,43.32,129.97,3.0,0.0,3.0,2014-08-09 00:00:00.000,True
12094,3974,8730,4506,73,2014-08-16,3,47.68,143.04,3.0,0.0,3.0,2014-08-09 00:00:00.000,True
12095,3975,8731,4507,115,2014-08-16,550,23.4,12872.48,550.0,0.0,550.0,2014-08-09 00:00:00.000,True
12096,3975,8732,4507,116,2014-08-16,550,27.87,15326.85,523.0,0.0,523.0,2014-08-09 00:00:00.000,True
12097,3976,8733,4508,123,2014-08-16,550,6.75,3713.33,468.0,0.0,468.0,2014-08-09 00:00:00.000,True
12098,3977,8734,4509,10,2014-08-16,550,31.49,17319.23,550.0,0.0,550.0,2014-08-09 00:00:00.000,True
12099,3977,8735,4509,8,2014-08-16,550,48.29,26559.23,550.0,0.0,550.0,2014-08-09 00:00:00.000,True
12100,3977,8736,4509,114,2014-08-16,550,36.28,19952.63,550.0,0.0,550.0,2014-08-09 00:00:00.000,True
12101,3978,8737,4510,151,2014-08-16,60,50.75,3044.79,60.0,0.0,60.0,2014-08-09 00:00:00.000,True
12102,3978,8738,4510,152,2014-08-16,60,58.26,3495.87,60.0,0.0,60.0,2014-08-09 00:00:00.000,True
12103,3978,8739,4510,153,2014-08-16,60,50.75,3044.79,60.0,0.0,60.0,2014-08-09 00:00:00.000,True
12104,3978,8740,4510,154,2014-08-16,60,62.93,3775.59,60.0,0.0,60.0,2014-08-09 00:00:00.000,True
12105,3978,8741,4510,155,2014-08-16,60,49.65,2979.27,60.0,0.0,60.0,2014-08-09 00:00:00.000,True
12106,3979,8742,4511,119,2014-08-16,550,10.38,5711.48,550.0,0.0,550.0,2014-08-09 00:00:00.000,True
12107,3980,8743,4512,92,2014-08-16,3,43.55,130.66,3.0,0.0,3.0,2014-08-09 00:00:00.000,True
12108,3980,8744,4512,93,2014-08-16,3,39.28,117.84,3.0,0.0,3.0,2014-08-09 00:00:00.000,True
12109,3980,8745,4512,94,2014-08-16,3,37.18,111.54,3.0,0.0,3.0,2014-08-09 00:00:00.000,True
12110,3981,8746,4513,149,2014-08-16,3,12.72,38.15,3.0,0.0,3.0,2014-08-09 00:00:00.000,True
12111,3981,8747,4513,150,2014-08-16,3,19.94,59.82,3.0,0.0,3.0,2014-08-09 00:00:00.000,True
12112,3982,8748,4514,124,2014-08-16,3,38.16,114.47,3.0,0.0,3.0,2014-08-09 00:00:00.000,True
12113,3983,8749,4515,110,2014-08-16,3,44.22,132.65,3.0,0.0,3.0,2014-08-09 00:00:00.000,True
12114,3984,8750,4516,10,2014-08-16,550,31.49,17319.23,550.0,0.0,550.0,2014-08-09 00:00:00.000,True
12115,3984,8751,4516,8,2014-08-16,550,48.29,26559.23,550.0,0.0,550.0,2014-08-09 00:00:00.000,True
12116,3985,8752,4517,167,2014-08-17,60,6.98,418.95,60.0,0.0,60.0,2014-08-10 00:00:00.000,True
12117,3986,8753,4518,236,2014-08-17,3,43.27,129.81,3.0,0.0,3.0,2014-08-10 00:00:00.000,True
12118,3986,8754,4518,237,2014-08-17,3,47.54,142.63,3.0,0.0,3.0,2014-08-10 00:00:00.000,True
12119,3986,8755,4518,238,2014-08-17,3,43.27,129.81,3.0,0.0,3.0,2014-08-10 00:00:00.000,True
12120,3986,8756,4518,239,2014-08-17,3,41.17,123.51,3.0,0.0,3.0,2014-08-10 00:00:00.000,True
12121,3987,8757,4519,165,2014-08-17,60,3.38,202.86,60.0,0.0,60.0,2014-08-10 00:00:00.000,True
12122,3987,8758,4519,166,2014-08-17,60,4.32,258.93,60.0,0.0,60.0,2014-08-10 00:00:00.000,True
12123,3988,8759,4520,255,2014-08-17,3,43.34,130.03,3.0,0.0,3.0,2014-08-10 00:00:00.000,True
12124,3988,8760,4520,256,2014-08-17,3,39.07,117.21,3.0,0.0,3.0,2014-08-10 00:00:00.000,True
12125,3988,8761,4520,301,2014-08-17,3,36.97,110.91,3.0,0.0,3.0,2014-08-10 00:00:00.000,True
12126,3988,8762,4520,302,2014-08-17,3,41.24,123.73,3.0,0.0,3.0,2014-08-10 00:00:00.000,True
12127,3989,8763,4521,149,2014-08-17,3,12.36,37.08,3.0,0.0,3.0,2014-08-10 00:00:00.000,True
12128,3990,8764,4522,118,2014-08-17,550,39.2,21558.08,550.0,0.0,550.0,2014-08-10 00:00:00.000,True
12129,3991,8765,4523,219,2014-08-17,3,36.97,110.91,3.0,0.0,3.0,2014-08-10 00:00:00.000,True
12130,3991,8766,4523,220,2014-08-17,3,34.87,104.61,3.0,0.0,3.0,2014-08-10 00:00:00.000,True
12131,3991,8767,4523,221,2014-08-17,3,39.14,117.43,3.0,0.0,3.0,2014-08-10 00:00:00.000,True
12132,3991,8768,4523,209,2014-08-17,3,47.58,142.73,3.0,0.0,3.0,2014-08-10 00:00:00.000,True
12133,3992,8769,4524,500,2014-08-17,550,34.87,19178.78,550.0,82.0,468.0,2014-08-10 00:00:00.000,True
12134,3992,8770,4524,499,2014-08-17,550,39.76,21869.93,550.0,0.0,550.0,2014-08-10 00:00:00.000,True
12135,3993,8771,4525,233,2014-08-17,3,49.85,149.56,3.0,0.0,3.0,2014-08-10 00:00:00.000,True
12136,3993,8772,4525,234,2014-08-17,3,45.58,136.74,3.0,0.0,3.0,2014-08-10 00:00:00.000,True
12137,3993,8773,4525,138,2014-08-17,3,43.48,130.44,3.0,0.0,3.0,2014-08-10 00:00:00.000,True
12138,3994,8774,4526,204,2014-08-17,3,47.58,142.73,3.0,0.0,3.0,2014-08-10 00:00:00.000,True
12139,3994,8775,4526,205,2014-08-17,3,45.48,136.43,3.0,0.0,3.0,2014-08-10 00:00:00.000,True
12140,3995,8776,4527,500,2014-08-17,550,34.35,18890.03,550.0,0.0,550.0,2014-08-10 00:00:00.000,True
12141,3995,8777,4527,499,2014-08-17,550,39.24,21581.18,523.0,0.0,523.0,2014-08-10 00:00:00.000,True
12142,3996,8778,4528,158,2014-08-17,3,43.27,129.81,3.0,0.0,3.0,2014-08-10 00:00:00.000,True
12143,3996,8779,4528,159,2014-08-17,3,41.17,123.51,3.0,0.0,3.0,2014-08-10 00:00:00.000,True
12144,3996,8780,4528,160,2014-08-17,3,45.44,136.33,3.0,0.0,3.0,2014-08-10 00:00:00.000,True
12145,3997,8781,4529,498,2014-08-17,550,32.77,18023.78,550.0,0.0,550.0,2014-08-10 00:00:00.000,True
12146,3997,8782,4529,496,2014-08-17,550,37.09,20397.3,550.0,0.0,550.0,2014-08-10 00:00:00.000,True
12147,3997,8783,4529,494,2014-08-17,550,43.04,23671.73,550.0,0.0,550.0,2014-08-10 00:00:00.000,True
12148,3998,8784,4530,203,2014-08-17,550,10.82,5948.25,550.0,0.0,550.0,2014-08-10 00:00:00.000,True
12149,3999,8785,4531,447,2014-08-17,550,82.83,45558.98,550.0,0.0,550.0,2014-08-10 00:00:00.000,True
12150,3999,8786,4531,446,2014-08-17,550,82.83,45558.98,550.0,0.0,550.0,2014-08-10 00:00:00.000,True
12151,4000,8787,4532,183,2014-08-17,1250,0.21,262.5,1250.0,0.0,1250.0,2014-08-10 00:00:00.000,True
12152,4000,8788,4532,197,2014-08-17,1250,0.21,262.5,1250.0,125.0,1125.0,2014-08-10 00:00:00.000,True
12153,4001,8789,4533,309,2014-03-13,25,13.09,327.16,20.0,0.0,20.0,2015-08-12 12:25:46.233,True
12154,4001,8790,4533,310,2014-09-22,25,13.09,327.16,20.0,0.0,20.0,2015-08-12 12:25:46.313,True
12155,4001,8791,4533,311,2014-07-02,300,13.08,3924.0,20.0,0.0,20.0,2015-08-12 12:25:46.343,True
12156,4002,8792,4534,486,2014-10-22,150,3.4,510.0,150.0,0.0,150.0,2015-08-12 12:25:46.343,True
12157,4002,8793,4534,487,2014-10-22,150,3.4,510.0,150.0,0.0,150.0,2015-08-12 12:25:46.343,True
12158,4003,8794,4535,43,2014-06-13,630,6.92,4359.6,630.0,0.0,630.0,2015-08-12 12:25:46.360,True
12159,4003,8795,4535,393,2013-12-03,600,38.49,23094.0,600.0,0.0,600.0,2015-08-12 12:25:46.360,True
12160,4004,8796,4536,394,2013-12-03,350,38.49,13471.5,350.0,0.0,350.0,2015-08-12 12:25:46.360,True
12161,4004,8797,4536,395,2013-12-03,100,38.49,3849.0,100.0,0.0,100.0,2015-08-12 12:25:46.373,True
12162,4004,8798,4536,396,2013-12-03,750,38.75,29062.5,750.0,0.0,750.0,2015-08-12 12:25:46.373,True
12163,4005,8799,4537,459,2014-02-26,300,24.75,7425.0,300.0,0.0,300.0,2015-08-12 12:25:46.373,True
12164,4006,8800,4538,464,2014-02-17,225,51.56,11601.0,225.0,0.0,225.0,2015-08-12 12:25:46.390,True
12165,4006,8801,4538,505,2014-01-11,75,10.31,773.25,75.0,0.0,75.0,2015-08-12 12:25:46.390,True
12166,4006,8802,4538,529,2014-01-11,300,8.25,2475.0,300.0,0.0,300.0,2015-08-12 12:25:46.390,True
12167,4006,8803,4538,528,2014-01-11,250,10.3,2575.0,250.0,0.0,250.0,2015-08-12 12:25:46.390,True
12168,4006,8804,4538,46,2014-01-11,175,5.77,1009.75,175.0,0.0,175.0,2015-08-12 12:25:46.390,True
12169,4006,8805,4538,45,2014-01-11,150,4.43,664.5,150.0,0.0,150.0,2015-08-12 12:25:46.390,True
12170,4006,8806,4538,44,2014-01-11,150,18.56,2784.0,150.0,0.0,150.0,2015-08-12 12:25:46.390,True
12171,4007,8807,4539,460,2014-03-31,5000,24.75,123750.0,5000.0,0.0,5000.0,2015-08-12 12:25:46.407,True
12172,4007,8808,4539,461,2014-03-31,5000,24.75,123750.0,5000.0,0.0,5000.0,2015-08-12 12:25:46.407,True
12173,4007,8809,4539,462,2014-03-31,5000,24.75,123750.0,5000.0,0.0,5000.0,2015-08-12 12:25:46.407,True
12174,4007,8810,4539,469,2014-05-14,750,30.94,23205.0,750.0,0.0,750.0,2015-08-12 12:25:46.407,True
12175,4007,8811,4539,470,2014-05-14,750,30.94,23205.0,750.0,0.0,750.0,2015-08-12 12:25:46.407,True
12176,4007,8812,4539,471,2014-05-14,750,30.94,23205.0,750.0,0.0,750.0,2015-08-12 12:25:46.407,True
12177,4007,8813,4539,490,2014-05-14,1050,37.1,38955.0,1050.0,0.0,1050.0,2015-08-12 12:25:46.407,True
12178,4007,8814,4539,491,2014-05-14,1000,37.1,37100.0,1000.0,0.0,1000.0,2015-08-12 12:25:46.407,True
12179,4007,8815,4539,492,2014-05-14,1000,37.1,37100.0,1000.0,0.0,1000.0,2015-08-12 12:25:46.407,True
12180,4008,8816,4540,431,2014-05-22,700,9.15,6405.0,700.0,0.0,700.0,2015-08-12 12:25:46.420,True
12181,4008,8817,4540,432,2014-05-22,700,9.15,6405.0,700.0,0.0,700.0,2015-08-12 12:25:46.420,True
12182,4008,8818,4540,433,2014-05-22,700,9.15,6405.0,700.0,0.0,700.0,2015-08-12 12:25:46.420,True
12183,4008,8819,4540,428,2014-05-22,900,15.67,14103.0,900.0,0.0,900.0,2015-08-12 12:25:46.437,True
12184,4008,8820,4540,429,2014-05-22,900,15.67,14103.0,900.0,0.0,900.0,2015-08-12 12:25:46.437,True
12185,4008,8821,4540,430,2014-05-22,900,15.67,14103.0,900.0,0.0,900.0,2015-08-12 12:25:46.437,True
12186,4008,8822,4540,49,2014-05-22,1250,23.75,29687.5,1250.0,0.0,1250.0,2015-08-12 12:25:46.437,True
12187,4008,8823,4540,50,2014-05-22,1250,23.75,29687.5,1250.0,0.0,1250.0,2015-08-12 12:25:46.437,True
12188,4008,8824,4540,51,2014-05-22,1250,23.75,29687.5,1250.0,0.0,1250.0,2015-08-12 12:25:46.437,True
12189,4008,8825,4540,50,2014-05-22,1250,23.75,29687.5,1250.0,0.0,1250.0,2015-08-12 12:25:46.437,True
12190,4008,8826,4540,51,2014-05-22,1250,23.75,29687.5,1250.0,0.0,1250.0,2015-08-12 12:25:46.437,True
12191,4008,8827,4540,456,2014-05-22,2000,26.18,52360.0,2000.0,0.0,2000.0,2015-08-12 12:25:46.437,True
12192,4008,8828,4540,457,2014-05-22,2000,26.18,52360.0,2000.0,0.0,2000.0,2015-08-12 12:25:46.437,True
12193,4008,8829,4540,50,2014-05-22,1250,23.75,29687.5,1250.0,0.0,1250.0,2015-08-12 12:25:46.437,True
12194,4008,8830,4540,458,2014-05-22,2000,26.18,52360.0,2000.0,0.0,2000.0,2015-08-12 12:25:46.437,True
12195,4009,8831,4541,445,2013-12-09,1500,1.87,2805.0,1500.0,0.0,1500.0,2015-08-12 12:25:46.453,True
12196,4009,8832,4541,443,2013-12-09,500,3.74,1870.0,500.0,0.0,500.0,2015-08-12 12:25:46.453,True
12197,4009,8833,4541,444,2013-12-09,1000,3.36,3360.0,1000.0,0.0,1000.0,2015-08-12 12:25:46.453,True
12198,4009,8834,4541,504,2013-12-09,8000,0.86,6880.0,8000.0,0.0,8000.0,2015-08-12 12:25:46.453,True
12199,4010,8835,4542,488,2013-12-09,8000,2.36,18880.0,8000.0,0.0,8000.0,2015-08-12 12:25:46.470,True
12200,4010,8836,4542,489,2013-12-09,8000,2.36,18880.0,8000.0,0.0,8000.0,2015-08-12 12:25:46.470,True
12201,4011,8837,4543,308,2014-07-24,250,33.88,8470.0,250.0,0.0,250.0,2015-08-12 12:25:46.470,True
12202,4011,8838,4543,548,2014-07-24,150,2.97,445.5,150.0,0.0,150.0,2015-08-12 12:25:46.470,True
12203,4011,8839,4543,312,2014-07-24,150,8.22,1233.0,150.0,0.0,150.0,2015-08-12 12:25:46.470,True
12204,4011,8840,4543,463,2014-07-24,400,59.46,23784.0,400.0,0.0,400.0,2015-08-12 12:25:46.470,True
12205,4011,8841,4543,465,2014-07-24,1000,20.56,20560.0,1000.0,0.0,1000.0,2015-08-12 12:25:46.470,True
12206,4012,8842,4544,389,2014-07-24,6000,41.57,249420.0,6000.0,0.0,6000.0,2015-08-12 12:25:46.483,True
12207,4012,8843,4544,390,2014-07-24,6000,41.57,249420.0,6000.0,0.0,6000.0,2015-08-12 12:25:46.483,True
12208,4012,8844,4544,391,2014-07-24,6000,41.57,249420.0,6000.0,0.0,6000.0,2015-08-12 12:25:46.483,True
12209,4012,8845,4544,392,2014-07-24,6000,41.57,249420.0,6000.0,0.0,6000.0,2015-08-12 12:25:46.483,True
