PURCHASEORDERHEADERKEY,PURCHASEORDERID,REVISIONNUMBER,STATUS,SHIPMETHODKEY,ORDERDATE,SHIPDATE,SUBTOTAL,TAXAMT,FREIGHT,TOTALDUE,PURCHASEMODIFIEDDATE,ISCURRENT
1,1,4,4,3,2011-04-16,2011-04-25,201.04,16.08,5.03,222.15,2011-04-25 00:00:00.000,True
2,2,4,1,5,2011-04-16,2011-04-25,272.1,21.77,6.8,300.67,2011-04-25 00:00:00.000,True
3,3,4,4,2,2011-04-16,2011-04-25,8847.3,707.78,221.18,9776.27,2011-04-25 00:00:00.000,True
4,4,4,3,5,2011-04-16,2011-04-25,171.08,13.69,4.28,189.04,2011-04-25 00:00:00.000,True
5,5,4,4,4,2011-04-30,2011-05-09,20397.3,1631.78,509.93,22539.02,2011-05-09 00:00:00.000,True
6,6,4,4,3,2011-04-30,2011-05-09,14628.08,1170.25,365.7,16164.02,2011-05-09 00:00:00.000,True
7,7,4,4,3,2011-04-30,2011-05-09,58685.55,4694.84,1467.14,64847.53,2011-05-09 00:00:00.000,True
8,8,4,4,5,2011-04-30,2011-05-09,693.38,55.47,17.33,766.18,2011-05-09 00:00:00.000,True
9,9,5,4,5,2011-12-14,2011-12-23,694.17,55.53,17.35,767.05,2011-12-23 00:00:00.000,True
10,10,4,4,5,2011-12-14,2011-12-23,1796.04,143.68,44.9,1984.62,2011-12-23 00:00:00.000,True
11,11,4,4,4,2011-12-14,2011-12-23,501.2,40.1,12.53,553.82,2011-12-23 00:00:00.000,True
12,12,4,4,5,2011-12-14,2011-12-23,34644.23,2771.54,866.11,38281.87,2011-12-23 00:00:00.000,True
13,13,4,4,4,2011-12-14,2011-12-23,1839.51,147.16,45.99,2032.65,2011-12-23 00:00:00.000,True
14,14,4,3,5,2011-12-14,2011-12-23,146.29,11.7,3.66,161.65,2011-12-23 00:00:00.000,True
15,15,4,4,5,2011-12-14,2011-12-23,102.56,8.21,2.56,113.33,2011-12-23 00:00:00.000,True
16,16,4,4,5,2011-12-14,2011-12-23,150.79,12.06,3.77,166.62,2011-12-23 00:00:00.000,True
17,17,4,4,5,2011-12-15,2011-12-24,13669.43,1093.55,341.74,15104.71,2011-12-24 00:00:00.000,True
18,18,4,4,5,2011-12-15,2011-12-24,16393.23,1311.46,409.83,18114.52,2011-12-24 00:00:00.000,True
19,19,4,4,2,2011-12-15,2011-12-24,79204.13,6336.33,1980.1,87520.56,2011-12-24 00:00:00.000,True
20,20,4,4,1,2011-12-15,2011-12-24,551.88,44.15,13.8,609.83,2011-12-24 00:00:00.000,True
21,21,4,4,1,2011-12-15,2011-12-24,6987.75,559.02,174.69,7721.46,2011-12-24 00:00:00.000,True
22,22,4,4,2,2011-12-15,2011-12-24,28072.28,2245.78,701.81,31019.86,2011-12-24 00:00:00.000,True
23,23,4,4,1,2011-12-15,2011-12-24,37312.28,2984.98,932.81,41230.06,2011-12-24 00:00:00.000,True
24,24,4,3,1,2011-12-15,2011-12-24,4215.75,337.26,105.39,4658.4,2011-12-24 00:00:00.000,True
25,25,4,4,2,2011-12-15,2011-12-24,28297.5,2263.8,707.44,31268.74,2011-12-24 00:00:00.000,True
26,26,4,4,2,2011-12-15,2011-12-24,59.94,4.8,1.5,66.24,2011-12-24 00:00:00.000,True
27,27,4,4,4,2011-12-15,2011-12-24,722.61,57.81,18.07,798.48,2011-12-24 00:00:00.000,True
28,28,4,4,5,2011-12-15,2011-12-24,43878.45,3510.28,1096.96,48485.69,2011-12-24 00:00:00.000,True
29,29,4,4,4,2012-01-08,2012-01-17,592.8,47.42,14.82,655.04,2012-01-17 00:00:00.000,True
30,30,4,4,2,2012-01-08,2012-01-17,21252.0,1700.16,531.3,23483.46,2012-01-17 00:00:00.000,True
31,31,4,4,5,2012-01-08,2012-01-17,142.41,11.39,3.56,157.36,2012-01-17 00:00:00.000,True
32,32,6,4,2,2012-01-08,2012-01-17,28794.15,2303.53,719.85,31817.54,2012-01-17 00:00:00.000,True
33,33,4,4,4,2012-01-16,2012-01-25,421.16,33.69,10.53,465.38,2012-01-25 00:00:00.000,True
34,34,4,3,1,2012-01-16,2012-01-25,1276.28,102.1,31.91,1410.28,2012-01-25 00:00:00.000,True
35,35,4,4,1,2012-01-16,2012-01-25,2003.93,160.31,50.1,2214.34,2012-01-25 00:00:00.000,True
36,36,4,4,2,2012-01-16,2012-01-25,50860.43,4068.83,1271.51,56200.77,2012-01-25 00:00:00.000,True
37,37,4,4,1,2012-01-16,2012-01-25,454.86,36.39,11.37,502.62,2012-01-25 00:00:00.000,True
38,38,6,4,5,2012-01-16,2012-01-25,43878.45,3510.28,1096.96,48485.69,2012-01-25 00:00:00.000,True
39,39,4,4,2,2012-01-16,2012-01-25,7132.13,570.57,178.3,7881.0,2012-01-25 00:00:00.000,True
40,40,4,4,2,2012-01-16,2012-01-25,28343.7,2267.5,708.59,31319.79,2012-01-25 00:00:00.000,True
41,41,4,4,4,2012-01-16,2012-01-25,22516.73,1801.34,562.92,24880.98,2012-01-25 00:00:00.000,True
42,42,5,4,5,2012-01-16,2012-01-25,34644.23,2771.54,866.11,38281.87,2012-01-25 00:00:00.000,True
43,43,4,4,5,2012-01-16,2012-01-25,427.93,34.23,10.7,472.86,2012-01-25 00:00:00.000,True
44,44,4,3,5,2012-01-16,2012-01-25,143.04,11.44,3.58,158.06,2012-01-25 00:00:00.000,True
45,45,4,4,2,2012-01-16,2012-01-25,28199.33,2255.95,704.98,31160.25,2012-01-25 00:00:00.000,True
46,46,4,4,1,2012-01-16,2012-01-25,3713.33,297.07,92.83,4103.22,2012-01-25 00:00:00.000,True
47,47,4,4,5,2012-01-16,2012-01-25,63831.08,5106.49,1595.78,70533.34,2012-01-25 00:00:00.000,True
48,48,4,4,5,2012-01-16,2012-01-25,16340.31,1307.22,408.51,18056.04,2012-01-25 00:00:00.000,True
49,49,4,4,5,2012-01-20,2012-01-29,5711.48,456.92,142.79,6311.18,2012-01-29 00:00:00.000,True
50,50,5,4,5,2012-01-20,2012-01-29,429.35,34.35,10.73,474.43,2012-01-29 00:00:00.000,True
51,51,4,4,2,2012-01-20,2012-01-29,97.97,7.84,2.45,108.25,2012-01-29 00:00:00.000,True
52,52,4,4,4,2012-01-20,2012-01-29,114.47,9.16,2.86,126.49,2012-01-29 00:00:00.000,True
53,53,4,4,4,2012-01-24,2012-02-02,132.65,10.61,3.32,146.57,2012-02-02 00:00:00.000,True
54,54,6,3,5,2012-01-24,2012-02-02,43878.45,3510.28,1096.96,48485.69,2012-02-02 00:00:00.000,True
55,55,4,4,1,2012-01-24,2012-02-02,418.95,33.52,10.47,462.94,2012-02-02 00:00:00.000,True
56,56,4,4,4,2012-01-24,2012-02-02,525.77,42.06,13.14,580.97,2012-02-02 00:00:00.000,True
57,57,4,4,1,2012-01-24,2012-02-02,461.79,36.94,11.54,510.28,2012-02-02 00:00:00.000,True
58,58,4,4,4,2012-01-24,2012-02-02,630.38,50.43,15.76,696.57,2012-02-02 00:00:00.000,True
59,59,9,4,2,2012-01-24,2012-02-02,37.08,2.97,0.93,40.97,2012-02-02 00:00:00.000,True
60,60,4,4,4,2012-01-24,2012-02-02,21558.08,1724.65,538.95,23821.67,2012-02-02 00:00:00.000,True
61,61,4,4,4,2012-01-24,2012-02-02,507.09,40.57,12.68,560.33,2012-02-02 00:00:00.000,True
62,62,4,4,5,2012-01-24,2012-02-02,41048.7,3283.9,1026.22,45358.81,2012-02-02 00:00:00.000,True
63,63,4,4,5,2012-01-24,2012-02-02,429.35,34.35,10.73,474.43,2012-02-02 00:00:00.000,True
64,64,5,3,5,2012-01-24,2012-02-02,279.15,22.33,6.98,308.46,2012-02-02 00:00:00.000,True
65,65,4,4,5,2012-01-24,2012-02-02,40471.2,3237.7,1011.78,44720.68,2012-02-02 00:00:00.000,True
66,66,5,4,5,2012-01-24,2012-02-02,563.57,45.09,14.09,622.74,2012-02-02 00:00:00.000,True
67,67,4,4,5,2012-01-24,2012-02-02,62092.8,4967.42,1552.32,68612.54,2012-02-02 00:00:00.000,True
68,68,5,4,5,2012-01-24,2012-02-02,5948.25,475.86,148.71,6572.82,2012-02-02 00:00:00.000,True
69,69,4,4,5,2012-01-25,2012-02-03,91117.95,7289.44,2277.95,100685.33,2012-02-03 00:00:00.000,True
70,70,5,4,1,2012-01-25,2012-02-03,525.0,42.0,13.13,580.13,2012-02-03 00:00:00.000,True
71,71,4,4,5,2012-01-25,2012-02-03,2003.68,160.29,50.09,2214.07,2012-02-03 00:00:00.000,True
72,72,4,4,4,2012-01-25,2012-02-03,26455.28,2116.42,661.38,29233.08,2012-02-03 00:00:00.000,True
73,73,4,4,2,2012-02-09,2012-02-18,944.37,75.55,23.61,1043.53,2012-02-18 00:00:00.000,True
74,74,6,3,4,2012-02-09,2012-02-18,44594.55,3567.56,1114.86,49276.98,2012-02-18 00:00:00.000,True
75,75,4,4,3,2012-02-09,2012-02-18,62843.55,5027.48,1571.09,69442.12,2012-02-18 00:00:00.000,True
76,76,4,4,5,2012-02-09,2012-02-18,37843.58,3027.49,946.09,41817.15,2012-02-18 00:00:00.000,True
77,77,4,4,4,2012-02-09,2012-02-18,25531.28,2042.5,638.28,28212.06,2012-02-18 00:00:00.000,True
78,78,4,4,5,2012-02-09,2012-02-18,694.17,55.53,17.35,767.05,2012-02-18 00:00:00.000,True
79,79,4,4,4,2012-02-09,2012-02-18,125.75,10.06,3.14,138.95,2012-02-18 00:00:00.000,True
80,80,4,4,5,2012-02-09,2012-02-18,150.79,12.06,3.77,166.62,2012-02-18 00:00:00.000,True
81,81,4,4,5,2012-02-09,2012-02-18,560.01,44.8,14.0,618.81,2012-02-18 00:00:00.000,True
82,82,5,4,2,2012-02-09,2012-02-18,8847.3,707.78,221.18,9776.27,2012-02-18 00:00:00.000,True
83,83,4,4,5,2012-02-09,2012-02-18,171.08,13.69,4.28,189.04,2012-02-18 00:00:00.000,True
84,84,4,3,4,2012-02-09,2012-02-18,20397.3,1631.78,509.93,22539.02,2012-02-18 00:00:00.000,True
85,85,4,4,3,2012-02-09,2012-02-18,14628.08,1170.25,365.7,16164.02,2012-02-18 00:00:00.000,True
86,86,5,4,3,2012-02-09,2012-02-18,58685.55,4694.84,1467.14,64847.53,2012-02-18 00:00:00.000,True
87,87,4,4,5,2012-02-09,2012-02-18,773.01,61.84,19.33,854.18,2012-02-18 00:00:00.000,True
88,88,5,4,5,2012-02-09,2012-02-18,656.59,52.53,16.41,725.53,2012-02-18 00:00:00.000,True
89,89,4,4,5,2012-02-23,2012-03-03,1796.04,143.68,44.9,1984.62,2012-03-03 00:00:00.000,True
90,90,4,4,4,2012-02-23,2012-03-03,358.63,28.69,8.97,396.28,2012-03-03 00:00:00.000,True
91,91,4,4,5,2012-02-23,2012-03-03,34644.23,2771.54,866.11,38281.87,2012-03-03 00:00:00.000,True
92,92,4,4,4,2012-02-23,2012-03-03,257.58,20.61,6.44,284.62,2012-03-03 00:00:00.000,True
93,93,4,4,5,2012-02-27,2012-03-07,146.29,11.7,3.66,161.65,2012-03-07 00:00:00.000,True
94,94,4,3,5,2012-02-27,2012-03-07,102.56,8.21,2.56,113.33,2012-03-07 00:00:00.000,True
95,95,4,4,5,2012-02-27,2012-03-07,150.79,12.06,3.77,166.62,2012-03-07 00:00:00.000,True
96,96,4,4,5,2012-02-27,2012-03-07,13669.43,1093.55,341.74,15104.71,2012-03-07 00:00:00.000,True
97,97,6,4,5,2012-03-08,2012-03-17,16393.23,1311.46,409.83,18114.52,2012-03-17 00:00:00.000,True
98,98,4,4,4,2012-03-08,2012-03-17,73377.15,5870.17,1834.43,81081.75,2012-03-17 00:00:00.000,True
99,99,4,4,1,2012-03-08,2012-03-17,551.88,44.15,13.8,609.83,2012-03-17 00:00:00.000,True
100,100,4,4,1,2012-03-08,2012-03-17,6987.75,559.02,174.69,7721.46,2012-03-17 00:00:00.000,True
101,101,5,4,2,2012-03-08,2012-03-17,28072.28,2245.78,701.81,31019.86,2012-03-17 00:00:00.000,True
102,102,4,4,1,2012-03-08,2012-03-17,35394.98,2831.6,884.87,39111.45,2012-03-17 00:00:00.000,True
103,103,4,4,1,2012-03-08,2012-03-17,3407.25,272.58,85.18,3765.01,2012-03-17 00:00:00.000,True
104,104,4,3,2,2012-03-08,2012-03-17,28297.5,2263.8,707.44,31268.74,2012-03-17 00:00:00.000,True
105,105,4,4,2,2012-03-08,2012-03-17,59.94,4.8,1.5,66.24,2012-03-17 00:00:00.000,True
106,106,4,4,4,2012-03-08,2012-03-17,332.96,26.64,8.32,367.92,2012-03-17 00:00:00.000,True
107,107,4,4,5,2012-03-08,2012-03-17,43878.45,3510.28,1096.96,48485.69,2012-03-17 00:00:00.000,True
108,108,4,4,4,2012-03-08,2012-03-17,674.38,53.95,16.86,745.19,2012-03-17 00:00:00.000,True
109,109,4,4,2,2012-03-08,2012-03-17,31398.68,2511.89,784.97,34695.54,2012-03-17 00:00:00.000,True
110,110,4,4,5,2012-03-08,2012-03-17,142.41,11.39,3.56,157.36,2012-03-17 00:00:00.000,True
111,111,4,4,5,2012-03-08,2012-03-17,19236.53,1538.92,480.91,21256.36,2012-03-17 00:00:00.000,True
112,112,4,4,4,2012-03-08,2012-03-17,272.44,21.8,6.81,301.05,2012-03-17 00:00:00.000,True
113,113,5,4,1,2012-03-09,2012-03-18,1276.28,102.1,31.91,1410.28,2012-03-18 00:00:00.000,True
114,114,4,3,1,2012-03-09,2012-03-18,2003.93,160.31,50.1,2214.34,2012-03-18 00:00:00.000,True
115,115,4,4,2,2012-03-09,2012-03-18,50860.43,4068.83,1271.51,56200.77,2012-03-18 00:00:00.000,True
116,116,4,4,1,2012-03-09,2012-03-18,454.86,36.39,11.37,502.62,2012-03-18 00:00:00.000,True
117,117,4,4,5,2012-03-09,2012-03-18,43878.45,3510.28,1096.96,48485.69,2012-03-18 00:00:00.000,True
118,118,5,4,2,2012-03-09,2012-03-18,7132.13,570.57,178.3,7881.0,2012-03-18 00:00:00.000,True
119,119,4,4,2,2012-03-09,2012-03-18,28343.7,2267.5,708.59,31319.79,2012-03-18 00:00:00.000,True
120,120,4,4,4,2012-03-09,2012-03-18,22516.73,1801.34,562.92,24880.98,2012-03-18 00:00:00.000,True
121,121,4,4,5,2012-03-09,2012-03-18,34644.23,2771.54,866.11,38281.87,2012-03-18 00:00:00.000,True
122,122,4,4,4,2012-03-09,2012-03-18,266.24,21.3,6.66,294.19,2012-03-18 00:00:00.000,True
123,123,5,4,5,2012-03-09,2012-03-18,143.04,11.44,3.58,158.06,2012-03-18 00:00:00.000,True
124,124,4,3,2,2012-03-09,2012-03-18,28199.33,2255.95,704.98,31160.25,2012-03-18 00:00:00.000,True
125,125,4,4,1,2012-03-09,2012-03-18,3713.33,297.07,92.83,4103.22,2012-03-18 00:00:00.000,True
126,126,4,4,5,2012-03-09,2012-03-18,63831.08,5106.49,1595.78,70533.34,2012-03-18 00:00:00.000,True
127,127,4,4,5,2012-03-09,2012-03-18,16340.31,1307.22,408.51,18056.04,2012-03-18 00:00:00.000,True
128,128,4,4,5,2012-03-09,2012-03-18,5711.48,456.92,142.79,6311.18,2012-03-18 00:00:00.000,True
129,129,4,4,4,2012-03-14,2012-03-23,665.03,53.2,16.63,734.86,2012-03-23 00:00:00.000,True
130,130,4,4,2,2012-03-14,2012-03-23,97.97,7.84,2.45,108.25,2012-03-23 00:00:00.000,True
131,131,4,4,4,2012-03-14,2012-03-23,114.47,9.16,2.86,126.49,2012-03-23 00:00:00.000,True
132,132,6,4,4,2012-03-14,2012-03-23,132.65,10.61,3.32,146.57,2012-03-23 00:00:00.000,True
133,133,4,4,5,2012-03-28,2012-04-06,43878.45,3510.28,1096.96,48485.69,2012-04-06 00:00:00.000,True
134,134,4,3,1,2012-03-28,2012-04-06,418.95,33.52,10.47,462.94,2012-04-06 00:00:00.000,True
135,135,4,4,4,2012-03-28,2012-04-06,3413.25,273.06,85.33,3771.64,2012-04-06 00:00:00.000,True
136,136,4,4,1,2012-03-28,2012-04-06,461.79,36.94,11.54,510.28,2012-04-06 00:00:00.000,True
137,137,6,4,4,2012-04-11,2012-04-20,722.45,57.8,18.06,798.31,2012-04-20 00:00:00.000,True
138,138,4,4,2,2012-04-11,2012-04-20,37.08,2.97,0.93,40.97,2012-04-20 00:00:00.000,True
139,139,5,4,4,2012-04-11,2012-04-20,21558.08,1724.65,538.95,23821.67,2012-04-20 00:00:00.000,True
140,140,4,4,4,2012-04-11,2012-04-20,351.86,28.15,8.8,388.8,2012-04-20 00:00:00.000,True
141,141,4,4,4,2012-04-11,2012-04-20,45172.05,3613.76,1129.3,49915.12,2012-04-20 00:00:00.000,True
142,142,6,4,4,2012-04-11,2012-04-20,267.18,21.37,6.68,295.24,2012-04-20 00:00:00.000,True
143,143,4,4,5,2012-04-11,2012-04-20,415.8,33.26,10.4,459.46,2012-04-20 00:00:00.000,True
144,144,5,3,5,2012-04-11,2012-04-20,40471.2,3237.7,1011.78,44720.68,2012-04-20 00:00:00.000,True
145,145,4,4,4,2012-04-11,2012-04-20,662.1,52.97,16.55,731.62,2012-04-20 00:00:00.000,True
146,146,4,4,5,2012-04-11,2012-04-20,62092.8,4967.42,1552.32,68612.54,2012-04-20 00:00:00.000,True
147,147,4,4,5,2012-04-11,2012-04-20,5948.25,475.86,148.71,6572.82,2012-04-20 00:00:00.000,True
148,148,4,4,5,2012-04-11,2012-04-20,91117.95,7289.44,2277.95,100685.33,2012-04-20 00:00:00.000,True
149,149,4,4,1,2012-04-11,2012-04-20,525.0,42.0,13.13,580.13,2012-04-20 00:00:00.000,True
150,150,4,4,5,2012-04-11,2012-04-20,2003.68,160.29,50.09,2214.07,2012-04-20 00:00:00.000,True
151,151,5,4,4,2012-04-11,2012-04-20,26455.28,2116.42,661.38,29233.08,2012-04-20 00:00:00.000,True
152,152,4,4,2,2012-04-11,2012-04-20,944.37,75.55,23.61,1043.53,2012-04-20 00:00:00.000,True
153,153,4,4,1,2012-05-02,2012-05-11,6993.53,559.48,174.84,7727.85,2012-05-11 00:00:00.000,True
154,154,4,3,3,2012-05-02,2012-05-11,36122.63,2889.81,903.07,39915.5,2012-05-11 00:00:00.000,True
155,155,4,4,5,2012-05-02,2012-05-11,37843.58,3027.49,946.09,41817.15,2012-05-11 00:00:00.000,True
156,156,5,4,4,2012-05-02,2012-05-11,25531.28,2042.5,638.28,28212.06,2012-05-11 00:00:00.000,True
157,157,4,4,5,2012-05-30,2012-06-08,773.96,61.92,19.35,855.22,2012-06-08 00:00:00.000,True
158,158,4,4,4,2012-05-30,2012-06-08,125.75,10.06,3.14,138.95,2012-06-08 00:00:00.000,True
159,159,4,4,5,2012-05-30,2012-06-08,150.79,12.06,3.77,166.62,2012-06-08 00:00:00.000,True
160,160,4,4,4,2012-05-30,2012-06-08,391.55,31.32,9.79,432.66,2012-06-08 00:00:00.000,True
161,161,4,4,2,2012-05-30,2012-06-08,8847.3,707.78,221.18,9776.27,2012-06-08 00:00:00.000,True
162,162,4,4,5,2012-05-30,2012-06-08,171.08,13.69,4.28,189.04,2012-06-08 00:00:00.000,True
163,163,4,4,4,2012-05-30,2012-06-08,20397.3,1631.78,509.93,22539.02,2012-06-08 00:00:00.000,True
164,164,4,3,3,2012-05-30,2012-06-08,14628.08,1170.25,365.7,16164.02,2012-06-08 00:00:00.000,True
165,165,4,4,3,2012-05-30,2012-06-08,58685.55,4694.84,1467.14,64847.53,2012-06-08 00:00:00.000,True
166,166,4,4,4,2012-05-30,2012-06-08,481.89,38.55,12.05,532.49,2012-06-08 00:00:00.000,True
167,167,4,4,4,2012-05-30,2012-06-08,710.96,56.88,17.77,785.61,2012-06-08 00:00:00.000,True
168,168,4,4,5,2012-05-30,2012-06-08,1796.04,143.68,44.9,1984.62,2012-06-08 00:00:00.000,True
169,169,4,4,4,2012-05-30,2012-06-08,664.3,53.14,16.61,734.06,2012-06-08 00:00:00.000,True
170,170,4,4,5,2012-05-30,2012-06-08,34644.23,2771.54,866.11,38281.87,2012-06-08 00:00:00.000,True
171,171,4,4,3,2012-05-30,2012-06-08,1581.93,126.55,39.55,1748.03,2012-06-08 00:00:00.000,True
172,172,4,4,5,2012-05-30,2012-06-08,146.29,11.7,3.66,161.65,2012-06-08 00:00:00.000,True
173,173,4,4,5,2012-06-11,2012-06-20,102.56,8.21,2.56,113.33,2012-06-20 00:00:00.000,True
174,174,4,3,5,2012-06-11,2012-06-20,150.79,12.06,3.77,166.62,2012-06-20 00:00:00.000,True
175,175,4,4,5,2012-06-11,2012-06-20,13669.43,1093.55,341.74,15104.71,2012-06-20 00:00:00.000,True
176,176,4,4,5,2012-06-11,2012-06-20,13458.69,1076.7,336.47,14871.85,2012-06-20 00:00:00.000,True
177,177,4,4,2,2012-06-22,2012-07-01,101720.85,8137.67,2543.02,112401.54,2012-07-01 00:00:00.000,True
178,178,4,4,1,2012-06-22,2012-07-01,551.88,44.15,13.8,609.83,2012-07-01 00:00:00.000,True
179,179,4,4,1,2012-06-22,2012-07-01,6987.75,559.02,174.69,7721.46,2012-07-01 00:00:00.000,True
180,180,4,4,2,2012-06-22,2012-07-01,28072.28,2245.78,701.81,31019.86,2012-07-01 00:00:00.000,True
181,181,4,4,1,2012-06-22,2012-07-01,1917.3,153.38,47.93,2118.62,2012-07-01 00:00:00.000,True
182,182,4,4,1,2012-06-22,2012-07-01,4215.75,337.26,105.39,4658.4,2012-07-01 00:00:00.000,True
183,183,4,4,2,2012-06-22,2012-07-01,28297.5,2263.8,707.44,31268.74,2012-07-01 00:00:00.000,True
184,184,4,3,2,2012-06-22,2012-07-01,59.94,4.8,1.5,66.24,2012-07-01 00:00:00.000,True
185,185,4,4,4,2012-06-22,2012-07-01,1055.57,84.45,26.39,1166.4,2012-07-01 00:00:00.000,True
186,186,4,4,5,2012-06-22,2012-07-01,43878.45,3510.28,1096.96,48485.69,2012-07-01 00:00:00.000,True
187,187,4,4,4,2012-06-22,2012-07-01,747.81,59.82,18.7,826.33,2012-07-01 00:00:00.000,True
188,188,4,4,1,2012-06-22,2012-07-01,20957.48,1676.6,523.94,23158.01,2012-07-01 00:00:00.000,True
189,189,4,4,5,2012-06-22,2012-07-01,142.41,11.39,3.56,157.36,2012-07-01 00:00:00.000,True
190,190,4,4,2,2012-06-22,2012-07-01,48030.68,3842.45,1200.77,53073.9,2012-07-01 00:00:00.000,True
191,191,4,4,4,2012-06-22,2012-07-01,28597.02,2287.76,714.93,31599.71,2012-07-01 00:00:00.000,True
192,192,4,4,1,2012-06-22,2012-07-01,1276.28,102.1,31.91,1410.28,2012-07-01 00:00:00.000,True
193,193,4,4,1,2012-06-25,2012-07-04,2003.93,160.31,50.1,2214.34,2012-07-04 00:00:00.000,True
194,194,4,3,2,2012-06-25,2012-07-04,28343.7,2267.5,708.59,31319.79,2012-07-04 00:00:00.000,True
195,195,4,4,1,2012-06-25,2012-07-04,454.86,36.39,11.37,502.62,2012-07-04 00:00:00.000,True
196,196,4,4,5,2012-06-25,2012-07-04,43878.45,3510.28,1096.96,48485.69,2012-07-04 00:00:00.000,True
197,197,4,4,2,2012-06-25,2012-07-04,7132.13,570.57,178.3,7881.0,2012-07-04 00:00:00.000,True
198,198,4,4,2,2012-06-25,2012-07-04,28343.7,2267.5,708.59,31319.79,2012-07-04 00:00:00.000,True
199,199,4,4,4,2012-06-25,2012-07-04,22516.73,1801.34,562.92,24880.98,2012-07-04 00:00:00.000,True
200,200,4,4,5,2012-06-25,2012-07-04,34644.23,2771.54,866.11,38281.87,2012-07-04 00:00:00.000,True
201,201,4,4,5,2012-07-27,2012-08-05,532.92,42.63,13.32,588.87,2012-08-05 00:00:00.000,True
202,202,4,4,5,2012-07-27,2012-08-05,143.04,11.44,3.58,158.06,2012-08-05 00:00:00.000,True
203,203,4,4,2,2012-07-27,2012-08-05,28199.33,2255.95,704.98,31160.25,2012-08-05 00:00:00.000,True
204,204,4,3,1,2012-07-27,2012-08-05,3713.33,297.07,92.83,4103.22,2012-08-05 00:00:00.000,True
205,205,4,4,5,2012-07-27,2012-08-05,63831.08,5106.49,1595.78,70533.34,2012-08-05 00:00:00.000,True
206,206,4,4,5,2012-07-27,2012-08-05,13361.04,1068.88,334.03,14763.95,2012-08-05 00:00:00.000,True
207,207,4,4,5,2012-07-27,2012-08-05,5711.48,456.92,142.79,6311.18,2012-08-05 00:00:00.000,True
208,208,4,4,4,2012-07-27,2012-08-05,627.45,50.2,15.69,693.33,2012-08-05 00:00:00.000,True
209,209,4,4,2,2012-07-31,2012-08-09,97.97,7.84,2.45,108.25,2012-08-09 00:00:00.000,True
210,210,4,4,4,2012-07-31,2012-08-09,114.47,9.16,2.86,126.49,2012-08-09 00:00:00.000,True
211,211,4,4,4,2012-07-31,2012-08-09,132.65,10.61,3.32,146.57,2012-08-09 00:00:00.000,True
212,212,4,4,5,2012-07-31,2012-08-09,43878.45,3510.28,1096.96,48485.69,2012-08-09 00:00:00.000,True
213,213,4,4,1,2012-08-15,2012-08-24,418.95,33.52,10.47,462.94,2012-08-24 00:00:00.000,True
214,214,4,3,4,2012-08-15,2012-08-24,272.44,21.8,6.81,301.05,2012-08-24 00:00:00.000,True
215,215,4,4,1,2012-08-15,2012-08-24,461.79,36.94,11.54,510.28,2012-08-24 00:00:00.000,True
216,216,4,4,5,2012-08-15,2012-08-24,544.73,43.58,13.62,601.93,2012-08-24 00:00:00.000,True
217,217,4,4,2,2012-08-15,2012-08-24,37.08,2.97,0.93,40.97,2012-08-24 00:00:00.000,True
218,218,4,4,4,2012-08-15,2012-08-24,21558.08,1724.65,538.95,23821.67,2012-08-24 00:00:00.000,True
219,219,4,4,4,2012-08-15,2012-08-24,612.11,48.97,15.3,676.38,2012-08-24 00:00:00.000,True
220,220,4,4,5,2012-08-15,2012-08-24,65240.18,5219.21,1631.0,72090.39,2012-08-24 00:00:00.000,True
221,221,4,4,5,2012-08-16,2012-08-25,534.81,42.78,13.37,590.96,2012-08-25 00:00:00.000,True
222,222,4,4,5,2012-08-16,2012-08-25,273.07,21.85,6.83,301.75,2012-08-25 00:00:00.000,True
223,223,4,4,5,2012-08-16,2012-08-25,40471.2,3237.7,1011.78,44720.68,2012-08-25 00:00:00.000,True
224,224,4,3,5,2012-08-16,2012-08-25,278.52,22.28,6.96,307.77,2012-08-25 00:00:00.000,True
225,225,4,4,5,2012-08-24,2012-09-02,62092.8,4967.42,1552.32,68612.54,2012-09-02 00:00:00.000,True
226,226,4,4,5,2012-08-24,2012-09-02,5948.25,475.86,148.71,6572.82,2012-09-02 00:00:00.000,True
227,227,5,4,5,2012-08-24,2012-09-02,91117.95,7289.44,2277.95,100685.33,2012-09-02 00:00:00.000,True
228,228,4,4,1,2012-08-24,2012-09-02,525.0,42.0,13.13,580.13,2012-09-02 00:00:00.000,True
229,229,4,4,5,2012-08-24,2012-09-02,2003.68,160.29,50.09,2214.07,2012-09-02 00:00:00.000,True
230,230,4,4,4,2012-08-24,2012-09-02,26455.28,2116.42,661.38,29233.08,2012-09-02 00:00:00.000,True
231,231,4,4,2,2012-08-24,2012-09-02,944.37,75.55,23.61,1043.53,2012-09-02 00:00:00.000,True
232,232,4,4,4,2012-08-24,2012-09-02,44594.55,3567.56,1114.86,49276.98,2012-09-02 00:00:00.000,True
233,233,4,4,5,2012-08-28,2012-09-06,26720.93,2137.67,668.02,29526.62,2012-09-06 00:00:00.000,True
234,234,4,3,5,2012-08-28,2012-09-06,37843.58,3027.49,946.09,41817.15,2012-09-06 00:00:00.000,True
235,235,4,4,4,2012-08-28,2012-09-06,25531.28,2042.5,638.28,28212.06,2012-09-06 00:00:00.000,True
236,236,4,4,4,2012-08-28,2012-09-06,482.52,38.6,12.06,533.18,2012-09-06 00:00:00.000,True
237,237,4,4,4,2012-09-05,2012-09-14,125.75,10.06,3.14,138.95,2012-09-14 00:00:00.000,True
238,238,4,4,5,2012-09-05,2012-09-14,150.79,12.06,3.77,166.62,2012-09-14 00:00:00.000,True
239,239,4,4,4,2012-09-05,2012-09-14,602.03,48.16,15.05,665.24,2012-09-14 00:00:00.000,True
240,240,4,4,2,2012-09-05,2012-09-14,8847.3,707.78,221.18,9776.27,2012-09-14 00:00:00.000,True
241,241,4,4,5,2012-09-21,2012-09-30,171.08,13.69,4.28,189.04,2012-09-30 00:00:00.000,True
242,242,4,4,4,2012-09-21,2012-09-30,20397.3,1631.78,509.93,22539.02,2012-09-30 00:00:00.000,True
243,243,4,4,3,2012-09-21,2012-09-30,14628.08,1170.25,365.7,16164.02,2012-09-30 00:00:00.000,True
244,244,4,3,3,2012-09-21,2012-09-30,33350.63,2668.05,833.77,36852.44,2012-09-30 00:00:00.000,True
245,245,5,4,4,2012-09-21,2012-09-30,475.68,38.05,11.89,525.63,2012-09-30 00:00:00.000,True
246,246,4,4,5,2012-09-21,2012-09-30,564.2,45.14,14.1,623.44,2012-09-30 00:00:00.000,True
247,247,4,4,5,2012-09-21,2012-09-30,1796.04,143.68,44.9,1984.62,2012-09-30 00:00:00.000,True
248,248,5,4,4,2012-09-21,2012-09-30,665.03,53.2,16.63,734.86,2012-09-30 00:00:00.000,True
249,249,4,4,5,2012-09-21,2012-09-30,34644.23,2771.54,866.11,38281.87,2012-09-30 00:00:00.000,True
250,250,4,4,4,2012-09-21,2012-09-30,1839.51,147.16,45.99,2032.65,2012-09-30 00:00:00.000,True
251,251,4,4,5,2012-09-21,2012-09-30,146.29,11.7,3.66,161.65,2012-09-30 00:00:00.000,True
252,252,4,4,5,2012-09-21,2012-09-30,102.56,8.21,2.56,113.33,2012-09-30 00:00:00.000,True
253,253,4,4,5,2012-09-21,2012-09-30,150.79,12.06,3.77,166.62,2012-09-30 00:00:00.000,True
254,254,5,3,5,2012-09-21,2012-09-30,13669.43,1093.55,341.74,15104.71,2012-09-30 00:00:00.000,True
255,255,4,4,5,2012-09-21,2012-09-30,2934.54,234.76,73.36,3242.67,2012-09-30 00:00:00.000,True
256,256,4,4,2,2012-09-21,2012-09-30,50860.43,4068.83,1271.51,56200.77,2012-09-30 00:00:00.000,True
301,257,4,4,1,2012-10-02,2012-10-11,551.88,44.15,13.8,609.83,2012-10-11 00:00:00.000,True
302,258,4,4,1,2012-10-02,2012-10-11,6987.75,559.02,174.69,7721.46,2012-10-11 00:00:00.000,True
303,259,4,4,2,2012-10-02,2012-10-11,28072.28,2245.78,701.81,31019.86,2012-10-11 00:00:00.000,True
304,260,4,4,1,2012-10-02,2012-10-11,37312.28,2984.98,932.81,41230.06,2012-10-11 00:00:00.000,True
305,261,4,4,1,2012-10-11,2012-10-20,3407.25,272.58,85.18,3765.01,2012-10-20 00:00:00.000,True
306,262,7,4,2,2012-10-11,2012-10-20,28297.5,2263.8,707.44,31268.74,2012-10-20 00:00:00.000,True
307,263,4,4,2,2012-10-11,2012-10-20,59.94,4.8,1.5,66.24,2012-10-20 00:00:00.000,True
308,264,4,3,4,2012-10-11,2012-10-20,240.72,19.26,6.02,266.0,2012-10-20 00:00:00.000,True
309,265,4,4,5,2012-10-17,2012-10-26,43878.45,3510.28,1096.96,48485.69,2012-10-26 00:00:00.000,True
310,266,4,4,4,2012-10-17,2012-10-26,475.21,38.02,11.88,525.11,2012-10-26 00:00:00.000,True
311,267,4,4,5,2012-10-17,2012-10-26,5757.68,460.61,143.94,6362.23,2012-10-26 00:00:00.000,True
312,268,4,4,5,2012-10-17,2012-10-26,142.41,11.39,3.56,157.36,2012-10-26 00:00:00.000,True
313,269,4,4,2,2012-10-17,2012-10-26,48030.68,3842.45,1200.77,53073.9,2012-10-26 00:00:00.000,True
314,270,4,4,4,2012-10-17,2012-10-26,22516.73,1801.34,562.92,24880.98,2012-10-26 00:00:00.000,True
315,271,5,4,1,2012-10-17,2012-10-26,1276.28,102.1,31.91,1410.28,2012-10-26 00:00:00.000,True
316,272,4,4,1,2012-10-17,2012-10-26,2003.93,160.31,50.1,2214.34,2012-10-26 00:00:00.000,True
317,273,4,4,4,2012-10-17,2012-10-26,22516.73,1801.34,562.92,24880.98,2012-10-26 00:00:00.000,True
318,274,4,3,1,2012-10-17,2012-10-26,454.86,36.39,11.37,502.62,2012-10-26 00:00:00.000,True
319,275,4,4,5,2012-10-17,2012-10-26,43878.45,3510.28,1096.96,48485.69,2012-10-26 00:00:00.000,True
320,276,4,4,2,2012-10-17,2012-10-26,7132.13,570.57,178.3,7881.0,2012-10-26 00:00:00.000,True
321,277,6,4,2,2012-10-17,2012-10-26,28343.7,2267.5,708.59,31319.79,2012-10-26 00:00:00.000,True
322,278,4,4,4,2012-10-17,2012-10-26,22516.73,1801.34,562.92,24880.98,2012-10-26 00:00:00.000,True
323,279,4,4,5,2012-10-17,2012-10-26,34644.23,2771.54,866.11,38281.87,2012-10-26 00:00:00.000,True
324,280,4,4,4,2012-10-17,2012-10-26,371.23,29.7,9.28,410.21,2012-10-26 00:00:00.000,True
325,281,4,4,5,2013-02-08,2013-02-17,143.04,11.44,3.58,158.06,2013-02-17 00:00:00.000,True
326,282,4,4,2,2013-02-08,2013-02-17,28199.33,2255.95,704.98,31160.25,2013-02-17 00:00:00.000,True
327,283,4,4,1,2013-02-08,2013-02-17,3713.33,297.07,92.83,4103.22,2013-02-17 00:00:00.000,True
328,284,5,3,5,2013-02-08,2013-02-17,43878.45,3510.28,1096.96,48485.69,2013-02-17 00:00:00.000,True
329,285,4,4,5,2013-02-08,2013-02-17,2979.27,238.34,74.48,3292.09,2013-02-17 00:00:00.000,True
330,286,4,4,5,2013-02-08,2013-02-17,5711.48,456.92,142.79,6311.18,2013-02-17 00:00:00.000,True
331,287,4,4,4,2013-02-08,2013-02-17,347.45,27.8,8.69,383.93,2013-02-17 00:00:00.000,True
332,288,4,4,2,2013-02-08,2013-02-17,97.97,7.84,2.45,108.25,2013-02-17 00:00:00.000,True
333,289,4,4,4,2013-02-13,2013-02-22,114.47,9.16,2.86,126.49,2013-02-22 00:00:00.000,True
334,290,5,4,4,2013-02-13,2013-02-22,132.65,10.61,3.32,146.57,2013-02-22 00:00:00.000,True
335,291,4,4,5,2013-02-13,2013-02-22,43878.45,3510.28,1096.96,48485.69,2013-02-22 00:00:00.000,True
336,292,4,4,1,2013-02-13,2013-02-22,418.95,33.52,10.47,462.94,2013-02-22 00:00:00.000,True
337,293,4,4,4,2013-02-13,2013-02-22,389.66,31.17,9.74,430.57,2013-02-22 00:00:00.000,True
338,294,4,3,1,2013-02-13,2013-02-22,461.79,36.94,11.54,510.28,2013-02-22 00:00:00.000,True
339,295,4,4,4,2013-02-13,2013-02-22,982.45,78.6,24.56,1085.61,2013-02-22 00:00:00.000,True
340,296,4,4,2,2013-02-13,2013-02-22,37.08,2.97,0.93,40.97,2013-02-22 00:00:00.000,True
341,297,5,4,4,2013-04-05,2013-04-14,21558.08,1724.65,538.95,23821.67,2013-04-14 00:00:00.000,True
342,298,4,4,5,2013-04-05,2013-04-14,688.87,55.11,17.22,761.21,2013-04-14 00:00:00.000,True
343,299,4,4,4,2013-04-05,2013-04-14,20980.58,1678.45,524.51,23183.54,2013-04-14 00:00:00.000,True
344,300,4,4,4,2013-04-05,2013-04-14,372.65,29.81,9.32,411.77,2013-04-14 00:00:00.000,True
345,301,4,4,4,2013-04-12,2013-04-21,260.47,20.84,6.51,287.82,2013-04-21 00:00:00.000,True
346,302,4,4,5,2013-04-12,2013-04-21,40471.2,3237.7,1011.78,44720.68,2013-04-21 00:00:00.000,True
347,303,5,4,5,2013-04-12,2013-04-21,414.86,33.19,10.37,458.41,2013-04-21 00:00:00.000,True
348,304,4,3,5,2013-04-12,2013-04-21,38421.08,3073.69,960.53,42455.29,2013-04-21 00:00:00.000,True
349,305,4,4,5,2013-04-24,2013-05-03,5948.25,475.86,148.71,6572.82,2013-05-03 00:00:00.000,True
350,306,4,4,5,2013-04-24,2013-05-03,91117.95,7289.44,2277.95,100685.33,2013-05-03 00:00:00.000,True
351,307,4,4,1,2013-04-24,2013-05-03,525.0,42.0,13.13,580.13,2013-05-03 00:00:00.000,True
352,308,4,4,5,2013-04-24,2013-05-03,2003.68,160.29,50.09,2214.07,2013-05-03 00:00:00.000,True
353,309,4,4,4,2013-04-24,2013-05-03,26455.28,2116.42,661.38,29233.08,2013-05-03 00:00:00.000,True
354,310,4,4,2,2013-04-24,2013-05-03,944.37,75.55,23.61,1043.53,2013-05-03 00:00:00.000,True
355,311,4,4,1,2013-04-24,2013-05-03,6993.53,559.48,174.84,7727.85,2013-05-03 00:00:00.000,True
356,312,4,4,3,2013-04-24,2013-05-03,36122.63,2889.81,903.07,39915.5,2013-05-03 00:00:00.000,True
357,313,4,4,5,2013-04-24,2013-05-03,37843.58,3027.49,946.09,41817.15,2013-05-03 00:00:00.000,True
358,314,4,3,4,2013-04-24,2013-05-03,25531.28,2042.5,638.28,28212.06,2013-05-03 00:00:00.000,True
359,315,4,4,4,2013-04-24,2013-05-03,111.07,8.89,2.78,122.73,2013-05-03 00:00:00.000,True
360,316,4,4,4,2013-04-24,2013-05-03,125.75,10.06,3.14,138.95,2013-05-03 00:00:00.000,True
361,317,4,4,5,2013-04-24,2013-05-03,150.79,12.06,3.77,166.62,2013-05-03 00:00:00.000,True
362,318,4,4,4,2013-04-24,2013-05-03,235.9,18.87,5.9,260.67,2013-05-03 00:00:00.000,True
363,319,4,4,2,2013-04-24,2013-05-03,8847.3,707.78,221.18,9776.27,2013-05-03 00:00:00.000,True
364,320,4,4,5,2013-04-24,2013-05-03,171.08,13.69,4.28,189.04,2013-05-03 00:00:00.000,True
365,321,4,4,4,2013-04-25,2013-05-04,20397.3,1631.78,509.93,22539.02,2013-05-04 00:00:00.000,True
366,322,7,4,3,2013-04-25,2013-05-04,14628.08,1170.25,365.7,16164.02,2013-05-04 00:00:00.000,True
367,323,4,4,4,2013-04-25,2013-05-04,25334.93,2026.79,633.37,27995.09,2013-05-04 00:00:00.000,True
368,324,5,3,5,2013-04-25,2013-05-04,278.52,22.28,6.96,307.77,2013-05-04 00:00:00.000,True
369,325,4,4,4,2013-04-25,2013-05-04,1497.51,119.8,37.44,1654.75,2013-05-04 00:00:00.000,True
370,326,4,4,5,2013-04-25,2013-05-04,1796.04,143.68,44.9,1984.62,2013-05-04 00:00:00.000,True
371,327,4,4,4,2013-04-25,2013-05-04,738.99,59.12,18.47,816.58,2013-05-04 00:00:00.000,True
372,328,6,4,5,2013-04-25,2013-05-04,34644.23,2771.54,866.11,38281.87,2013-05-04 00:00:00.000,True
373,329,4,4,4,2013-04-25,2013-05-04,1839.51,147.16,45.99,2032.65,2013-05-04 00:00:00.000,True
374,330,5,4,5,2013-04-25,2013-05-04,146.29,11.7,3.66,161.65,2013-05-04 00:00:00.000,True
375,331,4,4,5,2013-04-25,2013-05-04,102.56,8.21,2.56,113.33,2013-05-04 00:00:00.000,True
376,332,4,4,5,2013-04-25,2013-05-04,150.79,12.06,3.77,166.62,2013-05-04 00:00:00.000,True
377,333,4,4,5,2013-04-25,2013-05-04,13669.43,1093.55,341.74,15104.71,2013-05-04 00:00:00.000,True
378,334,4,3,5,2013-04-25,2013-05-04,6444.9,515.59,161.12,7121.61,2013-05-04 00:00:00.000,True
379,335,6,4,2,2013-04-25,2013-05-04,152581.28,12206.5,3814.53,168602.31,2013-05-04 00:00:00.000,True
380,336,5,4,1,2013-04-25,2013-05-04,551.88,44.15,13.8,609.83,2013-05-04 00:00:00.000,True
381,337,4,4,1,2013-05-09,2013-05-18,6987.75,559.02,174.69,7721.46,2013-05-18 00:00:00.000,True
382,338,4,4,2,2013-05-09,2013-05-18,28072.28,2245.78,701.81,31019.86,2013-05-18 00:00:00.000,True
383,339,4,4,1,2013-05-09,2013-05-18,37312.28,2984.98,932.81,41230.06,2013-05-18 00:00:00.000,True
384,340,4,4,1,2013-05-09,2013-05-18,7623.0,609.84,190.58,8423.42,2013-05-18 00:00:00.000,True
385,341,4,4,2,2013-05-09,2013-05-18,28297.5,2263.8,707.44,31268.74,2013-05-18 00:00:00.000,True
386,342,4,4,2,2013-05-09,2013-05-18,59.94,4.8,1.5,66.24,2013-05-18 00:00:00.000,True
387,343,4,4,4,2013-05-09,2013-05-18,358.16,28.65,8.95,395.76,2013-05-18 00:00:00.000,True
388,344,4,3,5,2013-05-09,2013-05-18,43878.45,3510.28,1096.96,48485.69,2013-05-18 00:00:00.000,True
389,345,4,4,5,2013-05-14,2013-05-23,414.92,33.19,10.37,458.48,2013-05-23 00:00:00.000,True
390,346,4,4,2,2013-05-14,2013-05-23,29989.58,2399.17,749.74,33138.48,2013-05-23 00:00:00.000,True
391,347,4,4,5,2013-05-14,2013-05-23,142.41,11.39,3.56,157.36,2013-05-23 00:00:00.000,True
392,348,4,4,2,2013-05-14,2013-05-23,48030.68,3842.45,1200.77,53073.9,2013-05-23 00:00:00.000,True
393,349,4,4,4,2013-05-22,2013-05-31,693.6,55.49,17.34,766.43,2013-05-31 00:00:00.000,True
394,350,4,4,1,2013-05-22,2013-05-31,1276.28,102.1,31.91,1410.28,2013-05-31 00:00:00.000,True
395,351,4,4,1,2013-05-22,2013-05-31,2003.93,160.31,50.1,2214.34,2013-05-31 00:00:00.000,True
396,352,4,4,2,2013-05-22,2013-05-31,28343.7,2267.5,708.59,31319.79,2013-05-31 00:00:00.000,True
397,353,4,4,1,2013-05-22,2013-05-31,454.86,36.39,11.37,502.62,2013-05-31 00:00:00.000,True
398,354,4,3,5,2013-05-22,2013-05-31,43878.45,3510.28,1096.96,48485.69,2013-05-31 00:00:00.000,True
399,355,4,4,2,2013-05-22,2013-05-31,7132.13,570.57,178.3,7881.0,2013-05-31 00:00:00.000,True
400,356,4,4,2,2013-05-22,2013-05-31,28343.7,2267.5,708.59,31319.79,2013-05-31 00:00:00.000,True
401,357,4,4,4,2013-05-22,2013-05-31,22516.73,1801.34,562.92,24880.98,2013-05-31 00:00:00.000,True
402,358,4,4,5,2013-05-22,2013-05-31,34644.23,2771.54,866.11,38281.87,2013-05-31 00:00:00.000,True
403,359,4,4,4,2013-05-22,2013-05-31,117.37,9.39,2.93,129.69,2013-05-31 00:00:00.000,True
404,360,4,4,5,2013-05-22,2013-05-31,143.04,11.44,3.58,158.06,2013-05-31 00:00:00.000,True
405,361,4,4,2,2013-05-22,2013-05-31,28199.33,2255.95,704.98,31160.25,2013-05-31 00:00:00.000,True
406,362,4,4,1,2013-05-22,2013-05-31,3713.33,297.07,92.83,4103.22,2013-05-31 00:00:00.000,True
407,363,4,4,4,2013-05-22,2013-05-31,19952.63,1596.21,498.82,22047.65,2013-05-31 00:00:00.000,True
408,364,4,3,5,2013-05-22,2013-05-31,6540.66,523.25,163.52,7227.43,2013-05-31 00:00:00.000,True
409,365,4,4,5,2013-05-23,2013-06-01,5711.48,456.92,142.79,6311.18,2013-06-01 00:00:00.000,True
410,366,4,4,5,2013-05-23,2013-06-01,566.09,45.29,14.15,625.53,2013-06-01 00:00:00.000,True
411,367,4,4,2,2013-05-23,2013-06-01,97.97,7.84,2.45,108.25,2013-06-01 00:00:00.000,True
412,368,4,4,4,2013-05-23,2013-06-01,114.47,9.16,2.86,126.49,2013-06-01 00:00:00.000,True
413,369,4,4,4,2013-05-23,2013-06-01,132.65,10.61,3.32,146.57,2013-06-01 00:00:00.000,True
414,370,4,4,5,2013-05-23,2013-06-01,43878.45,3510.28,1096.96,48485.69,2013-06-01 00:00:00.000,True
415,371,4,4,1,2013-05-23,2013-06-01,418.95,33.52,10.47,462.94,2013-06-01 00:00:00.000,True
416,372,4,4,4,2013-05-23,2013-06-01,240.72,19.26,6.02,266.0,2013-06-01 00:00:00.000,True
417,373,4,4,1,2013-05-23,2013-06-01,461.79,36.94,11.54,510.28,2013-06-01 00:00:00.000,True
418,374,4,3,4,2013-05-23,2013-06-01,253.32,20.27,6.33,279.92,2013-06-01 00:00:00.000,True
419,375,4,4,2,2013-05-23,2013-06-01,37.08,2.97,0.93,40.97,2013-06-01 00:00:00.000,True
420,376,4,4,4,2013-05-23,2013-06-01,21558.08,1724.65,538.95,23821.67,2013-06-01 00:00:00.000,True
421,377,5,4,4,2013-05-23,2013-06-01,260.47,20.84,6.51,287.82,2013-06-01 00:00:00.000,True
422,378,4,4,5,2013-05-23,2013-06-01,86220.75,6897.66,2155.52,95273.93,2013-06-01 00:00:00.000,True
423,379,4,4,4,2013-05-23,2013-06-01,465.29,37.22,11.63,514.14,2013-06-01 00:00:00.000,True
424,380,4,4,5,2013-05-23,2013-06-01,428.4,34.27,10.71,473.38,2013-06-01 00:00:00.000,True
425,381,4,4,5,2013-05-29,2013-06-07,40471.2,3237.7,1011.78,44720.68,2013-06-07 00:00:00.000,True
426,382,4,4,5,2013-05-29,2013-06-07,272.44,21.8,6.81,301.05,2013-06-07 00:00:00.000,True
427,383,4,4,4,2013-05-29,2013-06-07,23671.73,1893.74,591.79,26157.26,2013-06-07 00:00:00.000,True
428,384,4,3,5,2013-05-29,2013-06-07,5948.25,475.86,148.71,6572.82,2013-06-07 00:00:00.000,True
429,385,4,4,5,2013-05-29,2013-06-07,91117.95,7289.44,2277.95,100685.33,2013-06-07 00:00:00.000,True
430,386,4,4,1,2013-05-29,2013-06-07,525.0,42.0,13.13,580.13,2013-06-07 00:00:00.000,True
431,387,4,4,5,2013-05-29,2013-06-07,2003.68,160.29,50.09,2214.07,2013-06-07 00:00:00.000,True
432,388,4,4,4,2013-05-29,2013-06-07,26455.28,2116.42,661.38,29233.08,2013-06-07 00:00:00.000,True
433,389,4,4,2,2013-05-29,2013-06-07,944.37,75.55,23.61,1043.53,2013-06-07 00:00:00.000,True
434,390,4,4,4,2013-05-29,2013-06-07,48186.6,3854.93,1204.67,53246.19,2013-06-07 00:00:00.000,True
435,391,4,4,5,2013-05-29,2013-06-07,26720.93,2137.67,668.02,29526.62,2013-06-07 00:00:00.000,True
436,392,4,4,5,2013-05-29,2013-06-07,37843.58,3027.49,946.09,41817.15,2013-06-07 00:00:00.000,True
437,393,4,4,4,2013-06-11,2013-06-20,25531.28,2042.5,638.28,28212.06,2013-06-20 00:00:00.000,True
438,394,4,3,5,2013-06-11,2013-06-20,278.84,22.31,6.97,308.12,2013-06-20 00:00:00.000,True
439,395,4,4,4,2013-06-11,2013-06-20,125.75,10.06,3.14,138.95,2013-06-20 00:00:00.000,True
440,396,4,4,5,2013-06-11,2013-06-20,150.79,12.06,3.77,166.62,2013-06-20 00:00:00.000,True
441,397,4,4,5,2013-06-25,2013-07-04,839.79,67.18,20.99,927.97,2013-07-04 00:00:00.000,True
442,398,4,4,2,2013-06-25,2013-07-04,8847.3,707.78,221.18,9776.27,2013-07-04 00:00:00.000,True
443,399,4,4,5,2013-06-25,2013-07-04,171.08,13.69,4.28,189.04,2013-07-04 00:00:00.000,True
444,400,4,4,4,2013-06-25,2013-07-04,20397.3,1631.78,509.93,22539.02,2013-07-04 00:00:00.000,True
445,401,4,4,3,2013-06-25,2013-07-04,14628.08,1170.25,365.7,16164.02,2013-07-04 00:00:00.000,True
446,402,6,4,3,2013-06-25,2013-07-04,33350.63,2668.05,833.77,36852.44,2013-07-04 00:00:00.000,True
447,403,4,4,5,2013-06-25,2013-07-04,414.86,33.19,10.37,458.41,2013-07-04 00:00:00.000,True
448,404,4,3,5,2013-06-25,2013-07-04,278.84,22.31,6.97,308.12,2013-07-04 00:00:00.000,True
449,405,4,4,5,2013-07-12,2013-07-21,1796.04,143.68,44.9,1984.62,2013-07-21 00:00:00.000,True
450,406,4,4,4,2013-07-12,2013-07-21,124.36,9.95,3.11,137.42,2013-07-21 00:00:00.000,True
451,407,4,4,5,2013-07-12,2013-07-21,34644.23,2771.54,866.11,38281.87,2013-07-21 00:00:00.000,True
452,408,4,4,4,2013-07-12,2013-07-21,1839.51,147.16,45.99,2032.65,2013-07-21 00:00:00.000,True
453,409,4,4,5,2013-07-22,2013-07-31,146.29,11.7,3.66,161.65,2013-07-31 00:00:00.000,True
454,410,4,4,5,2013-07-22,2013-07-31,102.56,8.21,2.56,113.33,2013-07-31 00:00:00.000,True
455,411,4,4,5,2013-07-22,2013-07-31,150.79,12.06,3.77,166.62,2013-07-31 00:00:00.000,True
456,412,4,4,5,2013-07-22,2013-07-31,13669.43,1093.55,341.74,15104.71,2013-07-31 00:00:00.000,True
457,413,4,4,5,2013-07-30,2013-08-08,9948.33,795.87,248.71,10992.9,2013-08-08 00:00:00.000,True
458,414,6,3,2,2013-07-30,2013-08-08,28343.7,2267.5,708.59,31319.79,2013-08-08 00:00:00.000,True
459,415,4,4,1,2013-07-30,2013-08-08,551.88,44.15,13.8,609.83,2013-08-08 00:00:00.000,True
460,416,4,4,1,2013-07-30,2013-08-08,6987.75,559.02,174.69,7721.46,2013-08-08 00:00:00.000,True
461,417,4,4,5,2013-08-04,2013-08-13,2003.68,160.29,50.09,2214.07,2013-08-13 00:00:00.000,True
462,418,4,4,4,2013-08-04,2013-08-13,26455.28,2116.42,661.38,29233.08,2013-08-13 00:00:00.000,True
463,419,4,4,2,2013-08-04,2013-08-13,944.37,75.55,23.61,1043.53,2013-08-13 00:00:00.000,True
464,420,4,4,1,2013-08-04,2013-08-13,3401.48,272.12,85.04,3758.63,2013-08-13 00:00:00.000,True
465,421,4,4,3,2013-08-04,2013-08-13,62843.55,5027.48,1571.09,69442.12,2013-08-13 00:00:00.000,True
466,422,4,4,5,2013-08-04,2013-08-13,37843.58,3027.49,946.09,41817.15,2013-08-13 00:00:00.000,True
467,423,4,4,4,2013-08-04,2013-08-13,25531.28,2042.5,638.28,28212.06,2013-08-13 00:00:00.000,True
468,424,4,4,5,2013-08-04,2013-08-13,285.36,22.83,7.13,315.32,2013-08-13 00:00:00.000,True
469,425,4,4,4,2013-08-04,2013-08-13,125.75,10.06,3.14,138.95,2013-08-13 00:00:00.000,True
470,426,4,4,5,2013-08-04,2013-08-13,150.79,12.06,3.77,166.62,2013-08-13 00:00:00.000,True
471,427,4,4,4,2013-08-04,2013-08-13,764.19,61.14,19.1,844.43,2013-08-13 00:00:00.000,True
472,428,4,4,2,2013-08-04,2013-08-13,8847.3,707.78,221.18,9776.27,2013-08-13 00:00:00.000,True
473,429,4,4,5,2013-08-04,2013-08-13,171.08,13.69,4.28,189.04,2013-08-13 00:00:00.000,True
474,430,4,4,4,2013-08-04,2013-08-13,20397.3,1631.78,509.93,22539.02,2013-08-13 00:00:00.000,True
475,431,4,4,3,2013-08-04,2013-08-13,14628.08,1170.25,365.7,16164.02,2013-08-13 00:00:00.000,True
476,432,4,4,4,2013-08-04,2013-08-13,25334.93,2026.79,633.37,27995.09,2013-08-13 00:00:00.000,True
477,433,5,4,5,2013-08-05,2013-08-14,395.96,31.68,9.9,437.53,2013-08-14 00:00:00.000,True
478,434,4,4,5,2013-08-05,2013-08-14,285.36,22.83,7.13,315.32,2013-08-14 00:00:00.000,True
479,435,4,4,5,2013-08-05,2013-08-14,1796.04,143.68,44.9,1984.62,2013-08-14 00:00:00.000,True
480,436,4,4,4,2013-08-05,2013-08-14,501.2,40.1,12.53,553.82,2013-08-14 00:00:00.000,True
481,437,4,4,5,2013-08-05,2013-08-14,34644.23,2771.54,866.11,38281.87,2013-08-14 00:00:00.000,True
482,438,4,4,4,2013-08-05,2013-08-14,1839.51,147.16,45.99,2032.65,2013-08-14 00:00:00.000,True
483,439,4,4,5,2013-08-05,2013-08-14,146.29,11.7,3.66,161.65,2013-08-14 00:00:00.000,True
484,440,4,4,5,2013-08-05,2013-08-14,102.56,8.21,2.56,113.33,2013-08-14 00:00:00.000,True
485,441,4,4,5,2013-08-05,2013-08-14,150.79,12.06,3.77,166.62,2013-08-14 00:00:00.000,True
486,442,4,4,5,2013-08-05,2013-08-14,13669.43,1093.55,341.74,15104.71,2013-08-14 00:00:00.000,True
487,443,4,4,5,2013-08-05,2013-08-14,9637.11,770.97,240.93,10649.01,2013-08-14 00:00:00.000,True
488,444,4,4,4,2013-08-05,2013-08-14,34118.7,2729.5,852.97,37701.16,2013-08-14 00:00:00.000,True
489,445,4,4,1,2013-08-05,2013-08-14,551.88,44.15,13.8,609.83,2013-08-14 00:00:00.000,True
490,446,4,4,1,2013-08-05,2013-08-14,6987.75,559.02,174.69,7721.46,2013-08-14 00:00:00.000,True
491,447,4,4,2,2013-08-05,2013-08-14,28072.28,2245.78,701.81,31019.86,2013-08-14 00:00:00.000,True
492,448,4,4,1,2013-08-05,2013-08-14,37312.28,2984.98,932.81,41230.06,2013-08-14 00:00:00.000,True
493,449,4,4,1,2013-08-06,2013-08-15,7623.0,609.84,190.58,8423.42,2013-08-15 00:00:00.000,True
494,450,4,4,2,2013-08-06,2013-08-15,28297.5,2263.8,707.44,31268.74,2013-08-15 00:00:00.000,True
495,451,4,4,2,2013-08-06,2013-08-15,59.94,4.8,1.5,66.24,2013-08-15 00:00:00.000,True
496,452,4,4,4,2013-08-06,2013-08-15,234.64,18.77,5.87,259.28,2013-08-15 00:00:00.000,True
497,453,4,4,5,2013-08-06,2013-08-15,43878.45,3510.28,1096.96,48485.69,2013-08-15 00:00:00.000,True
498,454,4,4,4,2013-08-06,2013-08-15,247.24,19.78,6.18,273.2,2013-08-15 00:00:00.000,True
499,455,4,4,2,2013-08-06,2013-08-15,49376.25,3950.1,1234.41,54560.76,2013-08-15 00:00:00.000,True
500,456,8,4,5,2013-08-06,2013-08-15,142.41,11.39,3.56,157.36,2013-08-15 00:00:00.000,True
501,457,4,4,2,2013-08-06,2013-08-15,48030.68,3842.45,1200.77,53073.9,2013-08-15 00:00:00.000,True
502,458,4,4,4,2013-08-06,2013-08-15,51113.75,4089.1,1277.84,56480.69,2013-08-15 00:00:00.000,True
503,459,4,4,1,2013-08-06,2013-08-15,1276.28,102.1,31.91,1410.28,2013-08-15 00:00:00.000,True
504,460,4,4,1,2013-08-06,2013-08-15,2003.93,160.31,50.1,2214.34,2013-08-15 00:00:00.000,True
505,461,4,4,4,2013-08-06,2013-08-15,22516.73,1801.34,562.92,24880.98,2013-08-15 00:00:00.000,True
506,462,4,4,1,2013-08-06,2013-08-15,454.86,36.39,11.37,502.62,2013-08-15 00:00:00.000,True
507,463,4,4,5,2013-08-06,2013-08-15,43878.45,3510.28,1096.96,48485.69,2013-08-15 00:00:00.000,True
508,464,4,4,2,2013-08-06,2013-08-15,7132.13,570.57,178.3,7881.0,2013-08-15 00:00:00.000,True
509,465,4,4,2,2013-08-07,2013-08-16,28343.7,2267.5,708.59,31319.79,2013-08-16 00:00:00.000,True
510,466,4,4,4,2013-08-07,2013-08-16,22516.73,1801.34,562.92,24880.98,2013-08-16 00:00:00.000,True
511,467,4,4,5,2013-08-07,2013-08-16,34644.23,2771.54,866.11,38281.87,2013-08-16 00:00:00.000,True
512,468,4,4,5,2013-08-07,2013-08-16,694.17,55.53,17.35,767.05,2013-08-16 00:00:00.000,True
513,469,4,4,5,2013-08-07,2013-08-16,143.04,11.44,3.58,158.06,2013-08-16 00:00:00.000,True
514,470,4,4,2,2013-08-07,2013-08-16,28199.33,2255.95,704.98,31160.25,2013-08-16 00:00:00.000,True
515,471,4,4,1,2013-08-07,2013-08-16,3713.33,297.07,92.83,4103.22,2013-08-16 00:00:00.000,True
516,472,4,4,5,2013-08-07,2013-08-16,43878.45,3510.28,1096.96,48485.69,2013-08-16 00:00:00.000,True
517,473,4,4,5,2013-08-07,2013-08-16,9799.65,783.97,244.99,10828.61,2013-08-16 00:00:00.000,True
518,474,4,4,5,2013-08-07,2013-08-16,5711.48,456.92,142.79,6311.18,2013-08-16 00:00:00.000,True
519,475,4,4,4,2013-08-07,2013-08-16,1503.18,120.25,37.58,1661.01,2013-08-16 00:00:00.000,True
520,476,4,4,2,2013-08-07,2013-08-16,97.97,7.84,2.45,108.25,2013-08-16 00:00:00.000,True
521,477,4,4,4,2013-08-07,2013-08-16,114.47,9.16,2.86,126.49,2013-08-16 00:00:00.000,True
522,478,4,4,4,2013-08-07,2013-08-16,132.65,10.61,3.32,146.57,2013-08-16 00:00:00.000,True
523,479,4,4,5,2013-08-07,2013-08-16,43878.45,3510.28,1096.96,48485.69,2013-08-16 00:00:00.000,True
524,480,4,4,1,2013-08-07,2013-08-16,418.95,33.52,10.47,462.94,2013-08-16 00:00:00.000,True
525,481,4,4,5,2013-08-08,2013-08-17,566.09,45.29,14.15,625.53,2013-08-17 00:00:00.000,True
526,482,4,4,1,2013-08-08,2013-08-17,461.79,36.94,11.54,510.28,2013-08-17 00:00:00.000,True
527,483,4,4,4,2013-08-08,2013-08-17,377.06,30.16,9.43,416.65,2013-08-17 00:00:00.000,True
528,484,4,4,2,2013-08-08,2013-08-17,37.08,2.97,0.93,40.97,2013-08-17 00:00:00.000,True
529,485,4,4,4,2013-08-08,2013-08-17,21558.08,1724.65,538.95,23821.67,2013-08-17 00:00:00.000,True
530,486,4,4,4,2013-08-08,2013-08-17,507.09,40.57,12.68,560.33,2013-08-17 00:00:00.000,True
531,487,4,4,5,2013-08-08,2013-08-17,86220.75,6897.66,2155.52,95273.93,2013-08-17 00:00:00.000,True
532,488,4,4,5,2013-08-08,2013-08-17,696.53,55.72,17.41,769.66,2013-08-17 00:00:00.000,True
533,489,4,4,4,2013-08-08,2013-08-17,663.45,53.08,16.59,733.12,2013-08-17 00:00:00.000,True
534,490,4,4,5,2013-08-08,2013-08-17,40471.2,3237.7,1011.78,44720.68,2013-08-17 00:00:00.000,True
535,491,4,4,4,2013-08-08,2013-08-17,259.84,20.79,6.5,287.13,2013-08-17 00:00:00.000,True
536,492,4,4,5,2013-08-08,2013-08-17,38421.08,3073.69,960.53,42455.29,2013-08-17 00:00:00.000,True
537,493,4,4,5,2013-08-08,2013-08-17,5948.25,475.86,148.71,6572.82,2013-08-17 00:00:00.000,True
538,494,4,4,5,2013-08-08,2013-08-17,91117.95,7289.44,2277.95,100685.33,2013-08-17 00:00:00.000,True
539,495,4,4,1,2013-08-08,2013-08-17,525.0,42.0,13.13,580.13,2013-08-17 00:00:00.000,True
540,496,4,4,5,2013-08-08,2013-08-17,2003.68,160.29,50.09,2214.07,2013-08-17 00:00:00.000,True
541,497,4,4,4,2013-08-10,2013-08-19,26455.28,2116.42,661.38,29233.08,2013-08-19 00:00:00.000,True
542,498,4,4,2,2013-08-10,2013-08-19,944.37,75.55,23.61,1043.53,2013-08-19 00:00:00.000,True
543,499,4,4,4,2013-08-10,2013-08-19,51588.08,4127.05,1289.7,57004.82,2013-08-19 00:00:00.000,True
544,500,4,4,3,2013-08-10,2013-08-19,62843.55,5027.48,1571.09,69442.12,2013-08-19 00:00:00.000,True
545,501,4,4,5,2013-08-10,2013-08-19,37843.58,3027.49,946.09,41817.15,2013-08-19 00:00:00.000,True
546,502,4,4,4,2013-08-10,2013-08-19,25531.28,2042.5,638.28,28212.06,2013-08-19 00:00:00.000,True
547,503,4,4,4,2013-08-10,2013-08-19,402.73,32.22,10.07,445.01,2013-08-19 00:00:00.000,True
548,504,4,4,4,2013-08-10,2013-08-19,125.75,10.06,3.14,138.95,2013-08-19 00:00:00.000,True
549,505,4,4,5,2013-08-11,2013-08-20,150.79,12.06,3.77,166.62,2013-08-20 00:00:00.000,True
550,506,4,4,4,2013-08-11,2013-08-20,465.29,37.22,11.63,514.14,2013-08-20 00:00:00.000,True
551,507,4,4,2,2013-08-11,2013-08-20,8847.3,707.78,221.18,9776.27,2013-08-20 00:00:00.000,True
552,508,4,4,5,2013-08-11,2013-08-20,171.08,13.69,4.28,189.04,2013-08-20 00:00:00.000,True
553,509,4,4,4,2013-08-11,2013-08-20,20397.3,1631.78,509.93,22539.02,2013-08-20 00:00:00.000,True
554,510,4,4,3,2013-08-11,2013-08-20,14628.08,1170.25,365.7,16164.02,2013-08-20 00:00:00.000,True
555,511,4,4,3,2013-08-11,2013-08-20,58685.55,4694.84,1467.14,64847.53,2013-08-20 00:00:00.000,True
556,512,4,4,4,2013-08-11,2013-08-20,259.84,20.79,6.5,287.13,2013-08-20 00:00:00.000,True
557,513,4,4,4,2013-08-11,2013-08-20,402.73,32.22,10.07,445.01,2013-08-20 00:00:00.000,True
558,514,4,4,5,2013-08-11,2013-08-20,270.81,21.66,6.77,299.24,2013-08-20 00:00:00.000,True
559,515,4,4,4,2013-08-11,2013-08-20,2551.31,204.1,63.78,2819.2,2013-08-20 00:00:00.000,True
560,516,4,4,5,2013-08-11,2013-08-20,34644.23,2771.54,866.11,38281.87,2013-08-20 00:00:00.000,True
561,517,4,4,4,2013-08-11,2013-08-20,1839.51,147.16,45.99,2032.65,2013-08-20 00:00:00.000,True
562,518,4,4,5,2013-08-11,2013-08-20,146.29,11.7,3.66,161.65,2013-08-20 00:00:00.000,True
563,519,4,4,5,2013-08-11,2013-08-20,102.56,8.21,2.56,113.33,2013-08-20 00:00:00.000,True
564,520,4,4,5,2013-08-11,2013-08-20,150.79,12.06,3.77,166.62,2013-08-20 00:00:00.000,True
565,521,4,4,5,2013-08-12,2013-08-21,13669.43,1093.55,341.74,15104.71,2013-08-21 00:00:00.000,True
566,522,4,4,5,2013-08-12,2013-08-21,6756.12,540.49,168.9,7465.51,2013-08-21 00:00:00.000,True
567,523,4,4,5,2013-08-12,2013-08-21,50860.43,4068.83,1271.51,56200.77,2013-08-21 00:00:00.000,True
568,524,4,4,1,2013-08-12,2013-08-21,551.88,44.15,13.8,609.83,2013-08-21 00:00:00.000,True
569,525,4,4,1,2013-08-12,2013-08-21,6987.75,559.02,174.69,7721.46,2013-08-21 00:00:00.000,True
570,526,4,4,2,2013-08-12,2013-08-21,28072.28,2245.78,701.81,31019.86,2013-08-21 00:00:00.000,True
571,527,4,4,1,2013-08-12,2013-08-21,37312.28,2984.98,932.81,41230.06,2013-08-21 00:00:00.000,True
572,528,4,4,1,2013-08-12,2013-08-21,7623.0,609.84,190.58,8423.42,2013-08-21 00:00:00.000,True
573,529,4,4,2,2013-08-12,2013-08-21,28297.5,2263.8,707.44,31268.74,2013-08-21 00:00:00.000,True
574,530,4,4,2,2013-08-12,2013-08-21,59.94,4.8,1.5,66.24,2013-08-21 00:00:00.000,True
575,531,5,4,5,2013-08-12,2013-08-21,222.04,17.76,5.55,245.36,2013-08-21 00:00:00.000,True
576,532,4,4,5,2013-08-12,2013-08-21,43878.45,3510.28,1096.96,48485.69,2013-08-21 00:00:00.000,True
577,533,4,4,4,2013-08-12,2013-08-21,345.56,27.64,8.64,381.84,2013-08-21 00:00:00.000,True
578,534,4,4,2,2013-08-12,2013-08-21,15153.6,1212.29,378.84,16744.73,2013-08-21 00:00:00.000,True
579,535,4,4,5,2013-08-12,2013-08-21,142.41,11.39,3.56,157.36,2013-08-21 00:00:00.000,True
580,536,4,4,2,2013-08-12,2013-08-21,48030.68,3842.45,1200.77,53073.9,2013-08-21 00:00:00.000,True
581,537,4,4,2,2013-08-13,2013-08-22,28072.28,2245.78,701.81,31019.86,2013-08-22 00:00:00.000,True
582,538,4,4,1,2013-08-13,2013-08-22,37312.28,2984.98,932.81,41230.06,2013-08-22 00:00:00.000,True
583,539,4,4,1,2013-08-13,2013-08-22,7623.0,609.84,190.58,8423.42,2013-08-22 00:00:00.000,True
584,540,4,4,2,2013-08-13,2013-08-22,28297.5,2263.8,707.44,31268.74,2013-08-22 00:00:00.000,True
585,541,4,4,4,2013-08-13,2013-08-22,550.97,44.08,13.77,608.82,2013-08-22 00:00:00.000,True
586,542,4,4,1,2013-08-13,2013-08-22,1276.28,102.1,31.91,1410.28,2013-08-22 00:00:00.000,True
587,543,4,4,1,2013-08-13,2013-08-22,2003.93,160.31,50.1,2214.34,2013-08-22 00:00:00.000,True
588,544,4,4,2,2013-08-13,2013-08-22,28343.7,2267.5,708.59,31319.79,2013-08-22 00:00:00.000,True
589,545,4,4,1,2013-08-13,2013-08-22,454.86,36.39,11.37,502.62,2013-08-22 00:00:00.000,True
590,546,4,4,5,2013-08-13,2013-08-22,43878.45,3510.28,1096.96,48485.69,2013-08-22 00:00:00.000,True
591,547,4,4,2,2013-08-13,2013-08-22,7132.13,570.57,178.3,7881.0,2013-08-22 00:00:00.000,True
592,548,4,4,2,2013-08-13,2013-08-22,28343.7,2267.5,708.59,31319.79,2013-08-22 00:00:00.000,True
593,549,4,4,4,2013-08-13,2013-08-22,22516.73,1801.34,562.92,24880.98,2013-08-22 00:00:00.000,True
594,550,4,4,5,2013-08-13,2013-08-22,34644.23,2771.54,866.11,38281.87,2013-08-22 00:00:00.000,True
595,551,4,4,5,2013-08-13,2013-08-22,532.92,42.63,13.32,588.87,2013-08-22 00:00:00.000,True
596,552,4,4,5,2013-08-13,2013-08-22,143.04,11.44,3.58,158.06,2013-08-22 00:00:00.000,True
597,553,4,4,2,2013-08-13,2013-08-22,28199.33,2255.95,704.98,31160.25,2013-08-22 00:00:00.000,True
598,554,4,4,1,2013-08-13,2013-08-22,3713.33,297.07,92.83,4103.22,2013-08-22 00:00:00.000,True
599,555,4,4,4,2013-08-13,2013-08-22,19952.63,1596.21,498.82,22047.65,2013-08-22 00:00:00.000,True
600,556,4,4,5,2013-08-13,2013-08-22,13361.04,1068.88,334.03,14763.95,2013-08-22 00:00:00.000,True
601,557,4,4,5,2013-08-14,2013-08-23,5711.48,456.92,142.79,6311.18,2013-08-23 00:00:00.000,True
602,558,4,4,5,2013-08-14,2013-08-23,696.53,55.72,17.41,769.66,2013-08-23 00:00:00.000,True
603,559,4,4,2,2013-08-14,2013-08-23,97.97,7.84,2.45,108.25,2013-08-23 00:00:00.000,True
604,560,4,4,4,2013-08-14,2013-08-23,114.47,9.16,2.86,126.49,2013-08-23 00:00:00.000,True
605,561,4,4,4,2013-08-14,2013-08-23,132.65,10.61,3.32,146.57,2013-08-23 00:00:00.000,True
606,562,4,4,5,2013-08-14,2013-08-23,43878.45,3510.28,1096.96,48485.69,2013-08-23 00:00:00.000,True
607,563,4,4,1,2013-08-14,2013-08-23,418.95,33.52,10.47,462.94,2013-08-23 00:00:00.000,True
608,564,4,4,4,2013-08-14,2013-08-23,273.7,21.9,6.84,302.44,2013-08-23 00:00:00.000,True
609,565,4,4,1,2013-08-14,2013-08-23,461.79,36.94,11.54,510.28,2013-08-23 00:00:00.000,True
610,566,4,4,4,2013-08-14,2013-08-23,481.89,38.55,12.05,532.49,2013-08-23 00:00:00.000,True
611,567,4,4,2,2013-08-14,2013-08-23,37.08,2.97,0.93,40.97,2013-08-23 00:00:00.000,True
612,568,4,4,4,2013-08-14,2013-08-23,21558.08,1724.65,538.95,23821.67,2013-08-23 00:00:00.000,True
613,569,4,4,4,2013-08-14,2013-08-23,567.38,45.39,14.18,626.95,2013-08-23 00:00:00.000,True
614,570,4,4,5,2013-08-14,2013-08-23,65240.18,5219.21,1631.0,72090.39,2013-08-23 00:00:00.000,True
615,571,4,4,5,2013-08-14,2013-08-23,534.81,42.78,13.37,590.96,2013-08-23 00:00:00.000,True
616,572,4,4,4,2013-08-14,2013-08-23,136.65,10.93,3.42,151.0,2013-08-23 00:00:00.000,True
617,573,4,4,5,2013-08-15,2013-08-24,40471.2,3237.7,1011.78,44720.68,2013-08-24 00:00:00.000,True
618,574,4,4,5,2013-08-15,2013-08-24,278.52,22.28,6.96,307.77,2013-08-24 00:00:00.000,True
619,575,4,4,4,2013-08-15,2013-08-24,23671.73,1893.74,591.79,26157.26,2013-08-24 00:00:00.000,True
620,576,4,4,5,2013-08-15,2013-08-24,5948.25,475.86,148.71,6572.82,2013-08-24 00:00:00.000,True
621,577,4,4,5,2013-08-15,2013-08-24,91117.95,7289.44,2277.95,100685.33,2013-08-24 00:00:00.000,True
622,578,4,4,1,2013-08-15,2013-08-24,525.0,42.0,13.13,580.13,2013-08-24 00:00:00.000,True
623,579,4,4,5,2013-08-15,2013-08-24,2003.68,160.29,50.09,2214.07,2013-08-24 00:00:00.000,True
624,580,4,4,4,2013-08-15,2013-08-24,26455.28,2116.42,661.38,29233.08,2013-08-24 00:00:00.000,True
625,581,4,4,2,2013-08-15,2013-08-24,944.37,75.55,23.61,1043.53,2013-08-24 00:00:00.000,True
626,582,4,4,4,2013-08-15,2013-08-24,44594.55,3567.56,1114.86,49276.98,2013-08-24 00:00:00.000,True
627,583,4,4,3,2013-08-15,2013-08-24,62843.55,5027.48,1571.09,69442.12,2013-08-24 00:00:00.000,True
628,584,4,4,5,2013-08-15,2013-08-24,37843.58,3027.49,946.09,41817.15,2013-08-24 00:00:00.000,True
629,585,4,4,4,2013-08-15,2013-08-24,25531.28,2042.5,638.28,28212.06,2013-08-24 00:00:00.000,True
630,586,4,4,4,2013-08-15,2013-08-24,501.2,40.1,12.53,553.82,2013-08-24 00:00:00.000,True
631,587,4,4,4,2013-08-15,2013-08-24,125.75,10.06,3.14,138.95,2013-08-24 00:00:00.000,True
632,588,4,4,5,2013-08-15,2013-08-24,150.79,12.06,3.77,166.62,2013-08-24 00:00:00.000,True
633,589,4,4,5,2013-08-17,2013-08-26,696.53,55.72,17.41,769.66,2013-08-26 00:00:00.000,True
634,590,4,4,2,2013-08-17,2013-08-26,8847.3,707.78,221.18,9776.27,2013-08-26 00:00:00.000,True
635,591,4,4,5,2013-08-17,2013-08-26,171.08,13.69,4.28,189.04,2013-08-26 00:00:00.000,True
636,592,4,4,4,2013-08-17,2013-08-26,20397.3,1631.78,509.93,22539.02,2013-08-26 00:00:00.000,True
637,593,4,4,3,2013-08-18,2013-08-27,14628.08,1170.25,365.7,16164.02,2013-08-27 00:00:00.000,True
638,594,4,4,3,2013-08-18,2013-08-27,33350.63,2668.05,833.77,36852.44,2013-08-27 00:00:00.000,True
639,595,4,4,4,2013-08-18,2013-08-27,1074.78,85.98,26.87,1187.63,2013-08-27 00:00:00.000,True
640,596,4,4,4,2013-08-18,2013-08-27,501.2,40.1,12.53,553.82,2013-08-27 00:00:00.000,True
641,597,4,4,5,2013-08-18,2013-08-27,1525.23,122.02,38.13,1685.38,2013-08-27 00:00:00.000,True
642,598,4,4,4,2013-08-18,2013-08-27,631.39,50.51,15.78,697.68,2013-08-27 00:00:00.000,True
643,599,4,4,5,2013-08-18,2013-08-27,34644.23,2771.54,866.11,38281.87,2013-08-27 00:00:00.000,True
644,600,4,4,4,2013-08-18,2013-08-27,1839.51,147.16,45.99,2032.65,2013-08-27 00:00:00.000,True
645,601,4,4,5,2013-08-18,2013-08-27,146.29,11.7,3.66,161.65,2013-08-27 00:00:00.000,True
646,602,4,4,5,2013-08-18,2013-08-27,102.56,8.21,2.56,113.33,2013-08-27 00:00:00.000,True
647,603,4,4,5,2013-08-18,2013-08-27,150.79,12.06,3.77,166.62,2013-08-27 00:00:00.000,True
648,604,4,4,5,2013-08-18,2013-08-27,13669.43,1093.55,341.74,15104.71,2013-08-27 00:00:00.000,True
649,605,4,4,5,2013-08-18,2013-08-27,16393.23,1311.46,409.83,18114.52,2013-08-27 00:00:00.000,True
650,606,4,4,5,2013-08-18,2013-08-27,39258.45,3140.68,981.46,43380.59,2013-08-27 00:00:00.000,True
651,607,4,4,1,2013-08-18,2013-08-27,551.88,44.15,13.8,609.83,2013-08-27 00:00:00.000,True
652,608,4,4,1,2013-08-18,2013-08-27,6987.75,559.02,174.69,7721.46,2013-08-27 00:00:00.000,True
653,609,4,4,2,2013-08-19,2013-08-28,59.94,4.8,1.5,66.24,2013-08-28 00:00:00.000,True
654,610,4,4,4,2013-08-19,2013-08-28,370.76,29.66,9.27,409.68,2013-08-28 00:00:00.000,True
655,611,4,4,5,2013-08-19,2013-08-28,43878.45,3510.28,1096.96,48485.69,2013-08-28 00:00:00.000,True
656,612,4,4,4,2013-08-19,2013-08-28,272.13,21.77,6.8,300.7,2013-08-28 00:00:00.000,True
657,613,4,4,2,2013-08-19,2013-08-28,28072.28,2245.78,701.81,31019.86,2013-08-28 00:00:00.000,True
658,614,5,4,1,2013-08-19,2013-08-28,35394.98,2831.6,884.87,39111.45,2013-08-28 00:00:00.000,True
659,615,4,4,1,2013-08-19,2013-08-28,7623.0,609.84,190.58,8423.42,2013-08-28 00:00:00.000,True
660,616,4,4,2,2013-08-19,2013-08-28,28297.5,2263.8,707.44,31268.74,2013-08-28 00:00:00.000,True
661,617,4,4,2,2013-08-19,2013-08-28,59.94,4.8,1.5,66.24,2013-08-28 00:00:00.000,True
662,618,4,4,4,2013-08-19,2013-08-28,567.38,45.39,14.18,626.95,2013-08-28 00:00:00.000,True
663,619,4,4,5,2013-08-19,2013-08-28,43878.45,3510.28,1096.96,48485.69,2013-08-28 00:00:00.000,True
664,620,4,4,4,2013-08-19,2013-08-28,402.26,32.18,10.06,444.49,2013-08-28 00:00:00.000,True
665,621,4,4,2,2013-08-19,2013-08-28,27350.4,2188.03,683.76,30222.19,2013-08-28 00:00:00.000,True
666,622,4,4,5,2013-08-19,2013-08-28,142.41,11.39,3.56,157.36,2013-08-28 00:00:00.000,True
667,623,4,4,2,2013-08-19,2013-08-28,48030.68,3842.45,1200.77,53073.9,2013-08-28 00:00:00.000,True
668,624,4,3,5,2013-08-19,2013-08-28,272.44,21.8,6.81,301.05,2013-08-28 00:00:00.000,True
669,625,4,4,1,2013-08-19,2013-08-28,1276.28,102.1,31.91,1410.28,2013-08-28 00:00:00.000,True
670,626,4,4,1,2013-08-19,2013-08-28,2003.93,160.31,50.1,2214.34,2013-08-28 00:00:00.000,True
671,627,4,4,4,2013-08-19,2013-08-28,22516.73,1801.34,562.92,24880.98,2013-08-28 00:00:00.000,True
672,628,4,4,1,2013-08-19,2013-08-28,454.86,36.39,11.37,502.62,2013-08-28 00:00:00.000,True
673,629,4,4,5,2013-08-20,2013-08-29,43878.45,3510.28,1096.96,48485.69,2013-08-29 00:00:00.000,True
674,630,4,4,2,2013-08-20,2013-08-29,7132.13,570.57,178.3,7881.0,2013-08-29 00:00:00.000,True
675,631,4,4,2,2013-08-20,2013-08-29,28343.7,2267.5,708.59,31319.79,2013-08-29 00:00:00.000,True
676,632,4,4,4,2013-08-20,2013-08-29,22516.73,1801.34,562.92,24880.98,2013-08-29 00:00:00.000,True
677,633,4,4,5,2013-08-20,2013-08-29,34644.23,2771.54,866.11,38281.87,2013-08-29 00:00:00.000,True
678,634,4,4,4,2013-08-20,2013-08-29,241.04,19.28,6.03,266.35,2013-08-29 00:00:00.000,True
679,635,4,4,5,2013-08-20,2013-08-29,143.04,11.44,3.58,158.06,2013-08-29 00:00:00.000,True
680,636,4,4,2,2013-08-20,2013-08-29,28199.33,2255.95,704.98,31160.25,2013-08-29 00:00:00.000,True
681,637,4,4,1,2013-08-21,2013-08-30,26230.05,2098.4,655.75,28984.21,2013-08-30 00:00:00.000,True
682,638,4,4,5,2013-08-21,2013-08-30,142.41,11.39,3.56,157.36,2013-08-30 00:00:00.000,True
683,639,4,4,2,2013-08-21,2013-08-30,48030.68,3842.45,1200.77,53073.9,2013-08-30 00:00:00.000,True
684,640,4,4,4,2013-08-21,2013-08-30,28467.21,2277.38,711.68,31456.27,2013-08-30 00:00:00.000,True
685,641,4,4,1,2013-08-21,2013-08-30,3713.33,297.07,92.83,4103.22,2013-08-30 00:00:00.000,True
686,642,4,4,5,2013-08-21,2013-08-30,43878.45,3510.28,1096.96,48485.69,2013-08-30 00:00:00.000,True
687,643,4,4,5,2013-08-21,2013-08-30,2979.27,238.34,74.48,3292.09,2013-08-30 00:00:00.000,True
688,644,4,3,5,2013-08-21,2013-08-30,5711.48,456.92,142.79,6311.18,2013-08-30 00:00:00.000,True
689,645,4,4,5,2013-08-21,2013-08-30,1372.74,109.82,34.32,1516.88,2013-08-30 00:00:00.000,True
690,646,4,4,2,2013-08-21,2013-08-30,97.97,7.84,2.45,108.25,2013-08-30 00:00:00.000,True
691,647,4,4,4,2013-08-21,2013-08-30,114.47,9.16,2.86,126.49,2013-08-30 00:00:00.000,True
692,648,4,4,4,2013-08-21,2013-08-30,132.65,10.61,3.32,146.57,2013-08-30 00:00:00.000,True
693,649,4,4,5,2013-08-21,2013-08-30,43878.45,3510.28,1096.96,48485.69,2013-08-30 00:00:00.000,True
694,650,4,4,1,2013-08-21,2013-08-30,418.95,33.52,10.47,462.94,2013-08-30 00:00:00.000,True
695,651,4,4,4,2013-08-21,2013-08-30,515.69,41.25,12.89,569.83,2013-08-30 00:00:00.000,True
696,652,4,4,1,2013-08-21,2013-08-30,461.79,36.94,11.54,510.28,2013-08-30 00:00:00.000,True
697,653,4,4,4,2013-08-21,2013-08-30,383.04,30.64,9.58,423.26,2013-08-30 00:00:00.000,True
698,654,4,3,2,2013-08-21,2013-08-30,37.08,2.97,0.93,40.97,2013-08-30 00:00:00.000,True
699,655,4,4,4,2013-08-21,2013-08-30,21558.08,1724.65,538.95,23821.67,2013-08-30 00:00:00.000,True
700,656,4,4,4,2013-08-21,2013-08-30,545.83,43.67,13.65,603.14,2013-08-30 00:00:00.000,True
701,657,4,4,4,2013-08-22,2013-08-31,20980.58,1678.45,524.51,23183.54,2013-08-31 00:00:00.000,True
702,658,4,4,4,2013-08-22,2013-08-31,602.03,48.16,15.05,665.24,2013-08-31 00:00:00.000,True
703,659,4,4,5,2013-08-22,2013-08-31,694.95,55.6,17.37,767.92,2013-08-31 00:00:00.000,True
704,660,6,4,5,2013-08-22,2013-08-31,40471.2,3237.7,1011.78,44720.68,2013-08-31 00:00:00.000,True
705,661,4,4,5,2013-08-22,2013-08-31,557.49,44.6,13.94,616.02,2013-08-31 00:00:00.000,True
706,662,4,4,5,2013-08-22,2013-08-31,38421.08,3073.69,960.53,42455.29,2013-08-31 00:00:00.000,True
707,663,4,4,5,2013-08-22,2013-08-31,5948.25,475.86,148.71,6572.82,2013-08-31 00:00:00.000,True
708,664,4,3,5,2013-08-22,2013-08-31,91117.95,7289.44,2277.95,100685.33,2013-08-31 00:00:00.000,True
709,665,4,4,1,2013-08-22,2013-08-31,525.0,42.0,13.13,580.13,2013-08-31 00:00:00.000,True
710,666,4,4,5,2013-08-22,2013-08-31,2003.68,160.29,50.09,2214.07,2013-08-31 00:00:00.000,True
711,667,4,4,4,2013-08-22,2013-08-31,26455.28,2116.42,661.38,29233.08,2013-08-31 00:00:00.000,True
712,668,4,4,2,2013-08-22,2013-08-31,944.37,75.55,23.61,1043.53,2013-08-31 00:00:00.000,True
713,669,4,4,1,2013-08-22,2013-08-31,6993.53,559.48,174.84,7727.85,2013-08-31 00:00:00.000,True
714,670,4,4,3,2013-08-22,2013-08-31,62843.55,5027.48,1571.09,69442.12,2013-08-31 00:00:00.000,True
715,671,4,4,5,2013-08-22,2013-08-31,37843.58,3027.49,946.09,41817.15,2013-08-31 00:00:00.000,True
716,672,4,4,4,2013-08-22,2013-08-31,25531.28,2042.5,638.28,28212.06,2013-08-31 00:00:00.000,True
717,673,4,4,4,2013-08-25,2013-09-03,358.63,28.69,8.97,396.28,2013-09-03 00:00:00.000,True
718,674,4,3,4,2013-08-25,2013-09-03,125.75,10.06,3.14,138.95,2013-09-03 00:00:00.000,True
719,675,4,4,5,2013-08-25,2013-09-03,150.79,12.06,3.77,166.62,2013-09-03 00:00:00.000,True
720,676,4,4,5,2013-08-25,2013-09-03,534.81,42.78,13.37,590.96,2013-09-03 00:00:00.000,True
721,677,4,4,2,2013-08-25,2013-09-03,8847.3,707.78,221.18,9776.27,2013-09-03 00:00:00.000,True
722,678,4,4,5,2013-08-25,2013-09-03,171.08,13.69,4.28,189.04,2013-09-03 00:00:00.000,True
723,679,4,4,4,2013-08-25,2013-09-03,20397.3,1631.78,509.93,22539.02,2013-09-03 00:00:00.000,True
724,680,4,4,3,2013-08-25,2013-09-03,14628.08,1170.25,365.7,16164.02,2013-09-03 00:00:00.000,True
725,681,4,4,4,2013-08-25,2013-09-03,25334.93,2026.79,633.37,27995.09,2013-09-03 00:00:00.000,True
726,682,4,4,5,2013-08-25,2013-09-03,278.52,22.28,6.96,307.77,2013-09-03 00:00:00.000,True
727,683,4,4,4,2013-08-25,2013-09-03,358.63,28.69,8.97,396.28,2013-09-03 00:00:00.000,True
728,684,4,3,5,2013-08-25,2013-09-03,270.81,21.66,6.77,299.24,2013-09-03 00:00:00.000,True
729,685,4,4,4,2013-08-25,2013-09-03,2421.12,193.69,60.53,2675.34,2013-09-03 00:00:00.000,True
730,686,4,4,5,2013-08-25,2013-09-03,34644.23,2771.54,866.11,38281.87,2013-09-03 00:00:00.000,True
731,687,4,4,4,2013-08-25,2013-09-03,1839.51,147.16,45.99,2032.65,2013-09-03 00:00:00.000,True
732,688,4,4,5,2013-08-25,2013-09-03,146.29,11.7,3.66,161.65,2013-09-03 00:00:00.000,True
733,689,4,4,5,2013-08-26,2013-09-04,102.56,8.21,2.56,113.33,2013-09-04 00:00:00.000,True
734,690,4,4,5,2013-08-26,2013-09-04,150.79,12.06,3.77,166.62,2013-09-04 00:00:00.000,True
735,691,4,4,5,2013-08-26,2013-09-04,13669.43,1093.55,341.74,15104.71,2013-09-04 00:00:00.000,True
736,692,4,4,5,2013-08-26,2013-09-04,6444.9,515.59,161.12,7121.61,2013-09-04 00:00:00.000,True
737,693,4,4,2,2013-08-26,2013-09-04,50860.43,4068.83,1271.51,56200.77,2013-09-04 00:00:00.000,True
738,694,4,3,1,2013-08-26,2013-09-04,551.88,44.15,13.8,609.83,2013-09-04 00:00:00.000,True
739,695,4,4,1,2013-08-26,2013-09-04,6987.75,559.02,174.69,7721.46,2013-09-04 00:00:00.000,True
740,696,4,4,2,2013-08-26,2013-09-04,28072.28,2245.78,701.81,31019.86,2013-09-04 00:00:00.000,True
741,697,4,4,1,2013-08-26,2013-09-04,1917.3,153.38,47.93,2118.62,2013-09-04 00:00:00.000,True
742,698,4,4,1,2013-08-26,2013-09-04,7623.0,609.84,190.58,8423.42,2013-09-04 00:00:00.000,True
743,699,4,4,2,2013-08-26,2013-09-04,28297.5,2263.8,707.44,31268.74,2013-09-04 00:00:00.000,True
744,700,4,4,2,2013-08-26,2013-09-04,59.94,4.8,1.5,66.24,2013-09-04 00:00:00.000,True
745,701,4,4,4,2013-08-26,2013-09-04,117.43,9.39,2.94,129.76,2013-09-04 00:00:00.000,True
746,702,4,4,5,2013-08-26,2013-09-04,43878.45,3510.28,1096.96,48485.69,2013-09-04 00:00:00.000,True
747,703,4,4,4,2013-08-26,2013-09-04,383.36,30.67,9.58,423.61,2013-09-04 00:00:00.000,True
748,704,4,3,1,2013-08-26,2013-09-04,10631.78,850.54,265.79,11748.11,2013-09-04 00:00:00.000,True
749,705,4,4,5,2013-08-27,2013-09-05,142.41,11.39,3.56,157.36,2013-09-05 00:00:00.000,True
750,706,4,4,2,2013-08-27,2013-09-05,48030.68,3842.45,1200.77,53073.9,2013-09-05 00:00:00.000,True
751,707,4,4,4,2013-08-27,2013-09-05,22516.73,1801.34,562.92,24880.98,2013-09-05 00:00:00.000,True
752,708,5,4,1,2013-08-27,2013-09-05,1276.28,102.1,31.91,1410.28,2013-09-05 00:00:00.000,True
753,709,4,4,1,2013-08-27,2013-09-05,2003.93,160.31,50.1,2214.34,2013-09-05 00:00:00.000,True
754,710,4,4,2,2013-08-27,2013-09-05,50860.43,4068.83,1271.51,56200.77,2013-09-05 00:00:00.000,True
755,711,4,4,1,2013-08-27,2013-09-05,454.86,36.39,11.37,502.62,2013-09-05 00:00:00.000,True
756,712,4,4,5,2013-08-27,2013-09-05,43878.45,3510.28,1096.96,48485.69,2013-09-05 00:00:00.000,True
757,713,4,4,2,2013-08-27,2013-09-05,7132.13,570.57,178.3,7881.0,2013-09-05 00:00:00.000,True
758,714,4,3,2,2013-08-27,2013-09-05,28343.7,2267.5,708.59,31319.79,2013-09-05 00:00:00.000,True
759,715,4,4,4,2013-08-27,2013-09-05,22516.73,1801.34,562.92,24880.98,2013-09-05 00:00:00.000,True
760,716,4,4,5,2013-08-27,2013-09-05,34644.23,2771.54,866.11,38281.87,2013-09-05 00:00:00.000,True
761,717,4,4,4,2013-08-27,2013-09-05,247.56,19.8,6.19,273.55,2013-09-05 00:00:00.000,True
762,718,4,4,5,2013-08-27,2013-09-05,143.04,11.44,3.58,158.06,2013-09-05 00:00:00.000,True
763,719,4,4,2,2013-08-27,2013-09-05,28199.33,2255.95,704.98,31160.25,2013-09-05 00:00:00.000,True
764,720,4,4,1,2013-08-27,2013-09-05,3713.33,297.07,92.83,4103.22,2013-09-05 00:00:00.000,True
765,721,4,4,4,2013-08-28,2013-09-06,19952.63,1596.21,498.82,22047.65,2013-09-06 00:00:00.000,True
766,722,4,4,5,2013-08-28,2013-09-06,6540.66,523.25,163.52,7227.43,2013-09-06 00:00:00.000,True
767,723,4,4,5,2013-08-28,2013-09-06,5711.48,456.92,142.79,6311.18,2013-09-06 00:00:00.000,True
768,724,4,3,5,2013-08-28,2013-09-06,279.78,22.38,6.99,309.16,2013-09-06 00:00:00.000,True
769,725,4,4,2,2013-08-28,2013-09-06,97.97,7.84,2.45,108.25,2013-09-06 00:00:00.000,True
770,726,4,4,4,2013-08-28,2013-09-06,114.47,9.16,2.86,126.49,2013-09-06 00:00:00.000,True
771,727,4,4,4,2013-08-28,2013-09-06,132.65,10.61,3.32,146.57,2013-09-06 00:00:00.000,True
772,728,4,4,5,2013-08-28,2013-09-06,43878.45,3510.28,1096.96,48485.69,2013-09-06 00:00:00.000,True
773,729,4,4,1,2013-08-28,2013-09-06,418.95,33.52,10.47,462.94,2013-09-06 00:00:00.000,True
774,730,4,4,4,2013-08-28,2013-09-06,366.35,29.31,9.16,404.81,2013-09-06 00:00:00.000,True
775,731,4,4,1,2013-08-28,2013-09-06,461.79,36.94,11.54,510.28,2013-09-06 00:00:00.000,True
776,732,4,4,4,2013-08-28,2013-09-06,272.44,21.8,6.81,301.05,2013-09-06 00:00:00.000,True
777,733,4,4,2,2013-08-28,2013-09-06,37.08,2.97,0.93,40.97,2013-09-06 00:00:00.000,True
778,734,4,3,4,2013-08-28,2013-09-06,21558.08,1724.65,538.95,23821.67,2013-09-06 00:00:00.000,True
779,735,4,4,4,2013-08-28,2013-09-06,800.1,64.01,20.0,884.11,2013-09-06 00:00:00.000,True
780,736,4,4,5,2013-08-28,2013-09-06,86220.75,6897.66,2155.52,95273.93,2013-09-06 00:00:00.000,True
781,737,4,4,4,2013-08-29,2013-09-07,235.9,18.87,5.9,260.67,2013-09-07 00:00:00.000,True
782,738,4,4,5,2013-08-29,2013-09-07,533.55,42.68,13.34,589.57,2013-09-07 00:00:00.000,True
783,739,4,4,5,2013-08-29,2013-09-07,40471.2,3237.7,1011.78,44720.68,2013-09-07 00:00:00.000,True
784,740,4,4,4,2013-08-29,2013-09-07,389.66,31.17,9.74,430.57,2013-09-07 00:00:00.000,True
785,741,4,4,4,2013-08-29,2013-09-07,23671.73,1893.74,591.79,26157.26,2013-09-07 00:00:00.000,True
786,742,4,4,5,2013-08-29,2013-09-07,5948.25,475.86,148.71,6572.82,2013-09-07 00:00:00.000,True
787,743,4,4,5,2013-08-29,2013-09-07,91117.95,7289.44,2277.95,100685.33,2013-09-07 00:00:00.000,True
788,744,4,3,1,2013-08-29,2013-09-07,525.0,42.0,13.13,580.13,2013-09-07 00:00:00.000,True
789,745,6,4,5,2013-08-29,2013-09-07,2003.68,160.29,50.09,2214.07,2013-09-07 00:00:00.000,True
790,746,4,4,4,2013-08-29,2013-09-07,26455.28,2116.42,661.38,29233.08,2013-09-07 00:00:00.000,True
791,747,4,4,2,2013-08-29,2013-09-07,944.37,75.55,23.61,1043.53,2013-09-07 00:00:00.000,True
792,748,4,4,4,2013-08-29,2013-09-07,51588.08,4127.05,1289.7,57004.82,2013-09-07 00:00:00.000,True
793,749,4,4,3,2013-08-29,2013-09-07,62843.55,5027.48,1571.09,69442.12,2013-09-07 00:00:00.000,True
794,750,4,4,5,2013-08-29,2013-09-07,37843.58,3027.49,946.09,41817.15,2013-09-07 00:00:00.000,True
795,751,4,4,4,2013-08-29,2013-09-07,25531.28,2042.5,638.28,28212.06,2013-09-07 00:00:00.000,True
796,752,4,4,4,2013-08-29,2013-09-07,234.96,18.8,5.87,259.63,2013-09-07 00:00:00.000,True
797,753,4,4,1,2013-08-30,2013-09-08,1276.28,102.1,31.91,1410.28,2013-09-08 00:00:00.000,True
798,754,6,4,1,2013-08-30,2013-09-08,2003.93,160.31,50.1,2214.34,2013-09-08 00:00:00.000,True
799,755,4,4,2,2013-08-30,2013-09-08,50860.43,4068.83,1271.51,56200.77,2013-09-08 00:00:00.000,True
800,756,4,4,1,2013-08-30,2013-09-08,454.86,36.39,11.37,502.62,2013-09-08 00:00:00.000,True
801,757,4,4,4,2013-09-01,2013-09-10,125.75,10.06,3.14,138.95,2013-09-10 00:00:00.000,True
802,758,4,4,5,2013-09-01,2013-09-10,150.79,12.06,3.77,166.62,2013-09-10 00:00:00.000,True
803,759,4,4,4,2013-09-01,2013-09-10,602.03,48.16,15.05,665.24,2013-09-10 00:00:00.000,True
804,760,4,4,2,2013-09-01,2013-09-10,8847.3,707.78,221.18,9776.27,2013-09-10 00:00:00.000,True
805,761,4,4,5,2013-09-01,2013-09-10,171.08,13.69,4.28,189.04,2013-09-10 00:00:00.000,True
806,762,4,4,4,2013-09-01,2013-09-10,20397.3,1631.78,509.93,22539.02,2013-09-10 00:00:00.000,True
807,763,4,4,3,2013-09-01,2013-09-10,14628.08,1170.25,365.7,16164.02,2013-09-10 00:00:00.000,True
808,764,4,4,3,2013-09-01,2013-09-10,33350.63,2668.05,833.77,36852.44,2013-09-10 00:00:00.000,True
809,765,4,4,5,2013-09-01,2013-09-10,2145.43,171.63,53.64,2370.7,2013-09-10 00:00:00.000,True
810,766,4,4,4,2013-09-01,2013-09-10,234.96,18.8,5.87,259.63,2013-09-10 00:00:00.000,True
811,767,4,4,5,2013-09-01,2013-09-10,1525.23,122.02,38.13,1685.38,2013-09-10 00:00:00.000,True
812,768,4,4,4,2013-09-01,2013-09-10,631.39,50.51,15.78,697.68,2013-09-10 00:00:00.000,True
1301,769,4,4,5,2013-09-01,2013-09-10,34644.23,2771.54,866.11,38281.87,2013-09-10 00:00:00.000,True
1302,770,4,4,4,2013-09-01,2013-09-10,1839.51,147.16,45.99,2032.65,2013-09-10 00:00:00.000,True
1303,771,4,4,5,2013-09-01,2013-09-10,146.29,11.7,3.66,161.65,2013-09-10 00:00:00.000,True
1304,772,4,4,5,2013-09-01,2013-09-10,102.56,8.21,2.56,113.33,2013-09-10 00:00:00.000,True
1305,773,4,4,5,2013-09-02,2013-09-11,150.79,12.06,3.77,166.62,2013-09-11 00:00:00.000,True
1306,774,4,4,5,2013-09-02,2013-09-11,13669.43,1093.55,341.74,15104.71,2013-09-11 00:00:00.000,True
1307,775,4,4,5,2013-09-02,2013-09-11,9948.33,795.87,248.71,10992.9,2013-09-11 00:00:00.000,True
1308,776,4,4,2,2013-09-02,2013-09-11,62462.4,4996.99,1561.56,69020.95,2013-09-11 00:00:00.000,True
1309,777,4,4,1,2013-09-02,2013-09-11,551.88,44.15,13.8,609.83,2013-09-11 00:00:00.000,True
1310,778,4,4,1,2013-09-02,2013-09-11,6987.75,559.02,174.69,7721.46,2013-09-11 00:00:00.000,True
1311,779,4,4,2,2013-09-02,2013-09-11,28072.28,2245.78,701.81,31019.86,2013-09-11 00:00:00.000,True
1312,780,4,4,1,2013-09-02,2013-09-11,37312.28,2984.98,932.81,41230.06,2013-09-11 00:00:00.000,True
1313,781,4,4,1,2013-09-02,2013-09-11,7623.0,609.84,190.58,8423.42,2013-09-11 00:00:00.000,True
1314,782,4,4,2,2013-09-02,2013-09-11,28297.5,2263.8,707.44,31268.74,2013-09-11 00:00:00.000,True
1315,783,5,4,2,2013-09-02,2013-09-11,59.94,4.8,1.5,66.24,2013-09-11 00:00:00.000,True
1316,784,4,4,4,2013-09-02,2013-09-11,240.72,19.26,6.02,266.0,2013-09-11 00:00:00.000,True
1317,785,4,4,5,2013-09-02,2013-09-11,43878.45,3510.28,1096.96,48485.69,2013-09-11 00:00:00.000,True
1318,786,4,4,4,2013-09-02,2013-09-11,475.37,38.03,11.88,525.28,2013-09-11 00:00:00.000,True
1319,787,4,4,2,2013-09-02,2013-09-11,42504.0,3400.32,1062.6,46966.92,2013-09-11 00:00:00.000,True
1320,788,4,4,5,2013-09-02,2013-09-11,142.41,11.39,3.56,157.36,2013-09-11 00:00:00.000,True
1321,789,4,4,2,2013-09-03,2013-09-12,48030.68,3842.45,1200.77,53073.9,2013-09-12 00:00:00.000,True
1322,790,4,4,4,2013-09-03,2013-09-12,421.16,33.69,10.53,465.38,2013-09-12 00:00:00.000,True
1323,791,4,4,1,2013-09-03,2013-09-12,1276.28,102.1,31.91,1410.28,2013-09-12 00:00:00.000,True
1324,792,4,4,1,2013-09-03,2013-09-12,2003.93,160.31,50.1,2214.34,2013-09-12 00:00:00.000,True
1325,793,4,4,2,2013-09-03,2013-09-12,50860.43,4068.83,1271.51,56200.77,2013-09-12 00:00:00.000,True
1326,794,4,4,1,2013-09-03,2013-09-12,454.86,36.39,11.37,502.62,2013-09-12 00:00:00.000,True
1327,795,4,4,5,2013-09-03,2013-09-12,43878.45,3510.28,1096.96,48485.69,2013-09-12 00:00:00.000,True
1328,796,4,4,2,2013-09-03,2013-09-12,7132.13,570.57,178.3,7881.0,2013-09-12 00:00:00.000,True
1329,797,5,4,2,2013-09-03,2013-09-12,28343.7,2267.5,708.59,31319.79,2013-09-12 00:00:00.000,True
1330,798,4,4,4,2013-09-03,2013-09-12,22516.73,1801.34,562.92,24880.98,2013-09-12 00:00:00.000,True
1331,799,4,4,5,2013-09-03,2013-09-12,34644.23,2771.54,866.11,38281.87,2013-09-12 00:00:00.000,True
1332,800,4,4,5,2013-09-03,2013-09-12,427.93,34.23,10.7,472.86,2013-09-12 00:00:00.000,True
1333,801,4,4,5,2013-09-03,2013-09-12,143.04,11.44,3.58,158.06,2013-09-12 00:00:00.000,True
1334,802,4,4,2,2013-09-03,2013-09-12,28199.33,2255.95,704.98,31160.25,2013-09-12 00:00:00.000,True
1335,803,4,4,1,2013-09-03,2013-09-12,3713.33,297.07,92.83,4103.22,2013-09-12 00:00:00.000,True
1336,804,4,4,5,2013-09-03,2013-09-12,43878.45,3510.28,1096.96,48485.69,2013-09-12 00:00:00.000,True
1337,805,4,4,5,2013-09-04,2013-09-13,9799.65,783.97,244.99,10828.61,2013-09-13 00:00:00.000,True
1338,806,4,4,5,2013-09-04,2013-09-13,5711.48,456.92,142.79,6311.18,2013-09-13 00:00:00.000,True
1339,807,4,4,5,2013-09-04,2013-09-13,814.59,65.17,20.36,900.12,2013-09-13 00:00:00.000,True
1340,808,4,4,2,2013-09-04,2013-09-13,97.97,7.84,2.45,108.25,2013-09-13 00:00:00.000,True
1341,809,4,4,4,2013-09-04,2013-09-13,114.47,9.16,2.86,126.49,2013-09-13 00:00:00.000,True
1342,810,4,4,4,2013-09-04,2013-09-13,132.65,10.61,3.32,146.57,2013-09-13 00:00:00.000,True
1343,811,4,4,5,2013-09-04,2013-09-13,43878.45,3510.28,1096.96,48485.69,2013-09-13 00:00:00.000,True
1344,812,4,4,1,2013-09-04,2013-09-13,418.95,33.52,10.47,462.94,2013-09-13 00:00:00.000,True
1345,813,4,4,4,2013-09-04,2013-09-13,347.45,27.8,8.69,383.93,2013-09-13 00:00:00.000,True
1346,814,4,4,1,2013-09-04,2013-09-13,461.79,36.94,11.54,510.28,2013-09-13 00:00:00.000,True
1347,815,4,4,4,2013-09-04,2013-09-13,1112.27,88.98,27.81,1229.05,2013-09-13 00:00:00.000,True
1348,816,4,4,2,2013-09-04,2013-09-13,37.08,2.97,0.93,40.97,2013-09-13 00:00:00.000,True
1349,817,4,4,4,2013-09-04,2013-09-13,21558.08,1724.65,538.95,23821.67,2013-09-13 00:00:00.000,True
1350,818,4,4,4,2013-09-04,2013-09-13,624.3,49.94,15.61,689.85,2013-09-13 00:00:00.000,True
1351,819,4,4,5,2013-09-04,2013-09-13,86220.75,6897.66,2155.52,95273.93,2013-09-13 00:00:00.000,True
1352,820,4,4,5,2013-09-04,2013-09-13,429.35,34.35,10.73,474.43,2013-09-13 00:00:00.000,True
1353,821,4,4,5,2013-09-05,2013-09-14,564.83,45.19,14.12,624.13,2013-09-14 00:00:00.000,True
1354,822,4,4,5,2013-09-05,2013-09-14,40471.2,3237.7,1011.78,44720.68,2013-09-14 00:00:00.000,True
1355,823,4,4,5,2013-09-05,2013-09-14,427.46,34.2,10.69,472.34,2013-09-14 00:00:00.000,True
1356,824,4,4,5,2013-09-05,2013-09-14,38421.08,3073.69,960.53,42455.29,2013-09-14 00:00:00.000,True
1357,825,4,4,5,2013-09-05,2013-09-14,5948.25,475.86,148.71,6572.82,2013-09-14 00:00:00.000,True
1358,826,4,4,5,2013-09-05,2013-09-14,91117.95,7289.44,2277.95,100685.33,2013-09-14 00:00:00.000,True
1359,827,4,4,1,2013-09-05,2013-09-14,525.0,42.0,13.13,580.13,2013-09-14 00:00:00.000,True
1360,828,4,4,5,2013-09-05,2013-09-14,2003.68,160.29,50.09,2214.07,2013-09-14 00:00:00.000,True
1361,829,5,4,4,2013-09-05,2013-09-14,26455.28,2116.42,661.38,29233.08,2013-09-14 00:00:00.000,True
1362,830,4,4,2,2013-09-05,2013-09-14,944.37,75.55,23.61,1043.53,2013-09-14 00:00:00.000,True
1363,831,4,4,4,2013-09-05,2013-09-14,51588.08,4127.05,1289.7,57004.82,2013-09-14 00:00:00.000,True
1364,832,4,4,3,2013-09-05,2013-09-14,36122.63,2889.81,903.07,39915.5,2013-09-14 00:00:00.000,True
1365,833,4,4,5,2013-09-05,2013-09-14,37843.58,3027.49,946.09,41817.15,2013-09-14 00:00:00.000,True
1366,834,4,4,4,2013-09-05,2013-09-14,25531.28,2042.5,638.28,28212.06,2013-09-14 00:00:00.000,True
1367,835,4,4,5,2013-09-05,2013-09-14,2061.71,164.94,51.54,2278.19,2013-09-14 00:00:00.000,True
1368,836,4,4,4,2013-09-05,2013-09-14,125.75,10.06,3.14,138.95,2013-09-14 00:00:00.000,True
1369,837,4,4,5,2013-09-06,2013-09-15,43878.45,3510.28,1096.96,48485.69,2013-09-15 00:00:00.000,True
1370,838,4,4,2,2013-09-06,2013-09-15,7132.13,570.57,178.3,7881.0,2013-09-15 00:00:00.000,True
1371,839,4,4,2,2013-09-06,2013-09-15,28343.7,2267.5,708.59,31319.79,2013-09-15 00:00:00.000,True
1372,840,4,4,4,2013-09-06,2013-09-15,22516.73,1801.34,562.92,24880.98,2013-09-15 00:00:00.000,True
1373,841,4,4,5,2013-09-08,2013-09-17,150.79,12.06,3.77,166.62,2013-09-17 00:00:00.000,True
1374,842,4,4,4,2013-09-08,2013-09-17,235.9,18.87,5.9,260.67,2013-09-17 00:00:00.000,True
1375,843,4,4,2,2013-09-08,2013-09-17,8847.3,707.78,221.18,9776.27,2013-09-17 00:00:00.000,True
1376,844,4,4,5,2013-09-08,2013-09-17,171.08,13.69,4.28,189.04,2013-09-17 00:00:00.000,True
1377,845,7,4,4,2013-09-08,2013-09-17,20397.3,1631.78,509.93,22539.02,2013-09-17 00:00:00.000,True
1378,846,4,4,3,2013-09-08,2013-09-17,14628.08,1170.25,365.7,16164.02,2013-09-17 00:00:00.000,True
1379,847,4,4,4,2013-09-08,2013-09-17,25334.93,2026.79,633.37,27995.09,2013-09-17 00:00:00.000,True
1380,848,4,4,5,2013-09-08,2013-09-17,693.38,55.47,17.33,766.18,2013-09-17 00:00:00.000,True
1381,849,4,4,5,2013-09-08,2013-09-17,694.17,55.53,17.35,767.05,2013-09-17 00:00:00.000,True
1382,850,4,4,5,2013-09-08,2013-09-17,1796.04,143.68,44.9,1984.62,2013-09-17 00:00:00.000,True
1383,851,4,4,4,2013-09-08,2013-09-17,463.4,37.07,11.58,512.05,2013-09-17 00:00:00.000,True
1384,852,4,4,5,2013-09-08,2013-09-17,34644.23,2771.54,866.11,38281.87,2013-09-17 00:00:00.000,True
1385,853,4,4,4,2013-09-08,2013-09-17,1839.51,147.16,45.99,2032.65,2013-09-17 00:00:00.000,True
1386,854,4,4,5,2013-09-08,2013-09-17,146.29,11.7,3.66,161.65,2013-09-17 00:00:00.000,True
1387,855,4,4,5,2013-09-08,2013-09-17,102.56,8.21,2.56,113.33,2013-09-17 00:00:00.000,True
1388,856,4,4,5,2013-09-08,2013-09-17,150.79,12.06,3.77,166.62,2013-09-17 00:00:00.000,True
1389,857,4,4,5,2013-09-09,2013-09-18,13669.43,1093.55,341.74,15104.71,2013-09-18 00:00:00.000,True
1390,858,4,4,5,2013-09-09,2013-09-18,16393.23,1311.46,409.83,18114.52,2013-09-18 00:00:00.000,True
1391,859,4,4,5,2013-09-09,2013-09-18,39258.45,3140.68,981.46,43380.59,2013-09-18 00:00:00.000,True
1392,860,4,4,1,2013-09-09,2013-09-18,551.88,44.15,13.8,609.83,2013-09-18 00:00:00.000,True
1393,861,4,4,1,2013-09-09,2013-09-18,6987.75,559.02,174.69,7721.46,2013-09-18 00:00:00.000,True
1394,862,4,4,2,2013-09-09,2013-09-18,28072.28,2245.78,701.81,31019.86,2013-09-18 00:00:00.000,True
1395,863,4,4,1,2013-09-09,2013-09-18,37312.28,2984.98,932.81,41230.06,2013-09-18 00:00:00.000,True
1396,864,4,4,1,2013-09-09,2013-09-18,4215.75,337.26,105.39,4658.4,2013-09-18 00:00:00.000,True
1397,865,4,4,2,2013-09-09,2013-09-18,28297.5,2263.8,707.44,31268.74,2013-09-18 00:00:00.000,True
1398,866,4,4,2,2013-09-09,2013-09-18,59.94,4.8,1.5,66.24,2013-09-18 00:00:00.000,True
1399,867,4,4,4,2013-09-09,2013-09-18,697.41,55.79,17.44,770.64,2013-09-18 00:00:00.000,True
1400,868,4,4,5,2013-09-09,2013-09-18,43878.45,3510.28,1096.96,48485.69,2013-09-18 00:00:00.000,True
1401,869,4,4,4,2013-09-09,2013-09-18,636.58,50.93,15.91,703.42,2013-09-18 00:00:00.000,True
1402,870,4,4,1,2013-09-09,2013-09-18,13929.3,1114.34,348.23,15391.88,2013-09-18 00:00:00.000,True
1403,871,5,4,5,2013-09-09,2013-09-18,142.41,11.39,3.56,157.36,2013-09-18 00:00:00.000,True
1404,872,4,4,2,2013-09-09,2013-09-18,28794.15,2303.53,719.85,31817.54,2013-09-18 00:00:00.000,True
1405,873,4,4,4,2013-09-10,2013-09-19,402.26,32.18,10.06,444.49,2013-09-19 00:00:00.000,True
1406,874,4,4,1,2013-09-10,2013-09-19,1276.28,102.1,31.91,1410.28,2013-09-19 00:00:00.000,True
1407,875,4,4,1,2013-09-10,2013-09-19,2003.93,160.31,50.1,2214.34,2013-09-19 00:00:00.000,True
1408,876,4,4,2,2013-09-10,2013-09-19,50860.43,4068.83,1271.51,56200.77,2013-09-19 00:00:00.000,True
1409,877,4,4,1,2013-09-10,2013-09-19,454.86,36.39,11.37,502.62,2013-09-19 00:00:00.000,True
1410,878,4,4,5,2013-09-10,2013-09-19,43878.45,3510.28,1096.96,48485.69,2013-09-19 00:00:00.000,True
1411,879,4,4,2,2013-09-10,2013-09-19,7132.13,570.57,178.3,7881.0,2013-09-19 00:00:00.000,True
1412,880,4,4,2,2013-09-10,2013-09-19,28343.7,2267.5,708.59,31319.79,2013-09-19 00:00:00.000,True
1413,881,4,4,4,2013-09-10,2013-09-19,22516.73,1801.34,562.92,24880.98,2013-09-19 00:00:00.000,True
1414,882,4,4,5,2013-09-10,2013-09-19,34644.23,2771.54,866.11,38281.87,2013-09-19 00:00:00.000,True
1415,883,4,4,4,2013-09-10,2013-09-19,409.03,32.72,10.23,451.98,2013-09-19 00:00:00.000,True
1416,884,4,4,5,2013-09-10,2013-09-19,143.04,11.44,3.58,158.06,2013-09-19 00:00:00.000,True
1417,885,4,4,2,2013-09-10,2013-09-19,28199.33,2255.95,704.98,31160.25,2013-09-19 00:00:00.000,True
1418,886,4,4,1,2013-09-10,2013-09-19,3713.33,297.07,92.83,4103.22,2013-09-19 00:00:00.000,True
1419,887,4,4,4,2013-09-10,2013-09-19,19952.63,1596.21,498.82,22047.65,2013-09-19 00:00:00.000,True
1420,888,4,4,5,2013-09-10,2013-09-19,16340.31,1307.22,408.51,18056.04,2013-09-19 00:00:00.000,True
1421,889,4,4,5,2013-09-11,2013-09-20,5711.48,456.92,142.79,6311.18,2013-09-20 00:00:00.000,True
1422,890,5,4,4,2013-09-11,2013-09-20,378.95,30.32,9.47,418.73,2013-09-20 00:00:00.000,True
1423,891,4,4,2,2013-09-11,2013-09-20,97.97,7.84,2.45,108.25,2013-09-20 00:00:00.000,True
1424,892,4,4,4,2013-09-11,2013-09-20,114.47,9.16,2.86,126.49,2013-09-20 00:00:00.000,True
1425,893,4,4,4,2013-09-11,2013-09-20,132.65,10.61,3.32,146.57,2013-09-20 00:00:00.000,True
1426,894,4,4,5,2013-09-11,2013-09-20,43878.45,3510.28,1096.96,48485.69,2013-09-20 00:00:00.000,True
1427,895,4,4,1,2013-09-11,2013-09-20,418.95,33.52,10.47,462.94,2013-09-20 00:00:00.000,True
1428,896,4,4,5,2013-09-11,2013-09-20,564.2,45.14,14.1,623.44,2013-09-20 00:00:00.000,True
1429,897,4,4,1,2013-09-11,2013-09-20,461.79,36.94,11.54,510.28,2013-09-20 00:00:00.000,True
1430,898,4,4,4,2013-09-11,2013-09-20,630.38,50.43,15.76,696.57,2013-09-20 00:00:00.000,True
1431,899,4,4,2,2013-09-11,2013-09-20,37.08,2.97,0.93,40.97,2013-09-20 00:00:00.000,True
1432,900,4,4,4,2013-09-11,2013-09-20,21558.08,1724.65,538.95,23821.67,2013-09-20 00:00:00.000,True
1433,901,4,4,4,2013-09-11,2013-09-20,450.17,36.01,11.25,497.43,2013-09-20 00:00:00.000,True
1434,902,4,4,5,2013-09-11,2013-09-20,41048.7,3283.9,1026.22,45358.81,2013-09-20 00:00:00.000,True
1435,903,4,4,4,2013-09-11,2013-09-20,410.45,32.84,10.26,453.54,2013-09-20 00:00:00.000,True
1436,904,4,4,4,2013-09-11,2013-09-20,273.07,21.85,6.83,301.75,2013-09-20 00:00:00.000,True
1437,905,4,4,5,2013-09-12,2013-09-21,34644.23,2771.54,866.11,38281.87,2013-09-21 00:00:00.000,True
1438,906,4,4,4,2013-09-12,2013-09-21,513.8,41.1,12.84,567.75,2013-09-21 00:00:00.000,True
1439,907,4,4,5,2013-09-12,2013-09-21,143.04,11.44,3.58,158.06,2013-09-21 00:00:00.000,True
1440,908,4,4,2,2013-09-12,2013-09-21,28199.33,2255.95,704.98,31160.25,2013-09-21 00:00:00.000,True
1441,909,4,4,5,2013-09-15,2013-09-24,40471.2,3237.7,1011.78,44720.68,2013-09-24 00:00:00.000,True
1442,910,4,4,4,2013-09-15,2013-09-24,408.56,32.68,10.21,451.45,2013-09-24 00:00:00.000,True
1443,911,4,4,4,2013-09-15,2013-09-24,23671.73,1893.74,591.79,26157.26,2013-09-24 00:00:00.000,True
1444,912,5,4,5,2013-09-15,2013-09-24,5948.25,475.86,148.71,6572.82,2013-09-24 00:00:00.000,True
1445,913,5,4,5,2013-09-15,2013-09-24,91117.95,7289.44,2277.95,100685.33,2013-09-24 00:00:00.000,True
1446,914,4,4,1,2013-09-15,2013-09-24,525.0,42.0,13.13,580.13,2013-09-24 00:00:00.000,True
1447,915,4,4,5,2013-09-15,2013-09-24,2003.68,160.29,50.09,2214.07,2013-09-24 00:00:00.000,True
1448,916,4,4,4,2013-09-15,2013-09-24,26455.28,2116.42,661.38,29233.08,2013-09-24 00:00:00.000,True
1449,917,4,4,2,2013-09-15,2013-09-24,944.37,75.55,23.61,1043.53,2013-09-24 00:00:00.000,True
1450,918,4,4,4,2013-09-15,2013-09-24,51588.08,4127.05,1289.7,57004.82,2013-09-24 00:00:00.000,True
1451,919,4,4,5,2013-09-15,2013-09-24,26720.93,2137.67,668.02,29526.62,2013-09-24 00:00:00.000,True
1452,920,4,4,5,2013-09-15,2013-09-24,37843.58,3027.49,946.09,41817.15,2013-09-24 00:00:00.000,True
1453,921,4,4,4,2013-09-15,2013-09-24,25531.28,2042.5,638.28,28212.06,2013-09-24 00:00:00.000,True
1454,922,4,4,5,2013-09-15,2013-09-24,278.84,22.31,6.97,308.12,2013-09-24 00:00:00.000,True
1455,923,4,4,4,2013-09-15,2013-09-24,125.75,10.06,3.14,138.95,2013-09-24 00:00:00.000,True
1456,924,4,4,5,2013-09-15,2013-09-24,150.79,12.06,3.77,166.62,2013-09-24 00:00:00.000,True
1457,925,4,4,5,2013-09-17,2013-09-26,2069.27,165.54,51.73,2286.54,2013-09-26 00:00:00.000,True
1458,926,4,4,2,2013-09-17,2013-09-26,8847.3,707.78,221.18,9776.27,2013-09-26 00:00:00.000,True
1459,927,4,4,5,2013-09-17,2013-09-26,171.08,13.69,4.28,189.04,2013-09-26 00:00:00.000,True
1460,928,4,4,4,2013-09-17,2013-09-26,20397.3,1631.78,509.93,22539.02,2013-09-26 00:00:00.000,True
1461,929,4,4,3,2013-09-18,2013-09-27,14628.08,1170.25,365.7,16164.02,2013-09-27 00:00:00.000,True
1462,930,4,4,3,2013-09-18,2013-09-27,58685.55,4694.84,1467.14,64847.53,2013-09-27 00:00:00.000,True
1463,931,4,4,5,2013-09-18,2013-09-27,532.29,42.58,13.31,588.18,2013-09-27 00:00:00.000,True
1464,932,4,4,5,2013-09-18,2013-09-27,272.76,21.82,6.82,301.4,2013-09-27 00:00:00.000,True
1465,933,4,4,5,2013-09-18,2013-09-27,1796.04,143.68,44.9,1984.62,2013-09-27 00:00:00.000,True
1466,934,4,4,5,2013-09-18,2013-09-27,279.78,22.38,6.99,309.16,2013-09-27 00:00:00.000,True
1467,935,4,4,5,2013-09-18,2013-09-27,34644.23,2771.54,866.11,38281.87,2013-09-27 00:00:00.000,True
1468,936,4,4,4,2013-09-18,2013-09-27,1839.51,147.16,45.99,2032.65,2013-09-27 00:00:00.000,True
1469,937,4,4,5,2013-09-18,2013-09-27,146.29,11.7,3.66,161.65,2013-09-27 00:00:00.000,True
1470,938,4,4,5,2013-09-18,2013-09-27,102.56,8.21,2.56,113.33,2013-09-27 00:00:00.000,True
1471,939,4,4,5,2013-09-18,2013-09-27,150.79,12.06,3.77,166.62,2013-09-27 00:00:00.000,True
1472,940,4,4,5,2013-09-18,2013-09-27,13669.43,1093.55,341.74,15104.71,2013-09-27 00:00:00.000,True
1473,941,4,4,5,2013-09-18,2013-09-27,13458.69,1076.7,336.47,14871.85,2013-09-27 00:00:00.000,True
1474,942,4,4,2,2013-09-18,2013-09-27,28343.7,2267.5,708.59,31319.79,2013-09-27 00:00:00.000,True
1475,943,4,4,1,2013-09-18,2013-09-27,551.88,44.15,13.8,609.83,2013-09-27 00:00:00.000,True
1476,944,4,3,1,2013-09-18,2013-09-27,3811.5,304.92,95.29,4211.71,2013-09-27 00:00:00.000,True
1477,945,4,4,2,2013-09-20,2013-09-29,28072.28,2245.78,701.81,31019.86,2013-09-29 00:00:00.000,True
1478,946,4,4,1,2013-09-20,2013-09-29,37312.28,2984.98,932.81,41230.06,2013-09-29 00:00:00.000,True
1479,947,4,4,1,2013-09-20,2013-09-29,3407.25,272.58,85.18,3765.01,2013-09-29 00:00:00.000,True
1480,948,4,4,2,2013-09-20,2013-09-29,28297.5,2263.8,707.44,31268.74,2013-09-29 00:00:00.000,True
1481,949,4,4,2,2013-09-22,2013-10-01,59.94,4.8,1.5,66.24,2013-10-01 00:00:00.000,True
1482,950,4,4,4,2013-09-22,2013-10-01,117.43,9.39,2.94,129.76,2013-10-01 00:00:00.000,True
1483,951,4,4,5,2013-09-22,2013-10-01,43878.45,3510.28,1096.96,48485.69,2013-10-01 00:00:00.000,True
1484,952,4,4,5,2013-09-22,2013-10-01,142.63,11.41,3.57,157.61,2013-10-01 00:00:00.000,True
1485,953,4,4,1,2013-09-22,2013-10-01,12300.75,984.06,307.52,13592.33,2013-10-01 00:00:00.000,True
1486,954,4,4,5,2013-09-22,2013-10-01,142.41,11.39,3.56,157.36,2013-10-01 00:00:00.000,True
1487,955,4,4,5,2013-09-22,2013-10-01,19236.53,1538.92,480.91,21256.36,2013-10-01 00:00:00.000,True
1488,956,4,4,4,2013-09-22,2013-10-01,50983.94,4078.71,1274.6,56337.25,2013-10-01 00:00:00.000,True
1489,957,4,4,1,2013-09-22,2013-10-01,1276.28,102.1,31.91,1410.28,2013-10-01 00:00:00.000,True
1490,958,4,4,1,2013-09-22,2013-10-01,2003.93,160.31,50.1,2214.34,2013-10-01 00:00:00.000,True
1491,959,4,4,2,2013-09-22,2013-10-01,50860.43,4068.83,1271.51,56200.77,2013-10-01 00:00:00.000,True
1492,960,4,4,1,2013-09-22,2013-10-01,454.86,36.39,11.37,502.62,2013-10-01 00:00:00.000,True
1493,961,4,4,5,2013-09-22,2013-10-01,43878.45,3510.28,1096.96,48485.69,2013-10-01 00:00:00.000,True
1494,962,4,4,2,2013-09-22,2013-10-01,7132.13,570.57,178.3,7881.0,2013-10-01 00:00:00.000,True
1495,963,4,4,2,2013-09-22,2013-10-01,28343.7,2267.5,708.59,31319.79,2013-10-01 00:00:00.000,True
1496,964,4,4,4,2013-09-22,2013-10-01,22516.73,1801.34,562.92,24880.98,2013-10-01 00:00:00.000,True
1497,965,4,4,1,2013-09-26,2013-10-05,3713.33,297.07,92.83,4103.22,2013-10-05 00:00:00.000,True
1498,966,4,4,5,2013-09-26,2013-10-05,63831.08,5106.49,1595.78,70533.34,2013-10-05 00:00:00.000,True
1499,967,4,4,5,2013-09-26,2013-10-05,16340.31,1307.22,408.51,18056.04,2013-10-05 00:00:00.000,True
1500,968,4,4,5,2013-09-26,2013-10-05,5711.48,456.92,142.79,6311.18,2013-10-05 00:00:00.000,True
1501,969,4,4,5,2013-09-26,2013-10-05,34644.23,2771.54,866.11,38281.87,2013-10-05 00:00:00.000,True
1502,970,4,4,4,2013-09-26,2013-10-05,364.93,29.19,9.12,403.24,2013-10-05 00:00:00.000,True
1503,971,5,4,5,2013-09-26,2013-10-05,143.04,11.44,3.58,158.06,2013-10-05 00:00:00.000,True
1504,972,4,4,2,2013-09-26,2013-10-05,28199.33,2255.95,704.98,31160.25,2013-10-05 00:00:00.000,True
1505,973,4,4,4,2013-09-27,2013-10-06,360.05,28.8,9.0,397.85,2013-10-06 00:00:00.000,True
1506,974,4,4,2,2013-09-27,2013-10-06,97.97,7.84,2.45,108.25,2013-10-06 00:00:00.000,True
1507,975,5,4,4,2013-09-27,2013-10-06,114.47,9.16,2.86,126.49,2013-10-06 00:00:00.000,True
1508,976,4,4,4,2013-09-27,2013-10-06,132.65,10.61,3.32,146.57,2013-10-06 00:00:00.000,True
1509,977,4,4,1,2013-09-29,2013-10-08,3713.33,297.07,92.83,4103.22,2013-10-08 00:00:00.000,True
1510,978,4,4,5,2013-09-29,2013-10-08,63831.08,5106.49,1595.78,70533.34,2013-10-08 00:00:00.000,True
1511,979,4,4,5,2013-09-29,2013-10-08,16340.31,1307.22,408.51,18056.04,2013-10-08 00:00:00.000,True
1512,980,4,4,5,2013-09-29,2013-10-08,5711.48,456.92,142.79,6311.18,2013-10-08 00:00:00.000,True
1513,981,4,4,4,2013-09-29,2013-10-08,235.9,18.87,5.9,260.67,2013-10-08 00:00:00.000,True
1514,982,4,4,2,2013-09-29,2013-10-08,97.97,7.84,2.45,108.25,2013-10-08 00:00:00.000,True
1515,983,4,4,4,2013-09-29,2013-10-08,114.47,9.16,2.86,126.49,2013-10-08 00:00:00.000,True
1516,984,4,3,4,2013-09-29,2013-10-08,132.65,10.61,3.32,146.57,2013-10-08 00:00:00.000,True
1517,985,4,4,5,2013-09-29,2013-10-08,43878.45,3510.28,1096.96,48485.69,2013-10-08 00:00:00.000,True
1518,986,4,4,1,2013-09-29,2013-10-08,418.95,33.52,10.47,462.94,2013-10-08 00:00:00.000,True
1519,987,4,4,4,2013-09-29,2013-10-08,402.73,32.22,10.07,445.01,2013-10-08 00:00:00.000,True
1520,988,4,4,1,2013-09-29,2013-10-08,461.79,36.94,11.54,510.28,2013-10-08 00:00:00.000,True
1521,989,4,4,4,2013-09-29,2013-10-08,592.8,47.42,14.82,655.04,2013-10-08 00:00:00.000,True
1522,990,4,4,2,2013-09-29,2013-10-08,37.08,2.97,0.93,40.97,2013-10-08 00:00:00.000,True
1523,991,4,4,4,2013-09-29,2013-10-08,21558.08,1724.65,538.95,23821.67,2013-10-08 00:00:00.000,True
1524,992,4,4,4,2013-09-29,2013-10-08,260.16,20.81,6.5,287.48,2013-10-08 00:00:00.000,True
1525,993,4,4,4,2013-09-30,2013-10-09,45172.05,3613.76,1129.3,49915.12,2013-10-09 00:00:00.000,True
1526,994,4,3,4,2013-09-30,2013-10-09,254.58,20.37,6.36,281.31,2013-10-09 00:00:00.000,True
1527,995,4,4,4,2013-09-30,2013-10-09,390.6,31.25,9.77,431.61,2013-10-09 00:00:00.000,True
1528,996,4,4,5,2013-09-30,2013-10-09,40471.2,3237.7,1011.78,44720.68,2013-10-09 00:00:00.000,True
1529,997,4,4,4,2013-10-06,2013-10-15,389.66,31.17,9.74,430.57,2013-10-15 00:00:00.000,True
1530,998,4,4,5,2013-10-06,2013-10-15,62092.8,4967.42,1552.32,68612.54,2013-10-15 00:00:00.000,True
1531,999,4,4,5,2013-10-06,2013-10-15,5948.25,475.86,148.71,6572.82,2013-10-15 00:00:00.000,True
1532,1000,4,4,5,2013-10-06,2013-10-15,91117.95,7289.44,2277.95,100685.33,2013-10-15 00:00:00.000,True
1533,1001,4,4,1,2013-10-06,2013-10-15,525.0,42.0,13.13,580.13,2013-10-15 00:00:00.000,True
1534,1002,4,4,5,2013-10-06,2013-10-15,281.89,22.55,7.05,311.49,2013-10-15 00:00:00.000,True
1535,1003,4,4,4,2013-10-06,2013-10-15,26455.28,2116.42,661.38,29233.08,2013-10-15 00:00:00.000,True
1536,1004,4,3,2,2013-10-06,2013-10-15,944.37,75.55,23.61,1043.53,2013-10-15 00:00:00.000,True
1537,1005,4,4,4,2013-10-06,2013-10-15,51588.08,4127.05,1289.7,57004.82,2013-10-15 00:00:00.000,True
1538,1006,4,4,3,2013-10-06,2013-10-15,62843.55,5027.48,1571.09,69442.12,2013-10-15 00:00:00.000,True
1539,1007,4,4,5,2013-10-06,2013-10-15,37843.58,3027.49,946.09,41817.15,2013-10-15 00:00:00.000,True
1540,1008,4,4,4,2013-10-06,2013-10-15,25531.28,2042.5,638.28,28212.06,2013-10-15 00:00:00.000,True
1541,1009,4,4,5,2013-10-06,2013-10-15,688.09,55.05,17.2,760.34,2013-10-15 00:00:00.000,True
1542,1010,4,4,4,2013-10-06,2013-10-15,125.75,10.06,3.14,138.95,2013-10-15 00:00:00.000,True
1543,1011,4,4,5,2013-10-06,2013-10-15,150.79,12.06,3.77,166.62,2013-10-15 00:00:00.000,True
1544,1012,4,4,5,2013-10-06,2013-10-15,279.78,22.38,6.99,309.16,2013-10-15 00:00:00.000,True
1545,1013,7,4,5,2013-10-10,2013-10-19,43878.45,3510.28,1096.96,48485.69,2013-10-19 00:00:00.000,True
1546,1014,4,4,1,2013-10-10,2013-10-19,418.95,33.52,10.47,462.94,2013-10-19 00:00:00.000,True
1547,1015,4,4,4,2013-10-10,2013-10-19,3939.01,315.12,98.48,4352.61,2013-10-19 00:00:00.000,True
1548,1016,4,4,1,2013-10-10,2013-10-19,461.79,36.94,11.54,510.28,2013-10-19 00:00:00.000,True
1549,1017,4,4,4,2013-10-10,2013-10-19,797.9,63.83,19.95,881.67,2013-10-19 00:00:00.000,True
1550,1018,4,4,2,2013-10-10,2013-10-19,37.08,2.97,0.93,40.97,2013-10-19 00:00:00.000,True
1551,1019,4,4,4,2013-10-10,2013-10-19,21558.08,1724.65,538.95,23821.67,2013-10-19 00:00:00.000,True
1552,1020,4,4,4,2013-10-10,2013-10-19,422.1,33.77,10.55,466.42,2013-10-19 00:00:00.000,True
1553,1021,4,4,5,2013-10-10,2013-10-19,86220.75,6897.66,2155.52,95273.93,2013-10-19 00:00:00.000,True
1554,1022,4,4,4,2013-10-10,2013-10-19,261.1,20.89,6.53,288.52,2013-10-19 00:00:00.000,True
1555,1023,4,4,5,2013-10-10,2013-10-19,428.4,34.27,10.71,473.38,2013-10-19 00:00:00.000,True
1556,1024,5,4,5,2013-10-10,2013-10-19,40471.2,3237.7,1011.78,44720.68,2013-10-19 00:00:00.000,True
1557,1025,4,4,2,2013-10-13,2013-10-22,8847.3,707.78,221.18,9776.27,2013-10-22 00:00:00.000,True
1558,1026,4,4,5,2013-10-13,2013-10-22,171.08,13.69,4.28,189.04,2013-10-22 00:00:00.000,True
1559,1027,4,4,4,2013-10-13,2013-10-22,20397.3,1631.78,509.93,22539.02,2013-10-22 00:00:00.000,True
1560,1028,4,4,3,2013-10-13,2013-10-22,14628.08,1170.25,365.7,16164.02,2013-10-22 00:00:00.000,True
1561,1029,4,4,3,2013-10-13,2013-10-22,58685.55,4694.84,1467.14,64847.53,2013-10-22 00:00:00.000,True
1562,1030,4,4,4,2013-10-13,2013-10-22,370.76,29.66,9.27,409.68,2013-10-22 00:00:00.000,True
1563,1031,4,4,4,2013-10-13,2013-10-22,501.2,40.1,12.53,553.82,2013-10-22 00:00:00.000,True
1564,1032,4,4,5,2013-10-13,2013-10-22,270.81,21.66,6.77,299.24,2013-10-22 00:00:00.000,True
1565,1033,4,4,5,2013-10-13,2013-10-22,416.75,33.34,10.42,460.5,2013-10-22 00:00:00.000,True
1566,1034,4,4,5,2013-10-13,2013-10-22,34644.23,2771.54,866.11,38281.87,2013-10-22 00:00:00.000,True
1567,1035,4,4,4,2013-10-13,2013-10-22,1839.51,147.16,45.99,2032.65,2013-10-22 00:00:00.000,True
1568,1036,4,4,5,2013-10-13,2013-10-22,146.29,11.7,3.66,161.65,2013-10-22 00:00:00.000,True
1569,1037,4,4,5,2013-10-13,2013-10-22,102.56,8.21,2.56,113.33,2013-10-22 00:00:00.000,True
1570,1038,4,4,5,2013-10-13,2013-10-22,150.79,12.06,3.77,166.62,2013-10-22 00:00:00.000,True
1571,1039,4,4,5,2013-10-13,2013-10-22,13669.43,1093.55,341.74,15104.71,2013-10-22 00:00:00.000,True
1572,1040,4,4,5,2013-10-13,2013-10-22,2934.54,234.76,73.36,3242.67,2013-10-22 00:00:00.000,True
1573,1041,4,4,4,2013-10-14,2013-10-23,73377.15,5870.17,1834.43,81081.75,2013-10-23 00:00:00.000,True
1574,1042,4,4,1,2013-10-14,2013-10-23,551.88,44.15,13.8,609.83,2013-10-23 00:00:00.000,True
1575,1043,4,4,1,2013-10-14,2013-10-23,3176.25,254.1,79.41,3509.76,2013-10-23 00:00:00.000,True
1576,1044,4,4,2,2013-10-14,2013-10-23,28072.28,2245.78,701.81,31019.86,2013-10-23 00:00:00.000,True
1577,1045,4,4,1,2013-10-14,2013-10-23,37312.28,2984.98,932.81,41230.06,2013-10-23 00:00:00.000,True
1578,1046,4,4,1,2013-10-14,2013-10-23,7623.0,609.84,190.58,8423.42,2013-10-23 00:00:00.000,True
1579,1047,4,4,2,2013-10-14,2013-10-23,28297.5,2263.8,707.44,31268.74,2013-10-23 00:00:00.000,True
1580,1048,4,4,2,2013-10-14,2013-10-23,59.94,4.8,1.5,66.24,2013-10-23 00:00:00.000,True
1581,1049,4,4,4,2013-10-14,2013-10-23,598.88,47.91,14.97,661.76,2013-10-23 00:00:00.000,True
1582,1050,4,4,5,2013-10-14,2013-10-23,43878.45,3510.28,1096.96,48485.69,2013-10-23 00:00:00.000,True
1583,1051,4,4,4,2013-10-14,2013-10-23,481.89,38.55,12.05,532.49,2013-10-23 00:00:00.000,True
1584,1052,4,4,1,2013-10-14,2013-10-23,10631.78,850.54,265.79,11748.11,2013-10-23 00:00:00.000,True
1585,1053,4,4,5,2013-10-14,2013-10-23,142.41,11.39,3.56,157.36,2013-10-23 00:00:00.000,True
1586,1054,4,4,2,2013-10-14,2013-10-23,28794.15,2303.53,719.85,31817.54,2013-10-23 00:00:00.000,True
1587,1055,4,4,4,2013-10-14,2013-10-23,51807.35,4144.59,1295.18,57247.12,2013-10-23 00:00:00.000,True
1588,1056,4,4,1,2013-10-14,2013-10-23,1276.28,102.1,31.91,1410.28,2013-10-23 00:00:00.000,True
1589,1057,4,4,5,2013-10-15,2013-10-24,836.01,66.88,20.9,923.79,2013-10-24 00:00:00.000,True
1590,1058,4,4,5,2013-10-15,2013-10-24,62092.8,4967.42,1552.32,68612.54,2013-10-24 00:00:00.000,True
1591,1059,5,4,5,2013-10-15,2013-10-24,5948.25,475.86,148.71,6572.82,2013-10-24 00:00:00.000,True
1592,1060,4,4,5,2013-10-15,2013-10-24,91117.95,7289.44,2277.95,100685.33,2013-10-24 00:00:00.000,True
1593,1061,4,4,1,2013-10-15,2013-10-24,525.0,42.0,13.13,580.13,2013-10-24 00:00:00.000,True
1594,1062,4,4,3,2013-10-15,2013-10-24,1721.79,137.74,43.04,1902.58,2013-10-24 00:00:00.000,True
1595,1063,4,4,4,2013-10-15,2013-10-24,26455.28,2116.42,661.38,29233.08,2013-10-24 00:00:00.000,True
1596,1064,4,4,2,2013-10-15,2013-10-24,944.37,75.55,23.61,1043.53,2013-10-24 00:00:00.000,True
1597,1065,4,4,1,2013-10-20,2013-10-29,2003.93,160.31,50.1,2214.34,2013-10-29 00:00:00.000,True
1598,1066,4,4,2,2013-10-20,2013-10-29,50860.43,4068.83,1271.51,56200.77,2013-10-29 00:00:00.000,True
1599,1067,4,4,1,2013-10-20,2013-10-29,454.86,36.39,11.37,502.62,2013-10-29 00:00:00.000,True
1600,1068,4,4,5,2013-10-20,2013-10-29,43878.45,3510.28,1096.96,48485.69,2013-10-29 00:00:00.000,True
1601,1069,4,4,2,2013-10-20,2013-10-29,7132.13,570.57,178.3,7881.0,2013-10-29 00:00:00.000,True
1602,1070,4,4,2,2013-10-20,2013-10-29,28343.7,2267.5,708.59,31319.79,2013-10-29 00:00:00.000,True
1603,1071,4,4,4,2013-10-20,2013-10-29,22516.73,1801.34,562.92,24880.98,2013-10-29 00:00:00.000,True
1604,1072,4,4,5,2013-10-20,2013-10-29,34644.23,2771.54,866.11,38281.87,2013-10-29 00:00:00.000,True
1605,1073,4,4,5,2013-10-20,2013-10-29,427.93,34.23,10.7,472.86,2013-10-29 00:00:00.000,True
1606,1074,4,3,5,2013-10-20,2013-10-29,143.04,11.44,3.58,158.06,2013-10-29 00:00:00.000,True
1607,1075,4,4,2,2013-10-20,2013-10-29,28199.33,2255.95,704.98,31160.25,2013-10-29 00:00:00.000,True
1608,1076,4,4,1,2013-10-20,2013-10-29,3713.33,297.07,92.83,4103.22,2013-10-29 00:00:00.000,True
1609,1077,4,4,5,2013-10-20,2013-10-29,63831.08,5106.49,1595.78,70533.34,2013-10-29 00:00:00.000,True
1610,1078,4,4,5,2013-10-20,2013-10-29,16340.31,1307.22,408.51,18056.04,2013-10-29 00:00:00.000,True
1611,1079,5,4,5,2013-10-20,2013-10-29,5711.48,456.92,142.79,6311.18,2013-10-29 00:00:00.000,True
1612,1080,4,4,5,2013-10-20,2013-10-29,429.35,34.35,10.73,474.43,2013-10-29 00:00:00.000,True
1613,1081,4,4,4,2013-10-21,2013-10-30,51588.08,4127.05,1289.7,57004.82,2013-10-30 00:00:00.000,True
1614,1082,4,4,3,2013-10-21,2013-10-30,36122.63,2889.81,903.07,39915.5,2013-10-30 00:00:00.000,True
1615,1083,4,4,5,2013-10-21,2013-10-30,37843.58,3027.49,946.09,41817.15,2013-10-30 00:00:00.000,True
1616,1084,6,4,4,2013-10-21,2013-10-30,25531.28,2042.5,638.28,28212.06,2013-10-30 00:00:00.000,True
1617,1085,4,4,4,2013-10-30,2013-11-08,1094.78,87.58,27.37,1209.73,2013-11-08 00:00:00.000,True
1618,1086,4,4,4,2013-10-30,2013-11-08,125.75,10.06,3.14,138.95,2013-11-08 00:00:00.000,True
1619,1087,4,4,5,2013-10-30,2013-11-08,150.79,12.06,3.77,166.62,2013-11-08 00:00:00.000,True
1620,1088,4,4,5,2013-10-30,2013-11-08,690.45,55.24,17.26,762.95,2013-11-08 00:00:00.000,True
1621,1089,4,4,2,2013-10-30,2013-11-08,8847.3,707.78,221.18,9776.27,2013-11-08 00:00:00.000,True
1622,1090,4,4,5,2013-10-30,2013-11-08,171.08,13.69,4.28,189.04,2013-11-08 00:00:00.000,True
1623,1091,4,4,4,2013-10-30,2013-11-08,20397.3,1631.78,509.93,22539.02,2013-11-08 00:00:00.000,True
1624,1092,4,4,3,2013-10-30,2013-11-08,14628.08,1170.25,365.7,16164.02,2013-11-08 00:00:00.000,True
1625,1093,4,4,3,2013-11-06,2013-11-15,58685.55,4694.84,1467.14,64847.53,2013-11-15 00:00:00.000,True
1626,1094,5,4,4,2013-11-06,2013-11-15,228.12,18.25,5.7,252.08,2013-11-15 00:00:00.000,True
1627,1095,4,4,4,2013-11-06,2013-11-15,593.59,47.49,14.84,655.91,2013-11-15 00:00:00.000,True
1628,1096,4,4,5,2013-11-06,2013-11-15,1525.23,122.02,38.13,1685.38,2013-11-15 00:00:00.000,True
1629,1097,4,4,5,2013-11-06,2013-11-15,776.79,62.14,19.42,858.35,2013-11-15 00:00:00.000,True
1630,1098,4,4,5,2013-11-06,2013-11-15,34644.23,2771.54,866.11,38281.87,2013-11-15 00:00:00.000,True
1631,1099,4,4,4,2013-11-06,2013-11-15,1839.51,147.16,45.99,2032.65,2013-11-15 00:00:00.000,True
1632,1100,4,4,5,2013-11-06,2013-11-15,146.29,11.7,3.66,161.65,2013-11-15 00:00:00.000,True
1633,1101,4,4,5,2013-11-07,2013-11-16,102.56,8.21,2.56,113.33,2013-11-16 00:00:00.000,True
1634,1102,4,4,5,2013-11-07,2013-11-16,150.79,12.06,3.77,166.62,2013-11-16 00:00:00.000,True
1635,1103,4,4,5,2013-11-07,2013-11-16,13669.43,1093.55,341.74,15104.71,2013-11-16 00:00:00.000,True
1636,1104,4,3,5,2013-11-07,2013-11-16,6444.9,515.59,161.12,7121.61,2013-11-16 00:00:00.000,True
1637,1105,4,4,2,2013-11-07,2013-11-16,50860.43,4068.83,1271.51,56200.77,2013-11-16 00:00:00.000,True
1638,1106,4,4,1,2013-11-07,2013-11-16,551.88,44.15,13.8,609.83,2013-11-16 00:00:00.000,True
1639,1107,4,4,1,2013-11-07,2013-11-16,6987.75,559.02,174.69,7721.46,2013-11-16 00:00:00.000,True
1640,1108,4,4,2,2013-11-07,2013-11-16,28072.28,2245.78,701.81,31019.86,2013-11-16 00:00:00.000,True
1641,1109,4,4,1,2013-11-07,2013-11-16,37312.28,2984.98,932.81,41230.06,2013-11-16 00:00:00.000,True
1642,1110,4,4,1,2013-11-07,2013-11-16,7623.0,609.84,190.58,8423.42,2013-11-16 00:00:00.000,True
1643,1111,4,4,2,2013-11-07,2013-11-16,28297.5,2263.8,707.44,31268.74,2013-11-16 00:00:00.000,True
1644,1112,4,4,2,2013-11-07,2013-11-16,59.94,4.8,1.5,66.24,2013-11-16 00:00:00.000,True
1645,1113,4,4,4,2013-11-07,2013-11-16,339.26,27.14,8.48,374.88,2013-11-16 00:00:00.000,True
1646,1114,4,4,5,2013-11-07,2013-11-16,43878.45,3510.28,1096.96,48485.69,2013-11-16 00:00:00.000,True
1647,1115,4,4,4,2013-11-07,2013-11-16,2423.23,193.86,60.58,2677.67,2013-11-16 00:00:00.000,True
1648,1116,4,4,2,2013-11-07,2013-11-16,29989.58,2399.17,749.74,33138.48,2013-11-16 00:00:00.000,True
1649,1117,4,4,5,2013-11-08,2013-11-17,142.41,11.39,3.56,157.36,2013-11-17 00:00:00.000,True
1650,1118,4,4,5,2013-11-08,2013-11-17,19236.53,1538.92,480.91,21256.36,2013-11-17 00:00:00.000,True
1651,1119,4,4,4,2013-11-08,2013-11-17,693.6,55.49,17.34,766.43,2013-11-17 00:00:00.000,True
1652,1120,4,4,1,2013-11-08,2013-11-17,1276.28,102.1,31.91,1410.28,2013-11-17 00:00:00.000,True
1653,1121,4,4,1,2013-11-08,2013-11-17,2003.93,160.31,50.1,2214.34,2013-11-17 00:00:00.000,True
1654,1122,5,4,2,2013-11-08,2013-11-17,28343.7,2267.5,708.59,31319.79,2013-11-17 00:00:00.000,True
1655,1123,4,4,1,2013-11-08,2013-11-17,454.86,36.39,11.37,502.62,2013-11-17 00:00:00.000,True
1656,1124,4,4,5,2013-11-08,2013-11-17,43878.45,3510.28,1096.96,48485.69,2013-11-17 00:00:00.000,True
1657,1125,4,4,2,2013-11-08,2013-11-17,7132.13,570.57,178.3,7881.0,2013-11-17 00:00:00.000,True
1658,1126,4,4,2,2013-11-08,2013-11-17,28343.7,2267.5,708.59,31319.79,2013-11-17 00:00:00.000,True
1659,1127,4,4,4,2013-11-08,2013-11-17,22516.73,1801.34,562.92,24880.98,2013-11-17 00:00:00.000,True
1660,1128,4,4,5,2013-11-08,2013-11-17,34644.23,2771.54,866.11,38281.87,2013-11-17 00:00:00.000,True
1661,1129,4,4,4,2013-11-08,2013-11-17,662.67,53.01,16.57,732.25,2013-11-17 00:00:00.000,True
1662,1130,4,4,5,2013-11-08,2013-11-17,143.04,11.44,3.58,158.06,2013-11-17 00:00:00.000,True
1663,1131,4,4,2,2013-11-08,2013-11-17,28199.33,2255.95,704.98,31160.25,2013-11-17 00:00:00.000,True
1664,1132,4,4,1,2013-11-08,2013-11-17,3713.33,297.07,92.83,4103.22,2013-11-17 00:00:00.000,True
1665,1133,4,4,5,2013-11-11,2013-11-20,63831.08,5106.49,1595.78,70533.34,2013-11-20 00:00:00.000,True
1666,1134,4,4,5,2013-11-11,2013-11-20,6540.66,523.25,163.52,7227.43,2013-11-20 00:00:00.000,True
1667,1135,4,4,5,2013-11-11,2013-11-20,5711.48,456.92,142.79,6311.18,2013-11-20 00:00:00.000,True
1668,1136,4,4,4,2013-11-11,2013-11-20,540.89,43.27,13.52,597.68,2013-11-20 00:00:00.000,True
1669,1137,4,4,2,2013-11-11,2013-11-20,97.97,7.84,2.45,108.25,2013-11-20 00:00:00.000,True
1670,1138,4,4,4,2013-11-11,2013-11-20,114.47,9.16,2.86,126.49,2013-11-20 00:00:00.000,True
1671,1139,4,4,4,2013-11-11,2013-11-20,132.65,10.61,3.32,146.57,2013-11-20 00:00:00.000,True
1672,1140,5,4,5,2013-11-11,2013-11-20,43878.45,3510.28,1096.96,48485.69,2013-11-20 00:00:00.000,True
1673,1141,4,4,1,2013-11-11,2013-11-20,418.95,33.52,10.47,462.94,2013-11-20 00:00:00.000,True
1674,1142,4,4,4,2013-11-11,2013-11-20,272.44,21.8,6.81,301.05,2013-11-20 00:00:00.000,True
1675,1143,4,4,1,2013-11-11,2013-11-20,461.79,36.94,11.54,510.28,2013-11-20 00:00:00.000,True
1676,1144,4,4,4,2013-11-11,2013-11-20,259.84,20.79,6.5,287.13,2013-11-20 00:00:00.000,True
1677,1145,4,4,2,2013-11-11,2013-11-20,37.08,2.97,0.93,40.97,2013-11-20 00:00:00.000,True
1678,1146,4,4,4,2013-11-11,2013-11-20,21558.08,1724.65,538.95,23821.67,2013-11-20 00:00:00.000,True
1679,1147,4,4,4,2013-11-11,2013-11-20,663.67,53.09,16.59,733.36,2013-11-20 00:00:00.000,True
1680,1148,4,4,5,2013-11-11,2013-11-20,86220.75,6897.66,2155.52,95273.93,2013-11-20 00:00:00.000,True
1681,1149,4,4,4,2013-11-12,2013-11-21,602.25,48.18,15.06,665.48,2013-11-21 00:00:00.000,True
1682,1150,4,4,4,2013-11-12,2013-11-21,409.5,32.76,10.24,452.5,2013-11-21 00:00:00.000,True
1683,1151,4,4,5,2013-11-12,2013-11-21,40471.2,3237.7,1011.78,44720.68,2013-11-21 00:00:00.000,True
1684,1152,4,4,4,2013-11-12,2013-11-21,253.32,20.27,6.33,279.92,2013-11-21 00:00:00.000,True
1685,1153,4,4,5,2013-11-12,2013-11-21,62092.8,4967.42,1552.32,68612.54,2013-11-21 00:00:00.000,True
1686,1154,4,4,5,2013-11-12,2013-11-21,5948.25,475.86,148.71,6572.82,2013-11-21 00:00:00.000,True
1687,1155,4,4,5,2013-11-12,2013-11-21,91117.95,7289.44,2277.95,100685.33,2013-11-21 00:00:00.000,True
1688,1156,4,4,1,2013-11-12,2013-11-21,525.0,42.0,13.13,580.13,2013-11-21 00:00:00.000,True
1689,1157,4,4,5,2013-11-12,2013-11-21,2003.68,160.29,50.09,2214.07,2013-11-21 00:00:00.000,True
1690,1158,4,4,4,2013-11-12,2013-11-21,26455.28,2116.42,661.38,29233.08,2013-11-21 00:00:00.000,True
1691,1159,5,4,2,2013-11-12,2013-11-21,944.37,75.55,23.61,1043.53,2013-11-21 00:00:00.000,True
1692,1160,4,4,4,2013-11-12,2013-11-21,48186.6,3854.93,1204.67,53246.19,2013-11-21 00:00:00.000,True
1693,1161,4,4,5,2013-11-12,2013-11-21,26720.93,2137.67,668.02,29526.62,2013-11-21 00:00:00.000,True
1694,1162,4,4,5,2013-11-12,2013-11-21,37843.58,3027.49,946.09,41817.15,2013-11-21 00:00:00.000,True
1695,1163,4,4,4,2013-11-12,2013-11-21,25531.28,2042.5,638.28,28212.06,2013-11-21 00:00:00.000,True
1696,1164,4,4,5,2013-11-12,2013-11-21,278.84,22.31,6.97,308.12,2013-11-21 00:00:00.000,True
1697,1165,4,4,4,2013-11-13,2013-11-22,125.75,10.06,3.14,138.95,2013-11-22 00:00:00.000,True
1698,1166,4,4,5,2013-11-13,2013-11-22,150.79,12.06,3.77,166.62,2013-11-22 00:00:00.000,True
1699,1167,4,4,4,2013-11-13,2013-11-22,751.59,60.13,18.79,830.51,2013-11-22 00:00:00.000,True
1700,1168,6,4,2,2013-11-13,2013-11-22,8847.3,707.78,221.18,9776.27,2013-11-22 00:00:00.000,True
1701,1169,4,4,5,2013-11-13,2013-11-22,171.08,13.69,4.28,189.04,2013-11-22 00:00:00.000,True
1702,1170,4,4,4,2013-11-13,2013-11-22,20397.3,1631.78,509.93,22539.02,2013-11-22 00:00:00.000,True
1703,1171,4,4,3,2013-11-13,2013-11-22,14628.08,1170.25,365.7,16164.02,2013-11-22 00:00:00.000,True
1704,1172,4,4,3,2013-11-13,2013-11-22,33350.63,2668.05,833.77,36852.44,2013-11-22 00:00:00.000,True
1705,1173,4,4,4,2013-11-13,2013-11-22,339.26,27.14,8.48,374.88,2013-11-22 00:00:00.000,True
1706,1174,4,4,5,2013-11-13,2013-11-22,278.84,22.31,6.97,308.12,2013-11-22 00:00:00.000,True
1707,1175,4,4,5,2013-11-13,2013-11-22,1796.04,143.68,44.9,1984.62,2013-11-22 00:00:00.000,True
1708,1176,4,4,4,2013-11-13,2013-11-22,484.41,38.75,12.11,535.27,2013-11-22 00:00:00.000,True
1709,1177,4,4,5,2013-11-15,2013-11-24,34644.23,2771.54,866.11,38281.87,2013-11-24 00:00:00.000,True
1710,1178,4,4,4,2013-11-15,2013-11-24,1839.51,147.16,45.99,2032.65,2013-11-24 00:00:00.000,True
1711,1179,4,4,5,2013-11-15,2013-11-24,146.29,11.7,3.66,161.65,2013-11-24 00:00:00.000,True
1712,1180,4,4,5,2013-11-15,2013-11-24,102.56,8.21,2.56,113.33,2013-11-24 00:00:00.000,True
1713,1181,4,4,5,2013-11-15,2013-11-24,150.79,12.06,3.77,166.62,2013-11-24 00:00:00.000,True
1714,1182,4,4,5,2013-11-15,2013-11-24,13669.43,1093.55,341.74,15104.71,2013-11-24 00:00:00.000,True
1715,1183,4,4,5,2013-11-15,2013-11-24,9948.33,795.87,248.71,10992.9,2013-11-24 00:00:00.000,True
1716,1184,4,4,2,2013-11-15,2013-11-24,28343.7,2267.5,708.59,31319.79,2013-11-24 00:00:00.000,True
1717,1185,4,4,1,2013-11-15,2013-11-24,551.88,44.15,13.8,609.83,2013-11-24 00:00:00.000,True
1718,1186,4,4,1,2013-11-15,2013-11-24,6987.75,559.02,174.69,7721.46,2013-11-24 00:00:00.000,True
1719,1187,4,4,2,2013-11-15,2013-11-24,28072.28,2245.78,701.81,31019.86,2013-11-24 00:00:00.000,True
1720,1188,4,4,1,2013-11-15,2013-11-24,37312.28,2984.98,932.81,41230.06,2013-11-24 00:00:00.000,True
1721,1189,4,4,1,2013-11-18,2013-11-27,7623.0,609.84,190.58,8423.42,2013-11-27 00:00:00.000,True
1722,1190,4,4,2,2013-11-18,2013-11-27,28297.5,2263.8,707.44,31268.74,2013-11-27 00:00:00.000,True
1723,1191,4,4,2,2013-11-18,2013-11-27,59.94,4.8,1.5,66.24,2013-11-27 00:00:00.000,True
1724,1192,4,4,4,2013-11-18,2013-11-27,117.43,9.39,2.94,129.76,2013-11-27 00:00:00.000,True
1725,1193,4,4,5,2013-11-18,2013-11-27,43878.45,3510.28,1096.96,48485.69,2013-11-27 00:00:00.000,True
1726,1194,5,4,4,2013-11-18,2013-11-27,247.24,19.78,6.18,273.2,2013-11-27 00:00:00.000,True
1727,1195,4,4,2,2013-11-18,2013-11-27,49376.25,3950.1,1234.41,54560.76,2013-11-27 00:00:00.000,True
1728,1196,4,4,5,2013-11-18,2013-11-27,142.41,11.39,3.56,157.36,2013-11-27 00:00:00.000,True
1729,1197,4,4,2,2013-11-18,2013-11-27,48030.68,3842.45,1200.77,53073.9,2013-11-27 00:00:00.000,True
1730,1198,4,4,4,2013-11-18,2013-11-27,51113.75,4089.1,1277.84,56480.69,2013-11-27 00:00:00.000,True
1731,1199,4,4,1,2013-11-18,2013-11-27,1276.28,102.1,31.91,1410.28,2013-11-27 00:00:00.000,True
1732,1200,4,4,1,2013-11-18,2013-11-27,2003.93,160.31,50.1,2214.34,2013-11-27 00:00:00.000,True
1733,1201,4,4,4,2013-11-19,2013-11-28,22516.73,1801.34,562.92,24880.98,2013-11-28 00:00:00.000,True
1734,1202,4,4,1,2013-11-19,2013-11-28,454.86,36.39,11.37,502.62,2013-11-28 00:00:00.000,True
1735,1203,4,4,5,2013-11-19,2013-11-28,43878.45,3510.28,1096.96,48485.69,2013-11-28 00:00:00.000,True
1736,1204,4,3,2,2013-11-19,2013-11-28,7132.13,570.57,178.3,7881.0,2013-11-28 00:00:00.000,True
1737,1205,4,4,2,2013-11-20,2013-11-29,28343.7,2267.5,708.59,31319.79,2013-11-29 00:00:00.000,True
1738,1206,4,4,4,2013-11-20,2013-11-29,22516.73,1801.34,562.92,24880.98,2013-11-29 00:00:00.000,True
1739,1207,4,4,5,2013-11-20,2013-11-29,34644.23,2771.54,866.11,38281.87,2013-11-29 00:00:00.000,True
1740,1208,4,4,4,2013-11-20,2013-11-29,625.09,50.01,15.63,690.72,2013-11-29 00:00:00.000,True
1741,1209,4,4,5,2013-11-20,2013-11-29,143.04,11.44,3.58,158.06,2013-11-29 00:00:00.000,True
1742,1210,4,4,2,2013-11-20,2013-11-29,28199.33,2255.95,704.98,31160.25,2013-11-29 00:00:00.000,True
1743,1211,4,4,1,2013-11-20,2013-11-29,3713.33,297.07,92.83,4103.22,2013-11-29 00:00:00.000,True
1744,1212,4,4,5,2013-11-20,2013-11-29,43878.45,3510.28,1096.96,48485.69,2013-11-29 00:00:00.000,True
1745,1213,4,4,5,2013-11-20,2013-11-29,9799.65,783.97,244.99,10828.61,2013-11-29 00:00:00.000,True
1746,1214,4,4,5,2013-11-20,2013-11-29,5711.48,456.92,142.79,6311.18,2013-11-29 00:00:00.000,True
1747,1215,4,4,4,2013-11-20,2013-11-29,1099.04,87.92,27.48,1214.43,2013-11-29 00:00:00.000,True
1748,1216,4,4,2,2013-11-20,2013-11-29,97.97,7.84,2.45,108.25,2013-11-29 00:00:00.000,True
1749,1217,4,4,4,2013-11-20,2013-11-29,114.47,9.16,2.86,126.49,2013-11-29 00:00:00.000,True
1750,1218,5,4,4,2013-11-20,2013-11-29,132.65,10.61,3.32,146.57,2013-11-29 00:00:00.000,True
1751,1219,4,4,5,2013-11-20,2013-11-29,43878.45,3510.28,1096.96,48485.69,2013-11-29 00:00:00.000,True
1752,1220,4,4,1,2013-11-20,2013-11-29,418.95,33.52,10.47,462.94,2013-11-29 00:00:00.000,True
1753,1221,4,4,4,2013-11-21,2013-11-30,513.17,41.05,12.83,567.05,2013-11-30 00:00:00.000,True
1754,1222,4,4,1,2013-11-21,2013-11-30,461.79,36.94,11.54,510.28,2013-11-30 00:00:00.000,True
1755,1223,4,4,4,2013-11-21,2013-11-30,364.46,29.16,9.11,402.72,2013-11-30 00:00:00.000,True
1756,1224,4,4,2,2013-11-21,2013-11-30,37.08,2.97,0.93,40.97,2013-11-30 00:00:00.000,True
1757,1225,4,4,4,2013-11-22,2013-12-01,21558.08,1724.65,538.95,23821.67,2013-12-01 00:00:00.000,True
1758,1226,4,4,4,2013-11-22,2013-12-01,507.09,40.57,12.68,560.33,2013-12-01 00:00:00.000,True
1759,1227,4,4,5,2013-11-22,2013-12-01,86220.75,6897.66,2155.52,95273.93,2013-12-01 00:00:00.000,True
1760,1228,4,4,4,2013-11-22,2013-12-01,111.54,8.92,2.79,123.25,2013-12-01 00:00:00.000,True
1761,1229,4,4,4,2013-11-22,2013-12-01,390.6,31.25,9.77,431.61,2013-12-01 00:00:00.000,True
1762,1230,4,4,5,2013-11-22,2013-12-01,40471.2,3237.7,1011.78,44720.68,2013-12-01 00:00:00.000,True
1763,1231,4,4,4,2013-11-22,2013-12-01,136.33,10.91,3.41,150.65,2013-12-01 00:00:00.000,True
1764,1232,4,4,5,2013-11-22,2013-12-01,38421.08,3073.69,960.53,42455.29,2013-12-01 00:00:00.000,True
1765,1233,4,4,5,2013-11-22,2013-12-01,5948.25,475.86,148.71,6572.82,2013-12-01 00:00:00.000,True
1766,1234,4,4,5,2013-11-22,2013-12-01,91117.95,7289.44,2277.95,100685.33,2013-12-01 00:00:00.000,True
1767,1235,4,4,1,2013-11-22,2013-12-01,525.0,42.0,13.13,580.13,2013-12-01 00:00:00.000,True
1768,1236,4,4,5,2013-11-22,2013-12-01,2003.68,160.29,50.09,2214.07,2013-12-01 00:00:00.000,True
1769,1237,4,4,4,2013-11-22,2013-12-01,26455.28,2116.42,661.38,29233.08,2013-12-01 00:00:00.000,True
1770,1238,4,4,2,2013-11-22,2013-12-01,944.37,75.55,23.61,1043.53,2013-12-01 00:00:00.000,True
1771,1239,4,4,1,2013-11-22,2013-12-01,3401.48,272.12,85.04,3758.63,2013-12-01 00:00:00.000,True
1772,1240,4,4,3,2013-11-22,2013-12-01,62843.55,5027.48,1571.09,69442.12,2013-12-01 00:00:00.000,True
1773,1241,4,4,5,2013-11-25,2013-12-04,37843.58,3027.49,946.09,41817.15,2013-12-04 00:00:00.000,True
1774,1242,4,4,4,2013-11-25,2013-12-04,25531.28,2042.5,638.28,28212.06,2013-12-04 00:00:00.000,True
1775,1243,4,4,5,2013-11-25,2013-12-04,415.33,33.23,10.38,458.94,2013-12-04 00:00:00.000,True
1776,1244,4,4,4,2013-11-25,2013-12-04,125.75,10.06,3.14,138.95,2013-12-04 00:00:00.000,True
1777,1245,6,4,5,2013-11-25,2013-12-04,150.79,12.06,3.77,166.62,2013-12-04 00:00:00.000,True
1778,1246,4,4,4,2013-11-25,2013-12-04,347.45,27.8,8.69,383.93,2013-12-04 00:00:00.000,True
1779,1247,4,4,2,2013-11-25,2013-12-04,8847.3,707.78,221.18,9776.27,2013-12-04 00:00:00.000,True
1780,1248,4,4,5,2013-11-25,2013-12-04,171.08,13.69,4.28,189.04,2013-12-04 00:00:00.000,True
1781,1249,4,4,4,2013-11-25,2013-12-04,20397.3,1631.78,509.93,22539.02,2013-12-04 00:00:00.000,True
1782,1250,5,4,3,2013-11-25,2013-12-04,14628.08,1170.25,365.7,16164.02,2013-12-04 00:00:00.000,True
1783,1251,4,4,4,2013-11-25,2013-12-04,25334.93,2026.79,633.37,27995.09,2013-12-04 00:00:00.000,True
1784,1252,4,4,4,2013-11-25,2013-12-04,260.16,20.81,6.5,287.48,2013-12-04 00:00:00.000,True
1785,1253,4,4,5,2013-11-25,2013-12-04,415.33,33.23,10.38,458.94,2013-12-04 00:00:00.000,True
1786,1254,4,4,5,2013-11-25,2013-12-04,270.81,21.66,6.77,299.24,2013-12-04 00:00:00.000,True
1787,1255,4,4,4,2013-11-25,2013-12-04,3052.51,244.2,76.31,3373.02,2013-12-04 00:00:00.000,True
1788,1256,4,4,5,2013-11-25,2013-12-04,34644.23,2771.54,866.11,38281.87,2013-12-04 00:00:00.000,True
1789,1257,4,4,4,2013-11-26,2013-12-05,1839.51,147.16,45.99,2032.65,2013-12-05 00:00:00.000,True
1790,1258,4,4,5,2013-11-26,2013-12-05,146.29,11.7,3.66,161.65,2013-12-05 00:00:00.000,True
1791,1259,4,4,5,2013-11-26,2013-12-05,102.56,8.21,2.56,113.33,2013-12-05 00:00:00.000,True
1792,1260,4,4,5,2013-11-26,2013-12-05,150.79,12.06,3.77,166.62,2013-12-05 00:00:00.000,True
1793,1261,4,4,5,2013-11-26,2013-12-05,13669.43,1093.55,341.74,15104.71,2013-12-05 00:00:00.000,True
1794,1262,4,4,5,2013-11-26,2013-12-05,6444.9,515.59,161.12,7121.61,2013-12-05 00:00:00.000,True
1795,1263,4,4,4,2013-11-26,2013-12-05,50860.43,4068.83,1271.51,56200.77,2013-12-05 00:00:00.000,True
1796,1264,4,4,1,2013-11-26,2013-12-05,551.88,44.15,13.8,609.83,2013-12-05 00:00:00.000,True
1797,1265,4,4,1,2013-11-27,2013-12-06,6987.75,559.02,174.69,7721.46,2013-12-06 00:00:00.000,True
1798,1266,4,4,2,2013-11-27,2013-12-06,28072.28,2245.78,701.81,31019.86,2013-12-06 00:00:00.000,True
1799,1267,4,4,1,2013-11-27,2013-12-06,37312.28,2984.98,932.81,41230.06,2013-12-06 00:00:00.000,True
1800,1268,4,4,1,2013-11-27,2013-12-06,7623.0,609.84,190.58,8423.42,2013-12-06 00:00:00.000,True
1801,1269,4,4,2,2013-11-27,2013-12-06,28297.5,2263.8,707.44,31268.74,2013-12-06 00:00:00.000,True
1802,1270,4,4,2,2013-11-27,2013-12-06,59.94,4.8,1.5,66.24,2013-12-06 00:00:00.000,True
1803,1271,4,4,4,2013-11-27,2013-12-06,487.97,39.04,12.2,539.2,2013-12-06 00:00:00.000,True
1804,1272,4,4,5,2013-11-27,2013-12-06,43878.45,3510.28,1096.96,48485.69,2013-12-06 00:00:00.000,True
1805,1273,4,4,4,2013-11-27,2013-12-06,345.56,27.64,8.64,381.84,2013-12-06 00:00:00.000,True
1806,1274,4,4,2,2013-11-27,2013-12-06,15153.6,1212.29,378.84,16744.73,2013-12-06 00:00:00.000,True
1807,1275,4,4,5,2013-11-27,2013-12-06,142.41,11.39,3.56,157.36,2013-12-06 00:00:00.000,True
1808,1276,4,4,2,2013-11-27,2013-12-06,48030.68,3842.45,1200.77,53073.9,2013-12-06 00:00:00.000,True
1809,1277,4,4,4,2013-11-27,2013-12-06,823.41,65.87,20.59,909.87,2013-12-06 00:00:00.000,True
1810,1278,4,4,1,2013-11-27,2013-12-06,1276.28,102.1,31.91,1410.28,2013-12-06 00:00:00.000,True
1811,1279,4,4,1,2013-11-27,2013-12-06,2003.93,160.31,50.1,2214.34,2013-12-06 00:00:00.000,True
1812,1280,5,4,2,2013-11-27,2013-12-06,50860.43,4068.83,1271.51,56200.77,2013-12-06 00:00:00.000,True
1813,1281,4,4,1,2013-11-28,2013-12-07,454.86,36.39,11.37,502.62,2013-12-07 00:00:00.000,True
1814,1282,4,4,5,2013-11-28,2013-12-07,43878.45,3510.28,1096.96,48485.69,2013-12-07 00:00:00.000,True
1815,1283,4,4,2,2013-11-28,2013-12-07,7132.13,570.57,178.3,7881.0,2013-12-07 00:00:00.000,True
1816,1284,4,4,2,2013-11-28,2013-12-07,28343.7,2267.5,708.59,31319.79,2013-12-07 00:00:00.000,True
1817,1285,4,4,4,2013-11-28,2013-12-07,22516.73,1801.34,562.92,24880.98,2013-12-07 00:00:00.000,True
1818,1286,4,4,5,2013-11-28,2013-12-07,34644.23,2771.54,866.11,38281.87,2013-12-07 00:00:00.000,True
1819,1287,4,4,5,2013-11-28,2013-12-07,836.96,66.96,20.92,924.84,2013-12-07 00:00:00.000,True
1820,1288,4,4,5,2013-11-28,2013-12-07,143.04,11.44,3.58,158.06,2013-12-07 00:00:00.000,True
1821,1289,4,4,2,2013-11-28,2013-12-07,28199.33,2255.95,704.98,31160.25,2013-12-07 00:00:00.000,True
1822,1290,4,4,1,2013-11-28,2013-12-07,3713.33,297.07,92.83,4103.22,2013-12-07 00:00:00.000,True
1823,1291,4,4,4,2013-11-28,2013-12-07,19952.63,1596.21,498.82,22047.65,2013-12-07 00:00:00.000,True
1824,1292,4,4,5,2013-11-28,2013-12-07,6540.66,523.25,163.52,7227.43,2013-12-07 00:00:00.000,True
1825,1293,4,4,5,2013-11-28,2013-12-07,5711.48,456.92,142.79,6311.18,2013-12-07 00:00:00.000,True
1826,1294,4,4,5,2013-11-28,2013-12-07,279.78,22.38,6.99,309.16,2013-12-07 00:00:00.000,True
1827,1295,4,4,2,2013-11-28,2013-12-07,97.97,7.84,2.45,108.25,2013-12-07 00:00:00.000,True
1828,1296,4,4,4,2013-11-28,2013-12-07,114.47,9.16,2.86,126.49,2013-12-07 00:00:00.000,True
1829,1297,4,4,4,2013-11-29,2013-12-08,132.65,10.61,3.32,146.57,2013-12-08 00:00:00.000,True
1830,1298,4,4,5,2013-11-29,2013-12-08,43878.45,3510.28,1096.96,48485.69,2013-12-08 00:00:00.000,True
1831,1299,4,4,1,2013-11-29,2013-12-08,418.95,33.52,10.47,462.94,2013-12-08 00:00:00.000,True
1832,1300,4,4,4,2013-11-29,2013-12-08,396.99,31.76,9.92,438.68,2013-12-08 00:00:00.000,True
1833,1301,4,4,1,2013-11-29,2013-12-08,461.79,36.94,11.54,510.28,2013-12-08 00:00:00.000,True
1834,1302,4,4,4,2013-11-29,2013-12-08,234.64,18.77,5.87,259.28,2013-12-08 00:00:00.000,True
1835,1303,4,4,2,2013-11-29,2013-12-08,37.08,2.97,0.93,40.97,2013-12-08 00:00:00.000,True
1836,1304,4,3,4,2013-11-29,2013-12-08,21558.08,1724.65,538.95,23821.67,2013-12-08 00:00:00.000,True
1837,1305,6,4,4,2013-11-29,2013-12-08,1913.31,153.06,47.83,2114.21,2013-12-08 00:00:00.000,True
1838,1306,4,4,5,2013-11-29,2013-12-08,86220.75,6897.66,2155.52,95273.93,2013-12-08 00:00:00.000,True
1839,1307,4,4,5,2013-11-29,2013-12-08,839.79,67.18,20.99,927.97,2013-12-08 00:00:00.000,True
1840,1308,4,4,5,2013-11-29,2013-12-08,694.95,55.6,17.37,767.92,2013-12-08 00:00:00.000,True
1841,1309,4,4,5,2013-11-29,2013-12-08,40471.2,3237.7,1011.78,44720.68,2013-12-08 00:00:00.000,True
1842,1310,4,4,5,2013-11-29,2013-12-08,427.46,34.2,10.69,472.34,2013-12-08 00:00:00.000,True
1843,1311,4,4,4,2013-11-29,2013-12-08,23671.73,1893.74,591.79,26157.26,2013-12-08 00:00:00.000,True
1844,1312,4,4,5,2013-11-29,2013-12-08,5948.25,475.86,148.71,6572.82,2013-12-08 00:00:00.000,True
1845,1313,4,4,5,2013-12-02,2013-12-11,91117.95,7289.44,2277.95,100685.33,2013-12-11 00:00:00.000,True
1846,1314,5,4,1,2013-12-02,2013-12-11,525.0,42.0,13.13,580.13,2013-12-11 00:00:00.000,True
1847,1315,4,4,5,2013-12-02,2013-12-11,2003.68,160.29,50.09,2214.07,2013-12-11 00:00:00.000,True
1848,1316,4,4,4,2013-12-02,2013-12-11,26455.28,2116.42,661.38,29233.08,2013-12-11 00:00:00.000,True
1849,1317,4,4,2,2013-12-02,2013-12-11,944.37,75.55,23.61,1043.53,2013-12-11 00:00:00.000,True
1850,1318,4,4,4,2013-12-02,2013-12-11,51588.08,4127.05,1289.7,57004.82,2013-12-11 00:00:00.000,True
1851,1319,4,4,3,2013-12-02,2013-12-11,62843.55,5027.48,1571.09,69442.12,2013-12-11 00:00:00.000,True
1852,1320,4,4,5,2013-12-02,2013-12-11,37843.58,3027.49,946.09,41817.15,2013-12-11 00:00:00.000,True
1853,1321,4,4,4,2013-12-03,2013-12-12,25531.28,2042.5,638.28,28212.06,2013-12-12 00:00:00.000,True
1854,1322,4,4,5,2013-12-03,2013-12-12,272.76,21.82,6.82,301.4,2013-12-12 00:00:00.000,True
1855,1323,4,4,4,2013-12-03,2013-12-12,125.75,10.06,3.14,138.95,2013-12-12 00:00:00.000,True
1856,1324,4,4,5,2013-12-03,2013-12-12,150.79,12.06,3.77,166.62,2013-12-12 00:00:00.000,True
1857,1325,4,4,5,2013-12-04,2013-12-13,2069.27,165.54,51.73,2286.54,2013-12-13 00:00:00.000,True
1858,1326,4,4,2,2013-12-04,2013-12-13,8847.3,707.78,221.18,9776.27,2013-12-13 00:00:00.000,True
1859,1327,4,4,5,2013-12-04,2013-12-13,171.08,13.69,4.28,189.04,2013-12-13 00:00:00.000,True
1860,1328,4,4,4,2013-12-04,2013-12-13,20397.3,1631.78,509.93,22539.02,2013-12-13 00:00:00.000,True
1861,1329,4,4,3,2013-12-04,2013-12-13,14628.08,1170.25,365.7,16164.02,2013-12-13 00:00:00.000,True
1862,1330,4,4,3,2013-12-04,2013-12-13,58685.55,4694.84,1467.14,64847.53,2013-12-13 00:00:00.000,True
1863,1331,4,4,5,2013-12-04,2013-12-13,563.57,45.09,14.09,622.74,2013-12-13 00:00:00.000,True
1864,1332,4,4,5,2013-12-04,2013-12-13,272.76,21.82,6.82,301.4,2013-12-13 00:00:00.000,True
1865,1333,4,4,5,2013-12-04,2013-12-13,1525.23,122.02,38.13,1685.38,2013-12-13 00:00:00.000,True
1866,1334,4,4,4,2013-12-04,2013-12-13,260.16,20.81,6.5,287.48,2013-12-13 00:00:00.000,True
1867,1335,4,4,5,2013-12-04,2013-12-13,34644.23,2771.54,866.11,38281.87,2013-12-13 00:00:00.000,True
1868,1336,4,4,4,2013-12-04,2013-12-13,1839.51,147.16,45.99,2032.65,2013-12-13 00:00:00.000,True
1869,1337,4,4,5,2013-12-04,2013-12-13,146.29,11.7,3.66,161.65,2013-12-13 00:00:00.000,True
1870,1338,4,4,5,2013-12-04,2013-12-13,102.56,8.21,2.56,113.33,2013-12-13 00:00:00.000,True
1871,1339,4,4,5,2013-12-04,2013-12-13,150.79,12.06,3.77,166.62,2013-12-13 00:00:00.000,True
1872,1340,4,4,5,2013-12-04,2013-12-13,13669.43,1093.55,341.74,15104.71,2013-12-13 00:00:00.000,True
1873,1341,4,4,5,2013-12-05,2013-12-14,9948.33,795.87,248.71,10992.9,2013-12-14 00:00:00.000,True
1874,1342,4,4,4,2013-12-05,2013-12-14,34118.7,2729.5,852.97,37701.16,2013-12-14 00:00:00.000,True
1875,1343,4,4,1,2013-12-05,2013-12-14,551.88,44.15,13.8,609.83,2013-12-14 00:00:00.000,True
1876,1344,4,4,1,2013-12-05,2013-12-14,3811.5,304.92,95.29,4211.71,2013-12-14 00:00:00.000,True
1877,1345,4,4,2,2013-12-05,2013-12-14,28072.28,2245.78,701.81,31019.86,2013-12-14 00:00:00.000,True
1878,1346,4,4,1,2013-12-05,2013-12-14,37312.28,2984.98,932.81,41230.06,2013-12-14 00:00:00.000,True
1879,1347,4,4,1,2013-12-05,2013-12-14,7623.0,609.84,190.58,8423.42,2013-12-14 00:00:00.000,True
1880,1348,4,4,2,2013-12-05,2013-12-14,28297.5,2263.8,707.44,31268.74,2013-12-14 00:00:00.000,True
1881,1349,4,4,2,2013-12-05,2013-12-14,59.94,4.8,1.5,66.24,2013-12-14 00:00:00.000,True
1882,1350,4,4,4,2013-12-05,2013-12-14,345.56,27.64,8.64,381.84,2013-12-14 00:00:00.000,True
1883,1351,4,4,5,2013-12-05,2013-12-14,43878.45,3510.28,1096.96,48485.69,2013-12-14 00:00:00.000,True
1884,1352,4,4,4,2013-12-05,2013-12-14,272.13,21.77,6.8,300.7,2013-12-14 00:00:00.000,True
1885,1353,4,4,2,2013-12-05,2013-12-14,21252.0,1700.16,531.3,23483.46,2013-12-14 00:00:00.000,True
1886,1354,4,4,5,2013-12-05,2013-12-14,142.41,11.39,3.56,157.36,2013-12-14 00:00:00.000,True
1887,1355,4,4,2,2013-12-05,2013-12-14,48030.68,3842.45,1200.77,53073.9,2013-12-14 00:00:00.000,True
1888,1356,4,4,4,2013-12-05,2013-12-14,50983.94,4078.71,1274.6,56337.25,2013-12-14 00:00:00.000,True
1889,1357,4,4,1,2013-12-06,2013-12-15,1276.28,102.1,31.91,1410.28,2013-12-15 00:00:00.000,True
1890,1358,4,4,1,2013-12-06,2013-12-15,2003.93,160.31,50.1,2214.34,2013-12-15 00:00:00.000,True
1891,1359,4,4,2,2013-12-06,2013-12-15,50860.43,4068.83,1271.51,56200.77,2013-12-15 00:00:00.000,True
1892,1360,4,4,1,2013-12-06,2013-12-15,454.86,36.39,11.37,502.62,2013-12-15 00:00:00.000,True
1893,1361,4,4,5,2013-12-06,2013-12-15,43878.45,3510.28,1096.96,48485.69,2013-12-15 00:00:00.000,True
1894,1362,4,4,2,2013-12-06,2013-12-15,7132.13,570.57,178.3,7881.0,2013-12-15 00:00:00.000,True
1895,1363,6,4,2,2013-12-06,2013-12-15,28343.7,2267.5,708.59,31319.79,2013-12-15 00:00:00.000,True
1896,1364,4,4,4,2013-12-06,2013-12-15,22516.73,1801.34,562.92,24880.98,2013-12-15 00:00:00.000,True
1897,1365,4,4,5,2013-12-06,2013-12-15,34644.23,2771.54,866.11,38281.87,2013-12-15 00:00:00.000,True
1898,1366,4,4,4,2013-12-06,2013-12-15,513.8,41.1,12.84,567.75,2013-12-15 00:00:00.000,True
1899,1367,4,4,5,2013-12-06,2013-12-15,143.04,11.44,3.58,158.06,2013-12-15 00:00:00.000,True
1900,1368,4,4,2,2013-12-06,2013-12-15,28199.33,2255.95,704.98,31160.25,2013-12-15 00:00:00.000,True
1901,1369,4,4,1,2013-12-06,2013-12-15,3713.33,297.07,92.83,4103.22,2013-12-15 00:00:00.000,True
1902,1370,4,4,5,2013-12-06,2013-12-15,63831.08,5106.49,1595.78,70533.34,2013-12-15 00:00:00.000,True
1903,1371,4,4,5,2013-12-06,2013-12-15,9799.65,783.97,244.99,10828.61,2013-12-15 00:00:00.000,True
1904,1372,4,4,5,2013-12-06,2013-12-15,5711.48,456.92,142.79,6311.18,2013-12-15 00:00:00.000,True
1905,1373,4,4,5,2013-12-09,2013-12-18,416.75,33.34,10.42,460.5,2013-12-18 00:00:00.000,True
1906,1374,4,4,2,2013-12-09,2013-12-18,97.97,7.84,2.45,108.25,2013-12-18 00:00:00.000,True
1907,1375,4,4,4,2013-12-09,2013-12-18,114.47,9.16,2.86,126.49,2013-12-18 00:00:00.000,True
1908,1376,4,4,4,2013-12-09,2013-12-18,132.65,10.61,3.32,146.57,2013-12-18 00:00:00.000,True
1909,1377,4,4,5,2013-12-09,2013-12-18,43878.45,3510.28,1096.96,48485.69,2013-12-18 00:00:00.000,True
1910,1378,4,4,1,2013-12-09,2013-12-18,418.95,33.52,10.47,462.94,2013-12-18 00:00:00.000,True
1911,1379,4,4,5,2013-12-09,2013-12-18,690.45,55.24,17.26,762.95,2013-12-18 00:00:00.000,True
1912,1380,4,4,1,2013-12-09,2013-12-18,461.79,36.94,11.54,510.28,2013-12-18 00:00:00.000,True
1913,1381,4,4,4,2013-12-09,2013-12-18,513.17,41.05,12.83,567.05,2013-12-18 00:00:00.000,True
1914,1382,4,4,2,2013-12-09,2013-12-18,37.08,2.97,0.93,40.97,2013-12-18 00:00:00.000,True
1915,1383,4,4,4,2013-12-09,2013-12-18,21558.08,1724.65,538.95,23821.67,2013-12-18 00:00:00.000,True
1916,1384,4,4,4,2013-12-09,2013-12-18,259.84,20.79,6.5,287.13,2013-12-18 00:00:00.000,True
1917,1385,4,4,5,2013-12-09,2013-12-18,86220.75,6897.66,2155.52,95273.93,2013-12-18 00:00:00.000,True
1918,1386,4,4,4,2013-12-09,2013-12-18,515.69,41.25,12.89,569.83,2013-12-18 00:00:00.000,True
1919,1387,4,4,5,2013-12-09,2013-12-18,533.55,42.68,13.34,589.57,2013-12-18 00:00:00.000,True
1920,1388,4,4,5,2013-12-09,2013-12-18,40471.2,3237.7,1011.78,44720.68,2013-12-18 00:00:00.000,True
1921,1389,4,4,4,2013-12-11,2013-12-20,661.88,52.95,16.55,731.38,2013-12-20 00:00:00.000,True
1922,1390,4,4,5,2013-12-11,2013-12-20,62092.8,4967.42,1552.32,68612.54,2013-12-20 00:00:00.000,True
1923,1391,5,4,5,2013-12-11,2013-12-20,5948.25,475.86,148.71,6572.82,2013-12-20 00:00:00.000,True
1924,1392,4,4,5,2013-12-11,2013-12-20,91117.95,7289.44,2277.95,100685.33,2013-12-20 00:00:00.000,True
1925,1393,4,4,1,2013-12-11,2013-12-20,525.0,42.0,13.13,580.13,2013-12-20 00:00:00.000,True
1926,1394,4,4,5,2013-12-11,2013-12-20,281.89,22.55,7.05,311.49,2013-12-20 00:00:00.000,True
1927,1395,4,4,4,2013-12-11,2013-12-20,26455.28,2116.42,661.38,29233.08,2013-12-20 00:00:00.000,True
1928,1396,4,4,2,2013-12-11,2013-12-20,944.37,75.55,23.61,1043.53,2013-12-20 00:00:00.000,True
1929,1397,4,4,4,2013-12-11,2013-12-20,51588.08,4127.05,1289.7,57004.82,2013-12-20 00:00:00.000,True
1930,1398,4,4,3,2013-12-11,2013-12-20,62843.55,5027.48,1571.09,69442.12,2013-12-20 00:00:00.000,True
1931,1399,4,4,5,2013-12-11,2013-12-20,37843.58,3027.49,946.09,41817.15,2013-12-20 00:00:00.000,True
1932,1400,4,4,4,2013-12-11,2013-12-20,25531.28,2042.5,638.28,28212.06,2013-12-20 00:00:00.000,True
1933,1401,4,4,4,2013-12-12,2013-12-21,501.2,40.1,12.53,553.82,2013-12-21 00:00:00.000,True
1934,1402,4,4,4,2013-12-12,2013-12-21,125.75,10.06,3.14,138.95,2013-12-21 00:00:00.000,True
1935,1403,4,4,5,2013-12-12,2013-12-21,150.79,12.06,3.77,166.62,2013-12-21 00:00:00.000,True
1936,1404,4,3,5,2013-12-12,2013-12-21,279.78,22.38,6.99,309.16,2013-12-21 00:00:00.000,True
1937,1405,4,4,2,2013-12-12,2013-12-21,8847.3,707.78,221.18,9776.27,2013-12-21 00:00:00.000,True
1938,1406,4,4,5,2013-12-12,2013-12-21,171.08,13.69,4.28,189.04,2013-12-21 00:00:00.000,True
1939,1407,4,4,4,2013-12-12,2013-12-21,20397.3,1631.78,509.93,22539.02,2013-12-21 00:00:00.000,True
1940,1408,4,4,3,2013-12-12,2013-12-21,14628.08,1170.25,365.7,16164.02,2013-12-21 00:00:00.000,True
1941,1409,4,4,3,2013-12-12,2013-12-21,58685.55,4694.84,1467.14,64847.53,2013-12-21 00:00:00.000,True
1942,1410,4,4,4,2013-12-12,2013-12-21,402.26,32.18,10.06,444.49,2013-12-21 00:00:00.000,True
1943,1411,4,4,4,2013-12-12,2013-12-21,501.2,40.1,12.53,553.82,2013-12-21 00:00:00.000,True
1944,1412,4,4,5,2013-12-12,2013-12-21,270.81,21.66,6.77,299.24,2013-12-21 00:00:00.000,True
1945,1413,4,4,4,2013-12-12,2013-12-21,371.23,29.7,9.28,410.21,2013-12-21 00:00:00.000,True
1946,1414,4,4,5,2013-12-12,2013-12-21,34644.23,2771.54,866.11,38281.87,2013-12-21 00:00:00.000,True
1947,1415,4,4,4,2013-12-12,2013-12-21,1839.51,147.16,45.99,2032.65,2013-12-21 00:00:00.000,True
1948,1416,4,4,5,2013-12-12,2013-12-21,146.29,11.7,3.66,161.65,2013-12-21 00:00:00.000,True
1949,1417,4,4,5,2013-12-13,2013-12-22,102.56,8.21,2.56,113.33,2013-12-22 00:00:00.000,True
1950,1418,4,4,5,2013-12-13,2013-12-22,150.79,12.06,3.77,166.62,2013-12-22 00:00:00.000,True
1951,1419,4,4,5,2013-12-13,2013-12-22,13669.43,1093.55,341.74,15104.71,2013-12-22 00:00:00.000,True
1952,1420,4,4,5,2013-12-13,2013-12-22,9637.11,770.97,240.93,10649.01,2013-12-22 00:00:00.000,True
1953,1421,4,4,5,2013-12-13,2013-12-22,39258.45,3140.68,981.46,43380.59,2013-12-22 00:00:00.000,True
1954,1422,4,4,1,2013-12-13,2013-12-22,551.88,44.15,13.8,609.83,2013-12-22 00:00:00.000,True
1955,1423,4,4,1,2013-12-13,2013-12-22,3176.25,254.1,79.41,3509.76,2013-12-22 00:00:00.000,True
1956,1424,5,4,2,2013-12-13,2013-12-22,28072.28,2245.78,701.81,31019.86,2013-12-22 00:00:00.000,True
1957,1425,4,4,1,2013-12-13,2013-12-22,37312.28,2984.98,932.81,41230.06,2013-12-22 00:00:00.000,True
1958,1426,4,4,1,2013-12-13,2013-12-22,7623.0,609.84,190.58,8423.42,2013-12-22 00:00:00.000,True
1959,1427,4,4,2,2013-12-13,2013-12-22,28297.5,2263.8,707.44,31268.74,2013-12-22 00:00:00.000,True
1960,1428,4,4,2,2013-12-13,2013-12-22,59.94,4.8,1.5,66.24,2013-12-22 00:00:00.000,True
1961,1429,4,4,5,2013-12-13,2013-12-22,222.04,17.76,5.55,245.36,2013-12-22 00:00:00.000,True
1962,1430,4,4,5,2013-12-13,2013-12-22,43878.45,3510.28,1096.96,48485.69,2013-12-22 00:00:00.000,True
1963,1431,4,4,4,2013-12-13,2013-12-22,525.77,42.06,13.14,580.97,2013-12-22 00:00:00.000,True
1964,1432,4,4,2,2013-12-13,2013-12-22,10914.75,873.18,272.87,12060.8,2013-12-22 00:00:00.000,True
1965,1433,4,4,5,2013-12-14,2013-12-23,142.41,11.39,3.56,157.36,2013-12-23 00:00:00.000,True
1966,1434,4,4,2,2013-12-14,2013-12-23,28794.15,2303.53,719.85,31817.54,2013-12-23 00:00:00.000,True
1967,1435,4,4,4,2013-12-14,2013-12-23,51807.35,4144.59,1295.18,57247.12,2013-12-23 00:00:00.000,True
1968,1436,4,4,1,2013-12-14,2013-12-23,1276.28,102.1,31.91,1410.28,2013-12-23 00:00:00.000,True
1969,1437,4,4,1,2013-12-17,2013-12-26,2003.93,160.31,50.1,2214.34,2013-12-26 00:00:00.000,True
1970,1438,4,4,2,2013-12-17,2013-12-26,50860.43,4068.83,1271.51,56200.77,2013-12-26 00:00:00.000,True
1971,1439,4,4,1,2013-12-17,2013-12-26,454.86,36.39,11.37,502.62,2013-12-26 00:00:00.000,True
1972,1440,4,4,5,2013-12-17,2013-12-26,43878.45,3510.28,1096.96,48485.69,2013-12-26 00:00:00.000,True
1973,1441,4,4,2,2013-12-17,2013-12-26,7132.13,570.57,178.3,7881.0,2013-12-26 00:00:00.000,True
1974,1442,5,4,2,2013-12-17,2013-12-26,28343.7,2267.5,708.59,31319.79,2013-12-26 00:00:00.000,True
1975,1443,4,4,4,2013-12-17,2013-12-26,22516.73,1801.34,562.92,24880.98,2013-12-26 00:00:00.000,True
1976,1444,4,4,5,2013-12-17,2013-12-26,34644.23,2771.54,866.11,38281.87,2013-12-26 00:00:00.000,True
1977,1445,4,4,4,2013-12-17,2013-12-26,364.93,29.19,9.12,403.24,2013-12-26 00:00:00.000,True
1978,1446,4,4,5,2013-12-17,2013-12-26,143.04,11.44,3.58,158.06,2013-12-26 00:00:00.000,True
1979,1447,4,4,2,2013-12-17,2013-12-26,28199.33,2255.95,704.98,31160.25,2013-12-26 00:00:00.000,True
1980,1448,4,4,1,2013-12-17,2013-12-26,3713.33,297.07,92.83,4103.22,2013-12-26 00:00:00.000,True
1981,1449,4,4,5,2013-12-17,2013-12-26,63831.08,5106.49,1595.78,70533.34,2013-12-26 00:00:00.000,True
1982,1450,4,4,5,2013-12-17,2013-12-26,9585.45,766.84,239.64,10591.92,2013-12-26 00:00:00.000,True
1983,1451,4,4,5,2013-12-17,2013-12-26,5711.48,456.92,142.79,6311.18,2013-12-26 00:00:00.000,True
1984,1452,4,4,5,2013-12-17,2013-12-26,273.7,21.9,6.84,302.44,2013-12-26 00:00:00.000,True
1985,1453,4,4,2,2013-12-18,2013-12-27,97.97,7.84,2.45,108.25,2013-12-27 00:00:00.000,True
1986,1454,4,4,4,2013-12-18,2013-12-27,114.47,9.16,2.86,126.49,2013-12-27 00:00:00.000,True
1987,1455,4,4,4,2013-12-18,2013-12-27,132.65,10.61,3.32,146.57,2013-12-27 00:00:00.000,True
1988,1456,4,4,5,2013-12-18,2013-12-27,43878.45,3510.28,1096.96,48485.69,2013-12-27 00:00:00.000,True
1989,1457,4,4,1,2013-12-18,2013-12-27,418.95,33.52,10.47,462.94,2013-12-27 00:00:00.000,True
1990,1458,4,4,4,2013-12-18,2013-12-27,633.75,50.7,15.84,700.29,2013-12-27 00:00:00.000,True
1991,1459,4,4,1,2013-12-18,2013-12-27,461.79,36.94,11.54,510.28,2013-12-27 00:00:00.000,True
1992,1460,4,4,4,2013-12-18,2013-12-27,364.46,29.16,9.11,402.72,2013-12-27 00:00:00.000,True
1993,1461,4,4,2,2013-12-18,2013-12-27,37.08,2.97,0.93,40.97,2013-12-27 00:00:00.000,True
1994,1462,4,4,4,2013-12-18,2013-12-27,21558.08,1724.65,538.95,23821.67,2013-12-27 00:00:00.000,True
1995,1463,4,4,4,2013-12-18,2013-12-27,364.46,29.16,9.11,402.72,2013-12-27 00:00:00.000,True
1996,1464,6,4,5,2013-12-18,2013-12-27,41048.7,3283.9,1026.22,45358.81,2013-12-27 00:00:00.000,True
1997,1465,4,4,4,2013-12-18,2013-12-27,713.79,57.1,17.84,788.74,2013-12-27 00:00:00.000,True
1998,1466,4,4,5,2013-12-18,2013-12-27,564.83,45.19,14.12,624.13,2013-12-27 00:00:00.000,True
1999,1467,4,4,5,2013-12-18,2013-12-27,40471.2,3237.7,1011.78,44720.68,2013-12-27 00:00:00.000,True
2000,1468,4,4,4,2013-12-18,2013-12-27,136.33,10.91,3.41,150.65,2013-12-27 00:00:00.000,True
2001,1469,4,4,5,2013-12-19,2013-12-28,62092.8,4967.42,1552.32,68612.54,2013-12-28 00:00:00.000,True
2002,1470,4,4,5,2013-12-19,2013-12-28,5948.25,475.86,148.71,6572.82,2013-12-28 00:00:00.000,True
2003,1471,4,4,5,2013-12-19,2013-12-28,91117.95,7289.44,2277.95,100685.33,2013-12-28 00:00:00.000,True
2004,1472,4,4,1,2013-12-19,2013-12-28,525.0,42.0,13.13,580.13,2013-12-28 00:00:00.000,True
2005,1473,4,4,3,2013-12-19,2013-12-28,1721.79,137.74,43.04,1902.58,2013-12-28 00:00:00.000,True
2006,1474,4,4,4,2013-12-19,2013-12-28,26455.28,2116.42,661.38,29233.08,2013-12-28 00:00:00.000,True
2007,1475,4,4,2,2013-12-19,2013-12-28,944.37,75.55,23.61,1043.53,2013-12-28 00:00:00.000,True
2008,1476,5,4,4,2013-12-19,2013-12-28,51588.08,4127.05,1289.7,57004.82,2013-12-28 00:00:00.000,True
2009,1477,4,4,3,2013-12-19,2013-12-28,62843.55,5027.48,1571.09,69442.12,2013-12-28 00:00:00.000,True
2010,1478,4,4,5,2013-12-19,2013-12-28,37843.58,3027.49,946.09,41817.15,2013-12-28 00:00:00.000,True
2011,1479,4,4,4,2013-12-19,2013-12-28,25531.28,2042.5,638.28,28212.06,2013-12-28 00:00:00.000,True
2012,1480,4,4,4,2013-12-19,2013-12-28,358.63,28.69,8.97,396.28,2013-12-28 00:00:00.000,True
2013,1481,4,4,4,2013-12-19,2013-12-28,125.75,10.06,3.14,138.95,2013-12-28 00:00:00.000,True
2014,1482,4,4,5,2013-12-19,2013-12-28,150.79,12.06,3.77,166.62,2013-12-28 00:00:00.000,True
2015,1483,4,4,5,2013-12-19,2013-12-28,416.75,33.34,10.42,460.5,2013-12-28 00:00:00.000,True
2016,1484,4,4,2,2013-12-19,2013-12-28,8847.3,707.78,221.18,9776.27,2013-12-28 00:00:00.000,True
2017,1485,4,4,5,2013-12-20,2013-12-29,171.08,13.69,4.28,189.04,2013-12-29 00:00:00.000,True
2018,1486,4,4,4,2013-12-20,2013-12-29,20397.3,1631.78,509.93,22539.02,2013-12-29 00:00:00.000,True
2019,1487,4,4,3,2013-12-20,2013-12-29,14628.08,1170.25,365.7,16164.02,2013-12-29 00:00:00.000,True
2020,1488,4,4,3,2013-12-20,2013-12-29,58685.55,4694.84,1467.14,64847.53,2013-12-29 00:00:00.000,True
2021,1489,4,4,4,2013-12-20,2013-12-29,630.6,50.45,15.77,696.81,2013-12-29 00:00:00.000,True
2022,1490,4,4,4,2013-12-20,2013-12-29,358.63,28.69,8.97,396.28,2013-12-29 00:00:00.000,True
2023,1491,4,4,5,2013-12-20,2013-12-29,1525.23,122.02,38.13,1685.38,2013-12-29 00:00:00.000,True
2024,1492,4,4,4,2013-12-20,2013-12-29,228.44,18.28,5.71,252.42,2013-12-29 00:00:00.000,True
2025,1493,4,4,5,2013-12-20,2013-12-29,34644.23,2771.54,866.11,38281.87,2013-12-29 00:00:00.000,True
2026,1494,4,4,4,2013-12-20,2013-12-29,257.58,20.61,6.44,284.62,2013-12-29 00:00:00.000,True
2027,1495,4,4,5,2013-12-20,2013-12-29,146.29,11.7,3.66,161.65,2013-12-29 00:00:00.000,True
2028,1496,4,4,5,2013-12-20,2013-12-29,102.56,8.21,2.56,113.33,2013-12-29 00:00:00.000,True
2029,1497,4,4,5,2013-12-20,2013-12-29,150.79,12.06,3.77,166.62,2013-12-29 00:00:00.000,True
2030,1498,4,4,5,2013-12-20,2013-12-29,13669.43,1093.55,341.74,15104.71,2013-12-29 00:00:00.000,True
2031,1499,4,4,5,2013-12-20,2013-12-29,6756.12,540.49,168.9,7465.51,2013-12-29 00:00:00.000,True
2032,1500,4,4,2,2013-12-20,2013-12-29,50860.43,4068.83,1271.51,56200.77,2013-12-29 00:00:00.000,True
2033,1501,4,4,1,2013-12-23,2014-01-01,551.88,44.15,13.8,609.83,2014-01-01 00:00:00.000,True
2034,1502,4,4,1,2013-12-23,2014-01-01,3811.5,304.92,95.29,4211.71,2014-01-01 00:00:00.000,True
2035,1503,4,4,2,2013-12-23,2014-01-01,28072.28,2245.78,701.81,31019.86,2014-01-01 00:00:00.000,True
2036,1504,4,3,1,2013-12-23,2014-01-01,35394.98,2831.6,884.87,39111.45,2014-01-01 00:00:00.000,True
2037,1505,4,4,1,2013-12-23,2014-01-01,7623.0,609.84,190.58,8423.42,2014-01-01 00:00:00.000,True
2038,1506,4,4,2,2013-12-23,2014-01-01,28297.5,2263.8,707.44,31268.74,2014-01-01 00:00:00.000,True
2039,1507,4,4,2,2013-12-23,2014-01-01,59.94,4.8,1.5,66.24,2014-01-01 00:00:00.000,True
2040,1508,4,4,4,2013-12-23,2014-01-01,598.88,47.91,14.97,661.76,2014-01-01 00:00:00.000,True
2041,1509,4,4,5,2013-12-23,2014-01-01,43878.45,3510.28,1096.96,48485.69,2014-01-01 00:00:00.000,True
2042,1510,4,4,4,2013-12-23,2014-01-01,377.06,30.16,9.43,416.65,2014-01-01 00:00:00.000,True
2043,1511,4,4,1,2013-12-23,2014-01-01,18220.13,1457.61,455.5,20133.24,2014-01-01 00:00:00.000,True
2044,1512,4,4,5,2013-12-23,2014-01-01,142.41,11.39,3.56,157.36,2014-01-01 00:00:00.000,True
2045,1513,4,4,5,2013-12-23,2014-01-01,19236.53,1538.92,480.91,21256.36,2014-01-01 00:00:00.000,True
2046,1514,4,4,4,2013-12-23,2014-01-01,285.04,22.8,7.13,314.97,2014-01-01 00:00:00.000,True
2047,1515,6,4,1,2013-12-23,2014-01-01,1276.28,102.1,31.91,1410.28,2014-01-01 00:00:00.000,True
2048,1516,4,4,1,2013-12-23,2014-01-01,2003.93,160.31,50.1,2214.34,2014-01-01 00:00:00.000,True
2049,1517,4,4,2,2013-12-24,2014-01-02,50860.43,4068.83,1271.51,56200.77,2014-01-02 00:00:00.000,True
2050,1518,4,4,1,2013-12-24,2014-01-02,454.86,36.39,11.37,502.62,2014-01-02 00:00:00.000,True
2051,1519,4,4,5,2013-12-24,2014-01-02,43878.45,3510.28,1096.96,48485.69,2014-01-02 00:00:00.000,True
2052,1520,4,4,2,2013-12-24,2014-01-02,7132.13,570.57,178.3,7881.0,2014-01-02 00:00:00.000,True
2053,1521,4,4,2,2013-12-24,2014-01-02,28343.7,2267.5,708.59,31319.79,2014-01-02 00:00:00.000,True
2054,1522,4,4,4,2013-12-24,2014-01-02,22516.73,1801.34,562.92,24880.98,2014-01-02 00:00:00.000,True
2055,1523,4,4,5,2013-12-24,2014-01-02,34644.23,2771.54,866.11,38281.87,2014-01-02 00:00:00.000,True
2056,1524,4,4,5,2013-12-24,2014-01-02,278.84,22.31,6.97,308.12,2014-01-02 00:00:00.000,True
2057,1525,4,4,5,2013-12-24,2014-01-02,143.04,11.44,3.58,158.06,2014-01-02 00:00:00.000,True
2058,1526,4,4,2,2013-12-24,2014-01-02,28199.33,2255.95,704.98,31160.25,2014-01-02 00:00:00.000,True
2059,1527,4,4,1,2013-12-24,2014-01-02,3713.33,297.07,92.83,4103.22,2014-01-02 00:00:00.000,True
2060,1528,4,4,5,2013-12-24,2014-01-02,63831.08,5106.49,1595.78,70533.34,2014-01-02 00:00:00.000,True
2061,1529,4,4,5,2013-12-24,2014-01-02,6754.86,540.39,168.87,7464.12,2014-01-02 00:00:00.000,True
2062,1530,4,4,5,2013-12-24,2014-01-02,5711.48,456.92,142.79,6311.18,2014-01-02 00:00:00.000,True
2063,1531,4,4,4,2013-12-24,2014-01-02,503.09,40.25,12.58,555.91,2014-01-02 00:00:00.000,True
2064,1532,4,4,2,2013-12-24,2014-01-02,97.97,7.84,2.45,108.25,2014-01-02 00:00:00.000,True
2065,1533,4,4,4,2013-12-25,2014-01-03,114.47,9.16,2.86,126.49,2014-01-03 00:00:00.000,True
2066,1534,4,4,4,2013-12-25,2014-01-03,132.65,10.61,3.32,146.57,2014-01-03 00:00:00.000,True
2067,1535,4,4,5,2013-12-25,2014-01-03,43878.45,3510.28,1096.96,48485.69,2014-01-03 00:00:00.000,True
2068,1536,4,4,1,2013-12-25,2014-01-03,418.95,33.52,10.47,462.94,2014-01-03 00:00:00.000,True
2069,1537,5,4,4,2013-12-25,2014-01-03,744.12,59.53,18.6,822.26,2014-01-03 00:00:00.000,True
2070,1538,4,4,1,2013-12-25,2014-01-03,461.79,36.94,11.54,510.28,2014-01-03 00:00:00.000,True
2071,1539,5,4,4,2013-12-25,2014-01-03,617.68,49.41,15.44,682.54,2014-01-03 00:00:00.000,True
2072,1540,4,4,2,2013-12-25,2014-01-03,37.08,2.97,0.93,40.97,2014-01-03 00:00:00.000,True
2073,1541,4,4,4,2013-12-25,2014-01-03,21558.08,1724.65,538.95,23821.67,2014-01-03 00:00:00.000,True
2074,1542,4,4,4,2013-12-25,2014-01-03,234.64,18.77,5.87,259.28,2014-01-03 00:00:00.000,True
2075,1543,4,4,4,2013-12-25,2014-01-03,45172.05,3613.76,1129.3,49915.12,2014-01-03 00:00:00.000,True
2076,1544,4,4,5,2013-12-25,2014-01-03,279.78,22.38,6.99,309.16,2014-01-03 00:00:00.000,True
2077,1545,4,4,4,2013-12-26,2014-01-04,663.67,53.09,16.59,733.36,2014-01-04 00:00:00.000,True
2078,1546,4,4,5,2013-12-26,2014-01-04,40471.2,3237.7,1011.78,44720.68,2014-01-04 00:00:00.000,True
2079,1547,4,4,5,2013-12-26,2014-01-04,836.01,66.88,20.9,923.79,2014-01-04 00:00:00.000,True
2080,1548,4,4,5,2013-12-26,2014-01-04,62092.8,4967.42,1552.32,68612.54,2014-01-04 00:00:00.000,True
2081,1549,4,4,5,2013-12-26,2014-01-04,5948.25,475.86,148.71,6572.82,2014-01-04 00:00:00.000,True
2082,1550,4,4,5,2013-12-26,2014-01-04,91117.95,7289.44,2277.95,100685.33,2014-01-04 00:00:00.000,True
2083,1551,4,4,1,2013-12-26,2014-01-04,525.0,42.0,13.13,580.13,2014-01-04 00:00:00.000,True
2084,1552,4,4,5,2013-12-26,2014-01-04,281.89,22.55,7.05,311.49,2014-01-04 00:00:00.000,True
2085,1553,4,4,4,2013-12-26,2014-01-04,26455.28,2116.42,661.38,29233.08,2014-01-04 00:00:00.000,True
2086,1554,4,4,2,2013-12-26,2014-01-04,944.37,75.55,23.61,1043.53,2014-01-04 00:00:00.000,True
2087,1555,4,4,4,2013-12-26,2014-01-04,51588.08,4127.05,1289.7,57004.82,2014-01-04 00:00:00.000,True
2088,1556,4,4,3,2013-12-26,2014-01-04,62843.55,5027.48,1571.09,69442.12,2014-01-04 00:00:00.000,True
2089,1557,4,4,5,2013-12-30,2014-01-08,37843.58,3027.49,946.09,41817.15,2014-01-08 00:00:00.000,True
2090,1558,4,4,4,2013-12-30,2014-01-08,25531.28,2042.5,638.28,28212.06,2014-01-08 00:00:00.000,True
2091,1559,4,4,4,2013-12-30,2014-01-08,234.96,18.8,5.87,259.63,2014-01-08 00:00:00.000,True
2092,1560,4,4,4,2013-12-30,2014-01-08,125.75,10.06,3.14,138.95,2014-01-08 00:00:00.000,True
2093,1561,4,4,5,2013-12-30,2014-01-08,150.79,12.06,3.77,166.62,2014-01-08 00:00:00.000,True
2094,1562,4,4,5,2013-12-30,2014-01-08,273.7,21.9,6.84,302.44,2014-01-08 00:00:00.000,True
2095,1563,4,4,2,2013-12-30,2014-01-08,8847.3,707.78,221.18,9776.27,2014-01-08 00:00:00.000,True
2096,1564,4,4,5,2013-12-30,2014-01-08,171.08,13.69,4.28,189.04,2014-01-08 00:00:00.000,True
2097,1565,4,4,4,2013-12-30,2014-01-08,20397.3,1631.78,509.93,22539.02,2014-01-08 00:00:00.000,True
2098,1566,4,4,3,2013-12-30,2014-01-08,14628.08,1170.25,365.7,16164.02,2014-01-08 00:00:00.000,True
2099,1567,4,4,3,2013-12-30,2014-01-08,58685.55,4694.84,1467.14,64847.53,2014-01-08 00:00:00.000,True
2100,1568,4,4,4,2013-12-30,2014-01-08,567.38,45.39,14.18,626.95,2014-01-08 00:00:00.000,True
2101,1569,4,4,4,2013-12-30,2014-01-08,234.96,18.8,5.87,259.63,2014-01-08 00:00:00.000,True
2102,1570,4,4,5,2013-12-30,2014-01-08,1796.04,143.68,44.9,1984.62,2014-01-08 00:00:00.000,True
2103,1571,4,4,4,2013-12-30,2014-01-08,514.74,41.18,12.87,568.79,2014-01-08 00:00:00.000,True
2104,1572,4,4,5,2013-12-30,2014-01-08,34644.23,2771.54,866.11,38281.87,2014-01-08 00:00:00.000,True
2105,1573,4,4,3,2013-12-31,2014-01-09,1581.93,126.55,39.55,1748.03,2014-01-09 00:00:00.000,True
2106,1574,4,4,5,2013-12-31,2014-01-09,146.29,11.7,3.66,161.65,2014-01-09 00:00:00.000,True
2107,1575,4,4,5,2013-12-31,2014-01-09,102.56,8.21,2.56,113.33,2014-01-09 00:00:00.000,True
2108,1576,4,4,5,2013-12-31,2014-01-09,150.79,12.06,3.77,166.62,2014-01-09 00:00:00.000,True
2109,1577,4,4,5,2013-12-31,2014-01-09,13669.43,1093.55,341.74,15104.71,2014-01-09 00:00:00.000,True
2110,1578,4,4,5,2013-12-31,2014-01-09,16393.23,1311.46,409.83,18114.52,2014-01-09 00:00:00.000,True
2111,1579,4,4,2,2013-12-31,2014-01-09,79204.13,6336.33,1980.1,87520.56,2014-01-09 00:00:00.000,True
2112,1580,4,4,1,2013-12-31,2014-01-09,551.88,44.15,13.8,609.83,2014-01-09 00:00:00.000,True
2113,1581,4,4,1,2013-12-31,2014-01-09,3176.25,254.1,79.41,3509.76,2014-01-09 00:00:00.000,True
2114,1582,4,4,2,2013-12-31,2014-01-09,28072.28,2245.78,701.81,31019.86,2014-01-09 00:00:00.000,True
2115,1583,4,4,1,2013-12-31,2014-01-09,1917.3,153.38,47.93,2118.62,2014-01-09 00:00:00.000,True
2116,1584,5,4,1,2013-12-31,2014-01-09,4215.75,337.26,105.39,4658.4,2014-01-09 00:00:00.000,True
2117,1585,4,4,2,2014-01-01,2014-01-10,28297.5,2263.8,707.44,31268.74,2014-01-10 00:00:00.000,True
2118,1586,4,4,2,2014-01-01,2014-01-10,59.94,4.8,1.5,66.24,2014-01-10 00:00:00.000,True
2119,1587,4,4,4,2014-01-01,2014-01-10,456.69,36.54,11.42,504.64,2014-01-10 00:00:00.000,True
2120,1588,4,4,5,2014-01-01,2014-01-10,43878.45,3510.28,1096.96,48485.69,2014-01-10 00:00:00.000,True
2121,1589,4,4,4,2014-01-01,2014-01-10,592.8,47.42,14.82,655.04,2014-01-10 00:00:00.000,True
2122,1590,4,4,1,2014-01-01,2014-01-10,13825.35,1106.03,345.63,15277.01,2014-01-10 00:00:00.000,True
2123,1591,4,4,5,2014-01-01,2014-01-10,142.41,11.39,3.56,157.36,2014-01-10 00:00:00.000,True
2124,1592,4,4,2,2014-01-01,2014-01-10,28794.15,2303.53,719.85,31817.54,2014-01-10 00:00:00.000,True
2125,1593,4,4,4,2014-01-01,2014-01-10,408.56,32.68,10.21,451.45,2014-01-10 00:00:00.000,True
2126,1594,4,4,1,2014-01-01,2014-01-10,1276.28,102.1,31.91,1410.28,2014-01-10 00:00:00.000,True
2127,1595,4,4,1,2014-01-01,2014-01-10,2003.93,160.31,50.1,2214.34,2014-01-10 00:00:00.000,True
2128,1596,4,4,2,2014-01-01,2014-01-10,50860.43,4068.83,1271.51,56200.77,2014-01-10 00:00:00.000,True
2129,1597,4,4,1,2014-01-01,2014-01-10,454.86,36.39,11.37,502.62,2014-01-10 00:00:00.000,True
2130,1598,4,4,5,2014-01-01,2014-01-10,43878.45,3510.28,1096.96,48485.69,2014-01-10 00:00:00.000,True
2131,1599,4,4,2,2014-01-01,2014-01-10,7132.13,570.57,178.3,7881.0,2014-01-10 00:00:00.000,True
2132,1600,4,4,2,2014-01-01,2014-01-10,28343.7,2267.5,708.59,31319.79,2014-01-10 00:00:00.000,True
2133,1601,4,4,4,2014-01-02,2014-01-11,22516.73,1801.34,562.92,24880.98,2014-01-11 00:00:00.000,True
2134,1602,4,4,5,2014-01-02,2014-01-11,34644.23,2771.54,866.11,38281.87,2014-01-11 00:00:00.000,True
2135,1603,4,4,5,2014-01-02,2014-01-11,415.33,33.23,10.38,458.94,2014-01-11 00:00:00.000,True
2136,1604,4,3,5,2014-01-02,2014-01-11,143.04,11.44,3.58,158.06,2014-01-11 00:00:00.000,True
2137,1605,4,4,2,2014-01-02,2014-01-11,28199.33,2255.95,704.98,31160.25,2014-01-11 00:00:00.000,True
2138,1606,4,4,1,2014-01-02,2014-01-11,3713.33,297.07,92.83,4103.22,2014-01-11 00:00:00.000,True
2139,1607,4,4,5,2014-01-02,2014-01-11,63831.08,5106.49,1595.78,70533.34,2014-01-11 00:00:00.000,True
2140,1608,4,4,5,2014-01-02,2014-01-11,16340.31,1307.22,408.51,18056.04,2014-01-11 00:00:00.000,True
2141,1609,4,4,5,2014-01-02,2014-01-11,5711.48,456.92,142.79,6311.18,2014-01-11 00:00:00.000,True
2142,1610,4,4,4,2014-01-02,2014-01-11,360.05,28.8,9.0,397.85,2014-01-11 00:00:00.000,True
2143,1611,4,4,2,2014-01-02,2014-01-11,97.97,7.84,2.45,108.25,2014-01-11 00:00:00.000,True
2144,1612,4,4,4,2014-01-02,2014-01-11,114.47,9.16,2.86,126.49,2014-01-11 00:00:00.000,True
2145,1613,4,4,4,2014-01-02,2014-01-11,132.65,10.61,3.32,146.57,2014-01-11 00:00:00.000,True
2146,1614,4,4,5,2014-01-02,2014-01-11,43878.45,3510.28,1096.96,48485.69,2014-01-11 00:00:00.000,True
2147,1615,4,4,1,2014-01-02,2014-01-11,418.95,33.52,10.47,462.94,2014-01-11 00:00:00.000,True
2148,1616,4,4,5,2014-01-02,2014-01-11,558.12,44.65,13.95,616.72,2014-01-11 00:00:00.000,True
2149,1617,4,4,1,2014-01-03,2014-01-12,461.79,36.94,11.54,510.28,2014-01-12 00:00:00.000,True
2150,1618,4,4,4,2014-01-03,2014-01-12,662.1,52.97,16.55,731.62,2014-01-12 00:00:00.000,True
2151,1619,4,4,2,2014-01-03,2014-01-12,37.08,2.97,0.93,40.97,2014-01-12 00:00:00.000,True
2152,1620,4,4,4,2014-01-03,2014-01-12,21558.08,1724.65,538.95,23821.67,2014-01-12 00:00:00.000,True
2153,1621,4,4,4,2014-01-03,2014-01-12,475.68,38.05,11.89,525.63,2014-01-12 00:00:00.000,True
2154,1622,4,4,5,2014-01-03,2014-01-12,41048.7,3283.9,1026.22,45358.81,2014-01-12 00:00:00.000,True
2155,1623,4,4,5,2014-01-03,2014-01-12,416.75,33.34,10.42,460.5,2014-01-12 00:00:00.000,True
2156,1624,4,4,5,2014-01-03,2014-01-12,279.15,22.33,6.98,308.46,2014-01-12 00:00:00.000,True
2157,1625,4,4,5,2014-01-03,2014-01-12,40471.2,3237.7,1011.78,44720.68,2014-01-12 00:00:00.000,True
2158,1626,4,4,4,2014-01-03,2014-01-12,389.66,31.17,9.74,430.57,2014-01-12 00:00:00.000,True
2159,1627,4,4,5,2014-01-03,2014-01-12,62092.8,4967.42,1552.32,68612.54,2014-01-12 00:00:00.000,True
2160,1628,4,4,5,2014-01-03,2014-01-12,5948.25,475.86,148.71,6572.82,2014-01-12 00:00:00.000,True
2161,1629,4,4,5,2014-01-03,2014-01-12,91117.95,7289.44,2277.95,100685.33,2014-01-12 00:00:00.000,True
2162,1630,4,4,1,2014-01-03,2014-01-12,525.0,42.0,13.13,580.13,2014-01-12 00:00:00.000,True
2163,1631,5,4,3,2014-01-03,2014-01-12,1721.79,137.74,43.04,1902.58,2014-01-12 00:00:00.000,True
2164,1632,4,4,4,2014-01-03,2014-01-12,26455.28,2116.42,661.38,29233.08,2014-01-12 00:00:00.000,True
2165,1633,4,4,2,2014-01-06,2014-01-15,944.37,75.55,23.61,1043.53,2014-01-15 00:00:00.000,True
2166,1634,4,4,4,2014-01-06,2014-01-15,44594.55,3567.56,1114.86,49276.98,2014-01-15 00:00:00.000,True
2167,1635,4,4,3,2014-01-06,2014-01-15,62843.55,5027.48,1571.09,69442.12,2014-01-15 00:00:00.000,True
2168,1636,4,4,5,2014-01-06,2014-01-15,37843.58,3027.49,946.09,41817.15,2014-01-15 00:00:00.000,True
2169,1637,4,4,4,2014-01-06,2014-01-15,25531.28,2042.5,638.28,28212.06,2014-01-15 00:00:00.000,True
2170,1638,4,4,5,2014-01-06,2014-01-15,694.17,55.53,17.35,767.05,2014-01-15 00:00:00.000,True
2171,1639,4,4,4,2014-01-06,2014-01-15,125.75,10.06,3.14,138.95,2014-01-15 00:00:00.000,True
2172,1640,4,4,5,2014-01-06,2014-01-15,150.79,12.06,3.77,166.62,2014-01-15 00:00:00.000,True
2173,1641,4,4,4,2014-01-06,2014-01-15,503.09,40.25,12.58,555.91,2014-01-15 00:00:00.000,True
2174,1642,4,4,2,2014-01-06,2014-01-15,8847.3,707.78,221.18,9776.27,2014-01-15 00:00:00.000,True
2175,1643,4,4,5,2014-01-06,2014-01-15,171.08,13.69,4.28,189.04,2014-01-15 00:00:00.000,True
2176,1644,4,4,4,2014-01-06,2014-01-15,20397.3,1631.78,509.93,22539.02,2014-01-15 00:00:00.000,True
2177,1645,4,4,3,2014-01-06,2014-01-15,14628.08,1170.25,365.7,16164.02,2014-01-15 00:00:00.000,True
2178,1646,4,4,3,2014-01-06,2014-01-15,58685.55,4694.84,1467.14,64847.53,2014-01-15 00:00:00.000,True
2179,1647,4,4,4,2014-01-06,2014-01-15,260.16,20.81,6.5,287.48,2014-01-15 00:00:00.000,True
2180,1648,4,4,5,2014-01-06,2014-01-15,694.17,55.53,17.35,767.05,2014-01-15 00:00:00.000,True
2181,1649,4,4,5,2014-01-08,2014-01-17,1796.04,143.68,44.9,1984.62,2014-01-17 00:00:00.000,True
2182,1650,4,4,5,2014-01-08,2014-01-17,416.75,33.34,10.42,460.5,2014-01-17 00:00:00.000,True
2183,1651,4,4,5,2014-01-08,2014-01-17,34644.23,2771.54,866.11,38281.87,2014-01-17 00:00:00.000,True
2184,1652,4,4,4,2014-01-08,2014-01-17,257.58,20.61,6.44,284.62,2014-01-17 00:00:00.000,True
2185,1653,6,4,5,2014-01-08,2014-01-17,146.29,11.7,3.66,161.65,2014-01-17 00:00:00.000,True
2186,1654,4,4,5,2014-01-08,2014-01-17,102.56,8.21,2.56,113.33,2014-01-17 00:00:00.000,True
2187,1655,4,4,5,2014-01-08,2014-01-17,150.79,12.06,3.77,166.62,2014-01-17 00:00:00.000,True
2188,1656,4,4,5,2014-01-08,2014-01-17,13669.43,1093.55,341.74,15104.71,2014-01-17 00:00:00.000,True
2189,1657,4,4,5,2014-01-08,2014-01-17,16393.23,1311.46,409.83,18114.52,2014-01-17 00:00:00.000,True
2190,1658,4,4,4,2014-01-08,2014-01-17,22516.73,1801.34,562.92,24880.98,2014-01-17 00:00:00.000,True
2191,1659,4,4,1,2014-01-08,2014-01-17,551.88,44.15,13.8,609.83,2014-01-17 00:00:00.000,True
2192,1660,4,4,1,2014-01-08,2014-01-17,6987.75,559.02,174.69,7721.46,2014-01-17 00:00:00.000,True
2193,1661,4,4,2,2014-01-08,2014-01-17,28072.28,2245.78,701.81,31019.86,2014-01-17 00:00:00.000,True
2194,1662,4,4,1,2014-01-08,2014-01-17,35394.98,2831.6,884.87,39111.45,2014-01-17 00:00:00.000,True
2195,1663,4,4,1,2014-01-08,2014-01-17,3407.25,272.58,85.18,3765.01,2014-01-17 00:00:00.000,True
2196,1664,4,4,2,2014-01-08,2014-01-17,28297.5,2263.8,707.44,31268.74,2014-01-17 00:00:00.000,True
2197,1665,4,4,2,2014-01-09,2014-01-18,59.94,4.8,1.5,66.24,2014-01-18 00:00:00.000,True
2198,1666,4,4,4,2014-01-09,2014-01-18,487.97,39.04,12.2,539.2,2014-01-18 00:00:00.000,True
2199,1667,4,4,5,2014-01-09,2014-01-18,43878.45,3510.28,1096.96,48485.69,2014-01-18 00:00:00.000,True
2200,1668,4,4,4,2014-01-09,2014-01-18,544.57,43.57,13.61,601.75,2014-01-18 00:00:00.000,True
2201,1669,4,4,2,2014-01-09,2014-01-18,36405.6,2912.45,910.14,40228.19,2014-01-18 00:00:00.000,True
2202,1670,4,4,5,2014-01-09,2014-01-18,142.41,11.39,3.56,157.36,2014-01-18 00:00:00.000,True
2203,1671,4,4,5,2014-01-09,2014-01-18,19236.53,1538.92,480.91,21256.36,2014-01-18 00:00:00.000,True
2204,1672,4,4,4,2014-01-09,2014-01-18,253.32,20.27,6.33,279.92,2014-01-18 00:00:00.000,True
2205,1673,4,4,1,2014-01-09,2014-01-18,1276.28,102.1,31.91,1410.28,2014-01-18 00:00:00.000,True
2206,1674,4,4,1,2014-01-09,2014-01-18,2003.93,160.31,50.1,2214.34,2014-01-18 00:00:00.000,True
2207,1675,4,4,2,2014-01-09,2014-01-18,50860.43,4068.83,1271.51,56200.77,2014-01-18 00:00:00.000,True
2208,1676,4,4,1,2014-01-09,2014-01-18,454.86,36.39,11.37,502.62,2014-01-18 00:00:00.000,True
2209,1677,4,4,5,2014-01-09,2014-01-18,43878.45,3510.28,1096.96,48485.69,2014-01-18 00:00:00.000,True
2210,1678,4,4,2,2014-01-09,2014-01-18,7132.13,570.57,178.3,7881.0,2014-01-18 00:00:00.000,True
2211,1679,4,4,2,2014-01-09,2014-01-18,28343.7,2267.5,708.59,31319.79,2014-01-18 00:00:00.000,True
2212,1680,4,4,4,2014-01-09,2014-01-18,22516.73,1801.34,562.92,24880.98,2014-01-18 00:00:00.000,True
2213,1681,4,4,5,2014-01-10,2014-01-19,34644.23,2771.54,866.11,38281.87,2014-01-19 00:00:00.000,True
2214,1682,4,4,5,2014-01-10,2014-01-19,272.76,21.82,6.82,301.4,2014-01-19 00:00:00.000,True
2215,1683,5,4,5,2014-01-10,2014-01-19,143.04,11.44,3.58,158.06,2014-01-19 00:00:00.000,True
2216,1684,4,4,2,2014-01-10,2014-01-19,28199.33,2255.95,704.98,31160.25,2014-01-19 00:00:00.000,True
2217,1685,4,4,1,2014-01-10,2014-01-19,3713.33,297.07,92.83,4103.22,2014-01-19 00:00:00.000,True
2218,1686,4,4,5,2014-01-10,2014-01-19,63831.08,5106.49,1595.78,70533.34,2014-01-19 00:00:00.000,True
2219,1687,4,4,5,2014-01-10,2014-01-19,16340.31,1307.22,408.51,18056.04,2014-01-19 00:00:00.000,True
2220,1688,4,4,5,2014-01-10,2014-01-19,5711.48,456.92,142.79,6311.18,2014-01-19 00:00:00.000,True
2221,1689,4,4,4,2014-01-10,2014-01-19,235.9,18.87,5.9,260.67,2014-01-19 00:00:00.000,True
2222,1690,4,4,2,2014-01-10,2014-01-19,97.97,7.84,2.45,108.25,2014-01-19 00:00:00.000,True
2223,1691,4,4,4,2014-01-10,2014-01-19,114.47,9.16,2.86,126.49,2014-01-19 00:00:00.000,True
2224,1692,4,4,4,2014-01-10,2014-01-19,132.65,10.61,3.32,146.57,2014-01-19 00:00:00.000,True
2225,1693,4,4,5,2014-01-10,2014-01-19,43878.45,3510.28,1096.96,48485.69,2014-01-19 00:00:00.000,True
2226,1694,4,4,1,2014-01-10,2014-01-19,418.95,33.52,10.47,462.94,2014-01-19 00:00:00.000,True
2227,1695,4,4,4,2014-01-10,2014-01-19,129.97,10.4,3.25,143.62,2014-01-19 00:00:00.000,True
2228,1696,4,4,1,2014-01-10,2014-01-19,461.79,36.94,11.54,510.28,2014-01-19 00:00:00.000,True
2229,1697,4,4,4,2014-01-15,2014-01-24,722.61,57.81,18.07,798.48,2014-01-24 00:00:00.000,True
2230,1698,4,4,2,2014-01-15,2014-01-24,37.08,2.97,0.93,40.97,2014-01-24 00:00:00.000,True
2231,1699,4,4,4,2014-01-15,2014-01-24,21558.08,1724.65,538.95,23821.67,2014-01-24 00:00:00.000,True
2232,1700,4,4,4,2014-01-15,2014-01-24,422.1,33.77,10.55,466.42,2014-01-24 00:00:00.000,True
2233,1701,4,4,4,2014-01-15,2014-01-24,45172.05,3613.76,1129.3,49915.12,2014-01-24 00:00:00.000,True
2234,1702,4,4,5,2014-01-15,2014-01-24,273.7,21.9,6.84,302.44,2014-01-24 00:00:00.000,True
2235,1703,4,4,5,2014-01-15,2014-01-24,415.8,33.26,10.4,459.46,2014-01-24 00:00:00.000,True
2236,1704,4,3,5,2014-01-15,2014-01-24,40471.2,3237.7,1011.78,44720.68,2014-01-24 00:00:00.000,True
2237,1705,4,4,5,2014-01-15,2014-01-24,1225.67,98.05,30.64,1354.36,2014-01-24 00:00:00.000,True
2238,1706,4,4,5,2014-01-15,2014-01-24,62092.8,4967.42,1552.32,68612.54,2014-01-24 00:00:00.000,True
2239,1707,4,4,5,2014-01-15,2014-01-24,5948.25,475.86,148.71,6572.82,2014-01-24 00:00:00.000,True
2240,1708,4,4,5,2014-01-15,2014-01-24,91117.95,7289.44,2277.95,100685.33,2014-01-24 00:00:00.000,True
2241,1709,4,4,1,2014-01-15,2014-01-24,525.0,42.0,13.13,580.13,2014-01-24 00:00:00.000,True
2242,1710,4,4,5,2014-01-15,2014-01-24,2003.68,160.29,50.09,2214.07,2014-01-24 00:00:00.000,True
2243,1711,4,4,4,2014-01-15,2014-01-24,26455.28,2116.42,661.38,29233.08,2014-01-24 00:00:00.000,True
2244,1712,4,4,2,2014-01-15,2014-01-24,944.37,75.55,23.61,1043.53,2014-01-24 00:00:00.000,True
2245,1713,4,4,1,2014-01-16,2014-01-25,6993.53,559.48,174.84,7727.85,2014-01-25 00:00:00.000,True
2246,1714,4,4,3,2014-01-16,2014-01-25,36122.63,2889.81,903.07,39915.5,2014-01-25 00:00:00.000,True
2247,1715,4,4,5,2014-01-16,2014-01-25,37843.58,3027.49,946.09,41817.15,2014-01-25 00:00:00.000,True
2248,1716,4,4,4,2014-01-16,2014-01-25,25531.28,2042.5,638.28,28212.06,2014-01-25 00:00:00.000,True
2249,1717,4,4,5,2014-01-16,2014-01-25,773.96,61.92,19.35,855.22,2014-01-25 00:00:00.000,True
2250,1718,4,4,4,2014-01-16,2014-01-25,125.75,10.06,3.14,138.95,2014-01-25 00:00:00.000,True
2251,1719,4,4,5,2014-01-16,2014-01-25,150.79,12.06,3.77,166.62,2014-01-25 00:00:00.000,True
2252,1720,4,4,4,2014-01-16,2014-01-25,360.05,28.8,9.0,397.85,2014-01-25 00:00:00.000,True
2253,1721,4,4,2,2014-01-16,2014-01-25,8847.3,707.78,221.18,9776.27,2014-01-25 00:00:00.000,True
2254,1722,5,4,5,2014-01-16,2014-01-25,171.08,13.69,4.28,189.04,2014-01-25 00:00:00.000,True
2255,1723,5,4,4,2014-01-16,2014-01-25,20397.3,1631.78,509.93,22539.02,2014-01-25 00:00:00.000,True
2256,1724,4,4,3,2014-01-16,2014-01-25,14628.08,1170.25,365.7,16164.02,2014-01-25 00:00:00.000,True
2257,1725,4,4,3,2014-01-16,2014-01-25,58685.55,4694.84,1467.14,64847.53,2014-01-25 00:00:00.000,True
2258,1726,4,4,5,2014-01-16,2014-01-25,563.57,45.09,14.09,622.74,2014-01-25 00:00:00.000,True
2259,1727,4,4,5,2014-01-16,2014-01-25,773.96,61.92,19.35,855.22,2014-01-25 00:00:00.000,True
2260,1728,4,4,5,2014-01-16,2014-01-25,1796.04,143.68,44.9,1984.62,2014-01-25 00:00:00.000,True
2261,1729,4,4,5,2014-01-17,2014-01-26,658.95,52.72,16.47,728.14,2014-01-26 00:00:00.000,True
2262,1730,4,4,5,2014-01-17,2014-01-26,34644.23,2771.54,866.11,38281.87,2014-01-26 00:00:00.000,True
2263,1731,4,4,3,2014-01-17,2014-01-26,1581.93,126.55,39.55,1748.03,2014-01-26 00:00:00.000,True
2264,1732,4,4,5,2014-01-17,2014-01-26,146.29,11.7,3.66,161.65,2014-01-26 00:00:00.000,True
2265,1733,4,4,5,2014-01-17,2014-01-26,102.56,8.21,2.56,113.33,2014-01-26 00:00:00.000,True
2266,1734,4,4,5,2014-01-17,2014-01-26,150.79,12.06,3.77,166.62,2014-01-26 00:00:00.000,True
2267,1735,4,4,5,2014-01-17,2014-01-26,13669.43,1093.55,341.74,15104.71,2014-01-26 00:00:00.000,True
2268,1736,4,4,5,2014-01-17,2014-01-26,13458.69,1076.7,336.47,14871.85,2014-01-26 00:00:00.000,True
2269,1737,4,4,2,2014-01-17,2014-01-26,101720.85,8137.67,2543.02,112401.54,2014-01-26 00:00:00.000,True
2270,1738,4,4,1,2014-01-17,2014-01-26,551.88,44.15,13.8,609.83,2014-01-26 00:00:00.000,True
2271,1739,4,4,1,2014-01-17,2014-01-26,6987.75,559.02,174.69,7721.46,2014-01-26 00:00:00.000,True
2272,1740,4,4,2,2014-01-17,2014-01-26,28072.28,2245.78,701.81,31019.86,2014-01-26 00:00:00.000,True
2273,1741,4,4,1,2014-01-17,2014-01-26,1917.3,153.38,47.93,2118.62,2014-01-26 00:00:00.000,True
2274,1742,4,4,1,2014-01-17,2014-01-26,4215.75,337.26,105.39,4658.4,2014-01-26 00:00:00.000,True
2275,1743,4,4,2,2014-01-17,2014-01-26,28297.5,2263.8,707.44,31268.74,2014-01-26 00:00:00.000,True
2276,1744,4,4,2,2014-01-17,2014-01-26,59.94,4.8,1.5,66.24,2014-01-26 00:00:00.000,True
2277,1745,4,4,4,2014-01-20,2014-01-29,567.6,45.41,14.19,627.2,2014-01-29 00:00:00.000,True
2278,1746,4,4,5,2014-01-20,2014-01-29,43878.45,3510.28,1096.96,48485.69,2014-01-29 00:00:00.000,True
2279,1747,4,4,4,2014-01-20,2014-01-29,722.45,57.8,18.06,798.31,2014-01-29 00:00:00.000,True
2280,1748,4,4,2,2014-01-20,2014-01-29,24318.53,1945.48,607.96,26871.97,2014-01-29 00:00:00.000,True
2281,1749,4,4,5,2014-01-20,2014-01-29,142.41,11.39,3.56,157.36,2014-01-29 00:00:00.000,True
2282,1750,4,4,2,2014-01-20,2014-01-29,48030.68,3842.45,1200.77,53073.9,2014-01-29 00:00:00.000,True
2283,1751,4,4,2,2014-01-20,2014-01-29,50860.43,4068.83,1271.51,56200.77,2014-01-29 00:00:00.000,True
2284,1752,4,4,1,2014-01-20,2014-01-29,1276.28,102.1,31.91,1410.28,2014-01-29 00:00:00.000,True
2285,1753,4,4,1,2014-01-20,2014-01-29,2003.93,160.31,50.1,2214.34,2014-01-29 00:00:00.000,True
2286,1754,4,4,2,2014-01-20,2014-01-29,28343.7,2267.5,708.59,31319.79,2014-01-29 00:00:00.000,True
2287,1755,4,4,1,2014-01-20,2014-01-29,454.86,36.39,11.37,502.62,2014-01-29 00:00:00.000,True
2288,1756,4,4,5,2014-01-20,2014-01-29,43878.45,3510.28,1096.96,48485.69,2014-01-29 00:00:00.000,True
2289,1757,4,4,2,2014-01-20,2014-01-29,7132.13,570.57,178.3,7881.0,2014-01-29 00:00:00.000,True
2290,1758,4,4,2,2014-01-20,2014-01-29,28343.7,2267.5,708.59,31319.79,2014-01-29 00:00:00.000,True
2291,1759,4,4,4,2014-01-20,2014-01-29,22516.73,1801.34,562.92,24880.98,2014-01-29 00:00:00.000,True
2292,1760,4,4,5,2014-01-20,2014-01-29,34644.23,2771.54,866.11,38281.87,2014-01-29 00:00:00.000,True
2293,1761,4,4,4,2014-01-21,2014-01-30,501.2,40.1,12.53,553.82,2014-01-30 00:00:00.000,True
2294,1762,4,4,5,2014-01-21,2014-01-30,143.04,11.44,3.58,158.06,2014-01-30 00:00:00.000,True
2295,1763,4,4,2,2014-01-21,2014-01-30,28199.33,2255.95,704.98,31160.25,2014-01-30 00:00:00.000,True
2296,1764,4,4,1,2014-01-21,2014-01-30,3713.33,297.07,92.83,4103.22,2014-01-30 00:00:00.000,True
2297,1765,4,4,5,2014-01-21,2014-01-30,63831.08,5106.49,1595.78,70533.34,2014-01-30 00:00:00.000,True
2298,1766,4,4,5,2014-01-21,2014-01-30,13361.04,1068.88,334.03,14763.95,2014-01-30 00:00:00.000,True
2299,1767,4,4,5,2014-01-21,2014-01-30,5711.48,456.92,142.79,6311.18,2014-01-30 00:00:00.000,True
2300,1768,4,4,5,2014-01-21,2014-01-30,696.53,55.72,17.41,769.66,2014-01-30 00:00:00.000,True
2301,1769,4,4,2,2014-01-21,2014-01-30,97.97,7.84,2.45,108.25,2014-01-30 00:00:00.000,True
2302,1770,4,4,4,2014-01-21,2014-01-30,114.47,9.16,2.86,126.49,2014-01-30 00:00:00.000,True
2303,1771,4,4,4,2014-01-21,2014-01-30,132.65,10.61,3.32,146.57,2014-01-30 00:00:00.000,True
2304,1772,4,4,5,2014-01-21,2014-01-30,43878.45,3510.28,1096.96,48485.69,2014-01-30 00:00:00.000,True
2305,1773,4,4,1,2014-01-21,2014-01-30,418.95,33.52,10.47,462.94,2014-01-30 00:00:00.000,True
2306,1774,4,4,4,2014-01-21,2014-01-30,272.44,21.8,6.81,301.05,2014-01-30 00:00:00.000,True
2307,1775,4,4,1,2014-01-21,2014-01-30,461.79,36.94,11.54,510.28,2014-01-30 00:00:00.000,True
2308,1776,4,4,4,2014-01-21,2014-01-30,513.17,41.05,12.83,567.05,2014-01-30 00:00:00.000,True
2309,1777,4,4,2,2014-01-22,2014-01-31,37.08,2.97,0.93,40.97,2014-01-31 00:00:00.000,True
2310,1778,4,4,4,2014-01-22,2014-01-31,21558.08,1724.65,538.95,23821.67,2014-01-31 00:00:00.000,True
2311,1779,4,4,4,2014-01-22,2014-01-31,663.67,53.09,16.59,733.36,2014-01-31 00:00:00.000,True
2312,1780,4,4,5,2014-01-22,2014-01-31,65240.18,5219.21,1631.0,72090.39,2014-01-31 00:00:00.000,True
2313,1781,4,4,4,2014-01-22,2014-01-31,503.09,40.25,12.58,555.91,2014-01-31 00:00:00.000,True
2314,1782,4,4,5,2014-01-22,2014-01-31,273.07,21.85,6.83,301.75,2014-01-31 00:00:00.000,True
2315,1783,4,4,5,2014-01-22,2014-01-31,40471.2,3237.7,1011.78,44720.68,2014-01-31 00:00:00.000,True
2316,1784,4,4,5,2014-01-22,2014-01-31,278.52,22.28,6.96,307.77,2014-01-31 00:00:00.000,True
2317,1785,4,4,5,2014-01-22,2014-01-31,62092.8,4967.42,1552.32,68612.54,2014-01-31 00:00:00.000,True
2318,1786,4,4,5,2014-01-22,2014-01-31,5948.25,475.86,148.71,6572.82,2014-01-31 00:00:00.000,True
2319,1787,4,4,5,2014-01-22,2014-01-31,91117.95,7289.44,2277.95,100685.33,2014-01-31 00:00:00.000,True
2320,1788,4,4,1,2014-01-22,2014-01-31,525.0,42.0,13.13,580.13,2014-01-31 00:00:00.000,True
2321,1789,4,4,5,2014-01-23,2014-02-01,2003.68,160.29,50.09,2214.07,2014-02-01 00:00:00.000,True
2322,1790,4,4,4,2014-01-23,2014-02-01,26455.28,2116.42,661.38,29233.08,2014-02-01 00:00:00.000,True
2323,1791,4,4,2,2014-01-23,2014-02-01,944.37,75.55,23.61,1043.53,2014-02-01 00:00:00.000,True
2324,1792,4,4,4,2014-01-23,2014-02-01,44594.55,3567.56,1114.86,49276.98,2014-02-01 00:00:00.000,True
2325,1793,4,4,5,2014-01-23,2014-02-01,26720.93,2137.67,668.02,29526.62,2014-02-01 00:00:00.000,True
2326,1794,4,4,5,2014-01-23,2014-02-01,37843.58,3027.49,946.09,41817.15,2014-02-01 00:00:00.000,True
2327,1795,4,4,4,2014-01-23,2014-02-01,25531.28,2042.5,638.28,28212.06,2014-02-01 00:00:00.000,True
2328,1796,4,4,4,2014-01-23,2014-02-01,482.52,38.6,12.06,533.18,2014-02-01 00:00:00.000,True
2329,1797,4,4,4,2014-01-23,2014-02-01,125.75,10.06,3.14,138.95,2014-02-01 00:00:00.000,True
2330,1798,4,4,5,2014-01-23,2014-02-01,150.79,12.06,3.77,166.62,2014-02-01 00:00:00.000,True
2331,1799,4,4,4,2014-01-23,2014-02-01,235.9,18.87,5.9,260.67,2014-02-01 00:00:00.000,True
2332,1800,4,4,2,2014-01-23,2014-02-01,8847.3,707.78,221.18,9776.27,2014-02-01 00:00:00.000,True
2333,1801,4,4,5,2014-01-23,2014-02-01,171.08,13.69,4.28,189.04,2014-02-01 00:00:00.000,True
2334,1802,4,4,4,2014-01-23,2014-02-01,20397.3,1631.78,509.93,22539.02,2014-02-01 00:00:00.000,True
2335,1803,4,4,3,2014-01-23,2014-02-01,14628.08,1170.25,365.7,16164.02,2014-02-01 00:00:00.000,True
2336,1804,4,3,3,2014-01-23,2014-02-01,33350.63,2668.05,833.77,36852.44,2014-02-01 00:00:00.000,True
2337,1805,4,4,4,2014-01-24,2014-02-02,1860.39,148.83,46.51,2055.73,2014-02-02 00:00:00.000,True
2338,1806,4,4,4,2014-01-24,2014-02-02,482.52,38.6,12.06,533.18,2014-02-02 00:00:00.000,True
2339,1807,5,4,5,2014-01-24,2014-02-02,1796.04,143.68,44.9,1984.62,2014-02-02 00:00:00.000,True
2340,1808,4,4,4,2014-01-24,2014-02-02,602.25,48.18,15.06,665.48,2014-02-02 00:00:00.000,True
2341,1809,4,4,5,2014-01-24,2014-02-02,34644.23,2771.54,866.11,38281.87,2014-02-02 00:00:00.000,True
2342,1810,4,4,4,2014-01-24,2014-02-02,1839.51,147.16,45.99,2032.65,2014-02-02 00:00:00.000,True
2343,1811,4,4,5,2014-01-24,2014-02-02,146.29,11.7,3.66,161.65,2014-02-02 00:00:00.000,True
2344,1812,4,4,5,2014-01-24,2014-02-02,102.56,8.21,2.56,113.33,2014-02-02 00:00:00.000,True
2345,1813,4,4,5,2014-01-24,2014-02-02,150.79,12.06,3.77,166.62,2014-02-02 00:00:00.000,True
2346,1814,4,4,5,2014-01-24,2014-02-02,13669.43,1093.55,341.74,15104.71,2014-02-02 00:00:00.000,True
2347,1815,4,4,5,2014-01-24,2014-02-02,2934.54,234.76,73.36,3242.67,2014-02-02 00:00:00.000,True
2348,1816,4,4,2,2014-01-24,2014-02-02,50860.43,4068.83,1271.51,56200.77,2014-02-02 00:00:00.000,True
2349,1817,4,4,1,2014-01-27,2014-02-05,551.88,44.15,13.8,609.83,2014-02-05 00:00:00.000,True
2350,1818,4,4,1,2014-01-27,2014-02-05,6987.75,559.02,174.69,7721.46,2014-02-05 00:00:00.000,True
2351,1819,4,4,2,2014-01-27,2014-02-05,28072.28,2245.78,701.81,31019.86,2014-02-05 00:00:00.000,True
2352,1820,4,4,1,2014-01-27,2014-02-05,37312.28,2984.98,932.81,41230.06,2014-02-05 00:00:00.000,True
2353,1821,4,4,1,2014-01-27,2014-02-05,3407.25,272.58,85.18,3765.01,2014-02-05 00:00:00.000,True
2354,1822,4,4,2,2014-01-27,2014-02-05,28297.5,2263.8,707.44,31268.74,2014-02-05 00:00:00.000,True
2355,1823,4,4,2,2014-01-27,2014-02-05,59.94,4.8,1.5,66.24,2014-02-05 00:00:00.000,True
2356,1824,4,4,4,2014-01-27,2014-02-05,240.72,19.26,6.02,266.0,2014-02-05 00:00:00.000,True
2357,1825,4,4,5,2014-01-27,2014-02-05,43878.45,3510.28,1096.96,48485.69,2014-02-05 00:00:00.000,True
2358,1826,4,4,5,2014-01-27,2014-02-05,544.73,43.58,13.62,601.93,2014-02-05 00:00:00.000,True
2359,1827,4,4,1,2014-01-27,2014-02-05,18641.7,1491.34,466.04,20599.08,2014-02-05 00:00:00.000,True
2360,1828,4,4,5,2014-01-27,2014-02-05,142.41,11.39,3.56,157.36,2014-02-05 00:00:00.000,True
2361,1829,4,4,2,2014-01-27,2014-02-05,48030.68,3842.45,1200.77,53073.9,2014-02-05 00:00:00.000,True
2362,1830,4,4,4,2014-01-27,2014-02-05,421.16,33.69,10.53,465.38,2014-02-05 00:00:00.000,True
2363,1831,4,4,1,2014-01-27,2014-02-05,1276.28,102.1,31.91,1410.28,2014-02-05 00:00:00.000,True
2364,1832,4,4,1,2014-01-27,2014-02-05,2003.93,160.31,50.1,2214.34,2014-02-05 00:00:00.000,True
2365,1833,4,4,4,2014-01-28,2014-02-06,22516.73,1801.34,562.92,24880.98,2014-02-06 00:00:00.000,True
2366,1834,4,4,1,2014-01-28,2014-02-06,454.86,36.39,11.37,502.62,2014-02-06 00:00:00.000,True
2367,1835,4,4,5,2014-01-28,2014-02-06,43878.45,3510.28,1096.96,48485.69,2014-02-06 00:00:00.000,True
2368,1836,4,4,2,2014-01-28,2014-02-06,7132.13,570.57,178.3,7881.0,2014-02-06 00:00:00.000,True
2369,1837,4,4,2,2014-01-28,2014-02-06,28343.7,2267.5,708.59,31319.79,2014-02-06 00:00:00.000,True
2370,1838,4,4,4,2014-01-28,2014-02-06,22516.73,1801.34,562.92,24880.98,2014-02-06 00:00:00.000,True
2371,1839,6,4,5,2014-01-28,2014-02-06,34644.23,2771.54,866.11,38281.87,2014-02-06 00:00:00.000,True
2372,1840,4,4,4,2014-01-28,2014-02-06,247.56,19.8,6.19,273.55,2014-02-06 00:00:00.000,True
2373,1841,4,4,5,2014-01-29,2014-02-07,143.04,11.44,3.58,158.06,2014-02-07 00:00:00.000,True
2374,1842,4,4,2,2014-01-29,2014-02-07,28199.33,2255.95,704.98,31160.25,2014-02-07 00:00:00.000,True
2375,1843,4,4,1,2014-01-29,2014-02-07,3713.33,297.07,92.83,4103.22,2014-02-07 00:00:00.000,True
2376,1844,4,4,5,2014-01-29,2014-02-07,43878.45,3510.28,1096.96,48485.69,2014-02-07 00:00:00.000,True
2377,1845,4,4,5,2014-01-29,2014-02-07,2979.27,238.34,74.48,3292.09,2014-02-07 00:00:00.000,True
2378,1846,4,4,5,2014-01-29,2014-02-07,5711.48,456.92,142.79,6311.18,2014-02-07 00:00:00.000,True
2379,1847,4,4,5,2014-01-29,2014-02-07,776.79,62.14,19.42,858.35,2014-02-07 00:00:00.000,True
2380,1848,4,4,2,2014-01-29,2014-02-07,97.97,7.84,2.45,108.25,2014-02-07 00:00:00.000,True
2381,1849,4,4,4,2014-01-29,2014-02-07,114.47,9.16,2.86,126.49,2014-02-07 00:00:00.000,True
2382,1850,4,4,4,2014-01-29,2014-02-07,132.65,10.61,3.32,146.57,2014-02-07 00:00:00.000,True
2383,1851,4,4,5,2014-01-29,2014-02-07,43878.45,3510.28,1096.96,48485.69,2014-02-07 00:00:00.000,True
2384,1852,4,4,1,2014-01-29,2014-02-07,418.95,33.52,10.47,462.94,2014-02-07 00:00:00.000,True
2385,1853,4,4,4,2014-01-29,2014-02-07,389.66,31.17,9.74,430.57,2014-02-07 00:00:00.000,True
2386,1854,4,4,1,2014-01-29,2014-02-07,461.79,36.94,11.54,510.28,2014-02-07 00:00:00.000,True
2387,1855,4,4,4,2014-01-29,2014-02-07,2366.85,189.35,59.17,2615.37,2014-02-07 00:00:00.000,True
2388,1856,4,4,2,2014-01-29,2014-02-07,37.08,2.97,0.93,40.97,2014-02-07 00:00:00.000,True
2389,1857,4,4,4,2014-01-31,2014-02-09,21558.08,1724.65,538.95,23821.67,2014-02-09 00:00:00.000,True
2390,1858,4,4,4,2014-01-31,2014-02-09,624.3,49.94,15.61,689.85,2014-02-09 00:00:00.000,True
2391,1859,4,4,4,2014-01-31,2014-02-09,20980.58,1678.45,524.51,23183.54,2014-02-09 00:00:00.000,True
2392,1860,4,4,4,2014-01-31,2014-02-09,360.05,28.8,9.0,397.85,2014-02-09 00:00:00.000,True
2393,1861,4,4,4,2014-02-03,2014-02-12,260.47,20.84,6.51,287.82,2014-02-12 00:00:00.000,True
2394,1862,4,4,5,2014-02-03,2014-02-12,40471.2,3237.7,1011.78,44720.68,2014-02-12 00:00:00.000,True
2395,1863,4,4,5,2014-02-03,2014-02-12,414.86,33.19,10.37,458.41,2014-02-12 00:00:00.000,True
2396,1864,4,4,5,2014-02-03,2014-02-12,38421.08,3073.69,960.53,42455.29,2014-02-12 00:00:00.000,True
2397,1865,4,4,5,2014-02-03,2014-02-12,5948.25,475.86,148.71,6572.82,2014-02-12 00:00:00.000,True
2398,1866,4,4,5,2014-02-03,2014-02-12,91117.95,7289.44,2277.95,100685.33,2014-02-12 00:00:00.000,True
2399,1867,4,4,1,2014-02-03,2014-02-12,525.0,42.0,13.13,580.13,2014-02-12 00:00:00.000,True
2400,1868,4,4,5,2014-02-03,2014-02-12,2003.68,160.29,50.09,2214.07,2014-02-12 00:00:00.000,True
2401,1869,4,4,4,2014-02-03,2014-02-12,26455.28,2116.42,661.38,29233.08,2014-02-12 00:00:00.000,True
2402,1870,4,4,2,2014-02-03,2014-02-12,944.37,75.55,23.61,1043.53,2014-02-12 00:00:00.000,True
2403,1871,4,4,1,2014-02-03,2014-02-12,6993.53,559.48,174.84,7727.85,2014-02-12 00:00:00.000,True
2404,1872,4,4,3,2014-02-03,2014-02-12,36122.63,2889.81,903.07,39915.5,2014-02-12 00:00:00.000,True
2405,1873,4,4,5,2014-02-03,2014-02-12,37843.58,3027.49,946.09,41817.15,2014-02-12 00:00:00.000,True
2406,1874,4,4,4,2014-02-03,2014-02-12,25531.28,2042.5,638.28,28212.06,2014-02-12 00:00:00.000,True
2407,1875,4,4,4,2014-02-03,2014-02-12,111.07,8.89,2.78,122.73,2014-02-12 00:00:00.000,True
2408,1876,4,4,4,2014-02-03,2014-02-12,125.75,10.06,3.14,138.95,2014-02-12 00:00:00.000,True
2409,1877,4,4,5,2014-02-04,2014-02-13,150.79,12.06,3.77,166.62,2014-02-13 00:00:00.000,True
2410,1878,4,4,5,2014-02-04,2014-02-13,696.53,55.72,17.41,769.66,2014-02-13 00:00:00.000,True
2411,1879,4,4,2,2014-02-04,2014-02-13,8847.3,707.78,221.18,9776.27,2014-02-13 00:00:00.000,True
2412,1880,4,4,5,2014-02-04,2014-02-13,171.08,13.69,4.28,189.04,2014-02-13 00:00:00.000,True
2413,1881,4,4,4,2014-02-04,2014-02-13,20397.3,1631.78,509.93,22539.02,2014-02-13 00:00:00.000,True
2414,1882,4,4,3,2014-02-04,2014-02-13,14628.08,1170.25,365.7,16164.02,2014-02-13 00:00:00.000,True
2415,1883,5,4,4,2014-02-04,2014-02-13,25334.93,2026.79,633.37,27995.09,2014-02-13 00:00:00.000,True
2416,1884,4,4,5,2014-02-04,2014-02-13,278.52,22.28,6.96,307.77,2014-02-13 00:00:00.000,True
2417,1885,5,4,4,2014-02-05,2014-02-14,111.07,8.89,2.78,122.73,2014-02-14 00:00:00.000,True
2418,1886,4,4,5,2014-02-05,2014-02-14,1796.04,143.68,44.9,1984.62,2014-02-14 00:00:00.000,True
2419,1887,4,4,4,2014-02-05,2014-02-14,748.76,59.9,18.72,827.37,2014-02-14 00:00:00.000,True
2420,1888,4,4,5,2014-02-05,2014-02-14,34644.23,2771.54,866.11,38281.87,2014-02-14 00:00:00.000,True
2421,1889,4,4,4,2014-02-05,2014-02-14,1839.51,147.16,45.99,2032.65,2014-02-14 00:00:00.000,True
2422,1890,4,4,5,2014-02-05,2014-02-14,146.29,11.7,3.66,161.65,2014-02-14 00:00:00.000,True
2423,1891,4,4,5,2014-02-05,2014-02-14,102.56,8.21,2.56,113.33,2014-02-14 00:00:00.000,True
2424,1892,4,4,5,2014-02-05,2014-02-14,150.79,12.06,3.77,166.62,2014-02-14 00:00:00.000,True
2425,1893,4,4,5,2014-02-05,2014-02-14,13669.43,1093.55,341.74,15104.71,2014-02-14 00:00:00.000,True
2426,1894,4,4,5,2014-02-05,2014-02-14,6444.9,515.59,161.12,7121.61,2014-02-14 00:00:00.000,True
2427,1895,4,4,2,2014-02-05,2014-02-14,152581.28,12206.5,3814.53,168602.31,2014-02-14 00:00:00.000,True
2428,1896,4,4,1,2014-02-05,2014-02-14,551.88,44.15,13.8,609.83,2014-02-14 00:00:00.000,True
2429,1897,4,4,1,2014-02-06,2014-02-15,6987.75,559.02,174.69,7721.46,2014-02-15 00:00:00.000,True
2430,1898,4,4,2,2014-02-06,2014-02-15,28072.28,2245.78,701.81,31019.86,2014-02-15 00:00:00.000,True
2431,1899,4,4,1,2014-02-06,2014-02-15,37312.28,2984.98,932.81,41230.06,2014-02-15 00:00:00.000,True
2432,1900,4,4,1,2014-02-06,2014-02-15,7623.0,609.84,190.58,8423.42,2014-02-15 00:00:00.000,True
2433,1901,4,4,2,2014-02-06,2014-02-15,28297.5,2263.8,707.44,31268.74,2014-02-15 00:00:00.000,True
2434,1902,4,4,2,2014-02-06,2014-02-15,59.94,4.8,1.5,66.24,2014-02-15 00:00:00.000,True
2435,1903,4,4,4,2014-02-06,2014-02-15,358.16,28.65,8.95,395.76,2014-02-15 00:00:00.000,True
2436,1904,4,3,5,2014-02-06,2014-02-15,43878.45,3510.28,1096.96,48485.69,2014-02-15 00:00:00.000,True
2437,1905,4,4,4,2014-02-06,2014-02-15,1637.94,131.04,40.95,1809.92,2014-02-15 00:00:00.000,True
2438,1906,4,4,2,2014-02-06,2014-02-15,29989.58,2399.17,749.74,33138.48,2014-02-15 00:00:00.000,True
2439,1907,4,4,5,2014-02-06,2014-02-15,142.41,11.39,3.56,157.36,2014-02-15 00:00:00.000,True
2440,1908,4,4,2,2014-02-06,2014-02-15,48030.68,3842.45,1200.77,53073.9,2014-02-15 00:00:00.000,True
2441,1909,5,4,4,2014-02-06,2014-02-15,12127.74,970.22,303.19,13401.15,2014-02-15 00:00:00.000,True
2442,1910,4,4,1,2014-02-06,2014-02-15,1276.28,102.1,31.91,1410.28,2014-02-15 00:00:00.000,True
2443,1911,4,4,1,2014-02-06,2014-02-15,2003.93,160.31,50.1,2214.34,2014-02-15 00:00:00.000,True
2444,1912,4,4,2,2014-02-06,2014-02-15,28343.7,2267.5,708.59,31319.79,2014-02-15 00:00:00.000,True
2445,1913,4,4,1,2014-02-07,2014-02-16,454.86,36.39,11.37,502.62,2014-02-16 00:00:00.000,True
2446,1914,4,4,5,2014-02-07,2014-02-16,43878.45,3510.28,1096.96,48485.69,2014-02-16 00:00:00.000,True
2447,1915,4,4,2,2014-02-07,2014-02-16,7132.13,570.57,178.3,7881.0,2014-02-16 00:00:00.000,True
2448,1916,4,4,2,2014-02-07,2014-02-16,28343.7,2267.5,708.59,31319.79,2014-02-16 00:00:00.000,True
2449,1917,4,4,4,2014-02-07,2014-02-16,22516.73,1801.34,562.92,24880.98,2014-02-16 00:00:00.000,True
2450,1918,4,4,5,2014-02-07,2014-02-16,34644.23,2771.54,866.11,38281.87,2014-02-16 00:00:00.000,True
2451,1919,4,4,5,2014-02-07,2014-02-16,694.17,55.53,17.35,767.05,2014-02-16 00:00:00.000,True
2452,1920,4,4,5,2014-02-07,2014-02-16,143.04,11.44,3.58,158.06,2014-02-16 00:00:00.000,True
2453,1921,4,4,2,2014-02-07,2014-02-16,28199.33,2255.95,704.98,31160.25,2014-02-16 00:00:00.000,True
2454,1922,4,4,1,2014-02-07,2014-02-16,3713.33,297.07,92.83,4103.22,2014-02-16 00:00:00.000,True
2455,1923,4,4,4,2014-02-07,2014-02-16,19952.63,1596.21,498.82,22047.65,2014-02-16 00:00:00.000,True
2456,1924,4,4,5,2014-02-07,2014-02-16,6540.66,523.25,163.52,7227.43,2014-02-16 00:00:00.000,True
2457,1925,4,4,5,2014-02-07,2014-02-16,5711.48,456.92,142.79,6311.18,2014-02-16 00:00:00.000,True
2458,1926,4,4,4,2014-02-07,2014-02-16,484.41,38.75,12.11,535.27,2014-02-16 00:00:00.000,True
2459,1927,4,4,2,2014-02-07,2014-02-16,97.97,7.84,2.45,108.25,2014-02-16 00:00:00.000,True
2460,1928,4,4,4,2014-02-07,2014-02-16,114.47,9.16,2.86,126.49,2014-02-16 00:00:00.000,True
2461,1929,4,4,4,2014-02-10,2014-02-19,132.65,10.61,3.32,146.57,2014-02-19 00:00:00.000,True
2462,1930,4,4,5,2014-02-10,2014-02-19,43878.45,3510.28,1096.96,48485.69,2014-02-19 00:00:00.000,True
2463,1931,4,4,1,2014-02-10,2014-02-19,418.95,33.52,10.47,462.94,2014-02-19 00:00:00.000,True
2464,1932,4,4,4,2014-02-10,2014-02-19,240.72,19.26,6.02,266.0,2014-02-19 00:00:00.000,True
2465,1933,4,4,1,2014-02-10,2014-02-19,461.79,36.94,11.54,510.28,2014-02-19 00:00:00.000,True
2466,1934,4,4,4,2014-02-10,2014-02-19,253.32,20.27,6.33,279.92,2014-02-19 00:00:00.000,True
2467,1935,4,4,2,2014-02-10,2014-02-19,37.08,2.97,0.93,40.97,2014-02-19 00:00:00.000,True
2468,1936,4,4,4,2014-02-10,2014-02-19,21558.08,1724.65,538.95,23821.67,2014-02-19 00:00:00.000,True
2469,1937,4,4,4,2014-02-10,2014-02-19,710.33,56.83,17.76,784.91,2014-02-19 00:00:00.000,True
2470,1938,4,4,5,2014-02-10,2014-02-19,86220.75,6897.66,2155.52,95273.93,2014-02-19 00:00:00.000,True
2471,1939,4,4,4,2014-02-10,2014-02-19,235.9,18.87,5.9,260.67,2014-02-19 00:00:00.000,True
2472,1940,4,4,5,2014-02-10,2014-02-19,428.4,34.27,10.71,473.38,2014-02-19 00:00:00.000,True
2473,1941,7,4,5,2014-02-10,2014-02-19,40471.2,3237.7,1011.78,44720.68,2014-02-19 00:00:00.000,True
2474,1942,4,4,5,2014-02-10,2014-02-19,272.44,21.8,6.81,301.05,2014-02-19 00:00:00.000,True
2475,1943,4,4,4,2014-02-10,2014-02-19,23671.73,1893.74,591.79,26157.26,2014-02-19 00:00:00.000,True
2476,1944,4,4,5,2014-02-10,2014-02-19,5948.25,475.86,148.71,6572.82,2014-02-19 00:00:00.000,True
2477,1945,4,4,5,2014-02-11,2014-02-20,91117.95,7289.44,2277.95,100685.33,2014-02-20 00:00:00.000,True
2478,1946,4,4,1,2014-02-11,2014-02-20,525.0,42.0,13.13,580.13,2014-02-20 00:00:00.000,True
2479,1947,4,4,5,2014-02-11,2014-02-20,2003.68,160.29,50.09,2214.07,2014-02-20 00:00:00.000,True
2480,1948,4,4,4,2014-02-11,2014-02-20,26455.28,2116.42,661.38,29233.08,2014-02-20 00:00:00.000,True
2481,1949,4,4,2,2014-02-11,2014-02-20,944.37,75.55,23.61,1043.53,2014-02-20 00:00:00.000,True
2482,1950,4,4,4,2014-02-11,2014-02-20,48186.6,3854.93,1204.67,53246.19,2014-02-20 00:00:00.000,True
2483,1951,4,4,5,2014-02-11,2014-02-20,26720.93,2137.67,668.02,29526.62,2014-02-20 00:00:00.000,True
2484,1952,5,4,5,2014-02-11,2014-02-20,37843.58,3027.49,946.09,41817.15,2014-02-20 00:00:00.000,True
2485,1953,4,4,4,2014-02-11,2014-02-20,25531.28,2042.5,638.28,28212.06,2014-02-20 00:00:00.000,True
2486,1954,4,4,5,2014-02-11,2014-02-20,278.84,22.31,6.97,308.12,2014-02-20 00:00:00.000,True
2487,1955,4,4,4,2014-02-11,2014-02-20,125.75,10.06,3.14,138.95,2014-02-20 00:00:00.000,True
2488,1956,4,4,5,2014-02-11,2014-02-20,150.79,12.06,3.77,166.62,2014-02-20 00:00:00.000,True
2489,1957,4,4,5,2014-02-11,2014-02-20,776.79,62.14,19.42,858.35,2014-02-20 00:00:00.000,True
2490,1958,4,4,2,2014-02-11,2014-02-20,8847.3,707.78,221.18,9776.27,2014-02-20 00:00:00.000,True
2491,1959,4,4,5,2014-02-11,2014-02-20,171.08,13.69,4.28,189.04,2014-02-20 00:00:00.000,True
2492,1960,4,4,4,2014-02-11,2014-02-20,20397.3,1631.78,509.93,22539.02,2014-02-20 00:00:00.000,True
2493,1961,4,4,3,2014-02-12,2014-02-21,14628.08,1170.25,365.7,16164.02,2014-02-21 00:00:00.000,True
2494,1962,4,4,3,2014-02-12,2014-02-21,33350.63,2668.05,833.77,36852.44,2014-02-21 00:00:00.000,True
2495,1963,4,4,5,2014-02-12,2014-02-21,414.86,33.19,10.37,458.41,2014-02-21 00:00:00.000,True
2496,1964,4,4,5,2014-02-12,2014-02-21,278.84,22.31,6.97,308.12,2014-02-21 00:00:00.000,True
2497,1965,4,4,5,2014-02-12,2014-02-21,1796.04,143.68,44.9,1984.62,2014-02-21 00:00:00.000,True
2498,1966,4,4,4,2014-02-12,2014-02-21,489.07,39.13,12.23,540.42,2014-02-21 00:00:00.000,True
2499,1967,4,4,5,2014-02-12,2014-02-21,34644.23,2771.54,866.11,38281.87,2014-02-21 00:00:00.000,True
2500,1968,4,4,4,2014-02-12,2014-02-21,1839.51,147.16,45.99,2032.65,2014-02-21 00:00:00.000,True
2501,1969,4,4,5,2014-02-12,2014-02-21,146.29,11.7,3.66,161.65,2014-02-21 00:00:00.000,True
2502,1970,4,4,5,2014-02-12,2014-02-21,102.56,8.21,2.56,113.33,2014-02-21 00:00:00.000,True
2503,1971,4,4,5,2014-02-12,2014-02-21,150.79,12.06,3.77,166.62,2014-02-21 00:00:00.000,True
2504,1972,4,4,5,2014-02-12,2014-02-21,13669.43,1093.55,341.74,15104.71,2014-02-21 00:00:00.000,True
2505,1973,4,4,5,2014-02-12,2014-02-21,9948.33,795.87,248.71,10992.9,2014-02-21 00:00:00.000,True
2506,1974,4,4,2,2014-02-12,2014-02-21,28343.7,2267.5,708.59,31319.79,2014-02-21 00:00:00.000,True
2507,1975,4,4,1,2014-02-12,2014-02-21,551.88,44.15,13.8,609.83,2014-02-21 00:00:00.000,True
2508,1976,4,4,1,2014-02-12,2014-02-21,6987.75,559.02,174.69,7721.46,2014-02-21 00:00:00.000,True
2509,1977,4,4,2,2014-02-13,2014-02-22,28072.28,2245.78,701.81,31019.86,2014-02-22 00:00:00.000,True
2510,1978,4,4,1,2014-02-13,2014-02-22,37312.28,2984.98,932.81,41230.06,2014-02-22 00:00:00.000,True
2511,1979,4,4,1,2014-02-13,2014-02-22,7623.0,609.84,190.58,8423.42,2014-02-22 00:00:00.000,True
2512,1980,4,4,2,2014-02-13,2014-02-22,28297.5,2263.8,707.44,31268.74,2014-02-22 00:00:00.000,True
2513,1981,4,4,2,2014-02-13,2014-02-22,59.94,4.8,1.5,66.24,2014-02-22 00:00:00.000,True
2514,1982,4,4,4,2014-02-13,2014-02-22,234.64,18.77,5.87,259.28,2014-02-22 00:00:00.000,True
2515,1983,4,4,5,2014-02-13,2014-02-22,43878.45,3510.28,1096.96,48485.69,2014-02-22 00:00:00.000,True
2516,1984,4,4,4,2014-02-13,2014-02-22,247.24,19.78,6.18,273.2,2014-02-22 00:00:00.000,True
2517,1985,4,4,2,2014-02-13,2014-02-22,49376.25,3950.1,1234.41,54560.76,2014-02-22 00:00:00.000,True
2518,1986,4,4,5,2014-02-13,2014-02-22,142.41,11.39,3.56,157.36,2014-02-22 00:00:00.000,True
2519,1987,4,4,2,2014-02-13,2014-02-22,48030.68,3842.45,1200.77,53073.9,2014-02-22 00:00:00.000,True
2520,1988,4,4,5,2014-02-13,2014-02-22,39258.45,3140.68,981.46,43380.59,2014-02-22 00:00:00.000,True
2521,1989,4,4,1,2014-02-13,2014-02-22,1276.28,102.1,31.91,1410.28,2014-02-22 00:00:00.000,True
2522,1990,4,4,1,2014-02-13,2014-02-22,2003.93,160.31,50.1,2214.34,2014-02-22 00:00:00.000,True
2523,1991,4,4,4,2014-02-13,2014-02-22,22516.73,1801.34,562.92,24880.98,2014-02-22 00:00:00.000,True
2524,1992,4,4,1,2014-02-13,2014-02-22,454.86,36.39,11.37,502.62,2014-02-22 00:00:00.000,True
2525,1993,4,4,5,2014-02-14,2014-02-23,43878.45,3510.28,1096.96,48485.69,2014-02-23 00:00:00.000,True
2526,1994,4,4,2,2014-02-14,2014-02-23,7132.13,570.57,178.3,7881.0,2014-02-23 00:00:00.000,True
2527,1995,4,4,2,2014-02-14,2014-02-23,28343.7,2267.5,708.59,31319.79,2014-02-23 00:00:00.000,True
2528,1996,4,4,4,2014-02-14,2014-02-23,22516.73,1801.34,562.92,24880.98,2014-02-23 00:00:00.000,True
2529,1997,4,4,5,2014-02-14,2014-02-23,34644.23,2771.54,866.11,38281.87,2014-02-23 00:00:00.000,True
2530,1998,4,4,5,2014-02-14,2014-02-23,656.59,52.53,16.41,725.53,2014-02-23 00:00:00.000,True
2531,1999,4,4,5,2014-02-14,2014-02-23,143.04,11.44,3.58,158.06,2014-02-23 00:00:00.000,True
2532,2000,4,4,2,2014-02-14,2014-02-23,28199.33,2255.95,704.98,31160.25,2014-02-23 00:00:00.000,True
2533,2001,4,4,1,2014-02-14,2014-02-23,3713.33,297.07,92.83,4103.22,2014-02-23 00:00:00.000,True
2534,2002,4,4,5,2014-02-14,2014-02-23,43878.45,3510.28,1096.96,48485.69,2014-02-23 00:00:00.000,True
2535,2003,4,4,5,2014-02-14,2014-02-23,9799.65,783.97,244.99,10828.61,2014-02-23 00:00:00.000,True
2536,2004,4,3,5,2014-02-14,2014-02-23,5711.48,456.92,142.79,6311.18,2014-02-23 00:00:00.000,True
2537,2005,4,4,4,2014-02-14,2014-02-23,111.54,8.92,2.79,123.25,2014-02-23 00:00:00.000,True
2538,2006,4,4,2,2014-02-14,2014-02-23,97.97,7.84,2.45,108.25,2014-02-23 00:00:00.000,True
2539,2007,4,4,4,2014-02-14,2014-02-23,114.47,9.16,2.86,126.49,2014-02-23 00:00:00.000,True
2540,2008,4,4,4,2014-02-14,2014-02-23,132.65,10.61,3.32,146.57,2014-02-23 00:00:00.000,True
2541,2009,5,4,5,2014-02-17,2014-02-26,43878.45,3510.28,1096.96,48485.69,2014-02-26 00:00:00.000,True
2542,2010,4,4,1,2014-02-17,2014-02-26,418.95,33.52,10.47,462.94,2014-02-26 00:00:00.000,True
2543,2011,4,4,5,2014-02-17,2014-02-26,566.09,45.29,14.15,625.53,2014-02-26 00:00:00.000,True
2544,2012,4,4,1,2014-02-17,2014-02-26,461.79,36.94,11.54,510.28,2014-02-26 00:00:00.000,True
2545,2013,4,4,4,2014-02-17,2014-02-26,377.06,30.16,9.43,416.65,2014-02-26 00:00:00.000,True
2546,2014,4,4,2,2014-02-17,2014-02-26,37.08,2.97,0.93,40.97,2014-02-26 00:00:00.000,True
2547,2015,4,4,4,2014-02-17,2014-02-26,21558.08,1724.65,538.95,23821.67,2014-02-26 00:00:00.000,True
2548,2016,4,4,4,2014-02-17,2014-02-26,552.23,44.18,13.81,610.21,2014-02-26 00:00:00.000,True
2549,2017,4,4,5,2014-02-17,2014-02-26,86220.75,6897.66,2155.52,95273.93,2014-02-26 00:00:00.000,True
2550,2018,4,4,5,2014-02-17,2014-02-26,696.53,55.72,17.41,769.66,2014-02-26 00:00:00.000,True
2551,2019,4,4,4,2014-02-17,2014-02-26,663.45,53.08,16.59,733.12,2014-02-26 00:00:00.000,True
2552,2020,4,4,5,2014-02-17,2014-02-26,40471.2,3237.7,1011.78,44720.68,2014-02-26 00:00:00.000,True
2553,2021,4,4,4,2014-02-17,2014-02-26,259.84,20.79,6.5,287.13,2014-02-26 00:00:00.000,True
2554,2022,4,4,5,2014-02-17,2014-02-26,38421.08,3073.69,960.53,42455.29,2014-02-26 00:00:00.000,True
2555,2023,4,4,5,2014-02-17,2014-02-26,5948.25,475.86,148.71,6572.82,2014-02-26 00:00:00.000,True
2556,2024,4,4,5,2014-02-17,2014-02-26,91117.95,7289.44,2277.95,100685.33,2014-02-26 00:00:00.000,True
2557,2025,4,4,1,2014-02-19,2014-02-28,525.0,42.0,13.13,580.13,2014-02-28 00:00:00.000,True
2558,2026,4,4,5,2014-02-19,2014-02-28,2003.68,160.29,50.09,2214.07,2014-02-28 00:00:00.000,True
2559,2027,4,4,4,2014-02-19,2014-02-28,26455.28,2116.42,661.38,29233.08,2014-02-28 00:00:00.000,True
2560,2028,4,4,2,2014-02-19,2014-02-28,944.37,75.55,23.61,1043.53,2014-02-28 00:00:00.000,True
2561,2029,4,4,1,2014-02-19,2014-02-28,3401.48,272.12,85.04,3758.63,2014-02-28 00:00:00.000,True
2562,2030,4,4,3,2014-02-19,2014-02-28,62843.55,5027.48,1571.09,69442.12,2014-02-28 00:00:00.000,True
2563,2031,4,4,5,2014-02-19,2014-02-28,37843.58,3027.49,946.09,41817.15,2014-02-28 00:00:00.000,True
2564,2032,4,4,4,2014-02-19,2014-02-28,25531.28,2042.5,638.28,28212.06,2014-02-28 00:00:00.000,True
2565,2033,4,4,5,2014-02-19,2014-02-28,415.33,33.23,10.38,458.94,2014-02-28 00:00:00.000,True
2566,2034,4,4,4,2014-02-19,2014-02-28,125.75,10.06,3.14,138.95,2014-02-28 00:00:00.000,True
2567,2035,4,4,5,2014-02-19,2014-02-28,150.79,12.06,3.77,166.62,2014-02-28 00:00:00.000,True
2568,2036,4,4,4,2014-02-19,2014-02-28,484.41,38.75,12.11,535.27,2014-02-28 00:00:00.000,True
2569,2037,4,4,2,2014-02-19,2014-02-28,8847.3,707.78,221.18,9776.27,2014-02-28 00:00:00.000,True
2570,2038,4,4,5,2014-02-19,2014-02-28,171.08,13.69,4.28,189.04,2014-02-28 00:00:00.000,True
2571,2039,4,4,4,2014-02-19,2014-02-28,20397.3,1631.78,509.93,22539.02,2014-02-28 00:00:00.000,True
2572,2040,4,4,3,2014-02-19,2014-02-28,14628.08,1170.25,365.7,16164.02,2014-02-28 00:00:00.000,True
2573,2041,4,4,4,2014-02-20,2014-03-01,25334.93,2026.79,633.37,27995.09,2014-03-01 00:00:00.000,True
2574,2042,4,4,5,2014-02-20,2014-03-01,272.44,21.8,6.81,301.05,2014-03-01 00:00:00.000,True
2575,2043,4,4,5,2014-02-20,2014-03-01,415.33,33.23,10.38,458.94,2014-03-01 00:00:00.000,True
2576,2044,4,4,5,2014-02-20,2014-03-01,270.81,21.66,6.77,299.24,2014-03-01 00:00:00.000,True
2577,2045,4,4,4,2014-02-20,2014-03-01,1814.68,145.17,45.37,2005.23,2014-03-01 00:00:00.000,True
2578,2046,4,4,5,2014-02-20,2014-03-01,34644.23,2771.54,866.11,38281.87,2014-03-01 00:00:00.000,True
2579,2047,4,4,4,2014-02-20,2014-03-01,1839.51,147.16,45.99,2032.65,2014-03-01 00:00:00.000,True
2580,2048,4,4,5,2014-02-20,2014-03-01,146.29,11.7,3.66,161.65,2014-03-01 00:00:00.000,True
2581,2049,4,4,5,2014-02-20,2014-03-01,102.56,8.21,2.56,113.33,2014-03-01 00:00:00.000,True
2582,2050,4,4,5,2014-02-20,2014-03-01,150.79,12.06,3.77,166.62,2014-03-01 00:00:00.000,True
2583,2051,4,4,5,2014-02-20,2014-03-01,13669.43,1093.55,341.74,15104.71,2014-03-01 00:00:00.000,True
2584,2052,4,4,5,2014-02-20,2014-03-01,6444.9,515.59,161.12,7121.61,2014-03-01 00:00:00.000,True
2585,2053,4,4,4,2014-02-20,2014-03-01,50860.43,4068.83,1271.51,56200.77,2014-03-01 00:00:00.000,True
2586,2054,4,4,1,2014-02-20,2014-03-01,551.88,44.15,13.8,609.83,2014-03-01 00:00:00.000,True
2587,2055,4,4,1,2014-02-20,2014-03-01,6987.75,559.02,174.69,7721.46,2014-03-01 00:00:00.000,True
2588,2056,4,4,2,2014-02-20,2014-03-01,28072.28,2245.78,701.81,31019.86,2014-03-01 00:00:00.000,True
2589,2057,4,4,1,2014-02-21,2014-03-02,37312.28,2984.98,932.81,41230.06,2014-03-02 00:00:00.000,True
2590,2058,4,4,1,2014-02-21,2014-03-02,7623.0,609.84,190.58,8423.42,2014-03-02 00:00:00.000,True
2591,2059,4,4,2,2014-02-21,2014-03-02,28297.5,2263.8,707.44,31268.74,2014-03-02 00:00:00.000,True
2592,2060,4,4,2,2014-02-21,2014-03-02,59.94,4.8,1.5,66.24,2014-03-02 00:00:00.000,True
2593,2061,4,4,5,2014-02-21,2014-03-02,222.04,17.76,5.55,245.36,2014-03-02 00:00:00.000,True
2594,2062,4,4,5,2014-02-21,2014-03-02,43878.45,3510.28,1096.96,48485.69,2014-03-02 00:00:00.000,True
2595,2063,5,4,4,2014-02-21,2014-03-02,345.56,27.64,8.64,381.84,2014-03-02 00:00:00.000,True
2596,2064,4,4,2,2014-02-21,2014-03-02,15153.6,1212.29,378.84,16744.73,2014-03-02 00:00:00.000,True
2597,2065,4,4,5,2014-02-21,2014-03-02,142.41,11.39,3.56,157.36,2014-03-02 00:00:00.000,True
2598,2066,4,4,2,2014-02-21,2014-03-02,48030.68,3842.45,1200.77,53073.9,2014-03-02 00:00:00.000,True
2599,2067,4,4,4,2014-02-21,2014-03-02,823.41,65.87,20.59,909.87,2014-03-02 00:00:00.000,True
2600,2068,4,4,1,2014-02-21,2014-03-02,1276.28,102.1,31.91,1410.28,2014-03-02 00:00:00.000,True
2601,2069,4,4,1,2014-02-21,2014-03-02,2003.93,160.31,50.1,2214.34,2014-03-02 00:00:00.000,True
2602,2070,4,4,2,2014-02-21,2014-03-02,50860.43,4068.83,1271.51,56200.77,2014-03-02 00:00:00.000,True
2603,2071,4,4,1,2014-02-21,2014-03-02,454.86,36.39,11.37,502.62,2014-03-02 00:00:00.000,True
2604,2072,5,4,5,2014-02-21,2014-03-02,43878.45,3510.28,1096.96,48485.69,2014-03-02 00:00:00.000,True
2605,2073,4,4,2,2014-02-24,2014-03-05,7132.13,570.57,178.3,7881.0,2014-03-05 00:00:00.000,True
2606,2074,4,4,2,2014-02-24,2014-03-05,28343.7,2267.5,708.59,31319.79,2014-03-05 00:00:00.000,True
2607,2075,4,4,4,2014-02-24,2014-03-05,22516.73,1801.34,562.92,24880.98,2014-03-05 00:00:00.000,True
2608,2076,4,4,5,2014-02-24,2014-03-05,34644.23,2771.54,866.11,38281.87,2014-03-05 00:00:00.000,True
2609,2077,6,4,4,2014-02-24,2014-03-05,364.93,29.19,9.12,403.24,2014-03-05 00:00:00.000,True
2610,2078,4,4,5,2014-02-24,2014-03-05,143.04,11.44,3.58,158.06,2014-03-05 00:00:00.000,True
2611,2079,4,4,2,2014-02-24,2014-03-05,28199.33,2255.95,704.98,31160.25,2014-03-05 00:00:00.000,True
2612,2080,4,4,1,2014-02-24,2014-03-05,3713.33,297.07,92.83,4103.22,2014-03-05 00:00:00.000,True
2613,2081,4,4,4,2014-02-24,2014-03-05,19952.63,1596.21,498.82,22047.65,2014-03-05 00:00:00.000,True
2614,2082,4,4,5,2014-02-24,2014-03-05,6540.66,523.25,163.52,7227.43,2014-03-05 00:00:00.000,True
2615,2083,6,4,5,2014-02-24,2014-03-05,5711.48,456.92,142.79,6311.18,2014-03-05 00:00:00.000,True
2616,2084,4,4,5,2014-02-24,2014-03-05,279.78,22.38,6.99,309.16,2014-03-05 00:00:00.000,True
2617,2085,4,4,2,2014-02-24,2014-03-05,97.97,7.84,2.45,108.25,2014-03-05 00:00:00.000,True
2618,2086,4,4,4,2014-02-24,2014-03-05,114.47,9.16,2.86,126.49,2014-03-05 00:00:00.000,True
2619,2087,4,4,4,2014-02-24,2014-03-05,132.65,10.61,3.32,146.57,2014-03-05 00:00:00.000,True
2620,2088,4,4,5,2014-02-24,2014-03-05,43878.45,3510.28,1096.96,48485.69,2014-03-05 00:00:00.000,True
2621,2089,4,4,1,2014-02-25,2014-03-06,418.95,33.52,10.47,462.94,2014-03-06 00:00:00.000,True
2622,2090,4,4,4,2014-02-25,2014-03-06,404.15,32.33,10.1,446.58,2014-03-06 00:00:00.000,True
2623,2091,4,4,1,2014-02-25,2014-03-06,461.79,36.94,11.54,510.28,2014-03-06 00:00:00.000,True
2624,2092,4,4,4,2014-02-25,2014-03-06,247.24,19.78,6.18,273.2,2014-03-06 00:00:00.000,True
2625,2093,4,4,2,2014-02-25,2014-03-06,37.08,2.97,0.93,40.97,2014-03-06 00:00:00.000,True
2626,2094,4,4,4,2014-02-25,2014-03-06,21558.08,1724.65,538.95,23821.67,2014-03-06 00:00:00.000,True
2627,2095,4,4,5,2014-02-25,2014-03-06,533.55,42.68,13.34,589.57,2014-03-06 00:00:00.000,True
2628,2096,4,4,5,2014-02-25,2014-03-06,86220.75,6897.66,2155.52,95273.93,2014-03-06 00:00:00.000,True
2629,2097,4,4,5,2014-02-25,2014-03-06,776.79,62.14,19.42,858.35,2014-03-06 00:00:00.000,True
2630,2098,4,4,4,2014-02-25,2014-03-06,136.65,10.93,3.42,151.0,2014-03-06 00:00:00.000,True
2631,2099,4,4,5,2014-02-25,2014-03-06,40471.2,3237.7,1011.78,44720.68,2014-03-06 00:00:00.000,True
2632,2100,4,4,5,2014-02-25,2014-03-06,427.46,34.2,10.69,472.34,2014-03-06 00:00:00.000,True
2633,2101,4,4,4,2014-02-25,2014-03-06,23671.73,1893.74,591.79,26157.26,2014-03-06 00:00:00.000,True
2634,2102,4,4,5,2014-02-25,2014-03-06,5948.25,475.86,148.71,6572.82,2014-03-06 00:00:00.000,True
2635,2103,5,4,5,2014-02-25,2014-03-06,91117.95,7289.44,2277.95,100685.33,2014-03-06 00:00:00.000,True
2636,2104,4,3,1,2014-02-25,2014-03-06,525.0,42.0,13.13,580.13,2014-03-06 00:00:00.000,True
2637,2105,4,4,5,2014-02-26,2014-03-07,2003.68,160.29,50.09,2214.07,2014-03-07 00:00:00.000,True
2638,2106,4,4,4,2014-02-26,2014-03-07,26455.28,2116.42,661.38,29233.08,2014-03-07 00:00:00.000,True
2639,2107,4,4,2,2014-02-26,2014-03-07,944.37,75.55,23.61,1043.53,2014-03-07 00:00:00.000,True
2640,2108,4,4,4,2014-02-26,2014-03-07,51588.08,4127.05,1289.7,57004.82,2014-03-07 00:00:00.000,True
2641,2109,4,4,3,2014-02-26,2014-03-07,62843.55,5027.48,1571.09,69442.12,2014-03-07 00:00:00.000,True
2642,2110,4,4,5,2014-02-26,2014-03-07,37843.58,3027.49,946.09,41817.15,2014-03-07 00:00:00.000,True
2643,2111,4,4,4,2014-02-26,2014-03-07,25531.28,2042.5,638.28,28212.06,2014-03-07 00:00:00.000,True
2644,2112,4,4,5,2014-02-26,2014-03-07,272.76,21.82,6.82,301.4,2014-03-07 00:00:00.000,True
2645,2113,4,4,4,2014-02-26,2014-03-07,125.75,10.06,3.14,138.95,2014-03-07 00:00:00.000,True
2646,2114,4,4,5,2014-02-26,2014-03-07,150.79,12.06,3.77,166.62,2014-03-07 00:00:00.000,True
2647,2115,4,4,4,2014-02-26,2014-03-07,111.54,8.92,2.79,123.25,2014-03-07 00:00:00.000,True
2648,2116,4,4,2,2014-02-26,2014-03-07,8847.3,707.78,221.18,9776.27,2014-03-07 00:00:00.000,True
2649,2117,4,4,5,2014-02-26,2014-03-07,171.08,13.69,4.28,189.04,2014-03-07 00:00:00.000,True
2650,2118,4,4,4,2014-02-26,2014-03-07,20397.3,1631.78,509.93,22539.02,2014-03-07 00:00:00.000,True
2651,2119,4,4,3,2014-02-26,2014-03-07,14628.08,1170.25,365.7,16164.02,2014-03-07 00:00:00.000,True
2652,2120,4,4,3,2014-02-26,2014-03-07,58685.55,4694.84,1467.14,64847.53,2014-03-07 00:00:00.000,True
2653,2121,4,4,4,2014-02-27,2014-03-08,500.57,40.05,12.51,553.13,2014-03-08 00:00:00.000,True
2654,2122,4,4,5,2014-02-27,2014-03-08,272.76,21.82,6.82,301.4,2014-03-08 00:00:00.000,True
2655,2123,4,4,5,2014-02-27,2014-03-08,1525.23,122.02,38.13,1685.38,2014-03-08 00:00:00.000,True
2656,2124,4,4,4,2014-02-27,2014-03-08,260.16,20.81,6.5,287.48,2014-03-08 00:00:00.000,True
2657,2125,4,4,5,2014-02-27,2014-03-08,34644.23,2771.54,866.11,38281.87,2014-03-08 00:00:00.000,True
2658,2126,4,4,4,2014-02-27,2014-03-08,1839.51,147.16,45.99,2032.65,2014-03-08 00:00:00.000,True
2659,2127,4,4,5,2014-02-27,2014-03-08,146.29,11.7,3.66,161.65,2014-03-08 00:00:00.000,True
2660,2128,4,4,5,2014-02-27,2014-03-08,102.56,8.21,2.56,113.33,2014-03-08 00:00:00.000,True
2661,2129,4,4,5,2014-02-27,2014-03-08,150.79,12.06,3.77,166.62,2014-03-08 00:00:00.000,True
2662,2130,4,4,5,2014-02-27,2014-03-08,13669.43,1093.55,341.74,15104.71,2014-03-08 00:00:00.000,True
2663,2131,4,4,5,2014-02-27,2014-03-08,9948.33,795.87,248.71,10992.9,2014-03-08 00:00:00.000,True
2664,2132,4,4,4,2014-02-27,2014-03-08,34118.7,2729.5,852.97,37701.16,2014-03-08 00:00:00.000,True
2665,2133,4,4,1,2014-02-27,2014-03-08,551.88,44.15,13.8,609.83,2014-03-08 00:00:00.000,True
2666,2134,4,4,1,2014-02-27,2014-03-08,3811.5,304.92,95.29,4211.71,2014-03-08 00:00:00.000,True
2667,2135,4,4,2,2014-02-27,2014-03-08,28072.28,2245.78,701.81,31019.86,2014-03-08 00:00:00.000,True
2668,2136,4,4,1,2014-02-27,2014-03-08,37312.28,2984.98,932.81,41230.06,2014-03-08 00:00:00.000,True
2669,2137,4,4,1,2014-02-28,2014-03-09,7623.0,609.84,190.58,8423.42,2014-03-09 00:00:00.000,True
2670,2138,4,4,2,2014-02-28,2014-03-09,28297.5,2263.8,707.44,31268.74,2014-03-09 00:00:00.000,True
2671,2139,4,4,2,2014-02-28,2014-03-09,59.94,4.8,1.5,66.24,2014-03-09 00:00:00.000,True
2672,2140,4,4,4,2014-02-28,2014-03-09,370.76,29.66,9.27,409.68,2014-03-09 00:00:00.000,True
2673,2141,4,4,5,2014-02-28,2014-03-09,43878.45,3510.28,1096.96,48485.69,2014-03-09 00:00:00.000,True
2674,2142,4,4,4,2014-02-28,2014-03-09,272.13,21.77,6.8,300.7,2014-03-09 00:00:00.000,True
2675,2143,4,4,2,2014-02-28,2014-03-09,21252.0,1700.16,531.3,23483.46,2014-03-09 00:00:00.000,True
2676,2144,4,4,5,2014-02-28,2014-03-09,142.41,11.39,3.56,157.36,2014-03-09 00:00:00.000,True
2677,2145,4,4,2,2014-02-28,2014-03-09,48030.68,3842.45,1200.77,53073.9,2014-03-09 00:00:00.000,True
2678,2146,4,4,4,2014-02-28,2014-03-09,50983.94,4078.71,1274.6,56337.25,2014-03-09 00:00:00.000,True
2679,2147,4,4,1,2014-02-28,2014-03-09,1276.28,102.1,31.91,1410.28,2014-03-09 00:00:00.000,True
2680,2148,4,4,1,2014-02-28,2014-03-09,2003.93,160.31,50.1,2214.34,2014-03-09 00:00:00.000,True
2681,2149,4,4,2,2014-02-28,2014-03-09,50860.43,4068.83,1271.51,56200.77,2014-03-09 00:00:00.000,True
2682,2150,4,4,1,2014-02-28,2014-03-09,454.86,36.39,11.37,502.62,2014-03-09 00:00:00.000,True
2683,2151,5,4,5,2014-02-28,2014-03-09,43878.45,3510.28,1096.96,48485.69,2014-03-09 00:00:00.000,True
2684,2152,4,4,2,2014-02-28,2014-03-09,7132.13,570.57,178.3,7881.0,2014-03-09 00:00:00.000,True
2685,2153,4,4,2,2014-03-01,2014-03-10,28343.7,2267.5,708.59,31319.79,2014-03-10 00:00:00.000,True
2686,2154,4,4,4,2014-03-01,2014-03-10,22516.73,1801.34,562.92,24880.98,2014-03-10 00:00:00.000,True
2687,2155,4,4,5,2014-03-01,2014-03-10,34644.23,2771.54,866.11,38281.87,2014-03-10 00:00:00.000,True
2688,2156,4,4,5,2014-03-01,2014-03-10,564.2,45.14,14.1,623.44,2014-03-10 00:00:00.000,True
2689,2157,4,4,5,2014-03-01,2014-03-10,143.04,11.44,3.58,158.06,2014-03-10 00:00:00.000,True
2690,2158,4,4,2,2014-03-01,2014-03-10,28199.33,2255.95,704.98,31160.25,2014-03-10 00:00:00.000,True
2691,2159,4,4,1,2014-03-01,2014-03-10,3713.33,297.07,92.83,4103.22,2014-03-10 00:00:00.000,True
2692,2160,4,4,5,2014-03-01,2014-03-10,63831.08,5106.49,1595.78,70533.34,2014-03-10 00:00:00.000,True
2693,2161,4,4,5,2014-03-01,2014-03-10,9799.65,783.97,244.99,10828.61,2014-03-10 00:00:00.000,True
2694,2162,4,4,5,2014-03-01,2014-03-10,5711.48,456.92,142.79,6311.18,2014-03-10 00:00:00.000,True
2695,2163,4,4,5,2014-03-01,2014-03-10,416.75,33.34,10.42,460.5,2014-03-10 00:00:00.000,True
2696,2164,4,4,2,2014-03-01,2014-03-10,97.97,7.84,2.45,108.25,2014-03-10 00:00:00.000,True
2697,2165,4,4,4,2014-03-01,2014-03-10,114.47,9.16,2.86,126.49,2014-03-10 00:00:00.000,True
2698,2166,4,4,4,2014-03-01,2014-03-10,132.65,10.61,3.32,146.57,2014-03-10 00:00:00.000,True
2699,2167,4,4,5,2014-03-01,2014-03-10,43878.45,3510.28,1096.96,48485.69,2014-03-10 00:00:00.000,True
2700,2168,4,4,1,2014-03-01,2014-03-10,418.95,33.52,10.47,462.94,2014-03-10 00:00:00.000,True
2701,2169,4,4,4,2014-03-03,2014-03-12,633.75,50.7,15.84,700.29,2014-03-12 00:00:00.000,True
2702,2170,5,4,1,2014-03-03,2014-03-12,461.79,36.94,11.54,510.28,2014-03-12 00:00:00.000,True
2703,2171,4,4,4,2014-03-03,2014-03-12,475.21,38.02,11.88,525.11,2014-03-12 00:00:00.000,True
2704,2172,4,4,2,2014-03-03,2014-03-12,37.08,2.97,0.93,40.97,2014-03-12 00:00:00.000,True
2705,2173,4,4,4,2014-03-03,2014-03-12,21558.08,1724.65,538.95,23821.67,2014-03-12 00:00:00.000,True
2706,2174,4,4,4,2014-03-03,2014-03-12,259.84,20.79,6.5,287.13,2014-03-12 00:00:00.000,True
2707,2175,4,4,5,2014-03-03,2014-03-12,86220.75,6897.66,2155.52,95273.93,2014-03-12 00:00:00.000,True
2708,2176,4,4,4,2014-03-03,2014-03-12,484.41,38.75,12.11,535.27,2014-03-12 00:00:00.000,True
2709,2177,4,4,5,2014-03-03,2014-03-12,837.9,67.03,20.95,925.88,2014-03-12 00:00:00.000,True
2710,2178,4,4,5,2014-03-03,2014-03-12,40471.2,3237.7,1011.78,44720.68,2014-03-12 00:00:00.000,True
2711,2179,4,4,4,2014-03-03,2014-03-12,661.88,52.95,16.55,731.38,2014-03-12 00:00:00.000,True
2712,2180,4,4,5,2014-03-03,2014-03-12,62092.8,4967.42,1552.32,68612.54,2014-03-12 00:00:00.000,True
2713,2181,4,4,5,2014-03-03,2014-03-12,5948.25,475.86,148.71,6572.82,2014-03-12 00:00:00.000,True
2714,2182,4,4,5,2014-03-03,2014-03-12,91117.95,7289.44,2277.95,100685.33,2014-03-12 00:00:00.000,True
2715,2183,4,4,1,2014-03-03,2014-03-12,525.0,42.0,13.13,580.13,2014-03-12 00:00:00.000,True
2716,2184,4,4,5,2014-03-03,2014-03-12,281.89,22.55,7.05,311.49,2014-03-12 00:00:00.000,True
2717,2185,4,4,4,2014-03-04,2014-03-13,26455.28,2116.42,661.38,29233.08,2014-03-13 00:00:00.000,True
2718,2186,4,4,2,2014-03-04,2014-03-13,944.37,75.55,23.61,1043.53,2014-03-13 00:00:00.000,True
2719,2187,4,4,4,2014-03-04,2014-03-13,51588.08,4127.05,1289.7,57004.82,2014-03-13 00:00:00.000,True
2720,2188,4,4,3,2014-03-04,2014-03-13,62843.55,5027.48,1571.09,69442.12,2014-03-13 00:00:00.000,True
2721,2189,4,4,5,2014-03-04,2014-03-13,37843.58,3027.49,946.09,41817.15,2014-03-13 00:00:00.000,True
2722,2190,4,4,4,2014-03-04,2014-03-13,25531.28,2042.5,638.28,28212.06,2014-03-13 00:00:00.000,True
2723,2191,4,4,4,2014-03-04,2014-03-13,501.2,40.1,12.53,553.82,2014-03-13 00:00:00.000,True
2724,2192,4,4,4,2014-03-04,2014-03-13,125.75,10.06,3.14,138.95,2014-03-13 00:00:00.000,True
2725,2193,4,4,5,2014-03-04,2014-03-13,150.79,12.06,3.77,166.62,2014-03-13 00:00:00.000,True
2726,2194,4,4,5,2014-03-04,2014-03-13,279.78,22.38,6.99,309.16,2014-03-13 00:00:00.000,True
2727,2195,5,4,2,2014-03-04,2014-03-13,8847.3,707.78,221.18,9776.27,2014-03-13 00:00:00.000,True
2728,2196,4,4,5,2014-03-04,2014-03-13,171.08,13.69,4.28,189.04,2014-03-13 00:00:00.000,True
2729,2197,4,4,4,2014-03-04,2014-03-13,20397.3,1631.78,509.93,22539.02,2014-03-13 00:00:00.000,True
2730,2198,4,4,3,2014-03-04,2014-03-13,14628.08,1170.25,365.7,16164.02,2014-03-13 00:00:00.000,True
2731,2199,4,4,3,2014-03-04,2014-03-13,58685.55,4694.84,1467.14,64847.53,2014-03-13 00:00:00.000,True
2732,2200,4,4,4,2014-03-04,2014-03-13,358.16,28.65,8.95,395.76,2014-03-13 00:00:00.000,True
2733,2201,4,4,4,2014-03-05,2014-03-14,501.2,40.1,12.53,553.82,2014-03-14 00:00:00.000,True
2734,2202,4,4,5,2014-03-05,2014-03-14,270.81,21.66,6.77,299.24,2014-03-14 00:00:00.000,True
2735,2203,4,4,4,2014-03-05,2014-03-14,371.23,29.7,9.28,410.21,2014-03-14 00:00:00.000,True
2736,2204,4,3,5,2014-03-05,2014-03-14,34644.23,2771.54,866.11,38281.87,2014-03-14 00:00:00.000,True
2737,2205,4,4,4,2014-03-05,2014-03-14,1839.51,147.16,45.99,2032.65,2014-03-14 00:00:00.000,True
2738,2206,4,4,5,2014-03-05,2014-03-14,146.29,11.7,3.66,161.65,2014-03-14 00:00:00.000,True
2739,2207,4,4,5,2014-03-05,2014-03-14,102.56,8.21,2.56,113.33,2014-03-14 00:00:00.000,True
2740,2208,4,4,5,2014-03-05,2014-03-14,150.79,12.06,3.77,166.62,2014-03-14 00:00:00.000,True
2741,2209,4,4,5,2014-03-05,2014-03-14,13669.43,1093.55,341.74,15104.71,2014-03-14 00:00:00.000,True
2742,2210,4,4,5,2014-03-05,2014-03-14,9637.11,770.97,240.93,10649.01,2014-03-14 00:00:00.000,True
2743,2211,4,4,5,2014-03-05,2014-03-14,39258.45,3140.68,981.46,43380.59,2014-03-14 00:00:00.000,True
2744,2212,4,4,1,2014-03-05,2014-03-14,551.88,44.15,13.8,609.83,2014-03-14 00:00:00.000,True
2745,2213,4,4,1,2014-03-05,2014-03-14,3176.25,254.1,79.41,3509.76,2014-03-14 00:00:00.000,True
2746,2214,4,4,2,2014-03-05,2014-03-14,28072.28,2245.78,701.81,31019.86,2014-03-14 00:00:00.000,True
2747,2215,4,4,1,2014-03-05,2014-03-14,37312.28,2984.98,932.81,41230.06,2014-03-14 00:00:00.000,True
2748,2216,4,4,1,2014-03-05,2014-03-14,7623.0,609.84,190.58,8423.42,2014-03-14 00:00:00.000,True
2749,2217,4,4,2,2014-03-06,2014-03-15,28297.5,2263.8,707.44,31268.74,2014-03-15 00:00:00.000,True
2750,2218,4,4,2,2014-03-06,2014-03-15,59.94,4.8,1.5,66.24,2014-03-15 00:00:00.000,True
2751,2219,4,4,4,2014-03-06,2014-03-15,567.38,45.39,14.18,626.95,2014-03-15 00:00:00.000,True
2752,2220,4,4,5,2014-03-06,2014-03-15,43878.45,3510.28,1096.96,48485.69,2014-03-15 00:00:00.000,True
2753,2221,4,4,4,2014-03-06,2014-03-15,525.77,42.06,13.14,580.97,2014-03-15 00:00:00.000,True
2754,2222,4,4,2,2014-03-06,2014-03-15,10914.75,873.18,272.87,12060.8,2014-03-15 00:00:00.000,True
2755,2223,4,4,5,2014-03-06,2014-03-15,142.41,11.39,3.56,157.36,2014-03-15 00:00:00.000,True
2756,2224,4,4,2,2014-03-06,2014-03-15,28794.15,2303.53,719.85,31817.54,2014-03-15 00:00:00.000,True
2757,2225,4,4,4,2014-03-06,2014-03-15,51807.35,4144.59,1295.18,57247.12,2014-03-15 00:00:00.000,True
2758,2226,4,4,1,2014-03-06,2014-03-15,1276.28,102.1,31.91,1410.28,2014-03-15 00:00:00.000,True
2759,2227,4,4,1,2014-03-06,2014-03-15,2003.93,160.31,50.1,2214.34,2014-03-15 00:00:00.000,True
2760,2228,4,4,2,2014-03-06,2014-03-15,50860.43,4068.83,1271.51,56200.77,2014-03-15 00:00:00.000,True
2761,2229,4,4,1,2014-03-06,2014-03-15,454.86,36.39,11.37,502.62,2014-03-15 00:00:00.000,True
2762,2230,4,4,5,2014-03-06,2014-03-15,43878.45,3510.28,1096.96,48485.69,2014-03-15 00:00:00.000,True
2763,2231,4,4,2,2014-03-06,2014-03-15,7132.13,570.57,178.3,7881.0,2014-03-15 00:00:00.000,True
2764,2232,4,4,2,2014-03-06,2014-03-15,28343.7,2267.5,708.59,31319.79,2014-03-15 00:00:00.000,True
2765,2233,4,4,4,2014-03-07,2014-03-16,22516.73,1801.34,562.92,24880.98,2014-03-16 00:00:00.000,True
2766,2234,4,4,5,2014-03-07,2014-03-16,34644.23,2771.54,866.11,38281.87,2014-03-16 00:00:00.000,True
2767,2235,4,4,4,2014-03-07,2014-03-16,1151.48,92.12,28.79,1272.39,2014-03-16 00:00:00.000,True
2768,2236,4,4,5,2014-03-07,2014-03-16,143.04,11.44,3.58,158.06,2014-03-16 00:00:00.000,True
2769,2237,4,4,2,2014-03-07,2014-03-16,28199.33,2255.95,704.98,31160.25,2014-03-16 00:00:00.000,True
2770,2238,4,4,1,2014-03-07,2014-03-16,3713.33,297.07,92.83,4103.22,2014-03-16 00:00:00.000,True
2771,2239,4,4,5,2014-03-07,2014-03-16,63831.08,5106.49,1595.78,70533.34,2014-03-16 00:00:00.000,True
2772,2240,4,4,5,2014-03-07,2014-03-16,9585.45,766.84,239.64,10591.92,2014-03-16 00:00:00.000,True
2773,2241,4,4,5,2014-03-07,2014-03-16,5711.48,456.92,142.79,6311.18,2014-03-16 00:00:00.000,True
2774,2242,4,4,5,2014-03-07,2014-03-16,273.7,21.9,6.84,302.44,2014-03-16 00:00:00.000,True
2775,2243,4,4,2,2014-03-07,2014-03-16,97.97,7.84,2.45,108.25,2014-03-16 00:00:00.000,True
2776,2244,4,4,4,2014-03-07,2014-03-16,114.47,9.16,2.86,126.49,2014-03-16 00:00:00.000,True
2777,2245,4,4,4,2014-03-07,2014-03-16,132.65,10.61,3.32,146.57,2014-03-16 00:00:00.000,True
2778,2246,4,4,5,2014-03-07,2014-03-16,43878.45,3510.28,1096.96,48485.69,2014-03-16 00:00:00.000,True
2779,2247,4,4,1,2014-03-07,2014-03-16,418.95,33.52,10.47,462.94,2014-03-16 00:00:00.000,True
2780,2248,4,4,4,2014-03-07,2014-03-16,607.86,48.63,15.2,671.68,2014-03-16 00:00:00.000,True
2781,2249,4,4,1,2014-03-10,2014-03-19,461.79,36.94,11.54,510.28,2014-03-19 00:00:00.000,True
2782,2250,4,4,5,2014-03-10,2014-03-19,414.92,33.19,10.37,458.48,2014-03-19 00:00:00.000,True
2783,2251,4,4,2,2014-03-10,2014-03-19,37.08,2.97,0.93,40.97,2014-03-19 00:00:00.000,True
2784,2252,4,4,4,2014-03-10,2014-03-19,21558.08,1724.65,538.95,23821.67,2014-03-19 00:00:00.000,True
2785,2253,4,4,4,2014-03-10,2014-03-19,364.46,29.16,9.11,402.72,2014-03-19 00:00:00.000,True
2786,2254,4,4,5,2014-03-10,2014-03-19,41048.7,3283.9,1026.22,45358.81,2014-03-19 00:00:00.000,True
2787,2255,4,4,4,2014-03-10,2014-03-19,111.54,8.92,2.79,123.25,2014-03-19 00:00:00.000,True
2788,2256,4,4,4,2014-03-10,2014-03-19,390.6,31.25,9.77,431.61,2014-03-19 00:00:00.000,True
2789,2257,4,4,5,2014-03-10,2014-03-19,40471.2,3237.7,1011.78,44720.68,2014-03-19 00:00:00.000,True
2790,2258,4,4,4,2014-03-10,2014-03-19,136.33,10.91,3.41,150.65,2014-03-19 00:00:00.000,True
2791,2259,4,4,5,2014-03-10,2014-03-19,62092.8,4967.42,1552.32,68612.54,2014-03-19 00:00:00.000,True
2792,2260,4,4,5,2014-03-10,2014-03-19,5948.25,475.86,148.71,6572.82,2014-03-19 00:00:00.000,True
2793,2261,4,4,5,2014-03-10,2014-03-19,91117.95,7289.44,2277.95,100685.33,2014-03-19 00:00:00.000,True
2794,2262,4,4,1,2014-03-10,2014-03-19,525.0,42.0,13.13,580.13,2014-03-19 00:00:00.000,True
2795,2263,5,4,3,2014-03-10,2014-03-19,1721.79,137.74,43.04,1902.58,2014-03-19 00:00:00.000,True
2796,2264,4,4,4,2014-03-10,2014-03-19,26455.28,2116.42,661.38,29233.08,2014-03-19 00:00:00.000,True
2797,2265,4,4,2,2014-03-11,2014-03-20,944.37,75.55,23.61,1043.53,2014-03-20 00:00:00.000,True
2798,2266,4,4,4,2014-03-11,2014-03-20,51588.08,4127.05,1289.7,57004.82,2014-03-20 00:00:00.000,True
2799,2267,4,4,3,2014-03-11,2014-03-20,62843.55,5027.48,1571.09,69442.12,2014-03-20 00:00:00.000,True
2800,2268,4,4,5,2014-03-11,2014-03-20,37843.58,3027.49,946.09,41817.15,2014-03-20 00:00:00.000,True
2801,2269,6,4,4,2014-03-12,2014-03-21,25531.28,2042.5,638.28,28212.06,2014-03-21 00:00:00.000,True
2802,2270,4,4,4,2014-03-12,2014-03-21,358.63,28.69,8.97,396.28,2014-03-21 00:00:00.000,True
2803,2271,4,4,4,2014-03-12,2014-03-21,125.75,10.06,3.14,138.95,2014-03-21 00:00:00.000,True
2804,2272,4,4,5,2014-03-12,2014-03-21,150.79,12.06,3.77,166.62,2014-03-21 00:00:00.000,True
2805,2273,4,4,5,2014-03-12,2014-03-21,416.75,33.34,10.42,460.5,2014-03-21 00:00:00.000,True
2806,2274,4,4,2,2014-03-12,2014-03-21,8847.3,707.78,221.18,9776.27,2014-03-21 00:00:00.000,True
2807,2275,4,4,5,2014-03-12,2014-03-21,171.08,13.69,4.28,189.04,2014-03-21 00:00:00.000,True
2808,2276,4,4,4,2014-03-12,2014-03-21,20397.3,1631.78,509.93,22539.02,2014-03-21 00:00:00.000,True
2809,2277,4,4,3,2014-03-12,2014-03-21,14628.08,1170.25,365.7,16164.02,2014-03-21 00:00:00.000,True
2810,2278,4,4,3,2014-03-12,2014-03-21,58685.55,4694.84,1467.14,64847.53,2014-03-21 00:00:00.000,True
2811,2279,4,4,4,2014-03-12,2014-03-21,599.41,47.95,14.99,662.35,2014-03-21 00:00:00.000,True
2812,2280,4,4,4,2014-03-12,2014-03-21,358.63,28.69,8.97,396.28,2014-03-21 00:00:00.000,True
2813,2281,4,4,5,2014-03-12,2014-03-21,1525.23,122.02,38.13,1685.38,2014-03-21 00:00:00.000,True
2814,2282,4,4,4,2014-03-12,2014-03-21,228.44,18.28,5.71,252.42,2014-03-21 00:00:00.000,True
2815,2283,4,4,5,2014-03-12,2014-03-21,34644.23,2771.54,866.11,38281.87,2014-03-21 00:00:00.000,True
2816,2284,4,4,4,2014-03-12,2014-03-21,257.58,20.61,6.44,284.62,2014-03-21 00:00:00.000,True
2817,2285,7,4,5,2014-03-13,2014-03-22,146.29,11.7,3.66,161.65,2014-03-22 00:00:00.000,True
2818,2286,4,4,5,2014-03-13,2014-03-22,102.56,8.21,2.56,113.33,2014-03-22 00:00:00.000,True
2819,2287,4,4,5,2014-03-13,2014-03-22,150.79,12.06,3.77,166.62,2014-03-22 00:00:00.000,True
2820,2288,4,4,5,2014-03-13,2014-03-22,13669.43,1093.55,341.74,15104.71,2014-03-22 00:00:00.000,True
2821,2289,4,4,5,2014-03-13,2014-03-22,6756.12,540.49,168.9,7465.51,2014-03-22 00:00:00.000,True
2822,2290,4,4,2,2014-03-13,2014-03-22,50860.43,4068.83,1271.51,56200.77,2014-03-22 00:00:00.000,True
2823,2291,4,4,1,2014-03-13,2014-03-22,551.88,44.15,13.8,609.83,2014-03-22 00:00:00.000,True
2824,2292,4,4,1,2014-03-13,2014-03-22,3811.5,304.92,95.29,4211.71,2014-03-22 00:00:00.000,True
2825,2293,4,4,2,2014-03-13,2014-03-22,28072.28,2245.78,701.81,31019.86,2014-03-22 00:00:00.000,True
2826,2294,4,4,1,2014-03-13,2014-03-22,35394.98,2831.6,884.87,39111.45,2014-03-22 00:00:00.000,True
2827,2295,4,4,1,2014-03-13,2014-03-22,7623.0,609.84,190.58,8423.42,2014-03-22 00:00:00.000,True
2828,2296,4,4,2,2014-03-13,2014-03-22,28297.5,2263.8,707.44,31268.74,2014-03-22 00:00:00.000,True
2829,2297,4,4,2,2014-03-14,2014-03-23,59.94,4.8,1.5,66.24,2014-03-23 00:00:00.000,True
2830,2298,4,4,4,2014-03-14,2014-03-23,117.43,9.39,2.94,129.76,2014-03-23 00:00:00.000,True
2831,2299,4,4,5,2014-03-14,2014-03-23,43878.45,3510.28,1096.96,48485.69,2014-03-23 00:00:00.000,True
2832,2300,4,4,4,2014-03-14,2014-03-23,377.06,30.16,9.43,416.65,2014-03-23 00:00:00.000,True
2833,2301,4,4,1,2014-03-14,2014-03-23,18220.13,1457.61,455.5,20133.24,2014-03-23 00:00:00.000,True
2834,2302,4,4,5,2014-03-14,2014-03-23,142.41,11.39,3.56,157.36,2014-03-23 00:00:00.000,True
2835,2303,4,4,5,2014-03-14,2014-03-23,19236.53,1538.92,480.91,21256.36,2014-03-23 00:00:00.000,True
2836,2304,4,3,4,2014-03-14,2014-03-23,285.04,22.8,7.13,314.97,2014-03-23 00:00:00.000,True
2837,2305,4,4,1,2014-03-14,2014-03-23,1276.28,102.1,31.91,1410.28,2014-03-23 00:00:00.000,True
2838,2306,4,4,1,2014-03-14,2014-03-23,2003.93,160.31,50.1,2214.34,2014-03-23 00:00:00.000,True
2839,2307,4,4,2,2014-03-14,2014-03-23,50860.43,4068.83,1271.51,56200.77,2014-03-23 00:00:00.000,True
2840,2308,4,4,1,2014-03-14,2014-03-23,454.86,36.39,11.37,502.62,2014-03-23 00:00:00.000,True
2841,2309,4,4,5,2014-03-14,2014-03-23,43878.45,3510.28,1096.96,48485.69,2014-03-23 00:00:00.000,True
2842,2310,4,4,2,2014-03-14,2014-03-23,7132.13,570.57,178.3,7881.0,2014-03-23 00:00:00.000,True
2843,2311,4,4,2,2014-03-14,2014-03-23,28343.7,2267.5,708.59,31319.79,2014-03-23 00:00:00.000,True
2844,2312,4,4,4,2014-03-14,2014-03-23,22516.73,1801.34,562.92,24880.98,2014-03-23 00:00:00.000,True
2845,2313,4,4,5,2014-03-17,2014-03-26,34644.23,2771.54,866.11,38281.87,2014-03-26 00:00:00.000,True
2846,2314,4,4,5,2014-03-17,2014-03-26,278.84,22.31,6.97,308.12,2014-03-26 00:00:00.000,True
2847,2315,4,4,5,2014-03-17,2014-03-26,143.04,11.44,3.58,158.06,2014-03-26 00:00:00.000,True
2848,2316,4,4,2,2014-03-17,2014-03-26,28199.33,2255.95,704.98,31160.25,2014-03-26 00:00:00.000,True
2849,2317,4,4,1,2014-03-17,2014-03-26,3713.33,297.07,92.83,4103.22,2014-03-26 00:00:00.000,True
2850,2318,4,4,5,2014-03-17,2014-03-26,63831.08,5106.49,1595.78,70533.34,2014-03-26 00:00:00.000,True
2851,2319,4,4,5,2014-03-17,2014-03-26,6754.86,540.39,168.87,7464.12,2014-03-26 00:00:00.000,True
2852,2320,4,4,5,2014-03-17,2014-03-26,5711.48,456.92,142.79,6311.18,2014-03-26 00:00:00.000,True
2853,2321,4,4,4,2014-03-17,2014-03-26,503.09,40.25,12.58,555.91,2014-03-26 00:00:00.000,True
2854,2322,4,4,2,2014-03-17,2014-03-26,97.97,7.84,2.45,108.25,2014-03-26 00:00:00.000,True
2855,2323,4,4,4,2014-03-17,2014-03-26,114.47,9.16,2.86,126.49,2014-03-26 00:00:00.000,True
2856,2324,4,4,4,2014-03-17,2014-03-26,132.65,10.61,3.32,146.57,2014-03-26 00:00:00.000,True
2857,2325,4,4,5,2014-03-17,2014-03-26,43878.45,3510.28,1096.96,48485.69,2014-03-26 00:00:00.000,True
2858,2326,4,4,1,2014-03-17,2014-03-26,418.95,33.52,10.47,462.94,2014-03-26 00:00:00.000,True
2859,2327,4,4,4,2014-03-17,2014-03-26,824.36,65.95,20.61,910.91,2014-03-26 00:00:00.000,True
2860,2328,4,4,1,2014-03-17,2014-03-26,461.79,36.94,11.54,510.28,2014-03-26 00:00:00.000,True
2861,2329,4,4,4,2014-03-19,2014-03-28,630.38,50.43,15.76,696.57,2014-03-28 00:00:00.000,True
2862,2330,4,4,2,2014-03-19,2014-03-28,37.08,2.97,0.93,40.97,2014-03-28 00:00:00.000,True
2863,2331,4,4,4,2014-03-19,2014-03-28,21558.08,1724.65,538.95,23821.67,2014-03-28 00:00:00.000,True
2864,2332,4,4,4,2014-03-19,2014-03-28,234.64,18.77,5.87,259.28,2014-03-28 00:00:00.000,True
2865,2333,5,4,4,2014-03-19,2014-03-28,45172.05,3613.76,1129.3,49915.12,2014-03-28 00:00:00.000,True
2866,2334,4,4,5,2014-03-19,2014-03-28,279.78,22.38,6.99,309.16,2014-03-28 00:00:00.000,True
2867,2335,4,4,5,2014-03-19,2014-03-28,1228.5,98.28,30.71,1357.49,2014-03-28 00:00:00.000,True
2868,2336,4,4,5,2014-03-19,2014-03-28,40471.2,3237.7,1011.78,44720.68,2014-03-28 00:00:00.000,True
2869,2337,4,4,5,2014-03-19,2014-03-28,836.01,66.88,20.9,923.79,2014-03-28 00:00:00.000,True
2870,2338,5,4,5,2014-03-19,2014-03-28,62092.8,4967.42,1552.32,68612.54,2014-03-28 00:00:00.000,True
2871,2339,4,4,5,2014-03-19,2014-03-28,5948.25,475.86,148.71,6572.82,2014-03-28 00:00:00.000,True
2872,2340,4,4,5,2014-03-19,2014-03-28,91117.95,7289.44,2277.95,100685.33,2014-03-28 00:00:00.000,True
2873,2341,4,4,1,2014-03-19,2014-03-28,525.0,42.0,13.13,580.13,2014-03-28 00:00:00.000,True
2874,2342,4,4,5,2014-03-19,2014-03-28,281.89,22.55,7.05,311.49,2014-03-28 00:00:00.000,True
2875,2343,4,4,4,2014-03-19,2014-03-28,26455.28,2116.42,661.38,29233.08,2014-03-28 00:00:00.000,True
2876,2344,4,4,2,2014-03-19,2014-03-28,944.37,75.55,23.61,1043.53,2014-03-28 00:00:00.000,True
2877,2345,4,4,4,2014-03-20,2014-03-29,51588.08,4127.05,1289.7,57004.82,2014-03-29 00:00:00.000,True
2878,2346,4,4,3,2014-03-20,2014-03-29,62843.55,5027.48,1571.09,69442.12,2014-03-29 00:00:00.000,True
2879,2347,4,4,5,2014-03-20,2014-03-29,37843.58,3027.49,946.09,41817.15,2014-03-29 00:00:00.000,True
2880,2348,4,4,4,2014-03-20,2014-03-29,25531.28,2042.5,638.28,28212.06,2014-03-29 00:00:00.000,True
2881,2349,4,4,4,2014-03-20,2014-03-29,234.96,18.8,5.87,259.63,2014-03-29 00:00:00.000,True
2882,2350,4,4,4,2014-03-20,2014-03-29,125.75,10.06,3.14,138.95,2014-03-29 00:00:00.000,True
2883,2351,4,4,5,2014-03-20,2014-03-29,150.79,12.06,3.77,166.62,2014-03-29 00:00:00.000,True
2884,2352,4,4,5,2014-03-20,2014-03-29,273.7,21.9,6.84,302.44,2014-03-29 00:00:00.000,True
2885,2353,4,4,2,2014-03-20,2014-03-29,8847.3,707.78,221.18,9776.27,2014-03-29 00:00:00.000,True
2886,2354,4,4,5,2014-03-20,2014-03-29,171.08,13.69,4.28,189.04,2014-03-29 00:00:00.000,True
2887,2355,4,4,4,2014-03-20,2014-03-29,20397.3,1631.78,509.93,22539.02,2014-03-29 00:00:00.000,True
2888,2356,4,4,3,2014-03-20,2014-03-29,14628.08,1170.25,365.7,16164.02,2014-03-29 00:00:00.000,True
2889,2357,4,4,3,2014-03-20,2014-03-29,58685.55,4694.84,1467.14,64847.53,2014-03-29 00:00:00.000,True
2890,2358,4,4,5,2014-03-20,2014-03-29,693.38,55.47,17.33,766.18,2014-03-29 00:00:00.000,True
2891,2359,4,4,4,2014-03-20,2014-03-29,234.96,18.8,5.87,259.63,2014-03-29 00:00:00.000,True
2892,2360,4,4,5,2014-03-20,2014-03-29,1796.04,143.68,44.9,1984.62,2014-03-29 00:00:00.000,True
2893,2361,4,4,4,2014-03-21,2014-03-30,514.74,41.18,12.87,568.79,2014-03-30 00:00:00.000,True
2894,2362,4,4,5,2014-03-21,2014-03-30,34644.23,2771.54,866.11,38281.87,2014-03-30 00:00:00.000,True
2895,2363,4,4,3,2014-03-21,2014-03-30,1581.93,126.55,39.55,1748.03,2014-03-30 00:00:00.000,True
2896,2364,4,4,5,2014-03-21,2014-03-30,146.29,11.7,3.66,161.65,2014-03-30 00:00:00.000,True
2897,2365,4,4,5,2014-03-21,2014-03-30,102.56,8.21,2.56,113.33,2014-03-30 00:00:00.000,True
2898,2366,4,4,5,2014-03-21,2014-03-30,150.79,12.06,3.77,166.62,2014-03-30 00:00:00.000,True
2899,2367,4,4,5,2014-03-21,2014-03-30,13669.43,1093.55,341.74,15104.71,2014-03-30 00:00:00.000,True
2900,2368,4,4,5,2014-03-21,2014-03-30,16393.23,1311.46,409.83,18114.52,2014-03-30 00:00:00.000,True
2901,2369,4,4,2,2014-03-21,2014-03-30,79204.13,6336.33,1980.1,87520.56,2014-03-30 00:00:00.000,True
2902,2370,4,4,1,2014-03-21,2014-03-30,551.88,44.15,13.8,609.83,2014-03-30 00:00:00.000,True
2903,2371,4,4,1,2014-03-21,2014-03-30,3176.25,254.1,79.41,3509.76,2014-03-30 00:00:00.000,True
2904,2372,4,4,2,2014-03-21,2014-03-30,28072.28,2245.78,701.81,31019.86,2014-03-30 00:00:00.000,True
2905,2373,4,4,1,2014-03-21,2014-03-30,1917.3,153.38,47.93,2118.62,2014-03-30 00:00:00.000,True
2906,2374,4,4,1,2014-03-21,2014-03-30,4215.75,337.26,105.39,4658.4,2014-03-30 00:00:00.000,True
2907,2375,4,4,2,2014-03-21,2014-03-30,28297.5,2263.8,707.44,31268.74,2014-03-30 00:00:00.000,True
2908,2376,4,4,2,2014-03-21,2014-03-30,59.94,4.8,1.5,66.24,2014-03-30 00:00:00.000,True
2909,2377,4,4,4,2014-03-24,2014-04-02,722.61,57.81,18.07,798.48,2014-04-02 00:00:00.000,True
2910,2378,4,4,5,2014-03-24,2014-04-02,43878.45,3510.28,1096.96,48485.69,2014-04-02 00:00:00.000,True
2911,2379,4,4,4,2014-03-24,2014-04-02,592.8,47.42,14.82,655.04,2014-04-02 00:00:00.000,True
2912,2380,4,4,1,2014-03-24,2014-04-02,13825.35,1106.03,345.63,15277.01,2014-04-02 00:00:00.000,True
2913,2381,4,4,5,2014-03-24,2014-04-02,142.41,11.39,3.56,157.36,2014-04-02 00:00:00.000,True
2914,2382,5,4,2,2014-03-24,2014-04-02,28794.15,2303.53,719.85,31817.54,2014-04-02 00:00:00.000,True
2915,2383,4,4,4,2014-03-24,2014-04-02,408.56,32.68,10.21,451.45,2014-04-02 00:00:00.000,True
2916,2384,4,4,1,2014-03-24,2014-04-02,1276.28,102.1,31.91,1410.28,2014-04-02 00:00:00.000,True
2917,2385,4,4,1,2014-03-24,2014-04-02,2003.93,160.31,50.1,2214.34,2014-04-02 00:00:00.000,True
2918,2386,4,4,2,2014-03-24,2014-04-02,50860.43,4068.83,1271.51,56200.77,2014-04-02 00:00:00.000,True
2919,2387,4,4,1,2014-03-24,2014-04-02,454.86,36.39,11.37,502.62,2014-04-02 00:00:00.000,True
2920,2388,4,4,5,2014-03-24,2014-04-02,43878.45,3510.28,1096.96,48485.69,2014-04-02 00:00:00.000,True
2921,2389,4,4,2,2014-03-24,2014-04-02,7132.13,570.57,178.3,7881.0,2014-04-02 00:00:00.000,True
2922,2390,4,4,2,2014-03-24,2014-04-02,28343.7,2267.5,708.59,31319.79,2014-04-02 00:00:00.000,True
2923,2391,4,4,4,2014-03-24,2014-04-02,22516.73,1801.34,562.92,24880.98,2014-04-02 00:00:00.000,True
2924,2392,4,4,5,2014-03-24,2014-04-02,34644.23,2771.54,866.11,38281.87,2014-04-02 00:00:00.000,True
2925,2393,4,4,5,2014-03-25,2014-04-03,415.33,33.23,10.38,458.94,2014-04-03 00:00:00.000,True
2926,2394,4,4,5,2014-03-25,2014-04-03,143.04,11.44,3.58,158.06,2014-04-03 00:00:00.000,True
2927,2395,4,4,2,2014-03-25,2014-04-03,28199.33,2255.95,704.98,31160.25,2014-04-03 00:00:00.000,True
2928,2396,4,4,1,2014-03-25,2014-04-03,3713.33,297.07,92.83,4103.22,2014-04-03 00:00:00.000,True
2929,2397,4,4,5,2014-03-26,2014-04-04,63831.08,5106.49,1595.78,70533.34,2014-04-04 00:00:00.000,True
2930,2398,4,4,5,2014-03-26,2014-04-04,16340.31,1307.22,408.51,18056.04,2014-04-04 00:00:00.000,True
2931,2399,4,4,5,2014-03-26,2014-04-04,5711.48,456.92,142.79,6311.18,2014-04-04 00:00:00.000,True
2932,2400,4,4,4,2014-03-26,2014-04-04,360.05,28.8,9.0,397.85,2014-04-04 00:00:00.000,True
2933,2401,4,4,2,2014-03-26,2014-04-04,97.97,7.84,2.45,108.25,2014-04-04 00:00:00.000,True
2934,2402,4,4,4,2014-03-26,2014-04-04,114.47,9.16,2.86,126.49,2014-04-04 00:00:00.000,True
2935,2403,4,4,4,2014-03-26,2014-04-04,132.65,10.61,3.32,146.57,2014-04-04 00:00:00.000,True
2936,2404,4,3,5,2014-03-26,2014-04-04,43878.45,3510.28,1096.96,48485.69,2014-04-04 00:00:00.000,True
2937,2405,4,4,1,2014-03-26,2014-04-04,418.95,33.52,10.47,462.94,2014-04-04 00:00:00.000,True
2938,2406,4,4,4,2014-03-26,2014-04-04,525.77,42.06,13.14,580.97,2014-04-04 00:00:00.000,True
2939,2407,4,4,1,2014-03-26,2014-04-04,461.79,36.94,11.54,510.28,2014-04-04 00:00:00.000,True
2940,2408,4,4,4,2014-03-26,2014-04-04,481.89,38.55,12.05,532.49,2014-04-04 00:00:00.000,True
2941,2409,4,4,2,2014-03-26,2014-04-04,37.08,2.97,0.93,40.97,2014-04-04 00:00:00.000,True
2942,2410,4,4,4,2014-03-26,2014-04-04,21558.08,1724.65,538.95,23821.67,2014-04-04 00:00:00.000,True
2943,2411,4,4,4,2014-03-26,2014-04-04,475.68,38.05,11.89,525.63,2014-04-04 00:00:00.000,True
2944,2412,4,4,5,2014-03-26,2014-04-04,41048.7,3283.9,1026.22,45358.81,2014-04-04 00:00:00.000,True
2945,2413,4,4,5,2014-03-27,2014-04-05,416.75,33.34,10.42,460.5,2014-04-05 00:00:00.000,True
2946,2414,4,4,5,2014-03-27,2014-04-05,279.15,22.33,6.98,308.46,2014-04-05 00:00:00.000,True
2947,2415,4,4,5,2014-03-27,2014-04-05,40471.2,3237.7,1011.78,44720.68,2014-04-05 00:00:00.000,True
2948,2416,4,4,4,2014-03-27,2014-04-05,389.66,31.17,9.74,430.57,2014-04-05 00:00:00.000,True
2949,2417,4,4,5,2014-03-27,2014-04-05,62092.8,4967.42,1552.32,68612.54,2014-04-05 00:00:00.000,True
2950,2418,4,4,5,2014-03-27,2014-04-05,5948.25,475.86,148.71,6572.82,2014-04-05 00:00:00.000,True
2951,2419,4,4,5,2014-03-27,2014-04-05,91117.95,7289.44,2277.95,100685.33,2014-04-05 00:00:00.000,True
2952,2420,4,4,1,2014-03-27,2014-04-05,525.0,42.0,13.13,580.13,2014-04-05 00:00:00.000,True
2953,2421,6,4,3,2014-03-27,2014-04-05,1721.79,137.74,43.04,1902.58,2014-04-05 00:00:00.000,True
2954,2422,4,4,4,2014-03-27,2014-04-05,26455.28,2116.42,661.38,29233.08,2014-04-05 00:00:00.000,True
2955,2423,4,4,2,2014-03-27,2014-04-05,944.37,75.55,23.61,1043.53,2014-04-05 00:00:00.000,True
2956,2424,4,4,4,2014-03-27,2014-04-05,44594.55,3567.56,1114.86,49276.98,2014-04-05 00:00:00.000,True
2957,2425,4,4,3,2014-03-27,2014-04-05,62843.55,5027.48,1571.09,69442.12,2014-04-05 00:00:00.000,True
2958,2426,4,4,5,2014-03-27,2014-04-05,37843.58,3027.49,946.09,41817.15,2014-04-05 00:00:00.000,True
2959,2427,4,4,4,2014-03-27,2014-04-05,25531.28,2042.5,638.28,28212.06,2014-04-05 00:00:00.000,True
2960,2428,4,4,5,2014-03-27,2014-04-05,694.17,55.53,17.35,767.05,2014-04-05 00:00:00.000,True
2961,2429,4,4,4,2014-03-28,2014-04-06,125.75,10.06,3.14,138.95,2014-04-06 00:00:00.000,True
2962,2430,4,4,5,2014-03-28,2014-04-06,150.79,12.06,3.77,166.62,2014-04-06 00:00:00.000,True
2963,2431,4,4,4,2014-03-28,2014-04-06,503.09,40.25,12.58,555.91,2014-04-06 00:00:00.000,True
2964,2432,4,4,2,2014-03-28,2014-04-06,8847.3,707.78,221.18,9776.27,2014-04-06 00:00:00.000,True
2965,2433,4,4,5,2014-03-28,2014-04-06,171.08,13.69,4.28,189.04,2014-04-06 00:00:00.000,True
2966,2434,4,4,4,2014-03-28,2014-04-06,20397.3,1631.78,509.93,22539.02,2014-04-06 00:00:00.000,True
2967,2435,4,4,3,2014-03-28,2014-04-06,14628.08,1170.25,365.7,16164.02,2014-04-06 00:00:00.000,True
2968,2436,4,4,3,2014-03-28,2014-04-06,58685.55,4694.84,1467.14,64847.53,2014-04-06 00:00:00.000,True
2969,2437,4,4,5,2014-03-28,2014-04-06,773.01,61.84,19.33,854.18,2014-04-06 00:00:00.000,True
2970,2438,6,4,5,2014-03-28,2014-04-06,694.17,55.53,17.35,767.05,2014-04-06 00:00:00.000,True
2971,2439,4,4,5,2014-03-28,2014-04-06,1796.04,143.68,44.9,1984.62,2014-04-06 00:00:00.000,True
2972,2440,4,4,5,2014-03-28,2014-04-06,416.75,33.34,10.42,460.5,2014-04-06 00:00:00.000,True
2973,2441,4,4,5,2014-03-28,2014-04-06,34644.23,2771.54,866.11,38281.87,2014-04-06 00:00:00.000,True
2974,2442,4,4,4,2014-03-28,2014-04-06,257.58,20.61,6.44,284.62,2014-04-06 00:00:00.000,True
2975,2443,4,4,5,2014-03-28,2014-04-06,146.29,11.7,3.66,161.65,2014-04-06 00:00:00.000,True
2976,2444,4,4,5,2014-03-28,2014-04-06,102.56,8.21,2.56,113.33,2014-04-06 00:00:00.000,True
2977,2445,4,4,5,2014-03-31,2014-04-09,150.79,12.06,3.77,166.62,2014-04-09 00:00:00.000,True
2978,2446,4,4,5,2014-03-31,2014-04-09,13669.43,1093.55,341.74,15104.71,2014-04-09 00:00:00.000,True
2979,2447,4,4,5,2014-03-31,2014-04-09,16393.23,1311.46,409.83,18114.52,2014-04-09 00:00:00.000,True
2980,2448,4,4,4,2014-03-31,2014-04-09,22516.73,1801.34,562.92,24880.98,2014-04-09 00:00:00.000,True
2981,2449,4,4,1,2014-03-31,2014-04-09,551.88,44.15,13.8,609.83,2014-04-09 00:00:00.000,True
2982,2450,4,4,1,2014-03-31,2014-04-09,6987.75,559.02,174.69,7721.46,2014-04-09 00:00:00.000,True
2983,2451,4,4,2,2014-03-31,2014-04-09,28072.28,2245.78,701.81,31019.86,2014-04-09 00:00:00.000,True
2984,2452,4,4,1,2014-03-31,2014-04-09,35394.98,2831.6,884.87,39111.45,2014-04-09 00:00:00.000,True
2985,2453,4,4,1,2014-03-31,2014-04-09,3407.25,272.58,85.18,3765.01,2014-04-09 00:00:00.000,True
2986,2454,4,4,2,2014-03-31,2014-04-09,28297.5,2263.8,707.44,31268.74,2014-04-09 00:00:00.000,True
2987,2455,4,4,2,2014-03-31,2014-04-09,59.94,4.8,1.5,66.24,2014-04-09 00:00:00.000,True
2988,2456,4,4,4,2014-03-31,2014-04-09,332.96,26.64,8.32,367.92,2014-04-09 00:00:00.000,True
2989,2457,4,4,5,2014-03-31,2014-04-09,43878.45,3510.28,1096.96,48485.69,2014-04-09 00:00:00.000,True
2990,2458,4,4,4,2014-03-31,2014-04-09,544.57,43.57,13.61,601.75,2014-04-09 00:00:00.000,True
2991,2459,4,4,2,2014-03-31,2014-04-09,36405.6,2912.45,910.14,40228.19,2014-04-09 00:00:00.000,True
2992,2460,4,4,5,2014-03-31,2014-04-09,142.41,11.39,3.56,157.36,2014-04-09 00:00:00.000,True
2993,2461,4,4,5,2014-04-02,2014-04-11,19236.53,1538.92,480.91,21256.36,2014-04-11 00:00:00.000,True
2994,2462,4,4,4,2014-04-02,2014-04-11,253.32,20.27,6.33,279.92,2014-04-11 00:00:00.000,True
2995,2463,4,4,1,2014-04-02,2014-04-11,1276.28,102.1,31.91,1410.28,2014-04-11 00:00:00.000,True
2996,2464,4,4,1,2014-04-02,2014-04-11,2003.93,160.31,50.1,2214.34,2014-04-11 00:00:00.000,True
2997,2465,4,4,2,2014-04-02,2014-04-11,50860.43,4068.83,1271.51,56200.77,2014-04-11 00:00:00.000,True
2998,2466,4,4,1,2014-04-02,2014-04-11,454.86,36.39,11.37,502.62,2014-04-11 00:00:00.000,True
2999,2467,4,4,5,2014-04-02,2014-04-11,43878.45,3510.28,1096.96,48485.69,2014-04-11 00:00:00.000,True
3000,2468,4,4,2,2014-04-02,2014-04-11,7132.13,570.57,178.3,7881.0,2014-04-11 00:00:00.000,True
3001,2469,4,4,2,2014-04-02,2014-04-11,28343.7,2267.5,708.59,31319.79,2014-04-11 00:00:00.000,True
3002,2470,4,4,4,2014-04-02,2014-04-11,22516.73,1801.34,562.92,24880.98,2014-04-11 00:00:00.000,True
3003,2471,4,4,5,2014-04-02,2014-04-11,34644.23,2771.54,866.11,38281.87,2014-04-11 00:00:00.000,True
3004,2472,4,4,5,2014-04-02,2014-04-11,272.76,21.82,6.82,301.4,2014-04-11 00:00:00.000,True
3005,2473,4,4,5,2014-04-02,2014-04-11,143.04,11.44,3.58,158.06,2014-04-11 00:00:00.000,True
3006,2474,4,4,2,2014-04-02,2014-04-11,28199.33,2255.95,704.98,31160.25,2014-04-11 00:00:00.000,True
3007,2475,4,4,1,2014-04-02,2014-04-11,3713.33,297.07,92.83,4103.22,2014-04-11 00:00:00.000,True
3008,2476,4,4,5,2014-04-02,2014-04-11,63831.08,5106.49,1595.78,70533.34,2014-04-11 00:00:00.000,True
3009,2477,4,4,5,2014-04-03,2014-04-12,16340.31,1307.22,408.51,18056.04,2014-04-12 00:00:00.000,True
3010,2478,4,4,5,2014-04-03,2014-04-12,5711.48,456.92,142.79,6311.18,2014-04-12 00:00:00.000,True
3011,2479,4,4,4,2014-04-03,2014-04-12,235.9,18.87,5.9,260.67,2014-04-12 00:00:00.000,True
3012,2480,5,4,2,2014-04-03,2014-04-12,97.97,7.84,2.45,108.25,2014-04-12 00:00:00.000,True
3013,2481,4,4,4,2014-04-03,2014-04-12,114.47,9.16,2.86,126.49,2014-04-12 00:00:00.000,True
3014,2482,4,4,4,2014-04-03,2014-04-12,132.65,10.61,3.32,146.57,2014-04-12 00:00:00.000,True
3015,2483,4,4,5,2014-04-03,2014-04-12,43878.45,3510.28,1096.96,48485.69,2014-04-12 00:00:00.000,True
3016,2484,4,4,1,2014-04-03,2014-04-12,418.95,33.52,10.47,462.94,2014-04-12 00:00:00.000,True
3017,2485,4,4,4,2014-04-03,2014-04-12,3413.25,273.06,85.33,3771.64,2014-04-12 00:00:00.000,True
3018,2486,4,4,1,2014-04-03,2014-04-12,461.79,36.94,11.54,510.28,2014-04-12 00:00:00.000,True
3019,2487,4,4,4,2014-04-03,2014-04-12,760.41,60.83,19.01,840.25,2014-04-12 00:00:00.000,True
3020,2488,4,4,2,2014-04-03,2014-04-12,37.08,2.97,0.93,40.97,2014-04-12 00:00:00.000,True
3021,2489,4,4,4,2014-04-03,2014-04-12,21558.08,1724.65,538.95,23821.67,2014-04-12 00:00:00.000,True
3022,2490,4,4,4,2014-04-03,2014-04-12,422.1,33.77,10.55,466.42,2014-04-12 00:00:00.000,True
3023,2491,4,4,4,2014-04-03,2014-04-12,45172.05,3613.76,1129.3,49915.12,2014-04-12 00:00:00.000,True
3024,2492,4,4,5,2014-04-03,2014-04-12,273.7,21.9,6.84,302.44,2014-04-12 00:00:00.000,True
3025,2493,4,4,5,2014-04-04,2014-04-13,415.8,33.26,10.4,459.46,2014-04-13 00:00:00.000,True
3026,2494,4,4,5,2014-04-04,2014-04-13,40471.2,3237.7,1011.78,44720.68,2014-04-13 00:00:00.000,True
3027,2495,4,4,5,2014-04-04,2014-04-13,1225.67,98.05,30.64,1354.36,2014-04-13 00:00:00.000,True
3028,2496,4,4,5,2014-04-04,2014-04-13,62092.8,4967.42,1552.32,68612.54,2014-04-13 00:00:00.000,True
3029,2497,4,4,5,2014-04-04,2014-04-13,5948.25,475.86,148.71,6572.82,2014-04-13 00:00:00.000,True
3030,2498,4,4,5,2014-04-04,2014-04-13,91117.95,7289.44,2277.95,100685.33,2014-04-13 00:00:00.000,True
3031,2499,4,4,1,2014-04-04,2014-04-13,525.0,42.0,13.13,580.13,2014-04-13 00:00:00.000,True
3032,2500,4,4,5,2014-04-04,2014-04-13,2003.68,160.29,50.09,2214.07,2014-04-13 00:00:00.000,True
3033,2501,4,4,4,2014-04-04,2014-04-13,26455.28,2116.42,661.38,29233.08,2014-04-13 00:00:00.000,True
3034,2502,4,4,2,2014-04-04,2014-04-13,944.37,75.55,23.61,1043.53,2014-04-13 00:00:00.000,True
3035,2503,4,4,1,2014-04-04,2014-04-13,6993.53,559.48,174.84,7727.85,2014-04-13 00:00:00.000,True
3036,2504,4,3,3,2014-04-04,2014-04-13,36122.63,2889.81,903.07,39915.5,2014-04-13 00:00:00.000,True
3037,2505,4,4,5,2014-04-04,2014-04-13,37843.58,3027.49,946.09,41817.15,2014-04-13 00:00:00.000,True
3038,2506,4,4,4,2014-04-04,2014-04-13,25531.28,2042.5,638.28,28212.06,2014-04-13 00:00:00.000,True
3039,2507,4,4,5,2014-04-04,2014-04-13,773.96,61.92,19.35,855.22,2014-04-13 00:00:00.000,True
3040,2508,4,4,4,2014-04-04,2014-04-13,125.75,10.06,3.14,138.95,2014-04-13 00:00:00.000,True
3041,2509,4,4,5,2014-04-07,2014-04-16,150.79,12.06,3.77,166.62,2014-04-16 00:00:00.000,True
3042,2510,4,4,4,2014-04-07,2014-04-16,360.05,28.8,9.0,397.85,2014-04-16 00:00:00.000,True
3043,2511,4,4,2,2014-04-07,2014-04-16,8847.3,707.78,221.18,9776.27,2014-04-16 00:00:00.000,True
3044,2512,4,4,5,2014-04-07,2014-04-16,171.08,13.69,4.28,189.04,2014-04-16 00:00:00.000,True
3045,2513,4,4,4,2014-04-07,2014-04-16,20397.3,1631.78,509.93,22539.02,2014-04-16 00:00:00.000,True
3046,2514,4,4,3,2014-04-07,2014-04-16,14628.08,1170.25,365.7,16164.02,2014-04-16 00:00:00.000,True
3047,2515,4,4,3,2014-04-07,2014-04-16,58685.55,4694.84,1467.14,64847.53,2014-04-16 00:00:00.000,True
3048,2516,4,4,4,2014-04-07,2014-04-16,481.89,38.55,12.05,532.49,2014-04-16 00:00:00.000,True
3049,2517,4,4,5,2014-04-07,2014-04-16,773.96,61.92,19.35,855.22,2014-04-16 00:00:00.000,True
3050,2518,4,4,5,2014-04-07,2014-04-16,1796.04,143.68,44.9,1984.62,2014-04-16 00:00:00.000,True
3051,2519,4,4,5,2014-04-07,2014-04-16,658.95,52.72,16.47,728.14,2014-04-16 00:00:00.000,True
3052,2520,4,4,5,2014-04-07,2014-04-16,34644.23,2771.54,866.11,38281.87,2014-04-16 00:00:00.000,True
3053,2521,4,4,3,2014-04-07,2014-04-16,1581.93,126.55,39.55,1748.03,2014-04-16 00:00:00.000,True
3054,2522,4,4,5,2014-04-07,2014-04-16,146.29,11.7,3.66,161.65,2014-04-16 00:00:00.000,True
3055,2523,4,4,5,2014-04-07,2014-04-16,102.56,8.21,2.56,113.33,2014-04-16 00:00:00.000,True
3056,2524,4,4,5,2014-04-07,2014-04-16,150.79,12.06,3.77,166.62,2014-04-16 00:00:00.000,True
3057,2525,4,4,5,2014-04-08,2014-04-17,13669.43,1093.55,341.74,15104.71,2014-04-17 00:00:00.000,True
3058,2526,4,4,5,2014-04-08,2014-04-17,13458.69,1076.7,336.47,14871.85,2014-04-17 00:00:00.000,True
3059,2527,4,4,2,2014-04-08,2014-04-17,101720.85,8137.67,2543.02,112401.54,2014-04-17 00:00:00.000,True
3060,2528,4,4,1,2014-04-08,2014-04-17,551.88,44.15,13.8,609.83,2014-04-17 00:00:00.000,True
3061,2529,4,4,1,2014-04-08,2014-04-17,6987.75,559.02,174.69,7721.46,2014-04-17 00:00:00.000,True
3062,2530,4,4,2,2014-04-08,2014-04-17,28072.28,2245.78,701.81,31019.86,2014-04-17 00:00:00.000,True
3063,2531,4,4,1,2014-04-08,2014-04-17,1917.3,153.38,47.93,2118.62,2014-04-17 00:00:00.000,True
3064,2532,4,4,1,2014-04-08,2014-04-17,4215.75,337.26,105.39,4658.4,2014-04-17 00:00:00.000,True
3065,2533,4,4,2,2014-04-08,2014-04-17,28297.5,2263.8,707.44,31268.74,2014-04-17 00:00:00.000,True
3066,2534,4,4,2,2014-04-08,2014-04-17,59.94,4.8,1.5,66.24,2014-04-17 00:00:00.000,True
3067,2535,4,4,4,2014-04-08,2014-04-17,1055.57,84.45,26.39,1166.4,2014-04-17 00:00:00.000,True
3068,2536,4,4,5,2014-04-08,2014-04-17,43878.45,3510.28,1096.96,48485.69,2014-04-17 00:00:00.000,True
3069,2537,4,4,4,2014-04-08,2014-04-17,722.45,57.8,18.06,798.31,2014-04-17 00:00:00.000,True
3070,2538,4,4,2,2014-04-08,2014-04-17,24318.53,1945.48,607.96,26871.97,2014-04-17 00:00:00.000,True
3071,2539,5,4,5,2014-04-08,2014-04-17,142.41,11.39,3.56,157.36,2014-04-17 00:00:00.000,True
3072,2540,5,4,2,2014-04-08,2014-04-17,48030.68,3842.45,1200.77,53073.9,2014-04-17 00:00:00.000,True
3073,2541,4,4,2,2014-04-09,2014-04-18,50860.43,4068.83,1271.51,56200.77,2014-04-18 00:00:00.000,True
3074,2542,4,4,1,2014-04-09,2014-04-18,1276.28,102.1,31.91,1410.28,2014-04-18 00:00:00.000,True
3075,2543,4,4,1,2014-04-09,2014-04-18,2003.93,160.31,50.1,2214.34,2014-04-18 00:00:00.000,True
3076,2544,4,4,2,2014-04-09,2014-04-18,28343.7,2267.5,708.59,31319.79,2014-04-18 00:00:00.000,True
3077,2545,4,4,1,2014-04-09,2014-04-18,454.86,36.39,11.37,502.62,2014-04-18 00:00:00.000,True
3078,2546,4,4,5,2014-04-09,2014-04-18,43878.45,3510.28,1096.96,48485.69,2014-04-18 00:00:00.000,True
3079,2547,4,4,2,2014-04-09,2014-04-18,7132.13,570.57,178.3,7881.0,2014-04-18 00:00:00.000,True
3080,2548,4,4,2,2014-04-09,2014-04-18,28343.7,2267.5,708.59,31319.79,2014-04-18 00:00:00.000,True
3081,2549,4,4,4,2014-04-09,2014-04-18,22516.73,1801.34,562.92,24880.98,2014-04-18 00:00:00.000,True
3082,2550,4,4,5,2014-04-09,2014-04-18,34644.23,2771.54,866.11,38281.87,2014-04-18 00:00:00.000,True
3083,2551,4,4,4,2014-04-09,2014-04-18,501.2,40.1,12.53,553.82,2014-04-18 00:00:00.000,True
3084,2552,4,4,5,2014-04-09,2014-04-18,143.04,11.44,3.58,158.06,2014-04-18 00:00:00.000,True
3085,2553,4,4,2,2014-04-09,2014-04-18,28199.33,2255.95,704.98,31160.25,2014-04-18 00:00:00.000,True
3086,2554,4,4,1,2014-04-09,2014-04-18,3713.33,297.07,92.83,4103.22,2014-04-18 00:00:00.000,True
3087,2555,4,4,5,2014-04-09,2014-04-18,63831.08,5106.49,1595.78,70533.34,2014-04-18 00:00:00.000,True
3088,2556,4,4,5,2014-04-09,2014-04-18,13361.04,1068.88,334.03,14763.95,2014-04-18 00:00:00.000,True
3089,2557,4,4,5,2014-04-10,2014-04-19,5711.48,456.92,142.79,6311.18,2014-04-19 00:00:00.000,True
3090,2558,4,4,5,2014-04-10,2014-04-19,696.53,55.72,17.41,769.66,2014-04-19 00:00:00.000,True
3091,2559,4,4,2,2014-04-10,2014-04-19,97.97,7.84,2.45,108.25,2014-04-19 00:00:00.000,True
3092,2560,4,4,4,2014-04-10,2014-04-19,114.47,9.16,2.86,126.49,2014-04-19 00:00:00.000,True
3093,2561,4,4,4,2014-04-10,2014-04-19,132.65,10.61,3.32,146.57,2014-04-19 00:00:00.000,True
3094,2562,4,4,5,2014-04-10,2014-04-19,43878.45,3510.28,1096.96,48485.69,2014-04-19 00:00:00.000,True
3095,2563,4,4,1,2014-04-10,2014-04-19,418.95,33.52,10.47,462.94,2014-04-19 00:00:00.000,True
3096,2564,5,4,4,2014-04-10,2014-04-19,272.44,21.8,6.81,301.05,2014-04-19 00:00:00.000,True
3097,2565,4,4,1,2014-04-10,2014-04-19,461.79,36.94,11.54,510.28,2014-04-19 00:00:00.000,True
3098,2566,4,4,4,2014-04-10,2014-04-19,462.77,37.02,11.57,511.36,2014-04-19 00:00:00.000,True
3099,2567,4,4,2,2014-04-10,2014-04-19,37.08,2.97,0.93,40.97,2014-04-19 00:00:00.000,True
3100,2568,4,4,4,2014-04-10,2014-04-19,21558.08,1724.65,538.95,23821.67,2014-04-19 00:00:00.000,True
3101,2569,4,4,4,2014-04-10,2014-04-19,663.67,53.09,16.59,733.36,2014-04-19 00:00:00.000,True
3102,2570,4,4,5,2014-04-10,2014-04-19,65240.18,5219.21,1631.0,72090.39,2014-04-19 00:00:00.000,True
3103,2571,4,4,4,2014-04-10,2014-04-19,503.09,40.25,12.58,555.91,2014-04-19 00:00:00.000,True
3104,2572,4,4,5,2014-04-10,2014-04-19,273.07,21.85,6.83,301.75,2014-04-19 00:00:00.000,True
3105,2573,4,4,5,2014-04-11,2014-04-20,40471.2,3237.7,1011.78,44720.68,2014-04-20 00:00:00.000,True
3106,2574,4,4,5,2014-04-11,2014-04-20,278.52,22.28,6.96,307.77,2014-04-20 00:00:00.000,True
3107,2575,4,4,5,2014-04-11,2014-04-20,62092.8,4967.42,1552.32,68612.54,2014-04-20 00:00:00.000,True
3108,2576,4,4,5,2014-04-11,2014-04-20,5948.25,475.86,148.71,6572.82,2014-04-20 00:00:00.000,True
3109,2577,4,4,5,2014-04-11,2014-04-20,91117.95,7289.44,2277.95,100685.33,2014-04-20 00:00:00.000,True
3110,2578,4,4,1,2014-04-11,2014-04-20,525.0,42.0,13.13,580.13,2014-04-20 00:00:00.000,True
3111,2579,4,4,5,2014-04-11,2014-04-20,2003.68,160.29,50.09,2214.07,2014-04-20 00:00:00.000,True
3112,2580,4,4,4,2014-04-11,2014-04-20,26455.28,2116.42,661.38,29233.08,2014-04-20 00:00:00.000,True
3113,2581,4,4,2,2014-04-11,2014-04-20,944.37,75.55,23.61,1043.53,2014-04-20 00:00:00.000,True
3114,2582,4,4,4,2014-04-11,2014-04-20,44594.55,3567.56,1114.86,49276.98,2014-04-20 00:00:00.000,True
3115,2583,4,4,5,2014-04-11,2014-04-20,26720.93,2137.67,668.02,29526.62,2014-04-20 00:00:00.000,True
3116,2584,4,4,5,2014-04-11,2014-04-20,37843.58,3027.49,946.09,41817.15,2014-04-20 00:00:00.000,True
3117,2585,4,4,4,2014-04-11,2014-04-20,25531.28,2042.5,638.28,28212.06,2014-04-20 00:00:00.000,True
3118,2586,4,4,4,2014-04-11,2014-04-20,482.52,38.6,12.06,533.18,2014-04-20 00:00:00.000,True
3119,2587,4,4,4,2014-04-11,2014-04-20,125.75,10.06,3.14,138.95,2014-04-20 00:00:00.000,True
3120,2588,4,4,5,2014-04-11,2014-04-20,150.79,12.06,3.77,166.62,2014-04-20 00:00:00.000,True
3121,2589,4,4,4,2014-04-14,2014-04-23,235.9,18.87,5.9,260.67,2014-04-23 00:00:00.000,True
3122,2590,4,4,2,2014-04-14,2014-04-23,8847.3,707.78,221.18,9776.27,2014-04-23 00:00:00.000,True
3123,2591,4,4,5,2014-04-14,2014-04-23,171.08,13.69,4.28,189.04,2014-04-23 00:00:00.000,True
3124,2592,4,4,4,2014-04-14,2014-04-23,20397.3,1631.78,509.93,22539.02,2014-04-23 00:00:00.000,True
3125,2593,4,4,3,2014-04-14,2014-04-23,14628.08,1170.25,365.7,16164.02,2014-04-23 00:00:00.000,True
3126,2594,4,4,3,2014-04-14,2014-04-23,33350.63,2668.05,833.77,36852.44,2014-04-23 00:00:00.000,True
3127,2595,4,4,4,2014-04-14,2014-04-23,475.68,38.05,11.89,525.63,2014-04-23 00:00:00.000,True
3128,2596,4,4,4,2014-04-14,2014-04-23,482.52,38.6,12.06,533.18,2014-04-23 00:00:00.000,True
3129,2597,4,4,5,2014-04-14,2014-04-23,1796.04,143.68,44.9,1984.62,2014-04-23 00:00:00.000,True
3130,2598,4,4,4,2014-04-14,2014-04-23,602.25,48.18,15.06,665.48,2014-04-23 00:00:00.000,True
3131,2599,4,4,5,2014-04-14,2014-04-23,34644.23,2771.54,866.11,38281.87,2014-04-23 00:00:00.000,True
3132,2600,4,4,4,2014-04-14,2014-04-23,1839.51,147.16,45.99,2032.65,2014-04-23 00:00:00.000,True
3133,2601,4,4,5,2014-04-14,2014-04-23,146.29,11.7,3.66,161.65,2014-04-23 00:00:00.000,True
3134,2602,4,4,5,2014-04-14,2014-04-23,102.56,8.21,2.56,113.33,2014-04-23 00:00:00.000,True
3135,2603,5,4,5,2014-04-14,2014-04-23,150.79,12.06,3.77,166.62,2014-04-23 00:00:00.000,True
3136,2604,4,3,5,2014-04-14,2014-04-23,13669.43,1093.55,341.74,15104.71,2014-04-23 00:00:00.000,True
3137,2605,4,4,5,2014-04-15,2014-04-24,2934.54,234.76,73.36,3242.67,2014-04-24 00:00:00.000,True
3138,2606,4,4,2,2014-04-15,2014-04-24,50860.43,4068.83,1271.51,56200.77,2014-04-24 00:00:00.000,True
3139,2607,4,4,1,2014-04-15,2014-04-24,551.88,44.15,13.8,609.83,2014-04-24 00:00:00.000,True
3140,2608,4,4,1,2014-04-15,2014-04-24,6987.75,559.02,174.69,7721.46,2014-04-24 00:00:00.000,True
3141,2609,4,4,2,2014-04-15,2014-04-24,28072.28,2245.78,701.81,31019.86,2014-04-24 00:00:00.000,True
3142,2610,4,4,1,2014-04-15,2014-04-24,37312.28,2984.98,932.81,41230.06,2014-04-24 00:00:00.000,True
3143,2611,4,4,1,2014-04-15,2014-04-24,3407.25,272.58,85.18,3765.01,2014-04-24 00:00:00.000,True
3144,2612,4,4,2,2014-04-15,2014-04-24,28297.5,2263.8,707.44,31268.74,2014-04-24 00:00:00.000,True
3145,2613,4,4,2,2014-04-15,2014-04-24,59.94,4.8,1.5,66.24,2014-04-24 00:00:00.000,True
3146,2614,4,4,4,2014-04-15,2014-04-24,240.72,19.26,6.02,266.0,2014-04-24 00:00:00.000,True
3147,2615,4,4,5,2014-04-15,2014-04-24,43878.45,3510.28,1096.96,48485.69,2014-04-24 00:00:00.000,True
3148,2616,4,4,5,2014-04-15,2014-04-24,544.73,43.58,13.62,601.93,2014-04-24 00:00:00.000,True
3149,2617,4,4,1,2014-04-15,2014-04-24,18641.7,1491.34,466.04,20599.08,2014-04-24 00:00:00.000,True
3150,2618,4,4,5,2014-04-15,2014-04-24,142.41,11.39,3.56,157.36,2014-04-24 00:00:00.000,True
3151,2619,4,4,2,2014-04-15,2014-04-24,48030.68,3842.45,1200.77,53073.9,2014-04-24 00:00:00.000,True
3152,2620,4,4,4,2014-04-15,2014-04-24,421.16,33.69,10.53,465.38,2014-04-24 00:00:00.000,True
3153,2621,4,4,1,2014-04-16,2014-04-25,1276.28,102.1,31.91,1410.28,2014-04-25 00:00:00.000,True
3154,2622,7,4,1,2014-04-16,2014-04-25,2003.93,160.31,50.1,2214.34,2014-04-25 00:00:00.000,True
3155,2623,4,4,4,2014-04-16,2014-04-25,22516.73,1801.34,562.92,24880.98,2014-04-25 00:00:00.000,True
3156,2624,4,4,1,2014-04-16,2014-04-25,454.86,36.39,11.37,502.62,2014-04-25 00:00:00.000,True
3157,2625,4,4,5,2014-04-16,2014-04-25,43878.45,3510.28,1096.96,48485.69,2014-04-25 00:00:00.000,True
3158,2626,4,4,2,2014-04-16,2014-04-25,7132.13,570.57,178.3,7881.0,2014-04-25 00:00:00.000,True
3159,2627,4,4,2,2014-04-16,2014-04-25,28343.7,2267.5,708.59,31319.79,2014-04-25 00:00:00.000,True
3160,2628,4,4,4,2014-04-16,2014-04-25,22516.73,1801.34,562.92,24880.98,2014-04-25 00:00:00.000,True
3161,2629,4,4,5,2014-04-16,2014-04-25,34644.23,2771.54,866.11,38281.87,2014-04-25 00:00:00.000,True
3162,2630,4,4,4,2014-04-16,2014-04-25,247.56,19.8,6.19,273.55,2014-04-25 00:00:00.000,True
3163,2631,4,4,5,2014-04-16,2014-04-25,143.04,11.44,3.58,158.06,2014-04-25 00:00:00.000,True
3164,2632,4,4,2,2014-04-16,2014-04-25,28199.33,2255.95,704.98,31160.25,2014-04-25 00:00:00.000,True
3165,2633,4,4,1,2014-04-16,2014-04-25,3713.33,297.07,92.83,4103.22,2014-04-25 00:00:00.000,True
3166,2634,4,4,5,2014-04-16,2014-04-25,43878.45,3510.28,1096.96,48485.69,2014-04-25 00:00:00.000,True
3167,2635,4,4,5,2014-04-16,2014-04-25,2979.27,238.34,74.48,3292.09,2014-04-25 00:00:00.000,True
3168,2636,4,4,5,2014-04-16,2014-04-25,5711.48,456.92,142.79,6311.18,2014-04-25 00:00:00.000,True
3169,2637,4,4,5,2014-04-17,2014-04-26,776.79,62.14,19.42,858.35,2014-04-26 00:00:00.000,True
3170,2638,4,4,2,2014-04-17,2014-04-26,97.97,7.84,2.45,108.25,2014-04-26 00:00:00.000,True
3171,2639,4,4,4,2014-04-17,2014-04-26,114.47,9.16,2.86,126.49,2014-04-26 00:00:00.000,True
3172,2640,4,4,4,2014-04-17,2014-04-26,132.65,10.61,3.32,146.57,2014-04-26 00:00:00.000,True
3173,2641,4,4,5,2014-04-17,2014-04-26,43878.45,3510.28,1096.96,48485.69,2014-04-26 00:00:00.000,True
3174,2642,4,4,1,2014-04-17,2014-04-26,418.95,33.52,10.47,462.94,2014-04-26 00:00:00.000,True
3175,2643,4,4,4,2014-04-17,2014-04-26,389.66,31.17,9.74,430.57,2014-04-26 00:00:00.000,True
3176,2644,4,4,1,2014-04-17,2014-04-26,461.79,36.94,11.54,510.28,2014-04-26 00:00:00.000,True
3177,2645,4,4,4,2014-04-17,2014-04-26,1656.84,132.55,41.42,1830.8,2014-04-26 00:00:00.000,True
3178,2646,4,4,2,2014-04-17,2014-04-26,37.08,2.97,0.93,40.97,2014-04-26 00:00:00.000,True
3179,2647,4,4,4,2014-04-17,2014-04-26,21558.08,1724.65,538.95,23821.67,2014-04-26 00:00:00.000,True
3180,2648,4,4,4,2014-04-17,2014-04-26,624.3,49.94,15.61,689.85,2014-04-26 00:00:00.000,True
3181,2649,4,4,4,2014-04-17,2014-04-26,20980.58,1678.45,524.51,23183.54,2014-04-26 00:00:00.000,True
3182,2650,4,4,4,2014-04-17,2014-04-26,360.05,28.8,9.0,397.85,2014-04-26 00:00:00.000,True
3183,2651,4,4,4,2014-04-17,2014-04-26,260.47,20.84,6.51,287.82,2014-04-26 00:00:00.000,True
3184,2652,4,4,5,2014-04-17,2014-04-26,40471.2,3237.7,1011.78,44720.68,2014-04-26 00:00:00.000,True
3185,2653,4,4,5,2014-04-18,2014-04-27,414.86,33.19,10.37,458.41,2014-04-27 00:00:00.000,True
3186,2654,4,4,5,2014-04-18,2014-04-27,38421.08,3073.69,960.53,42455.29,2014-04-27 00:00:00.000,True
3187,2655,4,4,5,2014-04-18,2014-04-27,5948.25,475.86,148.71,6572.82,2014-04-27 00:00:00.000,True
3188,2656,4,4,5,2014-04-18,2014-04-27,91117.95,7289.44,2277.95,100685.33,2014-04-27 00:00:00.000,True
3189,2657,4,4,1,2014-04-18,2014-04-27,525.0,42.0,13.13,580.13,2014-04-27 00:00:00.000,True
3190,2658,4,4,5,2014-04-18,2014-04-27,2003.68,160.29,50.09,2214.07,2014-04-27 00:00:00.000,True
3191,2659,4,4,4,2014-04-18,2014-04-27,26455.28,2116.42,661.38,29233.08,2014-04-27 00:00:00.000,True
3192,2660,4,4,2,2014-04-18,2014-04-27,944.37,75.55,23.61,1043.53,2014-04-27 00:00:00.000,True
3193,2661,4,4,1,2014-04-18,2014-04-27,6993.53,559.48,174.84,7727.85,2014-04-27 00:00:00.000,True
3194,2662,4,4,3,2014-04-18,2014-04-27,36122.63,2889.81,903.07,39915.5,2014-04-27 00:00:00.000,True
3195,2663,4,4,5,2014-04-18,2014-04-27,37843.58,3027.49,946.09,41817.15,2014-04-27 00:00:00.000,True
3196,2664,4,4,4,2014-04-18,2014-04-27,25531.28,2042.5,638.28,28212.06,2014-04-27 00:00:00.000,True
3197,2665,4,4,4,2014-04-18,2014-04-27,111.07,8.89,2.78,122.73,2014-04-27 00:00:00.000,True
3198,2666,9,4,4,2014-04-18,2014-04-27,125.75,10.06,3.14,138.95,2014-04-27 00:00:00.000,True
3199,2667,4,4,5,2014-04-18,2014-04-27,150.79,12.06,3.77,166.62,2014-04-27 00:00:00.000,True
3200,2668,4,4,5,2014-04-18,2014-04-27,696.53,55.72,17.41,769.66,2014-04-27 00:00:00.000,True
3201,2669,4,4,2,2014-04-21,2014-04-30,8847.3,707.78,221.18,9776.27,2014-04-30 00:00:00.000,True
3202,2670,4,4,5,2014-04-21,2014-04-30,171.08,13.69,4.28,189.04,2014-04-30 00:00:00.000,True
3203,2671,4,4,4,2014-04-21,2014-04-30,20397.3,1631.78,509.93,22539.02,2014-04-30 00:00:00.000,True
3204,2672,4,4,3,2014-04-21,2014-04-30,14628.08,1170.25,365.7,16164.02,2014-04-30 00:00:00.000,True
3205,2673,4,4,4,2014-04-21,2014-04-30,25334.93,2026.79,633.37,27995.09,2014-04-30 00:00:00.000,True
3206,2674,4,4,5,2014-04-21,2014-04-30,278.52,22.28,6.96,307.77,2014-04-30 00:00:00.000,True
3207,2675,4,4,4,2014-04-21,2014-04-30,111.07,8.89,2.78,122.73,2014-04-30 00:00:00.000,True
3208,2676,4,4,5,2014-04-21,2014-04-30,1796.04,143.68,44.9,1984.62,2014-04-30 00:00:00.000,True
3209,2677,4,4,4,2014-04-21,2014-04-30,748.76,59.9,18.72,827.37,2014-04-30 00:00:00.000,True
3210,2678,4,4,5,2014-04-21,2014-04-30,34644.23,2771.54,866.11,38281.87,2014-04-30 00:00:00.000,True
3211,2679,4,4,4,2014-04-21,2014-04-30,1839.51,147.16,45.99,2032.65,2014-04-30 00:00:00.000,True
3212,2680,4,4,5,2014-04-21,2014-04-30,146.29,11.7,3.66,161.65,2014-04-30 00:00:00.000,True
3213,2681,4,4,5,2014-04-21,2014-04-30,102.56,8.21,2.56,113.33,2014-04-30 00:00:00.000,True
3214,2682,4,4,5,2014-04-21,2014-04-30,150.79,12.06,3.77,166.62,2014-04-30 00:00:00.000,True
3215,2683,4,4,5,2014-04-21,2014-04-30,13669.43,1093.55,341.74,15104.71,2014-04-30 00:00:00.000,True
3216,2684,4,4,5,2014-04-21,2014-04-30,6444.9,515.59,161.12,7121.61,2014-04-30 00:00:00.000,True
3217,2685,4,4,2,2014-04-22,2014-05-01,152581.28,12206.5,3814.53,168602.31,2014-05-01 00:00:00.000,True
3218,2686,4,4,1,2014-04-22,2014-05-01,551.88,44.15,13.8,609.83,2014-05-01 00:00:00.000,True
3219,2687,4,4,1,2014-04-22,2014-05-01,6987.75,559.02,174.69,7721.46,2014-05-01 00:00:00.000,True
3220,2688,5,4,2,2014-04-22,2014-05-01,28072.28,2245.78,701.81,31019.86,2014-05-01 00:00:00.000,True
3221,2689,4,4,1,2014-04-22,2014-05-01,37312.28,2984.98,932.81,41230.06,2014-05-01 00:00:00.000,True
3222,2690,4,4,1,2014-04-22,2014-05-01,7623.0,609.84,190.58,8423.42,2014-05-01 00:00:00.000,True
3223,2691,4,4,2,2014-04-22,2014-05-01,28297.5,2263.8,707.44,31268.74,2014-05-01 00:00:00.000,True
3224,2692,4,4,2,2014-04-22,2014-05-01,59.94,4.8,1.5,66.24,2014-05-01 00:00:00.000,True
3225,2693,4,4,4,2014-04-22,2014-05-01,358.16,28.65,8.95,395.76,2014-05-01 00:00:00.000,True
3226,2694,4,4,5,2014-04-22,2014-05-01,43878.45,3510.28,1096.96,48485.69,2014-05-01 00:00:00.000,True
3227,2695,4,4,4,2014-04-22,2014-05-01,1637.94,131.04,40.95,1809.92,2014-05-01 00:00:00.000,True
3228,2696,4,4,2,2014-04-22,2014-05-01,29989.58,2399.17,749.74,33138.48,2014-05-01 00:00:00.000,True
3229,2697,4,4,5,2014-04-22,2014-05-01,142.41,11.39,3.56,157.36,2014-05-01 00:00:00.000,True
3230,2698,4,4,2,2014-04-22,2014-05-01,48030.68,3842.45,1200.77,53073.9,2014-05-01 00:00:00.000,True
3231,2699,4,4,4,2014-04-22,2014-05-01,12127.74,970.22,303.19,13401.15,2014-05-01 00:00:00.000,True
3232,2700,4,4,1,2014-04-22,2014-05-01,1276.28,102.1,31.91,1410.28,2014-05-01 00:00:00.000,True
3233,2701,4,4,1,2014-04-23,2014-05-02,2003.93,160.31,50.1,2214.34,2014-05-02 00:00:00.000,True
3234,2702,4,4,2,2014-04-23,2014-05-02,28343.7,2267.5,708.59,31319.79,2014-05-02 00:00:00.000,True
3235,2703,4,4,1,2014-04-23,2014-05-02,454.86,36.39,11.37,502.62,2014-05-02 00:00:00.000,True
3236,2704,4,3,5,2014-04-23,2014-05-02,43878.45,3510.28,1096.96,48485.69,2014-05-02 00:00:00.000,True
3237,2705,4,4,2,2014-04-23,2014-05-02,7132.13,570.57,178.3,7881.0,2014-05-02 00:00:00.000,True
3238,2706,5,4,2,2014-04-23,2014-05-02,28343.7,2267.5,708.59,31319.79,2014-05-02 00:00:00.000,True
3239,2707,4,4,4,2014-04-23,2014-05-02,22516.73,1801.34,562.92,24880.98,2014-05-02 00:00:00.000,True
3240,2708,4,4,5,2014-04-23,2014-05-02,34644.23,2771.54,866.11,38281.87,2014-05-02 00:00:00.000,True
3241,2709,4,4,5,2014-04-23,2014-05-02,694.17,55.53,17.35,767.05,2014-05-02 00:00:00.000,True
3242,2710,4,4,5,2014-04-23,2014-05-02,143.04,11.44,3.58,158.06,2014-05-02 00:00:00.000,True
3243,2711,4,4,2,2014-04-23,2014-05-02,28199.33,2255.95,704.98,31160.25,2014-05-02 00:00:00.000,True
3244,2712,4,4,1,2014-04-23,2014-05-02,3713.33,297.07,92.83,4103.22,2014-05-02 00:00:00.000,True
3245,2713,4,4,4,2014-04-23,2014-05-02,19952.63,1596.21,498.82,22047.65,2014-05-02 00:00:00.000,True
3246,2714,4,4,5,2014-04-23,2014-05-02,6540.66,523.25,163.52,7227.43,2014-05-02 00:00:00.000,True
3247,2715,4,4,5,2014-04-23,2014-05-02,5711.48,456.92,142.79,6311.18,2014-05-02 00:00:00.000,True
3248,2716,4,4,4,2014-04-23,2014-05-02,484.41,38.75,12.11,535.27,2014-05-02 00:00:00.000,True
3249,2717,4,4,2,2014-04-24,2014-05-03,97.97,7.84,2.45,108.25,2014-05-03 00:00:00.000,True
3250,2718,4,4,4,2014-04-24,2014-05-03,114.47,9.16,2.86,126.49,2014-05-03 00:00:00.000,True
3251,2719,4,4,4,2014-04-24,2014-05-03,132.65,10.61,3.32,146.57,2014-05-03 00:00:00.000,True
3252,2720,4,4,5,2014-04-24,2014-05-03,43878.45,3510.28,1096.96,48485.69,2014-05-03 00:00:00.000,True
3253,2721,4,4,1,2014-04-24,2014-05-03,418.95,33.52,10.47,462.94,2014-05-03 00:00:00.000,True
3254,2722,5,4,4,2014-04-24,2014-05-03,240.72,19.26,6.02,266.0,2014-05-03 00:00:00.000,True
3255,2723,4,4,1,2014-04-24,2014-05-03,461.79,36.94,11.54,510.28,2014-05-03 00:00:00.000,True
3256,2724,4,4,4,2014-04-24,2014-05-03,253.32,20.27,6.33,279.92,2014-05-03 00:00:00.000,True
3257,2725,4,4,2,2014-04-24,2014-05-03,37.08,2.97,0.93,40.97,2014-05-03 00:00:00.000,True
3258,2726,4,4,4,2014-04-24,2014-05-03,21558.08,1724.65,538.95,23821.67,2014-05-03 00:00:00.000,True
3259,2727,4,4,4,2014-04-24,2014-05-03,710.33,56.83,17.76,784.91,2014-05-03 00:00:00.000,True
3260,2728,4,4,5,2014-04-24,2014-05-03,86220.75,6897.66,2155.52,95273.93,2014-05-03 00:00:00.000,True
3261,2729,4,4,4,2014-04-24,2014-05-03,235.9,18.87,5.9,260.67,2014-05-03 00:00:00.000,True
3262,2730,4,4,5,2014-04-24,2014-05-03,428.4,34.27,10.71,473.38,2014-05-03 00:00:00.000,True
3263,2731,4,4,5,2014-04-24,2014-05-03,40471.2,3237.7,1011.78,44720.68,2014-05-03 00:00:00.000,True
3264,2732,4,4,5,2014-04-24,2014-05-03,272.44,21.8,6.81,301.05,2014-05-03 00:00:00.000,True
3265,2733,4,4,4,2014-04-25,2014-05-04,23671.73,1893.74,591.79,26157.26,2014-05-04 00:00:00.000,True
3266,2734,4,4,5,2014-04-25,2014-05-04,5948.25,475.86,148.71,6572.82,2014-05-04 00:00:00.000,True
3267,2735,4,4,5,2014-04-25,2014-05-04,91117.95,7289.44,2277.95,100685.33,2014-05-04 00:00:00.000,True
3268,2736,4,4,1,2014-04-25,2014-05-04,525.0,42.0,13.13,580.13,2014-05-04 00:00:00.000,True
3269,2737,4,4,5,2014-04-25,2014-05-04,2003.68,160.29,50.09,2214.07,2014-05-04 00:00:00.000,True
3270,2738,4,4,4,2014-04-25,2014-05-04,26455.28,2116.42,661.38,29233.08,2014-05-04 00:00:00.000,True
3271,2739,4,4,2,2014-04-25,2014-05-04,944.37,75.55,23.61,1043.53,2014-05-04 00:00:00.000,True
3272,2740,4,4,4,2014-04-25,2014-05-04,48186.6,3854.93,1204.67,53246.19,2014-05-04 00:00:00.000,True
3273,2741,4,4,5,2014-04-25,2014-05-04,26720.93,2137.67,668.02,29526.62,2014-05-04 00:00:00.000,True
3274,2742,4,4,5,2014-04-25,2014-05-04,37843.58,3027.49,946.09,41817.15,2014-05-04 00:00:00.000,True
3275,2743,4,4,4,2014-04-25,2014-05-04,25531.28,2042.5,638.28,28212.06,2014-05-04 00:00:00.000,True
3276,2744,4,4,5,2014-04-25,2014-05-04,278.84,22.31,6.97,308.12,2014-05-04 00:00:00.000,True
3277,2745,4,4,4,2014-04-25,2014-05-04,125.75,10.06,3.14,138.95,2014-05-04 00:00:00.000,True
3278,2746,4,4,5,2014-04-25,2014-05-04,150.79,12.06,3.77,166.62,2014-05-04 00:00:00.000,True
3279,2747,4,4,5,2014-04-25,2014-05-04,776.79,62.14,19.42,858.35,2014-05-04 00:00:00.000,True
3280,2748,4,4,2,2014-04-25,2014-05-04,8847.3,707.78,221.18,9776.27,2014-05-04 00:00:00.000,True
3281,2749,4,4,5,2014-04-28,2014-05-07,171.08,13.69,4.28,189.04,2014-05-07 00:00:00.000,True
3282,2750,4,4,4,2014-04-28,2014-05-07,20397.3,1631.78,509.93,22539.02,2014-05-07 00:00:00.000,True
3283,2751,4,4,3,2014-04-28,2014-05-07,14628.08,1170.25,365.7,16164.02,2014-05-07 00:00:00.000,True
3284,2752,4,4,3,2014-04-28,2014-05-07,33350.63,2668.05,833.77,36852.44,2014-05-07 00:00:00.000,True
3285,2753,4,4,5,2014-04-28,2014-05-07,414.86,33.19,10.37,458.41,2014-05-07 00:00:00.000,True
3286,2754,4,4,5,2014-04-28,2014-05-07,278.84,22.31,6.97,308.12,2014-05-07 00:00:00.000,True
3287,2755,4,4,5,2014-04-28,2014-05-07,1796.04,143.68,44.9,1984.62,2014-05-07 00:00:00.000,True
3288,2756,4,4,4,2014-04-28,2014-05-07,489.07,39.13,12.23,540.42,2014-05-07 00:00:00.000,True
3289,2757,4,4,5,2014-04-28,2014-05-07,34644.23,2771.54,866.11,38281.87,2014-05-07 00:00:00.000,True
3290,2758,4,4,4,2014-04-28,2014-05-07,1839.51,147.16,45.99,2032.65,2014-05-07 00:00:00.000,True
3291,2759,4,4,5,2014-04-28,2014-05-07,146.29,11.7,3.66,161.65,2014-05-07 00:00:00.000,True
3292,2760,4,4,5,2014-04-28,2014-05-07,102.56,8.21,2.56,113.33,2014-05-07 00:00:00.000,True
3293,2761,4,4,5,2014-04-28,2014-05-07,150.79,12.06,3.77,166.62,2014-05-07 00:00:00.000,True
3294,2762,4,4,5,2014-04-28,2014-05-07,13669.43,1093.55,341.74,15104.71,2014-05-07 00:00:00.000,True
3295,2763,4,4,5,2014-04-28,2014-05-07,9948.33,795.87,248.71,10992.9,2014-05-07 00:00:00.000,True
3296,2764,4,4,2,2014-04-28,2014-05-07,28343.7,2267.5,708.59,31319.79,2014-05-07 00:00:00.000,True
3297,2765,4,4,1,2014-04-29,2014-05-08,551.88,44.15,13.8,609.83,2014-05-08 00:00:00.000,True
3298,2766,4,4,1,2014-04-29,2014-05-08,6987.75,559.02,174.69,7721.46,2014-05-08 00:00:00.000,True
3299,2767,4,4,2,2014-04-29,2014-05-08,28072.28,2245.78,701.81,31019.86,2014-05-08 00:00:00.000,True
3300,2768,4,4,1,2014-04-29,2014-05-08,37312.28,2984.98,932.81,41230.06,2014-05-08 00:00:00.000,True
3301,2769,4,4,1,2014-04-29,2014-05-08,7623.0,609.84,190.58,8423.42,2014-05-08 00:00:00.000,True
3302,2770,4,4,2,2014-04-29,2014-05-08,28297.5,2263.8,707.44,31268.74,2014-05-08 00:00:00.000,True
3303,2771,4,4,2,2014-04-29,2014-05-08,59.94,4.8,1.5,66.24,2014-05-08 00:00:00.000,True
3304,2772,4,4,4,2014-04-29,2014-05-08,234.64,18.77,5.87,259.28,2014-05-08 00:00:00.000,True
3305,2773,4,4,5,2014-04-29,2014-05-08,43878.45,3510.28,1096.96,48485.69,2014-05-08 00:00:00.000,True
3306,2774,6,4,4,2014-04-29,2014-05-08,247.24,19.78,6.18,273.2,2014-05-08 00:00:00.000,True
3307,2775,4,4,2,2014-04-29,2014-05-08,49376.25,3950.1,1234.41,54560.76,2014-05-08 00:00:00.000,True
3308,2776,4,4,5,2014-04-29,2014-05-08,142.41,11.39,3.56,157.36,2014-05-08 00:00:00.000,True
3309,2777,4,4,2,2014-04-29,2014-05-08,48030.68,3842.45,1200.77,53073.9,2014-05-08 00:00:00.000,True
3310,2778,4,4,5,2014-04-29,2014-05-08,39258.45,3140.68,981.46,43380.59,2014-05-08 00:00:00.000,True
3311,2779,4,4,1,2014-04-29,2014-05-08,1276.28,102.1,31.91,1410.28,2014-05-08 00:00:00.000,True
3312,2780,4,4,1,2014-04-29,2014-05-08,2003.93,160.31,50.1,2214.34,2014-05-08 00:00:00.000,True
3313,2781,4,4,4,2014-04-30,2014-05-09,22516.73,1801.34,562.92,24880.98,2014-05-09 00:00:00.000,True
3314,2782,4,4,1,2014-04-30,2014-05-09,454.86,36.39,11.37,502.62,2014-05-09 00:00:00.000,True
3315,2783,4,4,5,2014-04-30,2014-05-09,43878.45,3510.28,1096.96,48485.69,2014-05-09 00:00:00.000,True
3316,2784,4,4,2,2014-04-30,2014-05-09,7132.13,570.57,178.3,7881.0,2014-05-09 00:00:00.000,True
3317,2785,5,4,2,2014-04-30,2014-05-09,28343.7,2267.5,708.59,31319.79,2014-05-09 00:00:00.000,True
3318,2786,4,4,4,2014-04-30,2014-05-09,22516.73,1801.34,562.92,24880.98,2014-05-09 00:00:00.000,True
3319,2787,4,4,5,2014-04-30,2014-05-09,34644.23,2771.54,866.11,38281.87,2014-05-09 00:00:00.000,True
3320,2788,4,4,5,2014-04-30,2014-05-09,656.59,52.53,16.41,725.53,2014-05-09 00:00:00.000,True
3321,2789,4,4,5,2014-04-30,2014-05-09,143.04,11.44,3.58,158.06,2014-05-09 00:00:00.000,True
3322,2790,4,4,2,2014-04-30,2014-05-09,28199.33,2255.95,704.98,31160.25,2014-05-09 00:00:00.000,True
3323,2791,4,4,1,2014-04-30,2014-05-09,3713.33,297.07,92.83,4103.22,2014-05-09 00:00:00.000,True
3324,2792,4,4,5,2014-04-30,2014-05-09,43878.45,3510.28,1096.96,48485.69,2014-05-09 00:00:00.000,True
3325,2793,4,4,5,2014-04-30,2014-05-09,9799.65,783.97,244.99,10828.61,2014-05-09 00:00:00.000,True
3326,2794,4,4,5,2014-04-30,2014-05-09,5711.48,456.92,142.79,6311.18,2014-05-09 00:00:00.000,True
3327,2795,4,4,4,2014-04-30,2014-05-09,111.54,8.92,2.79,123.25,2014-05-09 00:00:00.000,True
3328,2796,4,4,2,2014-04-30,2014-05-09,97.97,7.84,2.45,108.25,2014-05-09 00:00:00.000,True
3329,2797,4,4,4,2014-05-01,2014-05-10,114.47,9.16,2.86,126.49,2014-05-10 00:00:00.000,True
3330,2798,4,4,4,2014-05-01,2014-05-10,132.65,10.61,3.32,146.57,2014-05-10 00:00:00.000,True
3331,2799,4,4,5,2014-05-01,2014-05-10,43878.45,3510.28,1096.96,48485.69,2014-05-10 00:00:00.000,True
3332,2800,4,4,1,2014-05-01,2014-05-10,418.95,33.52,10.47,462.94,2014-05-10 00:00:00.000,True
3333,2801,4,4,5,2014-05-01,2014-05-10,566.09,45.29,14.15,625.53,2014-05-10 00:00:00.000,True
3334,2802,4,4,1,2014-05-01,2014-05-10,461.79,36.94,11.54,510.28,2014-05-10 00:00:00.000,True
3335,2803,4,4,4,2014-05-01,2014-05-10,377.06,30.16,9.43,416.65,2014-05-10 00:00:00.000,True
3336,2804,4,3,2,2014-05-01,2014-05-10,37.08,2.97,0.93,40.97,2014-05-10 00:00:00.000,True
3337,2805,4,4,4,2014-05-01,2014-05-10,21558.08,1724.65,538.95,23821.67,2014-05-10 00:00:00.000,True
3338,2806,4,4,4,2014-05-01,2014-05-10,552.23,44.18,13.81,610.21,2014-05-10 00:00:00.000,True
3339,2807,4,4,5,2014-05-01,2014-05-10,86220.75,6897.66,2155.52,95273.93,2014-05-10 00:00:00.000,True
3340,2808,4,4,5,2014-05-01,2014-05-10,696.53,55.72,17.41,769.66,2014-05-10 00:00:00.000,True
3341,2809,4,4,4,2014-05-01,2014-05-10,663.45,53.08,16.59,733.12,2014-05-10 00:00:00.000,True
3342,2810,4,4,5,2014-05-01,2014-05-10,40471.2,3237.7,1011.78,44720.68,2014-05-10 00:00:00.000,True
3343,2811,4,4,4,2014-05-01,2014-05-10,259.84,20.79,6.5,287.13,2014-05-10 00:00:00.000,True
3344,2812,4,4,5,2014-05-01,2014-05-10,38421.08,3073.69,960.53,42455.29,2014-05-10 00:00:00.000,True
3345,2813,4,4,5,2014-05-02,2014-05-11,5948.25,475.86,148.71,6572.82,2014-05-11 00:00:00.000,True
3346,2814,4,4,5,2014-05-02,2014-05-11,91117.95,7289.44,2277.95,100685.33,2014-05-11 00:00:00.000,True
3347,2815,4,4,1,2014-05-02,2014-05-11,525.0,42.0,13.13,580.13,2014-05-11 00:00:00.000,True
3348,2816,4,4,5,2014-05-02,2014-05-11,2003.68,160.29,50.09,2214.07,2014-05-11 00:00:00.000,True
3349,2817,4,4,4,2014-05-02,2014-05-11,26455.28,2116.42,661.38,29233.08,2014-05-11 00:00:00.000,True
3350,2818,4,4,2,2014-05-02,2014-05-11,944.37,75.55,23.61,1043.53,2014-05-11 00:00:00.000,True
3351,2819,5,4,1,2014-05-02,2014-05-11,3401.48,272.12,85.04,3758.63,2014-05-11 00:00:00.000,True
3352,2820,4,4,3,2014-05-02,2014-05-11,62843.55,5027.48,1571.09,69442.12,2014-05-11 00:00:00.000,True
3353,2821,4,4,5,2014-05-02,2014-05-11,37843.58,3027.49,946.09,41817.15,2014-05-11 00:00:00.000,True
3354,2822,4,4,4,2014-05-02,2014-05-11,25531.28,2042.5,638.28,28212.06,2014-05-11 00:00:00.000,True
3355,2823,4,4,5,2014-05-02,2014-05-11,415.33,33.23,10.38,458.94,2014-05-11 00:00:00.000,True
3356,2824,4,4,4,2014-05-02,2014-05-11,125.75,10.06,3.14,138.95,2014-05-11 00:00:00.000,True
3357,2825,4,4,5,2014-05-02,2014-05-11,150.79,12.06,3.77,166.62,2014-05-11 00:00:00.000,True
3358,2826,4,4,4,2014-05-02,2014-05-11,484.41,38.75,12.11,535.27,2014-05-11 00:00:00.000,True
3359,2827,4,4,2,2014-05-02,2014-05-11,8847.3,707.78,221.18,9776.27,2014-05-11 00:00:00.000,True
3360,2828,4,4,5,2014-05-02,2014-05-11,171.08,13.69,4.28,189.04,2014-05-11 00:00:00.000,True
3361,2829,4,4,4,2014-05-03,2014-05-12,20397.3,1631.78,509.93,22539.02,2014-05-12 00:00:00.000,True
3362,2830,4,4,3,2014-05-03,2014-05-12,14628.08,1170.25,365.7,16164.02,2014-05-12 00:00:00.000,True
3363,2831,4,4,4,2014-05-03,2014-05-12,25334.93,2026.79,633.37,27995.09,2014-05-12 00:00:00.000,True
3364,2832,4,4,5,2014-05-03,2014-05-12,272.44,21.8,6.81,301.05,2014-05-12 00:00:00.000,True
3365,2833,4,4,5,2014-05-05,2014-05-14,415.33,33.23,10.38,458.94,2014-05-14 00:00:00.000,True
3366,2834,4,4,5,2014-05-05,2014-05-14,270.81,21.66,6.77,299.24,2014-05-14 00:00:00.000,True
3367,2835,4,4,4,2014-05-05,2014-05-14,1814.68,145.17,45.37,2005.23,2014-05-14 00:00:00.000,True
3368,2836,4,4,5,2014-05-05,2014-05-14,34644.23,2771.54,866.11,38281.87,2014-05-14 00:00:00.000,True
3369,2837,4,4,4,2014-05-05,2014-05-14,1839.51,147.16,45.99,2032.65,2014-05-14 00:00:00.000,True
3370,2838,4,4,5,2014-05-05,2014-05-14,146.29,11.7,3.66,161.65,2014-05-14 00:00:00.000,True
3371,2839,4,4,5,2014-05-05,2014-05-14,102.56,8.21,2.56,113.33,2014-05-14 00:00:00.000,True
3372,2840,4,4,5,2014-05-05,2014-05-14,150.79,12.06,3.77,166.62,2014-05-14 00:00:00.000,True
3373,2841,4,4,5,2014-05-05,2014-05-14,13669.43,1093.55,341.74,15104.71,2014-05-14 00:00:00.000,True
3374,2842,4,4,5,2014-05-05,2014-05-14,6444.9,515.59,161.12,7121.61,2014-05-14 00:00:00.000,True
3375,2843,4,4,4,2014-05-05,2014-05-14,50860.43,4068.83,1271.51,56200.77,2014-05-14 00:00:00.000,True
3376,2844,4,4,1,2014-05-05,2014-05-14,551.88,44.15,13.8,609.83,2014-05-14 00:00:00.000,True
3377,2845,5,4,1,2014-05-05,2014-05-14,6987.75,559.02,174.69,7721.46,2014-05-14 00:00:00.000,True
3378,2846,4,4,2,2014-05-05,2014-05-14,28072.28,2245.78,701.81,31019.86,2014-05-14 00:00:00.000,True
3379,2847,4,4,1,2014-05-05,2014-05-14,37312.28,2984.98,932.81,41230.06,2014-05-14 00:00:00.000,True
3380,2848,4,4,1,2014-05-05,2014-05-14,7623.0,609.84,190.58,8423.42,2014-05-14 00:00:00.000,True
3381,2849,4,4,2,2014-05-06,2014-05-15,28297.5,2263.8,707.44,31268.74,2014-05-15 00:00:00.000,True
3382,2850,4,4,2,2014-05-06,2014-05-15,59.94,4.8,1.5,66.24,2014-05-15 00:00:00.000,True
3383,2851,4,4,5,2014-05-06,2014-05-15,222.04,17.76,5.55,245.36,2014-05-15 00:00:00.000,True
3384,2852,4,4,5,2014-05-06,2014-05-15,43878.45,3510.28,1096.96,48485.69,2014-05-15 00:00:00.000,True
3385,2853,4,4,4,2014-05-08,2014-05-17,345.56,27.64,8.64,381.84,2014-05-17 00:00:00.000,True
3386,2854,4,4,2,2014-05-08,2014-05-17,15153.6,1212.29,378.84,16744.73,2014-05-17 00:00:00.000,True
3387,2855,4,4,5,2014-05-08,2014-05-17,142.41,11.39,3.56,157.36,2014-05-17 00:00:00.000,True
3388,2856,5,4,2,2014-05-08,2014-05-17,48030.68,3842.45,1200.77,53073.9,2014-05-17 00:00:00.000,True
3389,2857,4,4,4,2014-05-08,2014-05-17,823.41,65.87,20.59,909.87,2014-05-17 00:00:00.000,True
3390,2858,4,4,1,2014-05-08,2014-05-17,1276.28,102.1,31.91,1410.28,2014-05-17 00:00:00.000,True
3391,2859,4,4,1,2014-05-08,2014-05-17,2003.93,160.31,50.1,2214.34,2014-05-17 00:00:00.000,True
3392,2860,4,4,2,2014-05-08,2014-05-17,50860.43,4068.83,1271.51,56200.77,2014-05-17 00:00:00.000,True
3393,2861,4,4,1,2014-05-08,2014-05-17,454.86,36.39,11.37,502.62,2014-05-17 00:00:00.000,True
3394,2862,4,4,5,2014-05-08,2014-05-17,43878.45,3510.28,1096.96,48485.69,2014-05-17 00:00:00.000,True
3395,2863,4,4,2,2014-05-08,2014-05-17,7132.13,570.57,178.3,7881.0,2014-05-17 00:00:00.000,True
3396,2864,4,4,2,2014-05-08,2014-05-17,28343.7,2267.5,708.59,31319.79,2014-05-17 00:00:00.000,True
3397,2865,4,4,4,2014-05-08,2014-05-17,22516.73,1801.34,562.92,24880.98,2014-05-17 00:00:00.000,True
3398,2866,4,4,5,2014-05-08,2014-05-17,34644.23,2771.54,866.11,38281.87,2014-05-17 00:00:00.000,True
3399,2867,4,4,4,2014-05-08,2014-05-17,364.93,29.19,9.12,403.24,2014-05-17 00:00:00.000,True
3400,2868,4,4,5,2014-05-08,2014-05-17,143.04,11.44,3.58,158.06,2014-05-17 00:00:00.000,True
3401,2869,4,4,2,2014-05-09,2014-05-18,28199.33,2255.95,704.98,31160.25,2014-05-18 00:00:00.000,True
3402,2870,4,4,1,2014-05-09,2014-05-18,3713.33,297.07,92.83,4103.22,2014-05-18 00:00:00.000,True
3403,2871,4,4,4,2014-05-09,2014-05-18,19952.63,1596.21,498.82,22047.65,2014-05-18 00:00:00.000,True
3404,2872,4,4,5,2014-05-09,2014-05-18,6540.66,523.25,163.52,7227.43,2014-05-18 00:00:00.000,True
3405,2873,4,4,5,2014-05-09,2014-05-18,5711.48,456.92,142.79,6311.18,2014-05-18 00:00:00.000,True
3406,2874,4,4,5,2014-05-09,2014-05-18,279.78,22.38,6.99,309.16,2014-05-18 00:00:00.000,True
3407,2875,4,4,2,2014-05-09,2014-05-18,97.97,7.84,2.45,108.25,2014-05-18 00:00:00.000,True
3408,2876,4,4,4,2014-05-09,2014-05-18,114.47,9.16,2.86,126.49,2014-05-18 00:00:00.000,True
3409,2877,4,4,4,2014-05-09,2014-05-18,132.65,10.61,3.32,146.57,2014-05-18 00:00:00.000,True
3410,2878,4,4,5,2014-05-09,2014-05-18,43878.45,3510.28,1096.96,48485.69,2014-05-18 00:00:00.000,True
3411,2879,4,4,1,2014-05-09,2014-05-18,418.95,33.52,10.47,462.94,2014-05-18 00:00:00.000,True
3412,2880,4,4,4,2014-05-09,2014-05-18,404.15,32.33,10.1,446.58,2014-05-18 00:00:00.000,True
3413,2881,4,4,1,2014-05-09,2014-05-18,461.79,36.94,11.54,510.28,2014-05-18 00:00:00.000,True
3414,2882,4,4,4,2014-05-09,2014-05-18,247.24,19.78,6.18,273.2,2014-05-18 00:00:00.000,True
3415,2883,4,4,2,2014-05-09,2014-05-18,37.08,2.97,0.93,40.97,2014-05-18 00:00:00.000,True
3416,2884,4,4,4,2014-05-09,2014-05-18,21558.08,1724.65,538.95,23821.67,2014-05-18 00:00:00.000,True
3417,2885,4,4,5,2014-05-12,2014-05-21,533.55,42.68,13.34,589.57,2014-05-21 00:00:00.000,True
3418,2886,4,4,5,2014-05-12,2014-05-21,86220.75,6897.66,2155.52,95273.93,2014-05-21 00:00:00.000,True
3419,2887,4,4,5,2014-05-12,2014-05-21,776.79,62.14,19.42,858.35,2014-05-21 00:00:00.000,True
3420,2888,4,4,4,2014-05-12,2014-05-21,136.65,10.93,3.42,151.0,2014-05-21 00:00:00.000,True
3421,2889,4,4,5,2014-05-12,2014-05-21,40471.2,3237.7,1011.78,44720.68,2014-05-21 00:00:00.000,True
3422,2890,4,4,5,2014-05-12,2014-05-21,427.46,34.2,10.69,472.34,2014-05-21 00:00:00.000,True
3423,2891,4,4,4,2014-05-12,2014-05-21,23671.73,1893.74,591.79,26157.26,2014-05-21 00:00:00.000,True
3424,2892,4,4,5,2014-05-12,2014-05-21,5948.25,475.86,148.71,6572.82,2014-05-21 00:00:00.000,True
3425,2893,4,4,5,2014-05-12,2014-05-21,91117.95,7289.44,2277.95,100685.33,2014-05-21 00:00:00.000,True
3426,2894,4,4,1,2014-05-12,2014-05-21,525.0,42.0,13.13,580.13,2014-05-21 00:00:00.000,True
3427,2895,4,4,5,2014-05-12,2014-05-21,2003.68,160.29,50.09,2214.07,2014-05-21 00:00:00.000,True
3428,2896,4,4,4,2014-05-12,2014-05-21,26455.28,2116.42,661.38,29233.08,2014-05-21 00:00:00.000,True
3429,2897,4,4,2,2014-05-12,2014-05-21,944.37,75.55,23.61,1043.53,2014-05-21 00:00:00.000,True
3430,2898,4,4,4,2014-05-12,2014-05-21,51588.08,4127.05,1289.7,57004.82,2014-05-21 00:00:00.000,True
3431,2899,4,4,3,2014-05-12,2014-05-21,62843.55,5027.48,1571.09,69442.12,2014-05-21 00:00:00.000,True
3432,2900,4,4,5,2014-05-12,2014-05-21,37843.58,3027.49,946.09,41817.15,2014-05-21 00:00:00.000,True
3433,2901,6,4,4,2014-05-13,2014-05-22,25531.28,2042.5,638.28,28212.06,2014-05-22 00:00:00.000,True
3434,2902,4,4,5,2014-05-13,2014-05-22,272.76,21.82,6.82,301.4,2014-05-22 00:00:00.000,True
3435,2903,4,4,4,2014-05-13,2014-05-22,125.75,10.06,3.14,138.95,2014-05-22 00:00:00.000,True
3436,2904,4,3,5,2014-05-13,2014-05-22,150.79,12.06,3.77,166.62,2014-05-22 00:00:00.000,True
3437,2905,4,4,4,2014-05-13,2014-05-22,111.54,8.92,2.79,123.25,2014-05-22 00:00:00.000,True
3438,2906,4,4,2,2014-05-13,2014-05-22,8847.3,707.78,221.18,9776.27,2014-05-22 00:00:00.000,True
3439,2907,4,4,5,2014-05-13,2014-05-22,171.08,13.69,4.28,189.04,2014-05-22 00:00:00.000,True
3440,2908,4,4,4,2014-05-13,2014-05-22,20397.3,1631.78,509.93,22539.02,2014-05-22 00:00:00.000,True
3441,2909,4,4,3,2014-05-13,2014-05-22,14628.08,1170.25,365.7,16164.02,2014-05-22 00:00:00.000,True
3442,2910,4,4,3,2014-05-13,2014-05-22,58685.55,4694.84,1467.14,64847.53,2014-05-22 00:00:00.000,True
3443,2911,4,4,4,2014-05-13,2014-05-22,500.57,40.05,12.51,553.13,2014-05-22 00:00:00.000,True
3444,2912,4,4,5,2014-05-13,2014-05-22,272.76,21.82,6.82,301.4,2014-05-22 00:00:00.000,True
3445,2913,4,4,5,2014-05-13,2014-05-22,1525.23,122.02,38.13,1685.38,2014-05-22 00:00:00.000,True
3446,2914,4,4,4,2014-05-13,2014-05-22,260.16,20.81,6.5,287.48,2014-05-22 00:00:00.000,True
3447,2915,4,4,5,2014-05-13,2014-05-22,34644.23,2771.54,866.11,38281.87,2014-05-22 00:00:00.000,True
3448,2916,4,4,4,2014-05-13,2014-05-22,1839.51,147.16,45.99,2032.65,2014-05-22 00:00:00.000,True
3449,2917,4,4,5,2014-05-14,2014-05-23,146.29,11.7,3.66,161.65,2014-05-23 00:00:00.000,True
3450,2918,4,4,5,2014-05-14,2014-05-23,102.56,8.21,2.56,113.33,2014-05-23 00:00:00.000,True
3451,2919,4,4,5,2014-05-14,2014-05-23,150.79,12.06,3.77,166.62,2014-05-23 00:00:00.000,True
3452,2920,4,4,5,2014-05-14,2014-05-23,13669.43,1093.55,341.74,15104.71,2014-05-23 00:00:00.000,True
3453,2921,4,4,5,2014-05-14,2014-05-23,9948.33,795.87,248.71,10992.9,2014-05-23 00:00:00.000,True
3454,2922,4,4,4,2014-05-14,2014-05-23,34118.7,2729.5,852.97,37701.16,2014-05-23 00:00:00.000,True
3455,2923,4,4,1,2014-05-14,2014-05-23,551.88,44.15,13.8,609.83,2014-05-23 00:00:00.000,True
3456,2924,4,4,1,2014-05-14,2014-05-23,3811.5,304.92,95.29,4211.71,2014-05-23 00:00:00.000,True
3457,2925,4,4,2,2014-05-14,2014-05-23,28072.28,2245.78,701.81,31019.86,2014-05-23 00:00:00.000,True
3458,2926,4,4,1,2014-05-14,2014-05-23,37312.28,2984.98,932.81,41230.06,2014-05-23 00:00:00.000,True
3459,2927,4,4,1,2014-05-14,2014-05-23,7623.0,609.84,190.58,8423.42,2014-05-23 00:00:00.000,True
3460,2928,4,4,2,2014-05-14,2014-05-23,28297.5,2263.8,707.44,31268.74,2014-05-23 00:00:00.000,True
3461,2929,4,4,2,2014-05-14,2014-05-23,59.94,4.8,1.5,66.24,2014-05-23 00:00:00.000,True
3462,2930,4,4,4,2014-05-14,2014-05-23,370.76,29.66,9.27,409.68,2014-05-23 00:00:00.000,True
3463,2931,4,4,5,2014-05-14,2014-05-23,43878.45,3510.28,1096.96,48485.69,2014-05-23 00:00:00.000,True
3464,2932,4,4,4,2014-05-14,2014-05-23,272.13,21.77,6.8,300.7,2014-05-23 00:00:00.000,True
3465,2933,4,4,2,2014-05-15,2014-05-24,21252.0,1700.16,531.3,23483.46,2014-05-24 00:00:00.000,True
3466,2934,4,4,5,2014-05-15,2014-05-24,142.41,11.39,3.56,157.36,2014-05-24 00:00:00.000,True
3467,2935,4,4,2,2014-05-15,2014-05-24,48030.68,3842.45,1200.77,53073.9,2014-05-24 00:00:00.000,True
3468,2936,4,4,4,2014-05-15,2014-05-24,50983.94,4078.71,1274.6,56337.25,2014-05-24 00:00:00.000,True
3469,2937,4,4,1,2014-05-15,2014-05-24,1276.28,102.1,31.91,1410.28,2014-05-24 00:00:00.000,True
3470,2938,4,4,1,2014-05-15,2014-05-24,2003.93,160.31,50.1,2214.34,2014-05-24 00:00:00.000,True
3471,2939,4,4,2,2014-05-15,2014-05-24,50860.43,4068.83,1271.51,56200.77,2014-05-24 00:00:00.000,True
3472,2940,4,4,1,2014-05-15,2014-05-24,454.86,36.39,11.37,502.62,2014-05-24 00:00:00.000,True
3473,2941,4,4,5,2014-05-15,2014-05-24,43878.45,3510.28,1096.96,48485.69,2014-05-24 00:00:00.000,True
3474,2942,4,4,2,2014-05-15,2014-05-24,7132.13,570.57,178.3,7881.0,2014-05-24 00:00:00.000,True
3475,2943,7,4,2,2014-05-15,2014-05-24,28343.7,2267.5,708.59,31319.79,2014-05-24 00:00:00.000,True
3476,2944,4,4,4,2014-05-15,2014-05-24,22516.73,1801.34,562.92,24880.98,2014-05-24 00:00:00.000,True
3477,2945,4,4,5,2014-05-15,2014-05-24,34644.23,2771.54,866.11,38281.87,2014-05-24 00:00:00.000,True
3478,2946,4,4,5,2014-05-15,2014-05-24,564.2,45.14,14.1,623.44,2014-05-24 00:00:00.000,True
3479,2947,4,4,5,2014-05-15,2014-05-24,143.04,11.44,3.58,158.06,2014-05-24 00:00:00.000,True
3480,2948,4,4,2,2014-05-15,2014-05-24,28199.33,2255.95,704.98,31160.25,2014-05-24 00:00:00.000,True
3481,2949,4,4,1,2014-05-16,2014-05-25,3713.33,297.07,92.83,4103.22,2014-05-25 00:00:00.000,True
3482,2950,4,4,5,2014-05-16,2014-05-25,63831.08,5106.49,1595.78,70533.34,2014-05-25 00:00:00.000,True
3483,2951,4,4,5,2014-05-16,2014-05-25,9799.65,783.97,244.99,10828.61,2014-05-25 00:00:00.000,True
3484,2952,4,4,5,2014-05-16,2014-05-25,5711.48,456.92,142.79,6311.18,2014-05-25 00:00:00.000,True
3485,2953,4,4,5,2014-05-16,2014-05-25,416.75,33.34,10.42,460.5,2014-05-25 00:00:00.000,True
3486,2954,4,4,2,2014-05-16,2014-05-25,97.97,7.84,2.45,108.25,2014-05-25 00:00:00.000,True
3487,2955,6,4,4,2014-05-16,2014-05-25,114.47,9.16,2.86,126.49,2014-05-25 00:00:00.000,True
3488,2956,4,4,4,2014-05-16,2014-05-25,132.65,10.61,3.32,146.57,2014-05-25 00:00:00.000,True
3489,2957,4,4,5,2014-05-16,2014-05-25,43878.45,3510.28,1096.96,48485.69,2014-05-25 00:00:00.000,True
3490,2958,4,4,1,2014-05-16,2014-05-25,418.95,33.52,10.47,462.94,2014-05-25 00:00:00.000,True
3491,2959,4,4,4,2014-05-16,2014-05-25,633.75,50.7,15.84,700.29,2014-05-25 00:00:00.000,True
3492,2960,4,4,1,2014-05-16,2014-05-25,461.79,36.94,11.54,510.28,2014-05-25 00:00:00.000,True
3493,2961,4,4,4,2014-05-16,2014-05-25,475.21,38.02,11.88,525.11,2014-05-25 00:00:00.000,True
3494,2962,4,4,2,2014-05-16,2014-05-25,37.08,2.97,0.93,40.97,2014-05-25 00:00:00.000,True
3495,2963,5,4,4,2014-05-16,2014-05-25,21558.08,1724.65,538.95,23821.67,2014-05-25 00:00:00.000,True
3496,2964,4,4,4,2014-05-16,2014-05-25,259.84,20.79,6.5,287.13,2014-05-25 00:00:00.000,True
3497,2965,4,4,5,2014-05-19,2014-05-28,86220.75,6897.66,2155.52,95273.93,2014-05-28 00:00:00.000,True
3498,2966,4,4,4,2014-05-19,2014-05-28,484.41,38.75,12.11,535.27,2014-05-28 00:00:00.000,True
3499,2967,4,4,5,2014-05-19,2014-05-28,837.9,67.03,20.95,925.88,2014-05-28 00:00:00.000,True
3500,2968,4,4,5,2014-05-19,2014-05-28,40471.2,3237.7,1011.78,44720.68,2014-05-28 00:00:00.000,True
3501,2969,4,4,4,2014-05-19,2014-05-28,661.88,52.95,16.55,731.38,2014-05-28 00:00:00.000,True
3502,2970,4,4,5,2014-05-19,2014-05-28,62092.8,4967.42,1552.32,68612.54,2014-05-28 00:00:00.000,True
3503,2971,4,4,5,2014-05-19,2014-05-28,5948.25,475.86,148.71,6572.82,2014-05-28 00:00:00.000,True
3504,2972,4,4,5,2014-05-19,2014-05-28,91117.95,7289.44,2277.95,100685.33,2014-05-28 00:00:00.000,True
3505,2973,4,4,1,2014-05-19,2014-05-28,525.0,42.0,13.13,580.13,2014-05-28 00:00:00.000,True
3506,2974,4,4,5,2014-05-19,2014-05-28,281.89,22.55,7.05,311.49,2014-05-28 00:00:00.000,True
3507,2975,4,4,4,2014-05-19,2014-05-28,26455.28,2116.42,661.38,29233.08,2014-05-28 00:00:00.000,True
3508,2976,4,4,2,2014-05-19,2014-05-28,944.37,75.55,23.61,1043.53,2014-05-28 00:00:00.000,True
3509,2977,4,4,4,2014-05-19,2014-05-28,51588.08,4127.05,1289.7,57004.82,2014-05-28 00:00:00.000,True
3510,2978,4,4,3,2014-05-19,2014-05-28,62843.55,5027.48,1571.09,69442.12,2014-05-28 00:00:00.000,True
3511,2979,4,4,5,2014-05-19,2014-05-28,37843.58,3027.49,946.09,41817.15,2014-05-28 00:00:00.000,True
3512,2980,4,4,4,2014-05-19,2014-05-28,25531.28,2042.5,638.28,28212.06,2014-05-28 00:00:00.000,True
3513,2981,4,4,4,2014-05-20,2014-05-29,501.2,40.1,12.53,553.82,2014-05-29 00:00:00.000,True
3514,2982,4,4,4,2014-05-20,2014-05-29,125.75,10.06,3.14,138.95,2014-05-29 00:00:00.000,True
3515,2983,4,4,5,2014-05-20,2014-05-29,150.79,12.06,3.77,166.62,2014-05-29 00:00:00.000,True
3516,2984,4,4,5,2014-05-20,2014-05-29,279.78,22.38,6.99,309.16,2014-05-29 00:00:00.000,True
3517,2985,4,4,2,2014-05-20,2014-05-29,8847.3,707.78,221.18,9776.27,2014-05-29 00:00:00.000,True
3518,2986,4,4,5,2014-05-20,2014-05-29,171.08,13.69,4.28,189.04,2014-05-29 00:00:00.000,True
3519,2987,4,4,4,2014-05-20,2014-05-29,20397.3,1631.78,509.93,22539.02,2014-05-29 00:00:00.000,True
3520,2988,4,4,3,2014-05-20,2014-05-29,14628.08,1170.25,365.7,16164.02,2014-05-29 00:00:00.000,True
3521,2989,4,4,3,2014-05-20,2014-05-29,58685.55,4694.84,1467.14,64847.53,2014-05-29 00:00:00.000,True
3522,2990,4,4,4,2014-05-20,2014-05-29,358.16,28.65,8.95,395.76,2014-05-29 00:00:00.000,True
3523,2991,5,4,4,2014-05-20,2014-05-29,501.2,40.1,12.53,553.82,2014-05-29 00:00:00.000,True
3524,2992,4,4,5,2014-05-20,2014-05-29,270.81,21.66,6.77,299.24,2014-05-29 00:00:00.000,True
3525,2993,4,4,4,2014-05-20,2014-05-29,371.23,29.7,9.28,410.21,2014-05-29 00:00:00.000,True
3526,2994,4,4,5,2014-05-20,2014-05-29,34644.23,2771.54,866.11,38281.87,2014-05-29 00:00:00.000,True
3527,2995,4,4,4,2014-05-20,2014-05-29,1839.51,147.16,45.99,2032.65,2014-05-29 00:00:00.000,True
3528,2996,4,4,5,2014-05-20,2014-05-29,146.29,11.7,3.66,161.65,2014-05-29 00:00:00.000,True
3529,2997,4,4,5,2014-05-21,2014-05-30,102.56,8.21,2.56,113.33,2014-05-30 00:00:00.000,True
3530,2998,4,4,5,2014-05-21,2014-05-30,150.79,12.06,3.77,166.62,2014-05-30 00:00:00.000,True
3531,2999,4,4,5,2014-05-21,2014-05-30,13669.43,1093.55,341.74,15104.71,2014-05-30 00:00:00.000,True
3532,3000,4,4,5,2014-05-21,2014-05-30,9637.11,770.97,240.93,10649.01,2014-05-30 00:00:00.000,True
3533,3001,4,4,5,2014-05-21,2014-05-30,39258.45,3140.68,981.46,43380.59,2014-05-30 00:00:00.000,True
3534,3002,4,4,1,2014-05-21,2014-05-30,551.88,44.15,13.8,609.83,2014-05-30 00:00:00.000,True
3535,3003,4,4,1,2014-05-21,2014-05-30,3176.25,254.1,79.41,3509.76,2014-05-30 00:00:00.000,True
3536,3004,4,3,2,2014-05-21,2014-05-30,28072.28,2245.78,701.81,31019.86,2014-05-30 00:00:00.000,True
3537,3005,4,4,1,2014-05-21,2014-05-30,37312.28,2984.98,932.81,41230.06,2014-05-30 00:00:00.000,True
3538,3006,4,4,1,2014-05-21,2014-05-30,7623.0,609.84,190.58,8423.42,2014-05-30 00:00:00.000,True
3539,3007,4,4,2,2014-05-21,2014-05-30,28297.5,2263.8,707.44,31268.74,2014-05-30 00:00:00.000,True
3540,3008,4,4,2,2014-05-21,2014-05-30,59.94,4.8,1.5,66.24,2014-05-30 00:00:00.000,True
3541,3009,4,4,4,2014-05-21,2014-05-30,567.38,45.39,14.18,626.95,2014-05-30 00:00:00.000,True
3542,3010,4,4,5,2014-05-21,2014-05-30,43878.45,3510.28,1096.96,48485.69,2014-05-30 00:00:00.000,True
3543,3011,4,4,4,2014-05-21,2014-05-30,525.77,42.06,13.14,580.97,2014-05-30 00:00:00.000,True
3544,3012,4,4,2,2014-05-21,2014-05-30,10914.75,873.18,272.87,12060.8,2014-05-30 00:00:00.000,True
3545,3013,4,4,5,2014-05-22,2014-05-31,142.41,11.39,3.56,157.36,2014-05-31 00:00:00.000,True
3546,3014,4,4,2,2014-05-22,2014-05-31,28794.15,2303.53,719.85,31817.54,2014-05-31 00:00:00.000,True
3547,3015,4,4,4,2014-05-22,2014-05-31,51807.35,4144.59,1295.18,57247.12,2014-05-31 00:00:00.000,True
3548,3016,4,4,1,2014-05-22,2014-05-31,1276.28,102.1,31.91,1410.28,2014-05-31 00:00:00.000,True
3549,3017,4,4,1,2014-05-22,2014-05-31,2003.93,160.31,50.1,2214.34,2014-05-31 00:00:00.000,True
3550,3018,4,4,2,2014-05-22,2014-05-31,50860.43,4068.83,1271.51,56200.77,2014-05-31 00:00:00.000,True
3551,3019,4,4,1,2014-05-22,2014-05-31,454.86,36.39,11.37,502.62,2014-05-31 00:00:00.000,True
3552,3020,4,4,5,2014-05-22,2014-05-31,43878.45,3510.28,1096.96,48485.69,2014-05-31 00:00:00.000,True
3553,3021,4,4,2,2014-05-22,2014-05-31,7132.13,570.57,178.3,7881.0,2014-05-31 00:00:00.000,True
3554,3022,4,4,2,2014-05-22,2014-05-31,28343.7,2267.5,708.59,31319.79,2014-05-31 00:00:00.000,True
3555,3023,4,4,4,2014-05-22,2014-05-31,22516.73,1801.34,562.92,24880.98,2014-05-31 00:00:00.000,True
3556,3024,4,4,5,2014-05-22,2014-05-31,34644.23,2771.54,866.11,38281.87,2014-05-31 00:00:00.000,True
3557,3025,4,4,4,2014-05-22,2014-05-31,1151.48,92.12,28.79,1272.39,2014-05-31 00:00:00.000,True
3558,3026,4,4,5,2014-05-22,2014-05-31,143.04,11.44,3.58,158.06,2014-05-31 00:00:00.000,True
3559,3027,4,4,2,2014-05-22,2014-05-31,28199.33,2255.95,704.98,31160.25,2014-05-31 00:00:00.000,True
3560,3028,4,4,1,2014-05-22,2014-05-31,3713.33,297.07,92.83,4103.22,2014-05-31 00:00:00.000,True
3561,3029,4,4,5,2014-05-23,2014-06-01,63831.08,5106.49,1595.78,70533.34,2014-06-01 00:00:00.000,True
3562,3030,6,4,5,2014-05-23,2014-06-01,9585.45,766.84,239.64,10591.92,2014-06-01 00:00:00.000,True
3563,3031,5,4,5,2014-05-23,2014-06-01,5711.48,456.92,142.79,6311.18,2014-06-01 00:00:00.000,True
3564,3032,4,4,5,2014-05-23,2014-06-01,273.7,21.9,6.84,302.44,2014-06-01 00:00:00.000,True
3565,3033,4,4,2,2014-05-23,2014-06-01,97.97,7.84,2.45,108.25,2014-06-01 00:00:00.000,True
3566,3034,4,4,4,2014-05-23,2014-06-01,114.47,9.16,2.86,126.49,2014-06-01 00:00:00.000,True
3567,3035,4,4,4,2014-05-23,2014-06-01,132.65,10.61,3.32,146.57,2014-06-01 00:00:00.000,True
3568,3036,4,4,5,2014-05-23,2014-06-01,43878.45,3510.28,1096.96,48485.69,2014-06-01 00:00:00.000,True
3569,3037,4,4,1,2014-05-23,2014-06-01,418.95,33.52,10.47,462.94,2014-06-01 00:00:00.000,True
3570,3038,4,4,4,2014-05-23,2014-06-01,607.86,48.63,15.2,671.68,2014-06-01 00:00:00.000,True
3571,3039,4,4,1,2014-05-23,2014-06-01,461.79,36.94,11.54,510.28,2014-06-01 00:00:00.000,True
3572,3040,4,4,5,2014-05-23,2014-06-01,414.92,33.19,10.37,458.48,2014-06-01 00:00:00.000,True
3573,3041,4,4,2,2014-05-23,2014-06-01,37.08,2.97,0.93,40.97,2014-06-01 00:00:00.000,True
3574,3042,4,4,4,2014-05-23,2014-06-01,21558.08,1724.65,538.95,23821.67,2014-06-01 00:00:00.000,True
3575,3043,4,4,4,2014-05-23,2014-06-01,364.46,29.16,9.11,402.72,2014-06-01 00:00:00.000,True
3576,3044,4,4,5,2014-05-23,2014-06-01,41048.7,3283.9,1026.22,45358.81,2014-06-01 00:00:00.000,True
3577,3045,4,4,4,2014-05-24,2014-06-02,111.54,8.92,2.79,123.25,2014-06-02 00:00:00.000,True
3578,3046,4,4,4,2014-05-24,2014-06-02,390.6,31.25,9.77,431.61,2014-06-02 00:00:00.000,True
3579,3047,4,4,5,2014-05-24,2014-06-02,40471.2,3237.7,1011.78,44720.68,2014-06-02 00:00:00.000,True
3580,3048,4,4,4,2014-05-24,2014-06-02,136.33,10.91,3.41,150.65,2014-06-02 00:00:00.000,True
3581,3049,4,4,5,2014-05-24,2014-06-02,62092.8,4967.42,1552.32,68612.54,2014-06-02 00:00:00.000,True
3582,3050,4,4,5,2014-05-24,2014-06-02,5948.25,475.86,148.71,6572.82,2014-06-02 00:00:00.000,True
3583,3051,4,4,5,2014-05-24,2014-06-02,91117.95,7289.44,2277.95,100685.33,2014-06-02 00:00:00.000,True
3584,3052,4,4,1,2014-05-24,2014-06-02,525.0,42.0,13.13,580.13,2014-06-02 00:00:00.000,True
3585,3053,4,4,3,2014-05-24,2014-06-02,1721.79,137.74,43.04,1902.58,2014-06-02 00:00:00.000,True
3586,3054,4,4,4,2014-05-24,2014-06-02,26455.28,2116.42,661.38,29233.08,2014-06-02 00:00:00.000,True
3587,3055,4,4,2,2014-05-24,2014-06-02,944.37,75.55,23.61,1043.53,2014-06-02 00:00:00.000,True
3588,3056,4,4,4,2014-05-24,2014-06-02,51588.08,4127.05,1289.7,57004.82,2014-06-02 00:00:00.000,True
3589,3057,4,4,3,2014-05-24,2014-06-02,62843.55,5027.48,1571.09,69442.12,2014-06-02 00:00:00.000,True
3590,3058,4,4,5,2014-05-24,2014-06-02,37843.58,3027.49,946.09,41817.15,2014-06-02 00:00:00.000,True
3591,3059,4,4,4,2014-05-24,2014-06-02,25531.28,2042.5,638.28,28212.06,2014-06-02 00:00:00.000,True
3592,3060,4,4,4,2014-05-24,2014-06-02,358.63,28.69,8.97,396.28,2014-06-02 00:00:00.000,True
3593,3061,4,4,4,2014-05-26,2014-06-04,125.75,10.06,3.14,138.95,2014-06-04 00:00:00.000,True
3594,3062,4,4,5,2014-05-26,2014-06-04,150.79,12.06,3.77,166.62,2014-06-04 00:00:00.000,True
3595,3063,4,4,5,2014-05-26,2014-06-04,416.75,33.34,10.42,460.5,2014-06-04 00:00:00.000,True
3596,3064,4,4,2,2014-05-26,2014-06-04,8847.3,707.78,221.18,9776.27,2014-06-04 00:00:00.000,True
3597,3065,4,4,5,2014-05-26,2014-06-04,171.08,13.69,4.28,189.04,2014-06-04 00:00:00.000,True
3598,3066,4,4,4,2014-05-26,2014-06-04,20397.3,1631.78,509.93,22539.02,2014-06-04 00:00:00.000,True
3599,3067,4,4,3,2014-05-26,2014-06-04,14628.08,1170.25,365.7,16164.02,2014-06-04 00:00:00.000,True
3600,3068,4,4,3,2014-05-26,2014-06-04,58685.55,4694.84,1467.14,64847.53,2014-06-04 00:00:00.000,True
3601,3069,4,4,4,2014-05-26,2014-06-04,599.41,47.95,14.99,662.35,2014-06-04 00:00:00.000,True
3602,3070,4,4,4,2014-05-26,2014-06-04,358.63,28.69,8.97,396.28,2014-06-04 00:00:00.000,True
3603,3071,4,4,5,2014-05-26,2014-06-04,1525.23,122.02,38.13,1685.38,2014-06-04 00:00:00.000,True
3604,3072,4,4,4,2014-05-26,2014-06-04,228.44,18.28,5.71,252.42,2014-06-04 00:00:00.000,True
3605,3073,4,4,5,2014-05-26,2014-06-04,34644.23,2771.54,866.11,38281.87,2014-06-04 00:00:00.000,True
3606,3074,4,4,4,2014-05-26,2014-06-04,257.58,20.61,6.44,284.62,2014-06-04 00:00:00.000,True
3607,3075,4,4,5,2014-05-26,2014-06-04,146.29,11.7,3.66,161.65,2014-06-04 00:00:00.000,True
3608,3076,4,4,5,2014-05-26,2014-06-04,102.56,8.21,2.56,113.33,2014-06-04 00:00:00.000,True
3609,3077,4,4,5,2014-05-27,2014-06-05,150.79,12.06,3.77,166.62,2014-06-05 00:00:00.000,True
3610,3078,4,4,5,2014-05-27,2014-06-05,13669.43,1093.55,341.74,15104.71,2014-06-05 00:00:00.000,True
3611,3079,4,4,5,2014-05-27,2014-06-05,6756.12,540.49,168.9,7465.51,2014-06-05 00:00:00.000,True
3612,3080,4,4,2,2014-05-27,2014-06-05,50860.43,4068.83,1271.51,56200.77,2014-06-05 00:00:00.000,True
3613,3081,4,4,1,2014-05-27,2014-06-05,551.88,44.15,13.8,609.83,2014-06-05 00:00:00.000,True
3614,3082,4,4,1,2014-05-27,2014-06-05,3811.5,304.92,95.29,4211.71,2014-06-05 00:00:00.000,True
3615,3083,4,4,2,2014-05-27,2014-06-05,28072.28,2245.78,701.81,31019.86,2014-06-05 00:00:00.000,True
3616,3084,4,4,1,2014-05-27,2014-06-05,35394.98,2831.6,884.87,39111.45,2014-06-05 00:00:00.000,True
3617,3085,4,4,1,2014-05-27,2014-06-05,7623.0,609.84,190.58,8423.42,2014-06-05 00:00:00.000,True
3618,3086,4,4,2,2014-05-27,2014-06-05,28297.5,2263.8,707.44,31268.74,2014-06-05 00:00:00.000,True
3619,3087,4,4,2,2014-05-27,2014-06-05,59.94,4.8,1.5,66.24,2014-06-05 00:00:00.000,True
3620,3088,5,4,4,2014-05-27,2014-06-05,117.43,9.39,2.94,129.76,2014-06-05 00:00:00.000,True
3621,3089,5,4,5,2014-05-27,2014-06-05,43878.45,3510.28,1096.96,48485.69,2014-06-05 00:00:00.000,True
3622,3090,4,4,4,2014-05-27,2014-06-05,377.06,30.16,9.43,416.65,2014-06-05 00:00:00.000,True
3623,3091,4,4,1,2014-05-27,2014-06-05,18220.13,1457.61,455.5,20133.24,2014-06-05 00:00:00.000,True
3624,3092,4,4,5,2014-05-27,2014-06-05,142.41,11.39,3.56,157.36,2014-06-05 00:00:00.000,True
3625,3093,4,4,5,2014-05-28,2014-06-06,19236.53,1538.92,480.91,21256.36,2014-06-06 00:00:00.000,True
3626,3094,4,4,4,2014-05-28,2014-06-06,285.04,22.8,7.13,314.97,2014-06-06 00:00:00.000,True
3627,3095,4,4,1,2014-05-28,2014-06-06,1276.28,102.1,31.91,1410.28,2014-06-06 00:00:00.000,True
3628,3096,4,4,1,2014-05-28,2014-06-06,2003.93,160.31,50.1,2214.34,2014-06-06 00:00:00.000,True
3629,3097,4,4,2,2014-05-28,2014-06-06,50860.43,4068.83,1271.51,56200.77,2014-06-06 00:00:00.000,True
3630,3098,4,4,1,2014-05-28,2014-06-06,454.86,36.39,11.37,502.62,2014-06-06 00:00:00.000,True
3631,3099,4,4,5,2014-05-28,2014-06-06,43878.45,3510.28,1096.96,48485.69,2014-06-06 00:00:00.000,True
3632,3100,4,4,2,2014-05-28,2014-06-06,7132.13,570.57,178.3,7881.0,2014-06-06 00:00:00.000,True
3633,3101,4,4,2,2014-05-28,2014-06-06,28343.7,2267.5,708.59,31319.79,2014-06-06 00:00:00.000,True
3634,3102,4,4,4,2014-05-28,2014-06-06,22516.73,1801.34,562.92,24880.98,2014-06-06 00:00:00.000,True
3635,3103,4,4,5,2014-05-28,2014-06-06,34644.23,2771.54,866.11,38281.87,2014-06-06 00:00:00.000,True
3636,3104,4,3,5,2014-05-28,2014-06-06,278.84,22.31,6.97,308.12,2014-06-06 00:00:00.000,True
3637,3105,4,4,5,2014-05-28,2014-06-06,143.04,11.44,3.58,158.06,2014-06-06 00:00:00.000,True
3638,3106,4,4,2,2014-05-28,2014-06-06,28199.33,2255.95,704.98,31160.25,2014-06-06 00:00:00.000,True
3639,3107,4,4,1,2014-05-28,2014-06-06,3713.33,297.07,92.83,4103.22,2014-06-06 00:00:00.000,True
3640,3108,4,4,5,2014-05-28,2014-06-06,63831.08,5106.49,1595.78,70533.34,2014-06-06 00:00:00.000,True
3641,3109,4,4,5,2014-05-29,2014-06-07,6754.86,540.39,168.87,7464.12,2014-06-07 00:00:00.000,True
3642,3110,4,4,5,2014-05-29,2014-06-07,5711.48,456.92,142.79,6311.18,2014-06-07 00:00:00.000,True
3643,3111,4,4,4,2014-05-29,2014-06-07,503.09,40.25,12.58,555.91,2014-06-07 00:00:00.000,True
3644,3112,4,4,2,2014-05-29,2014-06-07,97.97,7.84,2.45,108.25,2014-06-07 00:00:00.000,True
3645,3113,4,4,4,2014-05-29,2014-06-07,114.47,9.16,2.86,126.49,2014-06-07 00:00:00.000,True
3646,3114,4,4,4,2014-05-29,2014-06-07,132.65,10.61,3.32,146.57,2014-06-07 00:00:00.000,True
3647,3115,4,4,5,2014-05-29,2014-06-07,43878.45,3510.28,1096.96,48485.69,2014-06-07 00:00:00.000,True
3648,3116,4,4,1,2014-05-29,2014-06-07,418.95,33.52,10.47,462.94,2014-06-07 00:00:00.000,True
3649,3117,4,4,4,2014-05-29,2014-06-07,824.36,65.95,20.61,910.91,2014-06-07 00:00:00.000,True
3650,3118,4,4,1,2014-05-29,2014-06-07,461.79,36.94,11.54,510.28,2014-06-07 00:00:00.000,True
3651,3119,4,4,4,2014-05-29,2014-06-07,630.38,50.43,15.76,696.57,2014-06-07 00:00:00.000,True
3652,3120,4,4,2,2014-05-29,2014-06-07,37.08,2.97,0.93,40.97,2014-06-07 00:00:00.000,True
3653,3121,4,4,4,2014-05-29,2014-06-07,21558.08,1724.65,538.95,23821.67,2014-06-07 00:00:00.000,True
3654,3122,4,4,4,2014-05-29,2014-06-07,234.64,18.77,5.87,259.28,2014-06-07 00:00:00.000,True
3655,3123,4,4,4,2014-05-29,2014-06-07,45172.05,3613.76,1129.3,49915.12,2014-06-07 00:00:00.000,True
3656,3124,4,4,5,2014-05-29,2014-06-07,279.78,22.38,6.99,309.16,2014-06-07 00:00:00.000,True
3657,3125,4,4,5,2014-05-30,2014-06-08,1228.5,98.28,30.71,1357.49,2014-06-08 00:00:00.000,True
3658,3126,4,4,5,2014-05-30,2014-06-08,40471.2,3237.7,1011.78,44720.68,2014-06-08 00:00:00.000,True
3659,3127,4,4,5,2014-05-30,2014-06-08,836.01,66.88,20.9,923.79,2014-06-08 00:00:00.000,True
3660,3128,4,4,5,2014-05-30,2014-06-08,62092.8,4967.42,1552.32,68612.54,2014-06-08 00:00:00.000,True
3661,3129,4,4,5,2014-05-30,2014-06-08,5948.25,475.86,148.71,6572.82,2014-06-08 00:00:00.000,True
3662,3130,4,4,5,2014-05-30,2014-06-08,91117.95,7289.44,2277.95,100685.33,2014-06-08 00:00:00.000,True
3663,3131,4,4,1,2014-05-30,2014-06-08,525.0,42.0,13.13,580.13,2014-06-08 00:00:00.000,True
3664,3132,4,4,5,2014-05-30,2014-06-08,281.89,22.55,7.05,311.49,2014-06-08 00:00:00.000,True
3665,3133,4,4,4,2014-05-30,2014-06-08,26455.28,2116.42,661.38,29233.08,2014-06-08 00:00:00.000,True
3666,3134,4,4,2,2014-05-30,2014-06-08,944.37,75.55,23.61,1043.53,2014-06-08 00:00:00.000,True
3667,3135,4,4,4,2014-05-30,2014-06-08,51588.08,4127.05,1289.7,57004.82,2014-06-08 00:00:00.000,True
3668,3136,4,4,3,2014-05-30,2014-06-08,62843.55,5027.48,1571.09,69442.12,2014-06-08 00:00:00.000,True
3669,3137,4,4,5,2014-05-30,2014-06-08,37843.58,3027.49,946.09,41817.15,2014-06-08 00:00:00.000,True
3670,3138,4,4,4,2014-05-30,2014-06-08,25531.28,2042.5,638.28,28212.06,2014-06-08 00:00:00.000,True
3671,3139,4,4,4,2014-05-30,2014-06-08,234.96,18.8,5.87,259.63,2014-06-08 00:00:00.000,True
3672,3140,4,4,4,2014-05-30,2014-06-08,125.75,10.06,3.14,138.95,2014-06-08 00:00:00.000,True
3673,3141,4,4,5,2014-05-31,2014-06-09,150.79,12.06,3.77,166.62,2014-06-09 00:00:00.000,True
3674,3142,4,4,5,2014-05-31,2014-06-09,273.7,21.9,6.84,302.44,2014-06-09 00:00:00.000,True
3675,3143,4,4,2,2014-05-31,2014-06-09,8847.3,707.78,221.18,9776.27,2014-06-09 00:00:00.000,True
3676,3144,4,4,5,2014-05-31,2014-06-09,171.08,13.69,4.28,189.04,2014-06-09 00:00:00.000,True
3677,3145,4,4,4,2014-06-02,2014-06-11,20397.3,1631.78,509.93,22539.02,2014-06-11 00:00:00.000,True
3678,3146,4,4,3,2014-06-02,2014-06-11,14628.08,1170.25,365.7,16164.02,2014-06-11 00:00:00.000,True
3679,3147,4,4,3,2014-06-02,2014-06-11,58685.55,4694.84,1467.14,64847.53,2014-06-11 00:00:00.000,True
3680,3148,4,4,5,2014-06-02,2014-06-11,693.38,55.47,17.33,766.18,2014-06-11 00:00:00.000,True
3681,3149,4,4,4,2014-06-02,2014-06-11,234.96,18.8,5.87,259.63,2014-06-11 00:00:00.000,True
3682,3150,4,4,5,2014-06-02,2014-06-11,1796.04,143.68,44.9,1984.62,2014-06-11 00:00:00.000,True
3683,3151,4,4,4,2014-06-02,2014-06-11,514.74,41.18,12.87,568.79,2014-06-11 00:00:00.000,True
3684,3152,4,4,5,2014-06-02,2014-06-11,34644.23,2771.54,866.11,38281.87,2014-06-11 00:00:00.000,True
3685,3153,4,4,3,2014-06-02,2014-06-11,1581.93,126.55,39.55,1748.03,2014-06-11 00:00:00.000,True
3686,3154,4,4,5,2014-06-02,2014-06-11,146.29,11.7,3.66,161.65,2014-06-11 00:00:00.000,True
3687,3155,4,4,5,2014-06-02,2014-06-11,102.56,8.21,2.56,113.33,2014-06-11 00:00:00.000,True
3688,3156,4,4,5,2014-06-02,2014-06-11,150.79,12.06,3.77,166.62,2014-06-11 00:00:00.000,True
3689,3157,4,4,5,2014-06-02,2014-06-11,13669.43,1093.55,341.74,15104.71,2014-06-11 00:00:00.000,True
3690,3158,4,4,5,2014-06-02,2014-06-11,16393.23,1311.46,409.83,18114.52,2014-06-11 00:00:00.000,True
3691,3159,6,4,2,2014-06-02,2014-06-11,79204.13,6336.33,1980.1,87520.56,2014-06-11 00:00:00.000,True
3692,3160,4,4,1,2014-06-02,2014-06-11,551.88,44.15,13.8,609.83,2014-06-11 00:00:00.000,True
3693,3161,4,4,1,2014-06-03,2014-06-12,3176.25,254.1,79.41,3509.76,2014-06-12 00:00:00.000,True
3694,3162,4,4,2,2014-06-03,2014-06-12,28072.28,2245.78,701.81,31019.86,2014-06-12 00:00:00.000,True
3695,3163,4,4,1,2014-06-03,2014-06-12,1917.3,153.38,47.93,2118.62,2014-06-12 00:00:00.000,True
3696,3164,4,4,1,2014-06-03,2014-06-12,4215.75,337.26,105.39,4658.4,2014-06-12 00:00:00.000,True
3697,3165,4,4,2,2014-06-03,2014-06-12,28297.5,2263.8,707.44,31268.74,2014-06-12 00:00:00.000,True
3698,3166,4,4,2,2014-06-03,2014-06-12,59.94,4.8,1.5,66.24,2014-06-12 00:00:00.000,True
3699,3167,4,4,4,2014-06-03,2014-06-12,722.61,57.81,18.07,798.48,2014-06-12 00:00:00.000,True
3700,3168,4,4,5,2014-06-03,2014-06-12,43878.45,3510.28,1096.96,48485.69,2014-06-12 00:00:00.000,True
3701,3169,4,4,4,2014-06-03,2014-06-12,592.8,47.42,14.82,655.04,2014-06-12 00:00:00.000,True
3702,3170,4,4,1,2014-06-03,2014-06-12,13825.35,1106.03,345.63,15277.01,2014-06-12 00:00:00.000,True
3703,3171,4,4,5,2014-06-03,2014-06-12,142.41,11.39,3.56,157.36,2014-06-12 00:00:00.000,True
3704,3172,4,4,2,2014-06-03,2014-06-12,28794.15,2303.53,719.85,31817.54,2014-06-12 00:00:00.000,True
3705,3173,4,4,4,2014-06-03,2014-06-12,408.56,32.68,10.21,451.45,2014-06-12 00:00:00.000,True
3706,3174,4,4,1,2014-06-03,2014-06-12,1276.28,102.1,31.91,1410.28,2014-06-12 00:00:00.000,True
3707,3175,4,4,1,2014-06-03,2014-06-12,2003.93,160.31,50.1,2214.34,2014-06-12 00:00:00.000,True
3708,3176,4,4,2,2014-06-03,2014-06-12,50860.43,4068.83,1271.51,56200.77,2014-06-12 00:00:00.000,True
3709,3177,4,4,1,2014-06-04,2014-06-13,454.86,36.39,11.37,502.62,2014-06-13 00:00:00.000,True
3710,3178,4,4,5,2014-06-04,2014-06-13,43878.45,3510.28,1096.96,48485.69,2014-06-13 00:00:00.000,True
3711,3179,4,4,2,2014-06-04,2014-06-13,7132.13,570.57,178.3,7881.0,2014-06-13 00:00:00.000,True
3712,3180,4,4,2,2014-06-04,2014-06-13,28343.7,2267.5,708.59,31319.79,2014-06-13 00:00:00.000,True
3713,3181,4,4,4,2014-06-04,2014-06-13,22516.73,1801.34,562.92,24880.98,2014-06-13 00:00:00.000,True
3714,3182,4,4,5,2014-06-04,2014-06-13,34644.23,2771.54,866.11,38281.87,2014-06-13 00:00:00.000,True
3715,3183,4,4,5,2014-06-04,2014-06-13,415.33,33.23,10.38,458.94,2014-06-13 00:00:00.000,True
3716,3184,4,4,5,2014-06-04,2014-06-13,143.04,11.44,3.58,158.06,2014-06-13 00:00:00.000,True
3717,3185,4,4,2,2014-06-04,2014-06-13,28199.33,2255.95,704.98,31160.25,2014-06-13 00:00:00.000,True
3718,3186,5,4,1,2014-06-04,2014-06-13,3713.33,297.07,92.83,4103.22,2014-06-13 00:00:00.000,True
3719,3187,4,4,5,2014-06-04,2014-06-13,63831.08,5106.49,1595.78,70533.34,2014-06-13 00:00:00.000,True
3720,3188,4,4,5,2014-06-04,2014-06-13,16340.31,1307.22,408.51,18056.04,2014-06-13 00:00:00.000,True
3721,3189,4,4,5,2014-06-04,2014-06-13,5711.48,456.92,142.79,6311.18,2014-06-13 00:00:00.000,True
3722,3190,4,4,4,2014-06-04,2014-06-13,360.05,28.8,9.0,397.85,2014-06-13 00:00:00.000,True
3723,3191,4,4,2,2014-06-04,2014-06-13,97.97,7.84,2.45,108.25,2014-06-13 00:00:00.000,True
3724,3192,4,4,4,2014-06-04,2014-06-13,114.47,9.16,2.86,126.49,2014-06-13 00:00:00.000,True
3725,3193,4,4,4,2014-06-05,2014-06-14,132.65,10.61,3.32,146.57,2014-06-14 00:00:00.000,True
3726,3194,4,4,5,2014-06-05,2014-06-14,43878.45,3510.28,1096.96,48485.69,2014-06-14 00:00:00.000,True
3727,3195,4,4,1,2014-06-05,2014-06-14,418.95,33.52,10.47,462.94,2014-06-14 00:00:00.000,True
3728,3196,4,4,4,2014-06-05,2014-06-14,525.77,42.06,13.14,580.97,2014-06-14 00:00:00.000,True
3729,3197,4,4,1,2014-06-05,2014-06-14,461.79,36.94,11.54,510.28,2014-06-14 00:00:00.000,True
3730,3198,4,4,4,2014-06-05,2014-06-14,481.89,38.55,12.05,532.49,2014-06-14 00:00:00.000,True
3731,3199,4,4,2,2014-06-05,2014-06-14,37.08,2.97,0.93,40.97,2014-06-14 00:00:00.000,True
3732,3200,4,4,4,2014-06-05,2014-06-14,21558.08,1724.65,538.95,23821.67,2014-06-14 00:00:00.000,True
3733,3201,4,4,4,2014-06-05,2014-06-14,475.68,38.05,11.89,525.63,2014-06-14 00:00:00.000,True
3734,3202,4,4,5,2014-06-05,2014-06-14,41048.7,3283.9,1026.22,45358.81,2014-06-14 00:00:00.000,True
3735,3203,4,4,5,2014-06-05,2014-06-14,416.75,33.34,10.42,460.5,2014-06-14 00:00:00.000,True
3736,3204,4,3,5,2014-06-05,2014-06-14,279.15,22.33,6.98,308.46,2014-06-14 00:00:00.000,True
3737,3205,4,4,5,2014-06-05,2014-06-14,40471.2,3237.7,1011.78,44720.68,2014-06-14 00:00:00.000,True
3738,3206,4,4,4,2014-06-05,2014-06-14,389.66,31.17,9.74,430.57,2014-06-14 00:00:00.000,True
3739,3207,4,4,5,2014-06-05,2014-06-14,62092.8,4967.42,1552.32,68612.54,2014-06-14 00:00:00.000,True
3740,3208,4,4,5,2014-06-05,2014-06-14,5948.25,475.86,148.71,6572.82,2014-06-14 00:00:00.000,True
3741,3209,4,4,5,2014-06-06,2014-06-15,91117.95,7289.44,2277.95,100685.33,2014-06-15 00:00:00.000,True
3742,3210,4,4,1,2014-06-06,2014-06-15,525.0,42.0,13.13,580.13,2014-06-15 00:00:00.000,True
3743,3211,4,4,3,2014-06-06,2014-06-15,1721.79,137.74,43.04,1902.58,2014-06-15 00:00:00.000,True
3744,3212,4,4,4,2014-06-06,2014-06-15,26455.28,2116.42,661.38,29233.08,2014-06-15 00:00:00.000,True
3745,3213,4,4,2,2014-06-06,2014-06-15,944.37,75.55,23.61,1043.53,2014-06-15 00:00:00.000,True
3746,3214,4,4,4,2014-06-06,2014-06-15,44594.55,3567.56,1114.86,49276.98,2014-06-15 00:00:00.000,True
3747,3215,4,4,3,2014-06-06,2014-06-15,62843.55,5027.48,1571.09,69442.12,2014-06-15 00:00:00.000,True
3748,3216,4,4,5,2014-06-06,2014-06-15,37843.58,3027.49,946.09,41817.15,2014-06-15 00:00:00.000,True
3749,3217,5,4,4,2014-06-06,2014-06-15,25531.28,2042.5,638.28,28212.06,2014-06-15 00:00:00.000,True
3750,3218,4,4,5,2014-06-06,2014-06-15,694.17,55.53,17.35,767.05,2014-06-15 00:00:00.000,True
3751,3219,4,4,4,2014-06-06,2014-06-15,125.75,10.06,3.14,138.95,2014-06-15 00:00:00.000,True
3752,3220,7,4,5,2014-06-06,2014-06-15,150.79,12.06,3.77,166.62,2014-06-15 00:00:00.000,True
3753,3221,4,4,4,2014-06-06,2014-06-15,503.09,40.25,12.58,555.91,2014-06-15 00:00:00.000,True
3754,3222,4,4,2,2014-06-06,2014-06-15,8847.3,707.78,221.18,9776.27,2014-06-15 00:00:00.000,True
3755,3223,4,4,5,2014-06-06,2014-06-15,171.08,13.69,4.28,189.04,2014-06-15 00:00:00.000,True
3756,3224,4,4,4,2014-06-06,2014-06-15,20397.3,1631.78,509.93,22539.02,2014-06-15 00:00:00.000,True
3757,3225,4,4,3,2014-06-07,2014-06-16,14628.08,1170.25,365.7,16164.02,2014-06-16 00:00:00.000,True
3758,3226,4,4,3,2014-06-07,2014-06-16,58685.55,4694.84,1467.14,64847.53,2014-06-16 00:00:00.000,True
3759,3227,4,4,5,2014-06-07,2014-06-16,773.01,61.84,19.33,854.18,2014-06-16 00:00:00.000,True
3760,3228,4,4,5,2014-06-07,2014-06-16,694.17,55.53,17.35,767.05,2014-06-16 00:00:00.000,True
3761,3229,4,4,5,2014-06-07,2014-06-16,1796.04,143.68,44.9,1984.62,2014-06-16 00:00:00.000,True
3762,3230,4,4,5,2014-06-07,2014-06-16,416.75,33.34,10.42,460.5,2014-06-16 00:00:00.000,True
3763,3231,6,4,5,2014-06-07,2014-06-16,34644.23,2771.54,866.11,38281.87,2014-06-16 00:00:00.000,True
3764,3232,4,4,4,2014-06-07,2014-06-16,257.58,20.61,6.44,284.62,2014-06-16 00:00:00.000,True
3765,3233,4,4,5,2014-06-09,2014-06-18,146.29,11.7,3.66,161.65,2014-06-18 00:00:00.000,True
3766,3234,4,4,5,2014-06-09,2014-06-18,102.56,8.21,2.56,113.33,2014-06-18 00:00:00.000,True
3767,3235,4,4,5,2014-06-09,2014-06-18,150.79,12.06,3.77,166.62,2014-06-18 00:00:00.000,True
3768,3236,4,4,5,2014-06-09,2014-06-18,13669.43,1093.55,341.74,15104.71,2014-06-18 00:00:00.000,True
3769,3237,4,4,5,2014-06-09,2014-06-18,16393.23,1311.46,409.83,18114.52,2014-06-18 00:00:00.000,True
3770,3238,4,4,4,2014-06-09,2014-06-18,22516.73,1801.34,562.92,24880.98,2014-06-18 00:00:00.000,True
3771,3239,4,4,1,2014-06-09,2014-06-18,551.88,44.15,13.8,609.83,2014-06-18 00:00:00.000,True
3772,3240,4,4,1,2014-06-09,2014-06-18,6987.75,559.02,174.69,7721.46,2014-06-18 00:00:00.000,True
3773,3241,4,4,2,2014-06-09,2014-06-18,28072.28,2245.78,701.81,31019.86,2014-06-18 00:00:00.000,True
3774,3242,6,4,1,2014-06-09,2014-06-18,35394.98,2831.6,884.87,39111.45,2014-06-18 00:00:00.000,True
3775,3243,4,4,1,2014-06-09,2014-06-18,3407.25,272.58,85.18,3765.01,2014-06-18 00:00:00.000,True
3776,3244,5,4,2,2014-06-09,2014-06-18,28297.5,2263.8,707.44,31268.74,2014-06-18 00:00:00.000,True
3777,3245,4,4,2,2014-06-09,2014-06-18,59.94,4.8,1.5,66.24,2014-06-18 00:00:00.000,True
3778,3246,4,4,4,2014-06-09,2014-06-18,332.96,26.64,8.32,367.92,2014-06-18 00:00:00.000,True
3779,3247,4,4,5,2014-06-09,2014-06-18,43878.45,3510.28,1096.96,48485.69,2014-06-18 00:00:00.000,True
3780,3248,4,4,4,2014-06-09,2014-06-18,544.57,43.57,13.61,601.75,2014-06-18 00:00:00.000,True
3781,3249,4,4,2,2014-06-10,2014-06-19,36405.6,2912.45,910.14,40228.19,2014-06-19 00:00:00.000,True
3782,3250,4,4,5,2014-06-10,2014-06-19,142.41,11.39,3.56,157.36,2014-06-19 00:00:00.000,True
3783,3251,4,4,5,2014-06-10,2014-06-19,19236.53,1538.92,480.91,21256.36,2014-06-19 00:00:00.000,True
3784,3252,4,4,4,2014-06-10,2014-06-19,253.32,20.27,6.33,279.92,2014-06-19 00:00:00.000,True
3785,3253,4,4,1,2014-06-10,2014-06-19,1276.28,102.1,31.91,1410.28,2014-06-19 00:00:00.000,True
3786,3254,4,4,1,2014-06-10,2014-06-19,2003.93,160.31,50.1,2214.34,2014-06-19 00:00:00.000,True
3787,3255,4,4,2,2014-06-10,2014-06-19,50860.43,4068.83,1271.51,56200.77,2014-06-19 00:00:00.000,True
3788,3256,4,4,1,2014-06-10,2014-06-19,454.86,36.39,11.37,502.62,2014-06-19 00:00:00.000,True
3789,3257,4,4,5,2014-06-10,2014-06-19,43878.45,3510.28,1096.96,48485.69,2014-06-19 00:00:00.000,True
3790,3258,4,4,2,2014-06-10,2014-06-19,7132.13,570.57,178.3,7881.0,2014-06-19 00:00:00.000,True
3791,3259,4,4,2,2014-06-10,2014-06-19,28343.7,2267.5,708.59,31319.79,2014-06-19 00:00:00.000,True
3792,3260,4,4,4,2014-06-10,2014-06-19,22516.73,1801.34,562.92,24880.98,2014-06-19 00:00:00.000,True
3793,3261,4,4,5,2014-06-10,2014-06-19,34644.23,2771.54,866.11,38281.87,2014-06-19 00:00:00.000,True
3794,3262,4,4,5,2014-06-10,2014-06-19,272.76,21.82,6.82,301.4,2014-06-19 00:00:00.000,True
3795,3263,4,4,5,2014-06-10,2014-06-19,143.04,11.44,3.58,158.06,2014-06-19 00:00:00.000,True
3796,3264,4,4,2,2014-06-10,2014-06-19,28199.33,2255.95,704.98,31160.25,2014-06-19 00:00:00.000,True
3797,3265,4,4,1,2014-06-11,2014-06-20,3713.33,297.07,92.83,4103.22,2014-06-20 00:00:00.000,True
3798,3266,4,4,5,2014-06-11,2014-06-20,63831.08,5106.49,1595.78,70533.34,2014-06-20 00:00:00.000,True
3799,3267,4,4,5,2014-06-11,2014-06-20,16340.31,1307.22,408.51,18056.04,2014-06-20 00:00:00.000,True
3800,3268,4,4,5,2014-06-11,2014-06-20,5711.48,456.92,142.79,6311.18,2014-06-20 00:00:00.000,True
3801,3269,4,4,4,2014-06-11,2014-06-20,235.9,18.87,5.9,260.67,2014-06-20 00:00:00.000,True
3802,3270,4,4,2,2014-06-11,2014-06-20,97.97,7.84,2.45,108.25,2014-06-20 00:00:00.000,True
3803,3271,4,4,4,2014-06-11,2014-06-20,114.47,9.16,2.86,126.49,2014-06-20 00:00:00.000,True
3804,3272,4,4,4,2014-06-11,2014-06-20,132.65,10.61,3.32,146.57,2014-06-20 00:00:00.000,True
3805,3273,4,4,5,2014-06-11,2014-06-20,43878.45,3510.28,1096.96,48485.69,2014-06-20 00:00:00.000,True
3806,3274,4,4,1,2014-06-11,2014-06-20,418.95,33.52,10.47,462.94,2014-06-20 00:00:00.000,True
3807,3275,4,4,4,2014-06-11,2014-06-20,3413.25,273.06,85.33,3771.64,2014-06-20 00:00:00.000,True
3808,3276,4,4,1,2014-06-11,2014-06-20,461.79,36.94,11.54,510.28,2014-06-20 00:00:00.000,True
3809,3277,4,4,4,2014-06-11,2014-06-20,760.41,60.83,19.01,840.25,2014-06-20 00:00:00.000,True
3810,3278,4,4,2,2014-06-11,2014-06-20,37.08,2.97,0.93,40.97,2014-06-20 00:00:00.000,True
3811,3279,6,4,4,2014-06-11,2014-06-20,21558.08,1724.65,538.95,23821.67,2014-06-20 00:00:00.000,True
3812,3280,4,4,4,2014-06-11,2014-06-20,422.1,33.77,10.55,466.42,2014-06-20 00:00:00.000,True
3813,3281,4,4,4,2014-06-12,2014-06-21,45172.05,3613.76,1129.3,49915.12,2014-06-21 00:00:00.000,True
3814,3282,4,4,5,2014-06-12,2014-06-21,273.7,21.9,6.84,302.44,2014-06-21 00:00:00.000,True
3815,3283,4,4,5,2014-06-12,2014-06-21,415.8,33.26,10.4,459.46,2014-06-21 00:00:00.000,True
3816,3284,4,4,5,2014-06-12,2014-06-21,40471.2,3237.7,1011.78,44720.68,2014-06-21 00:00:00.000,True
3817,3285,4,4,5,2014-06-12,2014-06-21,1225.67,98.05,30.64,1354.36,2014-06-21 00:00:00.000,True
3818,3286,4,4,5,2014-06-12,2014-06-21,62092.8,4967.42,1552.32,68612.54,2014-06-21 00:00:00.000,True
3819,3287,4,4,5,2014-06-12,2014-06-21,5948.25,475.86,148.71,6572.82,2014-06-21 00:00:00.000,True
3820,3288,4,4,5,2014-06-12,2014-06-21,91117.95,7289.44,2277.95,100685.33,2014-06-21 00:00:00.000,True
3821,3289,4,4,1,2014-06-12,2014-06-21,525.0,42.0,13.13,580.13,2014-06-21 00:00:00.000,True
3822,3290,4,4,5,2014-06-12,2014-06-21,2003.68,160.29,50.09,2214.07,2014-06-21 00:00:00.000,True
3823,3291,4,4,4,2014-06-12,2014-06-21,26455.28,2116.42,661.38,29233.08,2014-06-21 00:00:00.000,True
3824,3292,4,4,2,2014-06-12,2014-06-21,944.37,75.55,23.61,1043.53,2014-06-21 00:00:00.000,True
3825,3293,4,4,1,2014-06-12,2014-06-21,6993.53,559.48,174.84,7727.85,2014-06-21 00:00:00.000,True
3826,3294,4,4,3,2014-06-12,2014-06-21,36122.63,2889.81,903.07,39915.5,2014-06-21 00:00:00.000,True
3827,3295,4,4,5,2014-06-12,2014-06-21,37843.58,3027.49,946.09,41817.15,2014-06-21 00:00:00.000,True
3828,3296,4,4,4,2014-06-12,2014-06-21,25531.28,2042.5,638.28,28212.06,2014-06-21 00:00:00.000,True
3829,3297,4,4,5,2014-06-13,2014-06-22,773.96,61.92,19.35,855.22,2014-06-22 00:00:00.000,True
3830,3298,4,4,4,2014-06-13,2014-06-22,125.75,10.06,3.14,138.95,2014-06-22 00:00:00.000,True
3831,3299,4,4,5,2014-06-13,2014-06-22,150.79,12.06,3.77,166.62,2014-06-22 00:00:00.000,True
3832,3300,4,4,4,2014-06-13,2014-06-22,360.05,28.8,9.0,397.85,2014-06-22 00:00:00.000,True
3833,3301,4,4,2,2014-06-13,2014-06-22,8847.3,707.78,221.18,9776.27,2014-06-22 00:00:00.000,True
3834,3302,4,4,5,2014-06-13,2014-06-22,171.08,13.69,4.28,189.04,2014-06-22 00:00:00.000,True
3835,3303,4,4,4,2014-06-13,2014-06-22,20397.3,1631.78,509.93,22539.02,2014-06-22 00:00:00.000,True
3836,3304,4,3,3,2014-06-13,2014-06-22,14628.08,1170.25,365.7,16164.02,2014-06-22 00:00:00.000,True
3837,3305,4,4,3,2014-06-13,2014-06-22,58685.55,4694.84,1467.14,64847.53,2014-06-22 00:00:00.000,True
3838,3306,4,4,4,2014-06-13,2014-06-22,481.89,38.55,12.05,532.49,2014-06-22 00:00:00.000,True
3839,3307,4,4,5,2014-06-13,2014-06-22,773.96,61.92,19.35,855.22,2014-06-22 00:00:00.000,True
3840,3308,4,4,5,2014-06-13,2014-06-22,1796.04,143.68,44.9,1984.62,2014-06-22 00:00:00.000,True
3841,3309,5,4,5,2014-06-13,2014-06-22,658.95,52.72,16.47,728.14,2014-06-22 00:00:00.000,True
3842,3310,4,4,5,2014-06-13,2014-06-22,34644.23,2771.54,866.11,38281.87,2014-06-22 00:00:00.000,True
3843,3311,4,4,3,2014-06-13,2014-06-22,1581.93,126.55,39.55,1748.03,2014-06-22 00:00:00.000,True
3844,3312,4,4,5,2014-06-13,2014-06-22,146.29,11.7,3.66,161.65,2014-06-22 00:00:00.000,True
3845,3313,4,4,5,2014-06-16,2014-06-25,102.56,8.21,2.56,113.33,2014-06-25 00:00:00.000,True
3846,3314,4,4,5,2014-06-16,2014-06-25,150.79,12.06,3.77,166.62,2014-06-25 00:00:00.000,True
3847,3315,4,4,5,2014-06-16,2014-06-25,13669.43,1093.55,341.74,15104.71,2014-06-25 00:00:00.000,True
3848,3316,4,4,5,2014-06-16,2014-06-25,13458.69,1076.7,336.47,14871.85,2014-06-25 00:00:00.000,True
3849,3317,4,4,2,2014-06-16,2014-06-25,101720.85,8137.67,2543.02,112401.54,2014-06-25 00:00:00.000,True
3850,3318,4,4,1,2014-06-16,2014-06-25,551.88,44.15,13.8,609.83,2014-06-25 00:00:00.000,True
3851,3319,4,4,1,2014-06-16,2014-06-25,6987.75,559.02,174.69,7721.46,2014-06-25 00:00:00.000,True
3852,3320,5,4,2,2014-06-16,2014-06-25,28072.28,2245.78,701.81,31019.86,2014-06-25 00:00:00.000,True
3853,3321,4,4,1,2014-06-16,2014-06-25,1917.3,153.38,47.93,2118.62,2014-06-25 00:00:00.000,True
3854,3322,4,4,1,2014-06-16,2014-06-25,4215.75,337.26,105.39,4658.4,2014-06-25 00:00:00.000,True
3855,3323,4,4,2,2014-06-16,2014-06-25,28297.5,2263.8,707.44,31268.74,2014-06-25 00:00:00.000,True
3856,3324,4,4,2,2014-06-16,2014-06-25,59.94,4.8,1.5,66.24,2014-06-25 00:00:00.000,True
3857,3325,4,4,4,2014-06-16,2014-06-25,1055.57,84.45,26.39,1166.4,2014-06-25 00:00:00.000,True
3858,3326,4,4,5,2014-06-16,2014-06-25,43878.45,3510.28,1096.96,48485.69,2014-06-25 00:00:00.000,True
3859,3327,4,4,4,2014-06-16,2014-06-25,722.45,57.8,18.06,798.31,2014-06-25 00:00:00.000,True
3860,3328,4,4,2,2014-06-16,2014-06-25,24318.53,1945.48,607.96,26871.97,2014-06-25 00:00:00.000,True
3861,3329,4,4,5,2014-06-17,2014-06-26,142.41,11.39,3.56,157.36,2014-06-26 00:00:00.000,True
3862,3330,4,4,2,2014-06-17,2014-06-26,48030.68,3842.45,1200.77,53073.9,2014-06-26 00:00:00.000,True
3863,3331,5,4,2,2014-06-17,2014-06-26,50860.43,4068.83,1271.51,56200.77,2014-06-26 00:00:00.000,True
3864,3332,4,4,1,2014-06-17,2014-06-26,1276.28,102.1,31.91,1410.28,2014-06-26 00:00:00.000,True
3865,3333,4,4,1,2014-06-17,2014-06-26,2003.93,160.31,50.1,2214.34,2014-06-26 00:00:00.000,True
3866,3334,4,4,2,2014-06-17,2014-06-26,28343.7,2267.5,708.59,31319.79,2014-06-26 00:00:00.000,True
3867,3335,4,4,1,2014-06-17,2014-06-26,454.86,36.39,11.37,502.62,2014-06-26 00:00:00.000,True
3868,3336,4,4,5,2014-06-17,2014-06-26,43878.45,3510.28,1096.96,48485.69,2014-06-26 00:00:00.000,True
3869,3337,4,4,2,2014-06-17,2014-06-26,7132.13,570.57,178.3,7881.0,2014-06-26 00:00:00.000,True
3870,3338,4,4,2,2014-06-17,2014-06-26,28343.7,2267.5,708.59,31319.79,2014-06-26 00:00:00.000,True
3871,3339,4,4,4,2014-06-17,2014-06-26,22516.73,1801.34,562.92,24880.98,2014-06-26 00:00:00.000,True
3872,3340,4,4,5,2014-06-17,2014-06-26,34644.23,2771.54,866.11,38281.87,2014-06-26 00:00:00.000,True
3873,3341,4,4,4,2014-06-17,2014-06-26,501.2,40.1,12.53,553.82,2014-06-26 00:00:00.000,True
3874,3342,4,4,5,2014-06-17,2014-06-26,143.04,11.44,3.58,158.06,2014-06-26 00:00:00.000,True
3875,3343,4,4,2,2014-06-17,2014-06-26,28199.33,2255.95,704.98,31160.25,2014-06-26 00:00:00.000,True
3876,3344,4,4,1,2014-06-17,2014-06-26,3713.33,297.07,92.83,4103.22,2014-06-26 00:00:00.000,True
3877,3345,4,4,5,2014-06-18,2014-06-27,63831.08,5106.49,1595.78,70533.34,2014-06-27 00:00:00.000,True
3878,3346,4,4,5,2014-06-18,2014-06-27,13361.04,1068.88,334.03,14763.95,2014-06-27 00:00:00.000,True
3879,3347,4,4,5,2014-06-18,2014-06-27,5711.48,456.92,142.79,6311.18,2014-06-27 00:00:00.000,True
3880,3348,4,4,5,2014-06-18,2014-06-27,696.53,55.72,17.41,769.66,2014-06-27 00:00:00.000,True
3881,3349,4,4,2,2014-06-18,2014-06-27,97.97,7.84,2.45,108.25,2014-06-27 00:00:00.000,True
3882,3350,4,4,4,2014-06-18,2014-06-27,114.47,9.16,2.86,126.49,2014-06-27 00:00:00.000,True
3883,3351,4,4,4,2014-06-18,2014-06-27,132.65,10.61,3.32,146.57,2014-06-27 00:00:00.000,True
3884,3352,4,4,5,2014-06-18,2014-06-27,43878.45,3510.28,1096.96,48485.69,2014-06-27 00:00:00.000,True
3885,3353,4,4,1,2014-06-18,2014-06-27,418.95,33.52,10.47,462.94,2014-06-27 00:00:00.000,True
3886,3354,4,4,4,2014-06-18,2014-06-27,272.44,21.8,6.81,301.05,2014-06-27 00:00:00.000,True
3887,3355,6,4,1,2014-06-18,2014-06-27,461.79,36.94,11.54,510.28,2014-06-27 00:00:00.000,True
3888,3356,4,4,4,2014-06-18,2014-06-27,462.77,37.02,11.57,511.36,2014-06-27 00:00:00.000,True
3889,3357,4,4,2,2014-06-18,2014-06-27,37.08,2.97,0.93,40.97,2014-06-27 00:00:00.000,True
3890,3358,4,4,4,2014-06-18,2014-06-27,21558.08,1724.65,538.95,23821.67,2014-06-27 00:00:00.000,True
3891,3359,4,4,4,2014-06-18,2014-06-27,663.67,53.09,16.59,733.36,2014-06-27 00:00:00.000,True
3892,3360,5,4,5,2014-06-18,2014-06-27,65240.18,5219.21,1631.0,72090.39,2014-06-27 00:00:00.000,True
3893,3361,4,4,4,2014-06-19,2014-06-28,503.09,40.25,12.58,555.91,2014-06-28 00:00:00.000,True
3894,3362,4,4,5,2014-06-19,2014-06-28,273.07,21.85,6.83,301.75,2014-06-28 00:00:00.000,True
3895,3363,4,4,5,2014-06-19,2014-06-28,40471.2,3237.7,1011.78,44720.68,2014-06-28 00:00:00.000,True
3896,3364,4,4,5,2014-06-19,2014-06-28,278.52,22.28,6.96,307.77,2014-06-28 00:00:00.000,True
3897,3365,4,4,5,2014-06-19,2014-06-28,62092.8,4967.42,1552.32,68612.54,2014-06-28 00:00:00.000,True
3898,3366,4,4,5,2014-06-19,2014-06-28,5948.25,475.86,148.71,6572.82,2014-06-28 00:00:00.000,True
3899,3367,4,4,5,2014-06-19,2014-06-28,91117.95,7289.44,2277.95,100685.33,2014-06-28 00:00:00.000,True
3900,3368,4,4,1,2014-06-19,2014-06-28,525.0,42.0,13.13,580.13,2014-06-28 00:00:00.000,True
3901,3369,4,4,5,2014-06-19,2014-06-28,2003.68,160.29,50.09,2214.07,2014-06-28 00:00:00.000,True
3902,3370,4,4,4,2014-06-19,2014-06-28,26455.28,2116.42,661.38,29233.08,2014-06-28 00:00:00.000,True
3903,3371,4,4,2,2014-06-19,2014-06-28,944.37,75.55,23.61,1043.53,2014-06-28 00:00:00.000,True
3904,3372,4,4,4,2014-06-19,2014-06-28,44594.55,3567.56,1114.86,49276.98,2014-06-28 00:00:00.000,True
3905,3373,4,4,5,2014-06-19,2014-06-28,26720.93,2137.67,668.02,29526.62,2014-06-28 00:00:00.000,True
3906,3374,4,4,5,2014-06-19,2014-06-28,37843.58,3027.49,946.09,41817.15,2014-06-28 00:00:00.000,True
3907,3375,4,4,4,2014-06-19,2014-06-28,25531.28,2042.5,638.28,28212.06,2014-06-28 00:00:00.000,True
3908,3376,4,4,4,2014-06-19,2014-06-28,482.52,38.6,12.06,533.18,2014-06-28 00:00:00.000,True
3909,3377,4,4,4,2014-06-20,2014-06-29,125.75,10.06,3.14,138.95,2014-06-29 00:00:00.000,True
3910,3378,4,4,5,2014-06-20,2014-06-29,150.79,12.06,3.77,166.62,2014-06-29 00:00:00.000,True
3911,3379,4,4,4,2014-06-20,2014-06-29,235.9,18.87,5.9,260.67,2014-06-29 00:00:00.000,True
3912,3380,4,4,2,2014-06-20,2014-06-29,8847.3,707.78,221.18,9776.27,2014-06-29 00:00:00.000,True
3913,3381,4,4,5,2014-06-20,2014-06-29,171.08,13.69,4.28,189.04,2014-06-29 00:00:00.000,True
3914,3382,4,4,4,2014-06-20,2014-06-29,20397.3,1631.78,509.93,22539.02,2014-06-29 00:00:00.000,True
3915,3383,4,4,3,2014-06-20,2014-06-29,14628.08,1170.25,365.7,16164.02,2014-06-29 00:00:00.000,True
3916,3384,4,4,3,2014-06-20,2014-06-29,33350.63,2668.05,833.77,36852.44,2014-06-29 00:00:00.000,True
3917,3385,4,4,4,2014-06-20,2014-06-29,475.68,38.05,11.89,525.63,2014-06-29 00:00:00.000,True
3918,3386,4,4,4,2014-06-20,2014-06-29,482.52,38.6,12.06,533.18,2014-06-29 00:00:00.000,True
3919,3387,4,4,5,2014-06-20,2014-06-29,1796.04,143.68,44.9,1984.62,2014-06-29 00:00:00.000,True
3920,3388,4,4,4,2014-06-20,2014-06-29,602.25,48.18,15.06,665.48,2014-06-29 00:00:00.000,True
3921,3389,4,4,5,2014-06-20,2014-06-29,34644.23,2771.54,866.11,38281.87,2014-06-29 00:00:00.000,True
3922,3390,6,4,4,2014-06-20,2014-06-29,1839.51,147.16,45.99,2032.65,2014-06-29 00:00:00.000,True
3923,3391,4,4,5,2014-06-20,2014-06-29,146.29,11.7,3.66,161.65,2014-06-29 00:00:00.000,True
3924,3392,4,4,5,2014-06-20,2014-06-29,102.56,8.21,2.56,113.33,2014-06-29 00:00:00.000,True
3925,3393,4,4,5,2014-06-21,2014-06-30,150.79,12.06,3.77,166.62,2014-06-30 00:00:00.000,True
3926,3394,4,4,5,2014-06-21,2014-06-30,13669.43,1093.55,341.74,15104.71,2014-06-30 00:00:00.000,True
3927,3395,4,4,5,2014-06-21,2014-06-30,2934.54,234.76,73.36,3242.67,2014-06-30 00:00:00.000,True
3928,3396,4,4,2,2014-06-21,2014-06-30,50860.43,4068.83,1271.51,56200.77,2014-06-30 00:00:00.000,True
3929,3397,4,4,1,2014-06-21,2014-06-30,551.88,44.15,13.8,609.83,2014-06-30 00:00:00.000,True
3930,3398,4,4,1,2014-06-21,2014-06-30,6987.75,559.02,174.69,7721.46,2014-06-30 00:00:00.000,True
3931,3399,4,4,2,2014-06-21,2014-06-30,28072.28,2245.78,701.81,31019.86,2014-06-30 00:00:00.000,True
3932,3400,4,4,1,2014-06-21,2014-06-30,37312.28,2984.98,932.81,41230.06,2014-06-30 00:00:00.000,True
3933,3401,4,4,1,2014-06-21,2014-06-30,3407.25,272.58,85.18,3765.01,2014-06-30 00:00:00.000,True
3934,3402,4,4,2,2014-06-21,2014-06-30,28297.5,2263.8,707.44,31268.74,2014-06-30 00:00:00.000,True
3935,3403,4,4,2,2014-06-21,2014-06-30,59.94,4.8,1.5,66.24,2014-06-30 00:00:00.000,True
3936,3404,4,3,4,2014-06-21,2014-06-30,240.72,19.26,6.02,266.0,2014-06-30 00:00:00.000,True
3937,3405,4,4,5,2014-06-21,2014-06-30,43878.45,3510.28,1096.96,48485.69,2014-06-30 00:00:00.000,True
3938,3406,4,4,5,2014-06-21,2014-06-30,544.73,43.58,13.62,601.93,2014-06-30 00:00:00.000,True
3939,3407,4,4,1,2014-06-21,2014-06-30,18641.7,1491.34,466.04,20599.08,2014-06-30 00:00:00.000,True
3940,3408,5,4,5,2014-06-21,2014-06-30,142.41,11.39,3.56,157.36,2014-06-30 00:00:00.000,True
3941,3409,4,4,2,2014-06-22,2014-07-01,48030.68,3842.45,1200.77,53073.9,2014-07-01 00:00:00.000,True
3942,3410,4,4,4,2014-06-22,2014-07-01,421.16,33.69,10.53,465.38,2014-07-01 00:00:00.000,True
3943,3411,4,4,1,2014-06-22,2014-07-01,1276.28,102.1,31.91,1410.28,2014-07-01 00:00:00.000,True
3944,3412,4,4,1,2014-06-22,2014-07-01,2003.93,160.31,50.1,2214.34,2014-07-01 00:00:00.000,True
3945,3413,4,4,4,2014-06-23,2014-07-02,22516.73,1801.34,562.92,24880.98,2014-07-02 00:00:00.000,True
3946,3414,4,4,1,2014-06-23,2014-07-02,454.86,36.39,11.37,502.62,2014-07-02 00:00:00.000,True
3947,3415,4,4,5,2014-06-23,2014-07-02,43878.45,3510.28,1096.96,48485.69,2014-07-02 00:00:00.000,True
3948,3416,4,4,2,2014-06-23,2014-07-02,7132.13,570.57,178.3,7881.0,2014-07-02 00:00:00.000,True
3949,3417,4,4,2,2014-06-23,2014-07-02,28343.7,2267.5,708.59,31319.79,2014-07-02 00:00:00.000,True
3950,3418,4,4,4,2014-06-23,2014-07-02,22516.73,1801.34,562.92,24880.98,2014-07-02 00:00:00.000,True
3951,3419,4,4,5,2014-06-23,2014-07-02,34644.23,2771.54,866.11,38281.87,2014-07-02 00:00:00.000,True
3952,3420,4,4,4,2014-06-23,2014-07-02,247.56,19.8,6.19,273.55,2014-07-02 00:00:00.000,True
3953,3421,4,4,5,2014-06-23,2014-07-02,143.04,11.44,3.58,158.06,2014-07-02 00:00:00.000,True
3954,3422,4,4,2,2014-06-23,2014-07-02,28199.33,2255.95,704.98,31160.25,2014-07-02 00:00:00.000,True
3955,3423,4,4,1,2014-06-23,2014-07-02,3713.33,297.07,92.83,4103.22,2014-07-02 00:00:00.000,True
3956,3424,4,4,5,2014-06-23,2014-07-02,43878.45,3510.28,1096.96,48485.69,2014-07-02 00:00:00.000,True
3957,3425,4,4,5,2014-06-23,2014-07-02,2979.27,238.34,74.48,3292.09,2014-07-02 00:00:00.000,True
3958,3426,4,4,5,2014-06-23,2014-07-02,5711.48,456.92,142.79,6311.18,2014-07-02 00:00:00.000,True
3959,3427,4,4,5,2014-06-23,2014-07-02,776.79,62.14,19.42,858.35,2014-07-02 00:00:00.000,True
3960,3428,4,4,2,2014-06-23,2014-07-02,97.97,7.84,2.45,108.25,2014-07-02 00:00:00.000,True
3961,3429,4,4,4,2014-06-24,2014-07-03,114.47,9.16,2.86,126.49,2014-07-03 00:00:00.000,True
3962,3430,4,4,4,2014-06-24,2014-07-03,132.65,10.61,3.32,146.57,2014-07-03 00:00:00.000,True
3963,3431,4,4,5,2014-06-24,2014-07-03,43878.45,3510.28,1096.96,48485.69,2014-07-03 00:00:00.000,True
3964,3432,4,4,1,2014-06-24,2014-07-03,418.95,33.52,10.47,462.94,2014-07-03 00:00:00.000,True
3965,3433,4,4,4,2014-06-24,2014-07-03,389.66,31.17,9.74,430.57,2014-07-03 00:00:00.000,True
3966,3434,4,4,1,2014-06-24,2014-07-03,461.79,36.94,11.54,510.28,2014-07-03 00:00:00.000,True
3967,3435,4,4,4,2014-06-24,2014-07-03,1656.84,132.55,41.42,1830.8,2014-07-03 00:00:00.000,True
3968,3436,4,4,2,2014-06-24,2014-07-03,37.08,2.97,0.93,40.97,2014-07-03 00:00:00.000,True
3969,3437,4,4,4,2014-06-24,2014-07-03,21558.08,1724.65,538.95,23821.67,2014-07-03 00:00:00.000,True
3970,3438,4,4,4,2014-06-24,2014-07-03,624.3,49.94,15.61,689.85,2014-07-03 00:00:00.000,True
3971,3439,4,4,4,2014-06-24,2014-07-03,20980.58,1678.45,524.51,23183.54,2014-07-03 00:00:00.000,True
3972,3440,4,4,4,2014-06-24,2014-07-03,360.05,28.8,9.0,397.85,2014-07-03 00:00:00.000,True
3973,3441,4,4,4,2014-06-24,2014-07-03,260.47,20.84,6.51,287.82,2014-07-03 00:00:00.000,True
3974,3442,4,4,5,2014-06-24,2014-07-03,40471.2,3237.7,1011.78,44720.68,2014-07-03 00:00:00.000,True
3975,3443,4,4,5,2014-06-24,2014-07-03,414.86,33.19,10.37,458.41,2014-07-03 00:00:00.000,True
3976,3444,4,4,5,2014-06-24,2014-07-03,38421.08,3073.69,960.53,42455.29,2014-07-03 00:00:00.000,True
3977,3445,4,4,5,2014-06-25,2014-07-04,5948.25,475.86,148.71,6572.82,2014-07-04 00:00:00.000,True
3978,3446,4,4,5,2014-06-25,2014-07-04,91117.95,7289.44,2277.95,100685.33,2014-07-04 00:00:00.000,True
3979,3447,4,4,1,2014-06-25,2014-07-04,525.0,42.0,13.13,580.13,2014-07-04 00:00:00.000,True
3980,3448,4,4,5,2014-06-25,2014-07-04,2003.68,160.29,50.09,2214.07,2014-07-04 00:00:00.000,True
3981,3449,4,4,4,2014-06-25,2014-07-04,26455.28,2116.42,661.38,29233.08,2014-07-04 00:00:00.000,True
3982,3450,4,4,2,2014-06-25,2014-07-04,944.37,75.55,23.61,1043.53,2014-07-04 00:00:00.000,True
3983,3451,4,4,1,2014-06-25,2014-07-04,6993.53,559.48,174.84,7727.85,2014-07-04 00:00:00.000,True
3984,3452,5,4,3,2014-06-25,2014-07-04,36122.63,2889.81,903.07,39915.5,2014-07-04 00:00:00.000,True
3985,3453,4,4,5,2014-06-25,2014-07-04,37843.58,3027.49,946.09,41817.15,2014-07-04 00:00:00.000,True
3986,3454,4,4,4,2014-06-25,2014-07-04,25531.28,2042.5,638.28,28212.06,2014-07-04 00:00:00.000,True
3987,3455,5,4,4,2014-06-25,2014-07-04,111.07,8.89,2.78,122.73,2014-07-04 00:00:00.000,True
3988,3456,4,4,4,2014-06-25,2014-07-04,125.75,10.06,3.14,138.95,2014-07-04 00:00:00.000,True
3989,3457,4,4,5,2014-06-25,2014-07-04,150.79,12.06,3.77,166.62,2014-07-04 00:00:00.000,True
3990,3458,4,4,5,2014-06-25,2014-07-04,696.53,55.72,17.41,769.66,2014-07-04 00:00:00.000,True
3991,3459,4,4,2,2014-06-25,2014-07-04,8847.3,707.78,221.18,9776.27,2014-07-04 00:00:00.000,True
3992,3460,4,4,5,2014-06-25,2014-07-04,171.08,13.69,4.28,189.04,2014-07-04 00:00:00.000,True
3993,3461,4,4,4,2014-06-26,2014-07-05,20397.3,1631.78,509.93,22539.02,2014-07-05 00:00:00.000,True
3994,3462,4,4,3,2014-06-26,2014-07-05,14628.08,1170.25,365.7,16164.02,2014-07-05 00:00:00.000,True
3995,3463,4,4,4,2014-06-26,2014-07-05,25334.93,2026.79,633.37,27995.09,2014-07-05 00:00:00.000,True
3996,3464,4,4,5,2014-06-26,2014-07-05,278.52,22.28,6.96,307.77,2014-07-05 00:00:00.000,True
3997,3465,4,4,4,2014-06-26,2014-07-05,111.07,8.89,2.78,122.73,2014-07-05 00:00:00.000,True
3998,3466,4,4,5,2014-06-26,2014-07-05,1796.04,143.68,44.9,1984.62,2014-07-05 00:00:00.000,True
3999,3467,4,4,4,2014-06-26,2014-07-05,748.76,59.9,18.72,827.37,2014-07-05 00:00:00.000,True
4000,3468,4,4,5,2014-06-26,2014-07-05,34644.23,2771.54,866.11,38281.87,2014-07-05 00:00:00.000,True
4001,3469,4,4,4,2014-06-26,2014-07-05,1839.51,147.16,45.99,2032.65,2014-07-05 00:00:00.000,True
4002,3470,4,4,5,2014-06-26,2014-07-05,146.29,11.7,3.66,161.65,2014-07-05 00:00:00.000,True
4003,3471,4,4,5,2014-06-26,2014-07-05,102.56,8.21,2.56,113.33,2014-07-05 00:00:00.000,True
4004,3472,4,4,5,2014-06-26,2014-07-05,150.79,12.06,3.77,166.62,2014-07-05 00:00:00.000,True
4005,3473,4,4,5,2014-06-26,2014-07-05,13669.43,1093.55,341.74,15104.71,2014-07-05 00:00:00.000,True
4006,3474,4,4,5,2014-06-26,2014-07-05,6444.9,515.59,161.12,7121.61,2014-07-05 00:00:00.000,True
4007,3475,4,4,2,2014-06-26,2014-07-05,152581.28,12206.5,3814.53,168602.31,2014-07-05 00:00:00.000,True
4008,3476,4,4,1,2014-06-26,2014-07-05,551.88,44.15,13.8,609.83,2014-07-05 00:00:00.000,True
4009,3477,4,4,1,2014-06-27,2014-07-06,6987.75,559.02,174.69,7721.46,2014-07-06 00:00:00.000,True
4010,3478,4,4,2,2014-06-27,2014-07-06,28072.28,2245.78,701.81,31019.86,2014-07-06 00:00:00.000,True
4011,3479,4,4,1,2014-06-27,2014-07-06,37312.28,2984.98,932.81,41230.06,2014-07-06 00:00:00.000,True
4012,3480,4,4,1,2014-06-27,2014-07-06,7623.0,609.84,190.58,8423.42,2014-07-06 00:00:00.000,True
4013,3481,4,4,2,2014-06-27,2014-07-06,28297.5,2263.8,707.44,31268.74,2014-07-06 00:00:00.000,True
4014,3482,4,4,2,2014-06-27,2014-07-06,59.94,4.8,1.5,66.24,2014-07-06 00:00:00.000,True
4015,3483,4,4,4,2014-06-27,2014-07-06,358.16,28.65,8.95,395.76,2014-07-06 00:00:00.000,True
4016,3484,4,4,5,2014-06-27,2014-07-06,43878.45,3510.28,1096.96,48485.69,2014-07-06 00:00:00.000,True
4017,3485,4,4,4,2014-06-27,2014-07-06,1637.94,131.04,40.95,1809.92,2014-07-06 00:00:00.000,True
4018,3486,4,4,2,2014-06-27,2014-07-06,29989.58,2399.17,749.74,33138.48,2014-07-06 00:00:00.000,True
4019,3487,4,4,5,2014-06-27,2014-07-06,142.41,11.39,3.56,157.36,2014-07-06 00:00:00.000,True
4020,3488,4,4,2,2014-06-27,2014-07-06,48030.68,3842.45,1200.77,53073.9,2014-07-06 00:00:00.000,True
4021,3489,4,4,4,2014-06-27,2014-07-06,12127.74,970.22,303.19,13401.15,2014-07-06 00:00:00.000,True
4022,3490,4,4,1,2014-06-27,2014-07-06,1276.28,102.1,31.91,1410.28,2014-07-06 00:00:00.000,True
4023,3491,4,4,1,2014-06-27,2014-07-06,2003.93,160.31,50.1,2214.34,2014-07-06 00:00:00.000,True
4024,3492,4,4,2,2014-06-27,2014-07-06,28343.7,2267.5,708.59,31319.79,2014-07-06 00:00:00.000,True
4025,3493,4,4,1,2014-06-28,2014-07-07,454.86,36.39,11.37,502.62,2014-07-07 00:00:00.000,True
4026,3494,4,4,5,2014-06-28,2014-07-07,43878.45,3510.28,1096.96,48485.69,2014-07-07 00:00:00.000,True
4027,3495,4,4,2,2014-06-28,2014-07-07,7132.13,570.57,178.3,7881.0,2014-07-07 00:00:00.000,True
4028,3496,4,4,2,2014-06-28,2014-07-07,28343.7,2267.5,708.59,31319.79,2014-07-07 00:00:00.000,True
4029,3497,4,4,4,2014-06-28,2014-07-07,22516.73,1801.34,562.92,24880.98,2014-07-07 00:00:00.000,True
4030,3498,4,4,5,2014-06-28,2014-07-07,34644.23,2771.54,866.11,38281.87,2014-07-07 00:00:00.000,True
4031,3499,4,4,5,2014-06-28,2014-07-07,694.17,55.53,17.35,767.05,2014-07-07 00:00:00.000,True
4032,3500,4,4,5,2014-06-28,2014-07-07,143.04,11.44,3.58,158.06,2014-07-07 00:00:00.000,True
4033,3501,4,4,2,2014-06-28,2014-07-07,28199.33,2255.95,704.98,31160.25,2014-07-07 00:00:00.000,True
4034,3502,4,4,1,2014-06-28,2014-07-07,3713.33,297.07,92.83,4103.22,2014-07-07 00:00:00.000,True
4035,3503,4,4,4,2014-06-28,2014-07-07,19952.63,1596.21,498.82,22047.65,2014-07-07 00:00:00.000,True
4036,3504,5,3,5,2014-06-28,2014-07-07,6540.66,523.25,163.52,7227.43,2014-07-07 00:00:00.000,True
4037,3505,4,4,5,2014-06-30,2014-07-09,5711.48,456.92,142.79,6311.18,2014-07-09 00:00:00.000,True
4038,3506,4,4,4,2014-06-30,2014-07-09,484.41,38.75,12.11,535.27,2014-07-09 00:00:00.000,True
4039,3507,4,4,2,2014-06-30,2014-07-09,97.97,7.84,2.45,108.25,2014-07-09 00:00:00.000,True
4040,3508,4,4,4,2014-06-30,2014-07-09,114.47,9.16,2.86,126.49,2014-07-09 00:00:00.000,True
4041,3509,4,4,4,2014-06-30,2014-07-09,132.65,10.61,3.32,146.57,2014-07-09 00:00:00.000,True
4042,3510,4,4,5,2014-06-30,2014-07-09,43878.45,3510.28,1096.96,48485.69,2014-07-09 00:00:00.000,True
4043,3511,4,4,1,2014-06-30,2014-07-09,418.95,33.52,10.47,462.94,2014-07-09 00:00:00.000,True
4044,3512,4,4,4,2014-06-30,2014-07-09,240.72,19.26,6.02,266.0,2014-07-09 00:00:00.000,True
4045,3513,4,4,1,2014-06-30,2014-07-09,461.79,36.94,11.54,510.28,2014-07-09 00:00:00.000,True
4046,3514,5,4,4,2014-06-30,2014-07-09,253.32,20.27,6.33,279.92,2014-07-09 00:00:00.000,True
4047,3515,4,4,2,2014-06-30,2014-07-09,37.08,2.97,0.93,40.97,2014-07-09 00:00:00.000,True
4048,3516,4,4,4,2014-06-30,2014-07-09,21558.08,1724.65,538.95,23821.67,2014-07-09 00:00:00.000,True
4049,3517,4,4,4,2014-06-30,2014-07-09,710.33,56.83,17.76,784.91,2014-07-09 00:00:00.000,True
4050,3518,4,4,5,2014-06-30,2014-07-09,86220.75,6897.66,2155.52,95273.93,2014-07-09 00:00:00.000,True
4051,3519,4,4,4,2014-06-30,2014-07-09,235.9,18.87,5.9,260.67,2014-07-09 00:00:00.000,True
4052,3520,4,4,5,2014-06-30,2014-07-09,428.4,34.27,10.71,473.38,2014-07-09 00:00:00.000,True
4053,3521,4,4,5,2014-07-01,2014-07-10,40471.2,3237.7,1011.78,44720.68,2014-07-10 00:00:00.000,True
4054,3522,4,4,5,2014-07-01,2014-07-10,272.44,21.8,6.81,301.05,2014-07-10 00:00:00.000,True
4055,3523,4,4,4,2014-07-01,2014-07-10,23671.73,1893.74,591.79,26157.26,2014-07-10 00:00:00.000,True
4056,3524,4,4,5,2014-07-01,2014-07-10,5948.25,475.86,148.71,6572.82,2014-07-10 00:00:00.000,True
4057,3525,4,4,5,2014-07-01,2014-07-10,91117.95,7289.44,2277.95,100685.33,2014-07-10 00:00:00.000,True
4058,3526,4,4,1,2014-07-01,2014-07-10,525.0,42.0,13.13,580.13,2014-07-10 00:00:00.000,True
4059,3527,4,4,5,2014-07-01,2014-07-10,2003.68,160.29,50.09,2214.07,2014-07-10 00:00:00.000,True
4060,3528,4,4,4,2014-07-01,2014-07-10,26455.28,2116.42,661.38,29233.08,2014-07-10 00:00:00.000,True
4061,3529,4,4,2,2014-07-01,2014-07-10,944.37,75.55,23.61,1043.53,2014-07-10 00:00:00.000,True
4062,3530,4,4,4,2014-07-01,2014-07-10,48186.6,3854.93,1204.67,53246.19,2014-07-10 00:00:00.000,True
4063,3531,4,4,5,2014-07-01,2014-07-10,26720.93,2137.67,668.02,29526.62,2014-07-10 00:00:00.000,True
4064,3532,4,4,5,2014-07-01,2014-07-10,37843.58,3027.49,946.09,41817.15,2014-07-10 00:00:00.000,True
4065,3533,4,4,4,2014-07-01,2014-07-10,25531.28,2042.5,638.28,28212.06,2014-07-10 00:00:00.000,True
4066,3534,4,4,5,2014-07-01,2014-07-10,278.84,22.31,6.97,308.12,2014-07-10 00:00:00.000,True
4067,3535,4,4,4,2014-07-01,2014-07-10,125.75,10.06,3.14,138.95,2014-07-10 00:00:00.000,True
4068,3536,4,4,5,2014-07-01,2014-07-10,150.79,12.06,3.77,166.62,2014-07-10 00:00:00.000,True
4069,3537,4,4,5,2014-07-02,2014-07-11,776.79,62.14,19.42,858.35,2014-07-11 00:00:00.000,True
4070,3538,4,4,2,2014-07-02,2014-07-11,8847.3,707.78,221.18,9776.27,2014-07-11 00:00:00.000,True
4071,3539,4,4,5,2014-07-02,2014-07-11,171.08,13.69,4.28,189.04,2014-07-11 00:00:00.000,True
4072,3540,4,4,4,2014-07-02,2014-07-11,20397.3,1631.78,509.93,22539.02,2014-07-11 00:00:00.000,True
4073,3541,4,4,3,2014-07-02,2014-07-11,14628.08,1170.25,365.7,16164.02,2014-07-11 00:00:00.000,True
4074,3542,4,4,3,2014-07-02,2014-07-11,33350.63,2668.05,833.77,36852.44,2014-07-11 00:00:00.000,True
4075,3543,6,4,5,2014-07-02,2014-07-11,414.86,33.19,10.37,458.41,2014-07-11 00:00:00.000,True
4076,3544,4,4,5,2014-07-02,2014-07-11,278.84,22.31,6.97,308.12,2014-07-11 00:00:00.000,True
4077,3545,4,4,5,2014-07-02,2014-07-11,1796.04,143.68,44.9,1984.62,2014-07-11 00:00:00.000,True
4078,3546,7,4,4,2014-07-02,2014-07-11,489.07,39.13,12.23,540.42,2014-07-11 00:00:00.000,True
4079,3547,4,4,5,2014-07-02,2014-07-11,34644.23,2771.54,866.11,38281.87,2014-07-11 00:00:00.000,True
4080,3548,4,4,4,2014-07-02,2014-07-11,1839.51,147.16,45.99,2032.65,2014-07-11 00:00:00.000,True
4081,3549,4,4,5,2014-07-02,2014-07-11,146.29,11.7,3.66,161.65,2014-07-11 00:00:00.000,True
4082,3550,4,4,5,2014-07-02,2014-07-11,102.56,8.21,2.56,113.33,2014-07-11 00:00:00.000,True
4083,3551,4,4,5,2014-07-02,2014-07-11,150.79,12.06,3.77,166.62,2014-07-11 00:00:00.000,True
4084,3552,4,4,5,2014-07-02,2014-07-11,13669.43,1093.55,341.74,15104.71,2014-07-11 00:00:00.000,True
4085,3553,4,4,5,2014-07-03,2014-07-12,9948.33,795.87,248.71,10992.9,2014-07-12 00:00:00.000,True
4086,3554,4,4,2,2014-07-03,2014-07-12,28343.7,2267.5,708.59,31319.79,2014-07-12 00:00:00.000,True
4087,3555,4,4,1,2014-07-03,2014-07-12,551.88,44.15,13.8,609.83,2014-07-12 00:00:00.000,True
4088,3556,4,4,1,2014-07-03,2014-07-12,6987.75,559.02,174.69,7721.46,2014-07-12 00:00:00.000,True
4089,3557,4,4,2,2014-07-03,2014-07-12,28072.28,2245.78,701.81,31019.86,2014-07-12 00:00:00.000,True
4090,3558,4,4,1,2014-07-03,2014-07-12,37312.28,2984.98,932.81,41230.06,2014-07-12 00:00:00.000,True
4091,3559,4,4,1,2014-07-03,2014-07-12,7623.0,609.84,190.58,8423.42,2014-07-12 00:00:00.000,True
4092,3560,4,4,2,2014-07-03,2014-07-12,28297.5,2263.8,707.44,31268.74,2014-07-12 00:00:00.000,True
4093,3561,4,4,2,2014-07-03,2014-07-12,59.94,4.8,1.5,66.24,2014-07-12 00:00:00.000,True
4094,3562,4,4,4,2014-07-03,2014-07-12,234.64,18.77,5.87,259.28,2014-07-12 00:00:00.000,True
4095,3563,4,4,5,2014-07-03,2014-07-12,43878.45,3510.28,1096.96,48485.69,2014-07-12 00:00:00.000,True
4096,3564,4,4,4,2014-07-03,2014-07-12,247.24,19.78,6.18,273.2,2014-07-12 00:00:00.000,True
4097,3565,4,4,2,2014-07-03,2014-07-12,49376.25,3950.1,1234.41,54560.76,2014-07-12 00:00:00.000,True
4098,3566,4,4,5,2014-07-03,2014-07-12,142.41,11.39,3.56,157.36,2014-07-12 00:00:00.000,True
4099,3567,4,4,2,2014-07-03,2014-07-12,48030.68,3842.45,1200.77,53073.9,2014-07-12 00:00:00.000,True
4100,3568,4,4,5,2014-07-03,2014-07-12,39258.45,3140.68,981.46,43380.59,2014-07-12 00:00:00.000,True
4101,3569,4,4,1,2014-07-04,2014-07-13,1276.28,102.1,31.91,1410.28,2014-07-13 00:00:00.000,True
4102,3570,4,4,1,2014-07-04,2014-07-13,2003.93,160.31,50.1,2214.34,2014-07-13 00:00:00.000,True
4103,3571,4,4,4,2014-07-04,2014-07-13,22516.73,1801.34,562.92,24880.98,2014-07-13 00:00:00.000,True
4104,3572,4,4,1,2014-07-04,2014-07-13,454.86,36.39,11.37,502.62,2014-07-13 00:00:00.000,True
4105,3573,4,4,5,2014-07-04,2014-07-13,43878.45,3510.28,1096.96,48485.69,2014-07-13 00:00:00.000,True
4106,3574,4,4,2,2014-07-04,2014-07-13,7132.13,570.57,178.3,7881.0,2014-07-13 00:00:00.000,True
4107,3575,5,4,2,2014-07-04,2014-07-13,28343.7,2267.5,708.59,31319.79,2014-07-13 00:00:00.000,True
4108,3576,4,4,4,2014-07-04,2014-07-13,22516.73,1801.34,562.92,24880.98,2014-07-13 00:00:00.000,True
4109,3577,4,4,5,2014-07-04,2014-07-13,34644.23,2771.54,866.11,38281.87,2014-07-13 00:00:00.000,True
4110,3578,4,4,5,2014-07-04,2014-07-13,656.59,52.53,16.41,725.53,2014-07-13 00:00:00.000,True
4111,3579,4,4,5,2014-07-04,2014-07-13,143.04,11.44,3.58,158.06,2014-07-13 00:00:00.000,True
4112,3580,5,4,2,2014-07-04,2014-07-13,28199.33,2255.95,704.98,31160.25,2014-07-13 00:00:00.000,True
4113,3581,4,4,1,2014-07-04,2014-07-13,3713.33,297.07,92.83,4103.22,2014-07-13 00:00:00.000,True
4114,3582,4,4,5,2014-07-04,2014-07-13,43878.45,3510.28,1096.96,48485.69,2014-07-13 00:00:00.000,True
4115,3583,4,4,5,2014-07-04,2014-07-13,9799.65,783.97,244.99,10828.61,2014-07-13 00:00:00.000,True
4116,3584,4,4,5,2014-07-04,2014-07-13,5711.48,456.92,142.79,6311.18,2014-07-13 00:00:00.000,True
4117,3585,4,4,4,2014-07-07,2014-07-16,111.54,8.92,2.79,123.25,2014-07-16 00:00:00.000,True
4118,3586,4,4,2,2014-07-07,2014-07-16,97.97,7.84,2.45,108.25,2014-07-16 00:00:00.000,True
4119,3587,4,4,4,2014-07-07,2014-07-16,114.47,9.16,2.86,126.49,2014-07-16 00:00:00.000,True
4120,3588,4,4,4,2014-07-07,2014-07-16,132.65,10.61,3.32,146.57,2014-07-16 00:00:00.000,True
4121,3589,4,4,5,2014-07-07,2014-07-16,43878.45,3510.28,1096.96,48485.69,2014-07-16 00:00:00.000,True
4122,3590,4,4,1,2014-07-07,2014-07-16,418.95,33.52,10.47,462.94,2014-07-16 00:00:00.000,True
4123,3591,4,4,5,2014-07-07,2014-07-16,566.09,45.29,14.15,625.53,2014-07-16 00:00:00.000,True
4124,3592,4,4,1,2014-07-07,2014-07-16,461.79,36.94,11.54,510.28,2014-07-16 00:00:00.000,True
4125,3593,4,4,4,2014-07-07,2014-07-16,377.06,30.16,9.43,416.65,2014-07-16 00:00:00.000,True
4126,3594,4,4,2,2014-07-07,2014-07-16,37.08,2.97,0.93,40.97,2014-07-16 00:00:00.000,True
4127,3595,4,4,4,2014-07-07,2014-07-16,21558.08,1724.65,538.95,23821.67,2014-07-16 00:00:00.000,True
4128,3596,4,4,4,2014-07-07,2014-07-16,552.23,44.18,13.81,610.21,2014-07-16 00:00:00.000,True
4129,3597,4,4,5,2014-07-07,2014-07-16,86220.75,6897.66,2155.52,95273.93,2014-07-16 00:00:00.000,True
4130,3598,4,4,5,2014-07-07,2014-07-16,696.53,55.72,17.41,769.66,2014-07-16 00:00:00.000,True
4131,3599,4,4,4,2014-07-07,2014-07-16,663.45,53.08,16.59,733.12,2014-07-16 00:00:00.000,True
4132,3600,5,4,5,2014-07-07,2014-07-16,40471.2,3237.7,1011.78,44720.68,2014-07-16 00:00:00.000,True
4133,3601,4,4,4,2014-07-08,2014-07-17,259.84,20.79,6.5,287.13,2014-07-17 00:00:00.000,True
4134,3602,4,4,5,2014-07-08,2014-07-17,38421.08,3073.69,960.53,42455.29,2014-07-17 00:00:00.000,True
4135,3603,5,4,5,2014-07-08,2014-07-17,5948.25,475.86,148.71,6572.82,2014-07-17 00:00:00.000,True
4136,3604,4,3,5,2014-07-08,2014-07-17,91117.95,7289.44,2277.95,100685.33,2014-07-17 00:00:00.000,True
4137,3605,4,4,1,2014-07-08,2014-07-17,525.0,42.0,13.13,580.13,2014-07-17 00:00:00.000,True
4138,3606,4,4,5,2014-07-08,2014-07-17,2003.68,160.29,50.09,2214.07,2014-07-17 00:00:00.000,True
4139,3607,4,4,4,2014-07-08,2014-07-17,26455.28,2116.42,661.38,29233.08,2014-07-17 00:00:00.000,True
4140,3608,4,4,2,2014-07-08,2014-07-17,944.37,75.55,23.61,1043.53,2014-07-17 00:00:00.000,True
4141,3609,4,4,1,2014-07-08,2014-07-17,3401.48,272.12,85.04,3758.63,2014-07-17 00:00:00.000,True
4142,3610,4,4,3,2014-07-08,2014-07-17,62843.55,5027.48,1571.09,69442.12,2014-07-17 00:00:00.000,True
4143,3611,4,4,5,2014-07-08,2014-07-17,37843.58,3027.49,946.09,41817.15,2014-07-17 00:00:00.000,True
4144,3612,4,4,4,2014-07-08,2014-07-17,25531.28,2042.5,638.28,28212.06,2014-07-17 00:00:00.000,True
4145,3613,4,4,5,2014-07-08,2014-07-17,415.33,33.23,10.38,458.94,2014-07-17 00:00:00.000,True
4146,3614,4,4,4,2014-07-08,2014-07-17,125.75,10.06,3.14,138.95,2014-07-17 00:00:00.000,True
4147,3615,4,4,5,2014-07-08,2014-07-17,150.79,12.06,3.77,166.62,2014-07-17 00:00:00.000,True
4148,3616,4,4,4,2014-07-08,2014-07-17,484.41,38.75,12.11,535.27,2014-07-17 00:00:00.000,True
4149,3617,4,4,2,2014-07-09,2014-07-18,8847.3,707.78,221.18,9776.27,2014-07-18 00:00:00.000,True
4150,3618,4,4,5,2014-07-09,2014-07-18,171.08,13.69,4.28,189.04,2014-07-18 00:00:00.000,True
4151,3619,4,4,4,2014-07-09,2014-07-18,20397.3,1631.78,509.93,22539.02,2014-07-18 00:00:00.000,True
4152,3620,4,4,3,2014-07-09,2014-07-18,14628.08,1170.25,365.7,16164.02,2014-07-18 00:00:00.000,True
4153,3621,4,4,4,2014-07-09,2014-07-18,25334.93,2026.79,633.37,27995.09,2014-07-18 00:00:00.000,True
4154,3622,4,4,5,2014-07-09,2014-07-18,272.44,21.8,6.81,301.05,2014-07-18 00:00:00.000,True
4155,3623,4,4,5,2014-07-09,2014-07-18,415.33,33.23,10.38,458.94,2014-07-18 00:00:00.000,True
4156,3624,4,4,5,2014-07-09,2014-07-18,270.81,21.66,6.77,299.24,2014-07-18 00:00:00.000,True
4157,3625,4,4,4,2014-07-09,2014-07-18,1814.68,145.17,45.37,2005.23,2014-07-18 00:00:00.000,True
4158,3626,4,4,5,2014-07-09,2014-07-18,34644.23,2771.54,866.11,38281.87,2014-07-18 00:00:00.000,True
4159,3627,4,4,4,2014-07-09,2014-07-18,1839.51,147.16,45.99,2032.65,2014-07-18 00:00:00.000,True
4160,3628,4,4,5,2014-07-09,2014-07-18,146.29,11.7,3.66,161.65,2014-07-18 00:00:00.000,True
4161,3629,4,4,5,2014-07-09,2014-07-18,102.56,8.21,2.56,113.33,2014-07-18 00:00:00.000,True
4162,3630,4,4,5,2014-07-09,2014-07-18,150.79,12.06,3.77,166.62,2014-07-18 00:00:00.000,True
4163,3631,4,4,5,2014-07-09,2014-07-18,13669.43,1093.55,341.74,15104.71,2014-07-18 00:00:00.000,True
4164,3632,4,4,5,2014-07-09,2014-07-18,6444.9,515.59,161.12,7121.61,2014-07-18 00:00:00.000,True
4165,3633,4,4,4,2014-07-10,2014-07-19,50860.43,4068.83,1271.51,56200.77,2014-07-19 00:00:00.000,True
4166,3634,4,4,1,2014-07-10,2014-07-19,551.88,44.15,13.8,609.83,2014-07-19 00:00:00.000,True
4167,3635,4,4,1,2014-07-10,2014-07-19,6987.75,559.02,174.69,7721.46,2014-07-19 00:00:00.000,True
4168,3636,4,4,2,2014-07-10,2014-07-19,28072.28,2245.78,701.81,31019.86,2014-07-19 00:00:00.000,True
4169,3637,4,4,1,2014-07-10,2014-07-19,37312.28,2984.98,932.81,41230.06,2014-07-19 00:00:00.000,True
4170,3638,4,4,1,2014-07-10,2014-07-19,7623.0,609.84,190.58,8423.42,2014-07-19 00:00:00.000,True
4171,3639,4,4,2,2014-07-10,2014-07-19,28297.5,2263.8,707.44,31268.74,2014-07-19 00:00:00.000,True
4172,3640,4,4,2,2014-07-10,2014-07-19,59.94,4.8,1.5,66.24,2014-07-19 00:00:00.000,True
4173,3641,4,4,5,2014-07-10,2014-07-19,222.04,17.76,5.55,245.36,2014-07-19 00:00:00.000,True
4174,3642,7,4,5,2014-07-10,2014-07-19,43878.45,3510.28,1096.96,48485.69,2014-07-19 00:00:00.000,True
4175,3643,4,4,4,2014-07-10,2014-07-19,345.56,27.64,8.64,381.84,2014-07-19 00:00:00.000,True
4176,3644,4,4,2,2014-07-10,2014-07-19,15153.6,1212.29,378.84,16744.73,2014-07-19 00:00:00.000,True
4177,3645,4,4,5,2014-07-10,2014-07-19,142.41,11.39,3.56,157.36,2014-07-19 00:00:00.000,True
4178,3646,4,4,2,2014-07-10,2014-07-19,48030.68,3842.45,1200.77,53073.9,2014-07-19 00:00:00.000,True
4179,3647,4,4,4,2014-07-10,2014-07-19,823.41,65.87,20.59,909.87,2014-07-19 00:00:00.000,True
4180,3648,4,4,1,2014-07-10,2014-07-19,1276.28,102.1,31.91,1410.28,2014-07-19 00:00:00.000,True
4181,3649,4,4,1,2014-07-11,2014-07-20,2003.93,160.31,50.1,2214.34,2014-07-20 00:00:00.000,True
4182,3650,4,4,2,2014-07-11,2014-07-20,50860.43,4068.83,1271.51,56200.77,2014-07-20 00:00:00.000,True
4183,3651,4,4,1,2014-07-11,2014-07-20,454.86,36.39,11.37,502.62,2014-07-20 00:00:00.000,True
4184,3652,4,4,5,2014-07-11,2014-07-20,43878.45,3510.28,1096.96,48485.69,2014-07-20 00:00:00.000,True
4185,3653,4,4,2,2014-07-11,2014-07-20,7132.13,570.57,178.3,7881.0,2014-07-20 00:00:00.000,True
4186,3654,5,4,2,2014-07-11,2014-07-20,28343.7,2267.5,708.59,31319.79,2014-07-20 00:00:00.000,True
4187,3655,4,4,4,2014-07-11,2014-07-20,22516.73,1801.34,562.92,24880.98,2014-07-20 00:00:00.000,True
4188,3656,4,4,5,2014-07-11,2014-07-20,34644.23,2771.54,866.11,38281.87,2014-07-20 00:00:00.000,True
4189,3657,4,4,4,2014-07-11,2014-07-20,364.93,29.19,9.12,403.24,2014-07-20 00:00:00.000,True
4190,3658,4,4,5,2014-07-11,2014-07-20,143.04,11.44,3.58,158.06,2014-07-20 00:00:00.000,True
4191,3659,4,4,2,2014-07-11,2014-07-20,28199.33,2255.95,704.98,31160.25,2014-07-20 00:00:00.000,True
4192,3660,4,4,1,2014-07-11,2014-07-20,3713.33,297.07,92.83,4103.22,2014-07-20 00:00:00.000,True
4193,3661,4,4,4,2014-07-11,2014-07-20,19952.63,1596.21,498.82,22047.65,2014-07-20 00:00:00.000,True
4194,3662,4,4,5,2014-07-11,2014-07-20,6540.66,523.25,163.52,7227.43,2014-07-20 00:00:00.000,True
4195,3663,4,4,5,2014-07-11,2014-07-20,5711.48,456.92,142.79,6311.18,2014-07-20 00:00:00.000,True
4196,3664,4,4,5,2014-07-11,2014-07-20,279.78,22.38,6.99,309.16,2014-07-20 00:00:00.000,True
4197,3665,4,4,2,2014-07-12,2014-07-21,97.97,7.84,2.45,108.25,2014-07-21 00:00:00.000,True
4198,3666,4,4,4,2014-07-12,2014-07-21,114.47,9.16,2.86,126.49,2014-07-21 00:00:00.000,True
4199,3667,4,4,4,2014-07-12,2014-07-21,132.65,10.61,3.32,146.57,2014-07-21 00:00:00.000,True
4200,3668,4,4,5,2014-07-12,2014-07-21,43878.45,3510.28,1096.96,48485.69,2014-07-21 00:00:00.000,True
4201,3669,4,4,1,2014-07-12,2014-07-21,418.95,33.52,10.47,462.94,2014-07-21 00:00:00.000,True
4202,3670,4,4,4,2014-07-12,2014-07-21,404.15,32.33,10.1,446.58,2014-07-21 00:00:00.000,True
4203,3671,4,4,1,2014-07-12,2014-07-21,461.79,36.94,11.54,510.28,2014-07-21 00:00:00.000,True
4204,3672,4,4,4,2014-07-12,2014-07-21,247.24,19.78,6.18,273.2,2014-07-21 00:00:00.000,True
4205,3673,4,4,2,2014-07-12,2014-07-21,37.08,2.97,0.93,40.97,2014-07-21 00:00:00.000,True
4206,3674,4,4,4,2014-07-12,2014-07-21,21558.08,1724.65,538.95,23821.67,2014-07-21 00:00:00.000,True
4207,3675,4,4,5,2014-07-12,2014-07-21,533.55,42.68,13.34,589.57,2014-07-21 00:00:00.000,True
4208,3676,4,4,5,2014-07-12,2014-07-21,86220.75,6897.66,2155.52,95273.93,2014-07-21 00:00:00.000,True
4209,3677,4,4,5,2014-07-12,2014-07-21,776.79,62.14,19.42,858.35,2014-07-21 00:00:00.000,True
4210,3678,4,4,4,2014-07-12,2014-07-21,136.65,10.93,3.42,151.0,2014-07-21 00:00:00.000,True
4211,3679,5,4,5,2014-07-12,2014-07-21,40471.2,3237.7,1011.78,44720.68,2014-07-21 00:00:00.000,True
4212,3680,4,4,5,2014-07-12,2014-07-21,427.46,34.2,10.69,472.34,2014-07-21 00:00:00.000,True
4213,3681,4,4,4,2014-07-14,2014-07-23,23671.73,1893.74,591.79,26157.26,2014-07-23 00:00:00.000,True
4214,3682,4,4,5,2014-07-14,2014-07-23,5948.25,475.86,148.71,6572.82,2014-07-23 00:00:00.000,True
4215,3683,4,4,5,2014-07-14,2014-07-23,91117.95,7289.44,2277.95,100685.33,2014-07-23 00:00:00.000,True
4216,3684,4,4,1,2014-07-14,2014-07-23,525.0,42.0,13.13,580.13,2014-07-23 00:00:00.000,True
4217,3685,4,4,5,2014-07-14,2014-07-23,2003.68,160.29,50.09,2214.07,2014-07-23 00:00:00.000,True
4218,3686,4,4,4,2014-07-14,2014-07-23,26455.28,2116.42,661.38,29233.08,2014-07-23 00:00:00.000,True
4219,3687,4,4,2,2014-07-14,2014-07-23,944.37,75.55,23.61,1043.53,2014-07-23 00:00:00.000,True
4220,3688,4,4,4,2014-07-14,2014-07-23,51588.08,4127.05,1289.7,57004.82,2014-07-23 00:00:00.000,True
4221,3689,4,4,3,2014-07-14,2014-07-23,62843.55,5027.48,1571.09,69442.12,2014-07-23 00:00:00.000,True
4222,3690,4,4,5,2014-07-14,2014-07-23,37843.58,3027.49,946.09,41817.15,2014-07-23 00:00:00.000,True
4223,3691,4,4,4,2014-07-14,2014-07-23,25531.28,2042.5,638.28,28212.06,2014-07-23 00:00:00.000,True
4224,3692,4,4,5,2014-07-14,2014-07-23,272.76,21.82,6.82,301.4,2014-07-23 00:00:00.000,True
4225,3693,4,4,4,2014-07-14,2014-07-23,125.75,10.06,3.14,138.95,2014-07-23 00:00:00.000,True
4226,3694,4,4,5,2014-07-14,2014-07-23,150.79,12.06,3.77,166.62,2014-07-23 00:00:00.000,True
4227,3695,4,4,4,2014-07-14,2014-07-23,111.54,8.92,2.79,123.25,2014-07-23 00:00:00.000,True
4228,3696,4,4,2,2014-07-14,2014-07-23,8847.3,707.78,221.18,9776.27,2014-07-23 00:00:00.000,True
4229,3697,4,4,5,2014-07-15,2014-07-24,171.08,13.69,4.28,189.04,2014-07-24 00:00:00.000,True
4230,3698,4,4,4,2014-07-15,2014-07-24,20397.3,1631.78,509.93,22539.02,2014-07-24 00:00:00.000,True
4231,3699,4,4,3,2014-07-15,2014-07-24,14628.08,1170.25,365.7,16164.02,2014-07-24 00:00:00.000,True
4232,3700,4,4,3,2014-07-15,2014-07-24,58685.55,4694.84,1467.14,64847.53,2014-07-24 00:00:00.000,True
4233,3701,4,4,4,2014-07-15,2014-07-24,500.57,40.05,12.51,553.13,2014-07-24 00:00:00.000,True
4234,3702,4,4,5,2014-07-15,2014-07-24,272.76,21.82,6.82,301.4,2014-07-24 00:00:00.000,True
4235,3703,4,4,5,2014-07-15,2014-07-24,1525.23,122.02,38.13,1685.38,2014-07-24 00:00:00.000,True
4236,3704,4,3,4,2014-07-15,2014-07-24,260.16,20.81,6.5,287.48,2014-07-24 00:00:00.000,True
4237,3705,4,4,5,2014-07-15,2014-07-24,34644.23,2771.54,866.11,38281.87,2014-07-24 00:00:00.000,True
4238,3706,4,4,4,2014-07-15,2014-07-24,1839.51,147.16,45.99,2032.65,2014-07-24 00:00:00.000,True
4239,3707,5,4,5,2014-07-15,2014-07-24,146.29,11.7,3.66,161.65,2014-07-24 00:00:00.000,True
4240,3708,4,4,5,2014-07-15,2014-07-24,102.56,8.21,2.56,113.33,2014-07-24 00:00:00.000,True
4241,3709,4,4,5,2014-07-15,2014-07-24,150.79,12.06,3.77,166.62,2014-07-24 00:00:00.000,True
4242,3710,4,4,5,2014-07-15,2014-07-24,13669.43,1093.55,341.74,15104.71,2014-07-24 00:00:00.000,True
4243,3711,4,4,5,2014-07-15,2014-07-24,9948.33,795.87,248.71,10992.9,2014-07-24 00:00:00.000,True
4244,3712,4,4,4,2014-07-15,2014-07-24,34118.7,2729.5,852.97,37701.16,2014-07-24 00:00:00.000,True
4245,3713,4,4,1,2014-07-16,2014-07-25,551.88,44.15,13.8,609.83,2014-07-25 00:00:00.000,True
4246,3714,4,4,1,2014-07-16,2014-07-25,3811.5,304.92,95.29,4211.71,2014-07-25 00:00:00.000,True
4247,3715,4,4,2,2014-07-16,2014-07-25,28072.28,2245.78,701.81,31019.86,2014-07-25 00:00:00.000,True
4248,3716,4,4,1,2014-07-16,2014-07-25,37312.28,2984.98,932.81,41230.06,2014-07-25 00:00:00.000,True
4249,3717,4,4,1,2014-07-16,2014-07-25,7623.0,609.84,190.58,8423.42,2014-07-25 00:00:00.000,True
4250,3718,4,4,2,2014-07-16,2014-07-25,28297.5,2263.8,707.44,31268.74,2014-07-25 00:00:00.000,True
4251,3719,4,4,2,2014-07-16,2014-07-25,59.94,4.8,1.5,66.24,2014-07-25 00:00:00.000,True
4252,3720,4,4,4,2014-07-16,2014-07-25,370.76,29.66,9.27,409.68,2014-07-25 00:00:00.000,True
4253,3721,4,4,5,2014-07-16,2014-07-25,43878.45,3510.28,1096.96,48485.69,2014-07-25 00:00:00.000,True
4254,3722,4,4,4,2014-07-16,2014-07-25,272.13,21.77,6.8,300.7,2014-07-25 00:00:00.000,True
4255,3723,4,4,2,2014-07-16,2014-07-25,21252.0,1700.16,531.3,23483.46,2014-07-25 00:00:00.000,True
4256,3724,4,4,5,2014-07-16,2014-07-25,142.41,11.39,3.56,157.36,2014-07-25 00:00:00.000,True
4257,3725,4,4,2,2014-07-16,2014-07-25,48030.68,3842.45,1200.77,53073.9,2014-07-25 00:00:00.000,True
4258,3726,4,4,4,2014-07-16,2014-07-25,50983.94,4078.71,1274.6,56337.25,2014-07-25 00:00:00.000,True
4259,3727,4,4,1,2014-07-16,2014-07-25,1276.28,102.1,31.91,1410.28,2014-07-25 00:00:00.000,True
4260,3728,4,4,1,2014-07-16,2014-07-25,2003.93,160.31,50.1,2214.34,2014-07-25 00:00:00.000,True
4261,3729,4,4,2,2014-07-17,2014-07-26,50860.43,4068.83,1271.51,56200.77,2014-07-26 00:00:00.000,True
4262,3730,4,4,1,2014-07-17,2014-07-26,454.86,36.39,11.37,502.62,2014-07-26 00:00:00.000,True
4263,3731,4,4,5,2014-07-17,2014-07-26,43878.45,3510.28,1096.96,48485.69,2014-07-26 00:00:00.000,True
4264,3732,4,4,2,2014-07-17,2014-07-26,7132.13,570.57,178.3,7881.0,2014-07-26 00:00:00.000,True
4265,3733,4,4,2,2014-07-17,2014-07-26,28343.7,2267.5,708.59,31319.79,2014-07-26 00:00:00.000,True
4266,3734,4,4,4,2014-07-17,2014-07-26,22516.73,1801.34,562.92,24880.98,2014-07-26 00:00:00.000,True
4267,3735,4,4,5,2014-07-17,2014-07-26,34644.23,2771.54,866.11,38281.87,2014-07-26 00:00:00.000,True
4268,3736,4,4,5,2014-07-17,2014-07-26,564.2,45.14,14.1,623.44,2014-07-26 00:00:00.000,True
4269,3737,4,4,5,2014-07-17,2014-07-26,143.04,11.44,3.58,158.06,2014-07-26 00:00:00.000,True
4270,3738,4,4,2,2014-07-17,2014-07-26,28199.33,2255.95,704.98,31160.25,2014-07-26 00:00:00.000,True
4271,3739,4,4,1,2014-07-17,2014-07-26,3713.33,297.07,92.83,4103.22,2014-07-26 00:00:00.000,True
4272,3740,4,4,5,2014-07-17,2014-07-26,63831.08,5106.49,1595.78,70533.34,2014-07-26 00:00:00.000,True
4273,3741,4,4,5,2014-07-17,2014-07-26,9799.65,783.97,244.99,10828.61,2014-07-26 00:00:00.000,True
4274,3742,5,4,5,2014-07-17,2014-07-26,5711.48,456.92,142.79,6311.18,2014-07-26 00:00:00.000,True
4275,3743,4,4,5,2014-07-17,2014-07-26,416.75,33.34,10.42,460.5,2014-07-26 00:00:00.000,True
4276,3744,4,4,2,2014-07-17,2014-07-26,97.97,7.84,2.45,108.25,2014-07-26 00:00:00.000,True
4277,3745,4,4,4,2014-07-18,2014-07-27,114.47,9.16,2.86,126.49,2014-07-27 00:00:00.000,True
4278,3746,4,4,4,2014-07-18,2014-07-27,132.65,10.61,3.32,146.57,2014-07-27 00:00:00.000,True
4279,3747,4,4,5,2014-07-18,2014-07-27,43878.45,3510.28,1096.96,48485.69,2014-07-27 00:00:00.000,True
4280,3748,4,4,1,2014-07-18,2014-07-27,418.95,33.52,10.47,462.94,2014-07-27 00:00:00.000,True
4281,3749,4,4,4,2014-07-18,2014-07-27,633.75,50.7,15.84,700.29,2014-07-27 00:00:00.000,True
4282,3750,4,4,1,2014-07-18,2014-07-27,461.79,36.94,11.54,510.28,2014-07-27 00:00:00.000,True
4283,3751,4,4,4,2014-07-18,2014-07-27,475.21,38.02,11.88,525.11,2014-07-27 00:00:00.000,True
4284,3752,4,4,2,2014-07-18,2014-07-27,37.08,2.97,0.93,40.97,2014-07-27 00:00:00.000,True
4285,3753,5,4,4,2014-07-18,2014-07-27,21558.08,1724.65,538.95,23821.67,2014-07-27 00:00:00.000,True
4286,3754,4,4,4,2014-07-18,2014-07-27,259.84,20.79,6.5,287.13,2014-07-27 00:00:00.000,True
4287,3755,4,4,5,2014-07-18,2014-07-27,86220.75,6897.66,2155.52,95273.93,2014-07-27 00:00:00.000,True
4288,3756,4,4,4,2014-07-18,2014-07-27,484.41,38.75,12.11,535.27,2014-07-27 00:00:00.000,True
4289,3757,4,4,5,2014-07-18,2014-07-27,837.9,67.03,20.95,925.88,2014-07-27 00:00:00.000,True
4290,3758,4,4,5,2014-07-18,2014-07-27,40471.2,3237.7,1011.78,44720.68,2014-07-27 00:00:00.000,True
4291,3759,4,4,4,2014-07-18,2014-07-27,661.88,52.95,16.55,731.38,2014-07-27 00:00:00.000,True
4292,3760,4,4,5,2014-07-18,2014-07-27,62092.8,4967.42,1552.32,68612.54,2014-07-27 00:00:00.000,True
4293,3761,4,4,5,2014-07-19,2014-07-28,5948.25,475.86,148.71,6572.82,2014-07-28 00:00:00.000,True
4294,3762,4,4,5,2014-07-19,2014-07-28,91117.95,7289.44,2277.95,100685.33,2014-07-28 00:00:00.000,True
4295,3763,4,4,1,2014-07-19,2014-07-28,525.0,42.0,13.13,580.13,2014-07-28 00:00:00.000,True
4296,3764,4,4,5,2014-07-19,2014-07-28,281.89,22.55,7.05,311.49,2014-07-28 00:00:00.000,True
4297,3765,4,4,4,2014-07-19,2014-07-28,26455.28,2116.42,661.38,29233.08,2014-07-28 00:00:00.000,True
4298,3766,4,4,2,2014-07-19,2014-07-28,944.37,75.55,23.61,1043.53,2014-07-28 00:00:00.000,True
4299,3767,4,4,4,2014-07-19,2014-07-28,51588.08,4127.05,1289.7,57004.82,2014-07-28 00:00:00.000,True
4300,3768,4,4,3,2014-07-19,2014-07-28,62843.55,5027.48,1571.09,69442.12,2014-07-28 00:00:00.000,True
4301,3769,4,4,5,2014-07-19,2014-07-28,37843.58,3027.49,946.09,41817.15,2014-07-28 00:00:00.000,True
4302,3770,5,4,4,2014-07-19,2014-07-28,25531.28,2042.5,638.28,28212.06,2014-07-28 00:00:00.000,True
4303,3771,4,4,4,2014-07-19,2014-07-28,501.2,40.1,12.53,553.82,2014-07-28 00:00:00.000,True
4304,3772,4,4,4,2014-07-19,2014-07-28,125.75,10.06,3.14,138.95,2014-07-28 00:00:00.000,True
4305,3773,4,4,5,2014-07-19,2014-07-28,150.79,12.06,3.77,166.62,2014-07-28 00:00:00.000,True
4306,3774,4,4,5,2014-07-19,2014-07-28,279.78,22.38,6.99,309.16,2014-07-28 00:00:00.000,True
4307,3775,4,4,2,2014-07-19,2014-07-28,8847.3,707.78,221.18,9776.27,2014-07-28 00:00:00.000,True
4308,3776,4,4,5,2014-07-19,2014-07-28,171.08,13.69,4.28,189.04,2014-07-28 00:00:00.000,True
4309,3777,4,1,4,2014-07-21,2014-07-30,20397.3,1631.78,509.93,22539.02,2014-07-30 00:00:00.000,True
4310,3778,4,1,3,2014-07-21,2014-07-30,14628.08,1170.25,365.7,16164.02,2014-07-30 00:00:00.000,True
4311,3779,4,1,3,2014-07-21,2014-07-30,58685.55,4694.84,1467.14,64847.53,2014-07-30 00:00:00.000,True
4312,3780,4,1,4,2014-07-21,2014-07-30,358.16,28.65,8.95,395.76,2014-07-30 00:00:00.000,True
4313,3781,4,1,4,2014-07-21,2014-07-30,501.2,40.1,12.53,553.82,2014-07-30 00:00:00.000,True
4314,3782,4,1,5,2014-07-21,2014-07-30,270.81,21.66,6.77,299.24,2014-07-30 00:00:00.000,True
4315,3783,4,1,4,2014-07-21,2014-07-30,371.23,29.7,9.28,410.21,2014-07-30 00:00:00.000,True
4316,3784,4,1,5,2014-07-21,2014-07-30,34644.23,2771.54,866.11,38281.87,2014-07-30 00:00:00.000,True
4317,3785,4,1,4,2014-07-21,2014-07-30,1839.51,147.16,45.99,2032.65,2014-07-30 00:00:00.000,True
4318,3786,4,1,5,2014-07-21,2014-07-30,146.29,11.7,3.66,161.65,2014-07-30 00:00:00.000,True
4319,3787,4,1,5,2014-07-21,2014-07-30,102.56,8.21,2.56,113.33,2014-07-30 00:00:00.000,True
4320,3788,4,1,5,2014-07-21,2014-07-30,150.79,12.06,3.77,166.62,2014-07-30 00:00:00.000,True
4321,3789,4,1,5,2014-07-21,2014-07-30,13669.43,1093.55,341.74,15104.71,2014-07-30 00:00:00.000,True
4322,3790,4,1,5,2014-07-21,2014-07-30,9637.11,770.97,240.93,10649.01,2014-07-30 00:00:00.000,True
4323,3791,4,1,5,2014-07-21,2014-07-30,39258.45,3140.68,981.46,43380.59,2014-07-30 00:00:00.000,True
4324,3792,4,1,1,2014-07-21,2014-07-30,551.88,44.15,13.8,609.83,2014-07-30 00:00:00.000,True
4325,3793,4,1,1,2014-07-22,2014-07-31,3176.25,254.1,79.41,3509.76,2014-07-31 00:00:00.000,True
4326,3794,4,1,2,2014-07-22,2014-07-31,28072.28,2245.78,701.81,31019.86,2014-07-31 00:00:00.000,True
4327,3795,4,1,1,2014-07-22,2014-07-31,37312.28,2984.98,932.81,41230.06,2014-07-31 00:00:00.000,True
4328,3796,4,1,1,2014-07-22,2014-07-31,7623.0,609.84,190.58,8423.42,2014-07-31 00:00:00.000,True
4329,3797,4,1,2,2014-07-22,2014-07-31,28297.5,2263.8,707.44,31268.74,2014-07-31 00:00:00.000,True
4330,3798,4,1,2,2014-07-22,2014-07-31,59.94,4.8,1.5,66.24,2014-07-31 00:00:00.000,True
4331,3799,4,1,4,2014-07-22,2014-07-31,567.38,45.39,14.18,626.95,2014-07-31 00:00:00.000,True
4332,3800,4,1,5,2014-07-22,2014-07-31,43878.45,3510.28,1096.96,48485.69,2014-07-31 00:00:00.000,True
4333,3801,4,1,4,2014-07-22,2014-07-31,525.77,42.06,13.14,580.97,2014-07-31 00:00:00.000,True
4334,3802,4,1,2,2014-07-22,2014-07-31,10914.75,873.18,272.87,12060.8,2014-07-31 00:00:00.000,True
4335,3803,4,1,5,2014-07-22,2014-07-31,142.41,11.39,3.56,157.36,2014-07-31 00:00:00.000,True
4336,3804,4,1,2,2014-07-22,2014-07-31,28794.15,2303.53,719.85,31817.54,2014-07-31 00:00:00.000,True
4337,3805,4,1,4,2014-07-22,2014-07-31,51807.35,4144.59,1295.18,57247.12,2014-07-31 00:00:00.000,True
4338,3806,4,1,1,2014-07-22,2014-07-31,1276.28,102.1,31.91,1410.28,2014-07-31 00:00:00.000,True
4339,3807,4,1,1,2014-07-22,2014-07-31,2003.93,160.31,50.1,2214.34,2014-07-31 00:00:00.000,True
4340,3808,4,1,2,2014-07-22,2014-07-31,50860.43,4068.83,1271.51,56200.77,2014-07-31 00:00:00.000,True
4341,3809,4,1,1,2014-07-23,2014-08-01,454.86,36.39,11.37,502.62,2014-08-01 00:00:00.000,True
4342,3810,4,1,5,2014-07-23,2014-08-01,43878.45,3510.28,1096.96,48485.69,2014-08-01 00:00:00.000,True
4343,3811,4,1,2,2014-07-23,2014-08-01,7132.13,570.57,178.3,7881.0,2014-08-01 00:00:00.000,True
4344,3812,4,1,2,2014-07-23,2014-08-01,28343.7,2267.5,708.59,31319.79,2014-08-01 00:00:00.000,True
4345,3813,4,1,4,2014-07-23,2014-08-01,22516.73,1801.34,562.92,24880.98,2014-08-01 00:00:00.000,True
4346,3814,4,1,5,2014-07-23,2014-08-01,34644.23,2771.54,866.11,38281.87,2014-08-01 00:00:00.000,True
4347,3815,4,1,4,2014-07-23,2014-08-01,1151.48,92.12,28.79,1272.39,2014-08-01 00:00:00.000,True
4348,3816,4,1,5,2014-07-23,2014-08-01,143.04,11.44,3.58,158.06,2014-08-01 00:00:00.000,True
4349,3817,4,1,2,2014-07-23,2014-08-01,28199.33,2255.95,704.98,31160.25,2014-08-01 00:00:00.000,True
4350,3818,4,1,1,2014-07-23,2014-08-01,3713.33,297.07,92.83,4103.22,2014-08-01 00:00:00.000,True
4351,3819,4,1,5,2014-07-23,2014-08-01,63831.08,5106.49,1595.78,70533.34,2014-08-01 00:00:00.000,True
4352,3820,5,1,5,2014-07-23,2014-08-01,9585.45,766.84,239.64,10591.92,2014-08-01 00:00:00.000,True
4353,3821,4,1,5,2014-07-23,2014-08-01,5711.48,456.92,142.79,6311.18,2014-08-01 00:00:00.000,True
4354,3822,4,1,5,2014-07-23,2014-08-01,273.7,21.9,6.84,302.44,2014-08-01 00:00:00.000,True
4355,3823,4,1,2,2014-07-23,2014-08-01,97.97,7.84,2.45,108.25,2014-08-01 00:00:00.000,True
4356,3824,4,1,4,2014-07-23,2014-08-01,114.47,9.16,2.86,126.49,2014-08-01 00:00:00.000,True
4357,3825,4,1,4,2014-07-24,2014-08-02,132.65,10.61,3.32,146.57,2014-08-02 00:00:00.000,True
4358,3826,4,1,5,2014-07-24,2014-08-02,43878.45,3510.28,1096.96,48485.69,2014-08-02 00:00:00.000,True
4359,3827,4,1,1,2014-07-24,2014-08-02,418.95,33.52,10.47,462.94,2014-08-02 00:00:00.000,True
4360,3828,4,1,4,2014-07-24,2014-08-02,607.86,48.63,15.2,671.68,2014-08-02 00:00:00.000,True
4361,3829,4,1,1,2014-07-24,2014-08-02,461.79,36.94,11.54,510.28,2014-08-02 00:00:00.000,True
4362,3830,4,1,5,2014-07-24,2014-08-02,414.92,33.19,10.37,458.48,2014-08-02 00:00:00.000,True
4363,3831,4,1,2,2014-07-24,2014-08-02,37.08,2.97,0.93,40.97,2014-08-02 00:00:00.000,True
4364,3832,4,1,4,2014-07-24,2014-08-02,21558.08,1724.65,538.95,23821.67,2014-08-02 00:00:00.000,True
4365,3833,4,1,4,2014-07-24,2014-08-02,364.46,29.16,9.11,402.72,2014-08-02 00:00:00.000,True
4366,3834,4,1,5,2014-07-24,2014-08-02,41048.7,3283.9,1026.22,45358.81,2014-08-02 00:00:00.000,True
4367,3835,4,1,4,2014-07-24,2014-08-02,111.54,8.92,2.79,123.25,2014-08-02 00:00:00.000,True
4368,3836,4,1,4,2014-07-24,2014-08-02,390.6,31.25,9.77,431.61,2014-08-02 00:00:00.000,True
4369,3837,4,1,5,2014-07-24,2014-08-02,40471.2,3237.7,1011.78,44720.68,2014-08-02 00:00:00.000,True
4370,3838,4,1,4,2014-07-24,2014-08-02,136.33,10.91,3.41,150.65,2014-08-02 00:00:00.000,True
4371,3839,4,1,5,2014-07-24,2014-08-02,62092.8,4967.42,1552.32,68612.54,2014-08-02 00:00:00.000,True
4372,3840,4,1,5,2014-07-24,2014-08-02,5948.25,475.86,148.71,6572.82,2014-08-02 00:00:00.000,True
4373,3841,4,1,5,2014-07-25,2014-08-03,91117.95,7289.44,2277.95,100685.33,2014-08-03 00:00:00.000,True
4374,3842,4,1,1,2014-07-25,2014-08-03,525.0,42.0,13.13,580.13,2014-08-03 00:00:00.000,True
4375,3843,5,1,3,2014-07-25,2014-08-03,1721.79,137.74,43.04,1902.58,2014-08-03 00:00:00.000,True
4376,3844,4,1,4,2014-07-25,2014-08-03,26455.28,2116.42,661.38,29233.08,2014-08-03 00:00:00.000,True
4377,3845,4,1,2,2014-07-25,2014-08-03,944.37,75.55,23.61,1043.53,2014-08-03 00:00:00.000,True
4378,3846,4,1,4,2014-07-25,2014-08-03,51588.08,4127.05,1289.7,57004.82,2014-08-03 00:00:00.000,True
4379,3847,4,1,3,2014-07-25,2014-08-03,62843.55,5027.48,1571.09,69442.12,2014-08-03 00:00:00.000,True
4380,3848,7,1,5,2014-07-25,2014-08-03,37843.58,3027.49,946.09,41817.15,2014-08-03 00:00:00.000,True
4381,3849,4,1,4,2014-07-25,2014-08-03,25531.28,2042.5,638.28,28212.06,2014-08-03 00:00:00.000,True
4382,3850,4,1,4,2014-07-25,2014-08-03,358.63,28.69,8.97,396.28,2014-08-03 00:00:00.000,True
4383,3851,4,1,4,2014-07-25,2014-08-03,125.75,10.06,3.14,138.95,2014-08-03 00:00:00.000,True
4384,3852,4,1,5,2014-07-25,2014-08-03,150.79,12.06,3.77,166.62,2014-08-03 00:00:00.000,True
4385,3853,4,1,5,2014-07-25,2014-08-03,416.75,33.34,10.42,460.5,2014-08-03 00:00:00.000,True
4386,3854,4,1,2,2014-07-25,2014-08-03,8847.3,707.78,221.18,9776.27,2014-08-03 00:00:00.000,True
4387,3855,4,1,5,2014-07-25,2014-08-03,171.08,13.69,4.28,189.04,2014-08-03 00:00:00.000,True
4388,3856,4,1,4,2014-07-25,2014-08-03,20397.3,1631.78,509.93,22539.02,2014-08-03 00:00:00.000,True
4389,3857,4,1,3,2014-07-26,2014-08-04,14628.08,1170.25,365.7,16164.02,2014-08-04 00:00:00.000,True
4390,3858,5,1,3,2014-07-26,2014-08-04,58685.55,4694.84,1467.14,64847.53,2014-08-04 00:00:00.000,True
4391,3859,4,1,4,2014-07-26,2014-08-04,599.41,47.95,14.99,662.35,2014-08-04 00:00:00.000,True
4392,3860,4,1,4,2014-07-26,2014-08-04,358.63,28.69,8.97,396.28,2014-08-04 00:00:00.000,True
4393,3861,4,1,5,2014-07-26,2014-08-04,1525.23,122.02,38.13,1685.38,2014-08-04 00:00:00.000,True
4394,3862,4,1,4,2014-07-26,2014-08-04,228.44,18.28,5.71,252.42,2014-08-04 00:00:00.000,True
4395,3863,4,1,5,2014-07-26,2014-08-04,34644.23,2771.54,866.11,38281.87,2014-08-04 00:00:00.000,True
4396,3864,4,1,4,2014-07-26,2014-08-04,257.58,20.61,6.44,284.62,2014-08-04 00:00:00.000,True
4397,3865,4,1,5,2014-07-26,2014-08-04,146.29,11.7,3.66,161.65,2014-08-04 00:00:00.000,True
4398,3866,4,1,5,2014-07-26,2014-08-04,102.56,8.21,2.56,113.33,2014-08-04 00:00:00.000,True
4399,3867,4,1,5,2014-07-26,2014-08-04,150.79,12.06,3.77,166.62,2014-08-04 00:00:00.000,True
4400,3868,4,1,5,2014-07-26,2014-08-04,13669.43,1093.55,341.74,15104.71,2014-08-04 00:00:00.000,True
4401,3869,4,1,5,2014-07-26,2014-08-04,6756.12,540.49,168.9,7465.51,2014-08-04 00:00:00.000,True
4402,3870,4,1,2,2014-07-26,2014-08-04,50860.43,4068.83,1271.51,56200.77,2014-08-04 00:00:00.000,True
4403,3871,4,1,1,2014-07-26,2014-08-04,551.88,44.15,13.8,609.83,2014-08-04 00:00:00.000,True
4404,3872,4,1,1,2014-07-26,2014-08-04,3811.5,304.92,95.29,4211.71,2014-08-04 00:00:00.000,True
4405,3873,4,1,2,2014-07-27,2014-08-05,28072.28,2245.78,701.81,31019.86,2014-08-05 00:00:00.000,True
4406,3874,4,1,1,2014-07-27,2014-08-05,35394.98,2831.6,884.87,39111.45,2014-08-05 00:00:00.000,True
4407,3875,4,1,1,2014-07-27,2014-08-05,7623.0,609.84,190.58,8423.42,2014-08-05 00:00:00.000,True
4408,3876,4,1,2,2014-07-27,2014-08-05,28297.5,2263.8,707.44,31268.74,2014-08-05 00:00:00.000,True
4409,3877,4,1,2,2014-07-27,2014-08-05,59.94,4.8,1.5,66.24,2014-08-05 00:00:00.000,True
4410,3878,4,1,4,2014-07-27,2014-08-05,117.43,9.39,2.94,129.76,2014-08-05 00:00:00.000,True
4411,3879,4,1,5,2014-07-27,2014-08-05,43878.45,3510.28,1096.96,48485.69,2014-08-05 00:00:00.000,True
4412,3880,4,1,4,2014-07-27,2014-08-05,377.06,30.16,9.43,416.65,2014-08-05 00:00:00.000,True
4413,3881,4,1,1,2014-07-27,2014-08-05,18220.13,1457.61,455.5,20133.24,2014-08-05 00:00:00.000,True
4414,3882,4,1,5,2014-07-27,2014-08-05,142.41,11.39,3.56,157.36,2014-08-05 00:00:00.000,True
4415,3883,4,1,5,2014-07-27,2014-08-05,19236.53,1538.92,480.91,21256.36,2014-08-05 00:00:00.000,True
4416,3884,4,1,4,2014-07-27,2014-08-05,285.04,22.8,7.13,314.97,2014-08-05 00:00:00.000,True
4417,3885,4,1,1,2014-07-27,2014-08-05,1276.28,102.1,31.91,1410.28,2014-08-05 00:00:00.000,True
4418,3886,4,1,1,2014-07-27,2014-08-05,2003.93,160.31,50.1,2214.34,2014-08-05 00:00:00.000,True
4419,3887,4,1,2,2014-07-27,2014-08-05,50860.43,4068.83,1271.51,56200.77,2014-08-05 00:00:00.000,True
4420,3888,4,1,1,2014-07-27,2014-08-05,454.86,36.39,11.37,502.62,2014-08-05 00:00:00.000,True
4421,3889,4,1,5,2014-07-28,2014-08-06,43878.45,3510.28,1096.96,48485.69,2014-08-06 00:00:00.000,True
4422,3890,6,1,2,2014-07-28,2014-08-06,7132.13,570.57,178.3,7881.0,2014-08-06 00:00:00.000,True
4423,3891,4,1,2,2014-07-28,2014-08-06,28343.7,2267.5,708.59,31319.79,2014-08-06 00:00:00.000,True
4424,3892,4,1,4,2014-07-28,2014-08-06,22516.73,1801.34,562.92,24880.98,2014-08-06 00:00:00.000,True
4425,3893,4,1,5,2014-07-28,2014-08-06,34644.23,2771.54,866.11,38281.87,2014-08-06 00:00:00.000,True
4426,3894,4,1,5,2014-07-28,2014-08-06,278.84,22.31,6.97,308.12,2014-08-06 00:00:00.000,True
4427,3895,4,1,5,2014-07-28,2014-08-06,143.04,11.44,3.58,158.06,2014-08-06 00:00:00.000,True
4428,3896,4,1,2,2014-07-28,2014-08-06,28199.33,2255.95,704.98,31160.25,2014-08-06 00:00:00.000,True
4429,3897,4,1,1,2014-07-28,2014-08-06,3713.33,297.07,92.83,4103.22,2014-08-06 00:00:00.000,True
4430,3898,4,1,5,2014-07-28,2014-08-06,63831.08,5106.49,1595.78,70533.34,2014-08-06 00:00:00.000,True
4431,3899,4,1,5,2014-07-28,2014-08-06,6754.86,540.39,168.87,7464.12,2014-08-06 00:00:00.000,True
4432,3900,4,1,5,2014-07-28,2014-08-06,5711.48,456.92,142.79,6311.18,2014-08-06 00:00:00.000,True
4433,3901,4,1,4,2014-07-28,2014-08-06,503.09,40.25,12.58,555.91,2014-08-06 00:00:00.000,True
4434,3902,4,1,2,2014-07-28,2014-08-06,97.97,7.84,2.45,108.25,2014-08-06 00:00:00.000,True
4435,3903,4,1,4,2014-07-28,2014-08-06,114.47,9.16,2.86,126.49,2014-08-06 00:00:00.000,True
4436,3904,4,1,4,2014-07-28,2014-08-06,132.65,10.61,3.32,146.57,2014-08-06 00:00:00.000,True
4437,3905,4,1,5,2014-07-29,2014-08-07,43878.45,3510.28,1096.96,48485.69,2014-08-07 00:00:00.000,True
4438,3906,4,1,1,2014-07-29,2014-08-07,418.95,33.52,10.47,462.94,2014-08-07 00:00:00.000,True
4439,3907,4,1,4,2014-07-29,2014-08-07,824.36,65.95,20.61,910.91,2014-08-07 00:00:00.000,True
4440,3908,4,1,1,2014-07-29,2014-08-07,461.79,36.94,11.54,510.28,2014-08-07 00:00:00.000,True
4441,3909,4,1,4,2014-07-29,2014-08-07,630.38,50.43,15.76,696.57,2014-08-07 00:00:00.000,True
4442,3910,4,1,2,2014-07-29,2014-08-07,37.08,2.97,0.93,40.97,2014-08-07 00:00:00.000,True
4443,3911,4,1,4,2014-07-29,2014-08-07,21558.08,1724.65,538.95,23821.67,2014-08-07 00:00:00.000,True
4444,3912,4,1,4,2014-07-29,2014-08-07,234.64,18.77,5.87,259.28,2014-08-07 00:00:00.000,True
4445,3913,4,1,4,2014-07-29,2014-08-07,45172.05,3613.76,1129.3,49915.12,2014-08-07 00:00:00.000,True
4446,3914,4,1,5,2014-07-29,2014-08-07,279.78,22.38,6.99,309.16,2014-08-07 00:00:00.000,True
4447,3915,4,1,5,2014-07-29,2014-08-07,1228.5,98.28,30.71,1357.49,2014-08-07 00:00:00.000,True
4448,3916,4,1,5,2014-07-29,2014-08-07,40471.2,3237.7,1011.78,44720.68,2014-08-07 00:00:00.000,True
4449,3917,4,1,5,2014-07-29,2014-08-07,836.01,66.88,20.9,923.79,2014-08-07 00:00:00.000,True
4450,3918,4,1,5,2014-07-29,2014-08-07,62092.8,4967.42,1552.32,68612.54,2014-08-07 00:00:00.000,True
4451,3919,5,1,5,2014-07-29,2014-08-07,5948.25,475.86,148.71,6572.82,2014-08-07 00:00:00.000,True
4452,3920,4,1,5,2014-07-29,2014-08-07,91117.95,7289.44,2277.95,100685.33,2014-08-07 00:00:00.000,True
4453,3921,4,1,1,2014-07-30,2014-08-08,525.0,42.0,13.13,580.13,2014-08-08 00:00:00.000,True
4454,3922,4,1,5,2014-07-30,2014-08-08,281.89,22.55,7.05,311.49,2014-08-08 00:00:00.000,True
4455,3923,4,1,4,2014-07-30,2014-08-08,26455.28,2116.42,661.38,29233.08,2014-08-08 00:00:00.000,True
4456,3924,4,1,2,2014-07-30,2014-08-08,944.37,75.55,23.61,1043.53,2014-08-08 00:00:00.000,True
4457,3925,4,1,4,2014-07-30,2014-08-08,51588.08,4127.05,1289.7,57004.82,2014-08-08 00:00:00.000,True
4458,3926,4,1,3,2014-07-30,2014-08-08,62843.55,5027.48,1571.09,69442.12,2014-08-08 00:00:00.000,True
4459,3927,4,1,5,2014-07-30,2014-08-08,37843.58,3027.49,946.09,41817.15,2014-08-08 00:00:00.000,True
4460,3928,4,1,4,2014-07-30,2014-08-08,25531.28,2042.5,638.28,28212.06,2014-08-08 00:00:00.000,True
4461,3929,4,1,4,2014-07-30,2014-08-08,234.96,18.8,5.87,259.63,2014-08-08 00:00:00.000,True
4462,3930,4,1,4,2014-07-30,2014-08-08,125.75,10.06,3.14,138.95,2014-08-08 00:00:00.000,True
4463,3931,4,1,5,2014-07-30,2014-08-08,150.79,12.06,3.77,166.62,2014-08-08 00:00:00.000,True
4464,3932,4,1,5,2014-07-30,2014-08-08,273.7,21.9,6.84,302.44,2014-08-08 00:00:00.000,True
4465,3933,4,1,2,2014-07-30,2014-08-08,8847.3,707.78,221.18,9776.27,2014-08-08 00:00:00.000,True
4466,3934,4,1,5,2014-07-30,2014-08-08,171.08,13.69,4.28,189.04,2014-08-08 00:00:00.000,True
4467,3935,4,1,4,2014-07-30,2014-08-08,20397.3,1631.78,509.93,22539.02,2014-08-08 00:00:00.000,True
4468,3936,4,1,3,2014-07-30,2014-08-08,14628.08,1170.25,365.7,16164.02,2014-08-08 00:00:00.000,True
4469,3937,4,1,3,2014-07-31,2014-08-09,58685.55,4694.84,1467.14,64847.53,2014-08-09 00:00:00.000,True
4470,3938,4,1,5,2014-07-31,2014-08-09,693.38,55.47,17.33,766.18,2014-08-09 00:00:00.000,True
4471,3939,4,1,4,2014-07-31,2014-08-09,234.96,18.8,5.87,259.63,2014-08-09 00:00:00.000,True
4472,3940,4,1,5,2014-07-31,2014-08-09,1796.04,143.68,44.9,1984.62,2014-08-09 00:00:00.000,True
4473,3941,4,1,4,2014-07-31,2014-08-09,514.74,41.18,12.87,568.79,2014-08-09 00:00:00.000,True
4474,3942,4,1,5,2014-07-31,2014-08-09,34644.23,2771.54,866.11,38281.87,2014-08-09 00:00:00.000,True
4475,3943,5,1,3,2014-07-31,2014-08-09,1581.93,126.55,39.55,1748.03,2014-08-09 00:00:00.000,True
4476,3944,4,1,5,2014-07-31,2014-08-09,146.29,11.7,3.66,161.65,2014-08-09 00:00:00.000,True
4477,3945,4,1,5,2014-07-31,2014-08-09,102.56,8.21,2.56,113.33,2014-08-09 00:00:00.000,True
4478,3946,4,1,5,2014-07-31,2014-08-09,150.79,12.06,3.77,166.62,2014-08-09 00:00:00.000,True
4479,3947,4,1,5,2014-07-31,2014-08-09,13669.43,1093.55,341.74,15104.71,2014-08-09 00:00:00.000,True
4480,3948,4,1,5,2014-07-31,2014-08-09,16393.23,1311.46,409.83,18114.52,2014-08-09 00:00:00.000,True
4481,3949,4,1,2,2014-07-31,2014-08-09,79204.13,6336.33,1980.1,87520.56,2014-08-09 00:00:00.000,True
4482,3950,4,1,1,2014-07-31,2014-08-09,551.88,44.15,13.8,609.83,2014-08-09 00:00:00.000,True
4483,3951,4,1,1,2014-07-31,2014-08-09,3176.25,254.1,79.41,3509.76,2014-08-09 00:00:00.000,True
4484,3952,4,1,2,2014-07-31,2014-08-09,28072.28,2245.78,701.81,31019.86,2014-08-09 00:00:00.000,True
4485,3953,4,1,1,2014-08-01,2014-08-10,1917.3,153.38,47.93,2118.62,2014-08-10 00:00:00.000,True
4486,3954,4,1,1,2014-08-01,2014-08-10,4215.75,337.26,105.39,4658.4,2014-08-10 00:00:00.000,True
4487,3955,4,1,2,2014-08-01,2014-08-10,28297.5,2263.8,707.44,31268.74,2014-08-10 00:00:00.000,True
4488,3956,4,1,2,2014-08-01,2014-08-10,59.94,4.8,1.5,66.24,2014-08-10 00:00:00.000,True
4489,3957,4,1,4,2014-08-01,2014-08-10,722.61,57.81,18.07,798.48,2014-08-10 00:00:00.000,True
4490,3958,4,1,5,2014-08-01,2014-08-10,43878.45,3510.28,1096.96,48485.69,2014-08-10 00:00:00.000,True
4491,3959,4,1,4,2014-08-01,2014-08-10,592.8,47.42,14.82,655.04,2014-08-10 00:00:00.000,True
4492,3960,4,1,1,2014-08-01,2014-08-10,13825.35,1106.03,345.63,15277.01,2014-08-10 00:00:00.000,True
4493,3961,4,1,5,2014-08-01,2014-08-10,142.41,11.39,3.56,157.36,2014-08-10 00:00:00.000,True
4494,3962,5,1,2,2014-08-01,2014-08-10,28794.15,2303.53,719.85,31817.54,2014-08-10 00:00:00.000,True
4495,3963,4,1,4,2014-08-01,2014-08-10,408.56,32.68,10.21,451.45,2014-08-10 00:00:00.000,True
4496,3964,4,1,1,2014-08-01,2014-08-10,1276.28,102.1,31.91,1410.28,2014-08-10 00:00:00.000,True
4497,3965,4,1,1,2014-08-01,2014-08-10,2003.93,160.31,50.1,2214.34,2014-08-10 00:00:00.000,True
4498,3966,4,1,2,2014-08-01,2014-08-10,50860.43,4068.83,1271.51,56200.77,2014-08-10 00:00:00.000,True
4499,3967,4,1,1,2014-08-01,2014-08-10,454.86,36.39,11.37,502.62,2014-08-10 00:00:00.000,True
4500,3968,4,1,5,2014-08-01,2014-08-10,43878.45,3510.28,1096.96,48485.69,2014-08-10 00:00:00.000,True
4501,3969,4,1,2,2014-08-02,2014-08-11,7132.13,570.57,178.3,7881.0,2014-08-11 00:00:00.000,True
4502,3970,5,1,2,2014-08-02,2014-08-11,28343.7,2267.5,708.59,31319.79,2014-08-11 00:00:00.000,True
4503,3971,4,1,4,2014-08-02,2014-08-11,22516.73,1801.34,562.92,24880.98,2014-08-11 00:00:00.000,True
4504,3972,4,1,5,2014-08-02,2014-08-11,34644.23,2771.54,866.11,38281.87,2014-08-11 00:00:00.000,True
4505,3973,4,1,5,2014-08-02,2014-08-11,415.33,33.23,10.38,458.94,2014-08-11 00:00:00.000,True
4506,3974,4,1,5,2014-08-02,2014-08-11,143.04,11.44,3.58,158.06,2014-08-11 00:00:00.000,True
4507,3975,4,1,2,2014-08-02,2014-08-11,28199.33,2255.95,704.98,31160.25,2014-08-11 00:00:00.000,True
4508,3976,4,1,1,2014-08-02,2014-08-11,3713.33,297.07,92.83,4103.22,2014-08-11 00:00:00.000,True
4509,3977,4,1,5,2014-08-02,2014-08-11,63831.08,5106.49,1595.78,70533.34,2014-08-11 00:00:00.000,True
4510,3978,4,1,5,2014-08-02,2014-08-11,16340.31,1307.22,408.51,18056.04,2014-08-11 00:00:00.000,True
4511,3979,4,1,5,2014-08-02,2014-08-11,5711.48,456.92,142.79,6311.18,2014-08-11 00:00:00.000,True
4512,3980,4,1,4,2014-08-02,2014-08-11,360.05,28.8,9.0,397.85,2014-08-11 00:00:00.000,True
4513,3981,4,1,2,2014-08-02,2014-08-11,97.97,7.84,2.45,108.25,2014-08-11 00:00:00.000,True
4514,3982,4,1,4,2014-08-02,2014-08-11,114.47,9.16,2.86,126.49,2014-08-11 00:00:00.000,True
4515,3983,4,1,4,2014-08-02,2014-08-11,132.65,10.61,3.32,146.57,2014-08-11 00:00:00.000,True
4516,3984,4,1,5,2014-08-02,2014-08-11,43878.45,3510.28,1096.96,48485.69,2014-08-11 00:00:00.000,True
4517,3985,4,1,1,2014-08-03,2014-08-12,418.95,33.52,10.47,462.94,2014-08-12 00:00:00.000,True
4518,3986,4,1,4,2014-08-03,2014-08-12,525.77,42.06,13.14,580.97,2014-08-12 00:00:00.000,True
4519,3987,4,1,1,2014-08-03,2014-08-12,461.79,36.94,11.54,510.28,2014-08-12 00:00:00.000,True
4520,3988,4,1,4,2014-08-03,2014-08-12,481.89,38.55,12.05,532.49,2014-08-12 00:00:00.000,True
4521,3989,4,1,2,2014-08-03,2014-08-12,37.08,2.97,0.93,40.97,2014-08-12 00:00:00.000,True
4522,3990,4,1,4,2014-08-03,2014-08-12,21558.08,1724.65,538.95,23821.67,2014-08-12 00:00:00.000,True
4523,3991,4,1,4,2014-08-03,2014-08-12,475.68,38.05,11.89,525.63,2014-08-12 00:00:00.000,True
4524,3992,4,1,5,2014-08-03,2014-08-12,41048.7,3283.9,1026.22,45358.81,2014-08-12 00:00:00.000,True
4525,3993,4,1,5,2014-08-03,2014-08-12,416.75,33.34,10.42,460.5,2014-08-12 00:00:00.000,True
4526,3994,4,1,5,2014-08-03,2014-08-12,279.15,22.33,6.98,308.46,2014-08-12 00:00:00.000,True
4527,3995,5,1,5,2014-08-03,2014-08-12,40471.2,3237.7,1011.78,44720.68,2014-08-12 00:00:00.000,True
4528,3996,4,1,4,2014-08-03,2014-08-12,389.66,31.17,9.74,430.57,2014-08-12 00:00:00.000,True
4529,3997,4,1,5,2014-08-03,2014-08-12,62092.8,4967.42,1552.32,68612.54,2014-08-12 00:00:00.000,True
4530,3998,4,1,5,2014-08-03,2014-08-12,5948.25,475.86,148.71,6572.82,2014-08-12 00:00:00.000,True
4531,3999,4,1,5,2014-08-03,2014-08-12,91117.95,7289.44,2277.95,100685.33,2014-08-12 00:00:00.000,True
4532,4000,4,1,1,2014-08-03,2014-08-12,525.0,42.0,13.13,580.13,2014-08-12 00:00:00.000,True
4533,4001,8,2,3,2014-02-11,2014-03-08,4578.32,366.27,91.57,5036.15,2015-08-12 12:25:46.233,True
4534,4002,7,2,3,2014-09-22,2014-10-17,1020.0,81.6,20.4,1122.0,2015-08-12 12:25:46.343,True
4535,4003,7,2,3,2014-05-14,2014-06-08,27453.6,2196.29,549.07,30198.96,2015-08-12 12:25:46.360,True
4536,4004,8,2,3,2013-11-03,2013-11-28,46383.0,3710.64,927.66,51021.3,2015-08-12 12:25:46.360,True
4537,4005,6,2,3,2014-01-27,2014-02-21,7425.0,594.0,148.5,8167.5,2015-08-12 12:25:46.373,True
4538,4006,12,2,3,2014-01-18,2014-02-12,21882.5,1750.6,437.65,24070.75,2015-08-12 12:25:46.390,True
4539,4007,14,2,3,2014-03-01,2014-03-26,554020.0,44321.6,11080.4,609422.0,2015-08-12 12:25:46.407,True
4540,4008,20,2,3,2014-04-22,2014-05-17,396729.0,31738.32,7934.58,436401.9,2015-08-12 12:25:46.420,True
4541,4009,9,2,3,2013-11-09,2013-12-04,14915.0,1193.2,298.3,16406.5,2015-08-12 12:25:46.453,True
4542,4010,7,2,3,2013-11-09,2013-12-04,37760.0,3020.8,755.2,41536.0,2015-08-12 12:25:46.470,True
4543,4011,10,2,3,2014-06-24,2014-07-19,54492.5,4359.4,1089.85,59941.75,2015-08-12 12:25:46.470,True
4544,4012,9,2,3,2014-06-24,2014-07-19,997680.0,79814.4,19953.6,1097448.0,2015-08-12 12:25:46.483,True
